# jersey only, extracted from gepeshirt.obj
o jersey
v 32.704327 250.543701 4.240359
v 32.067356 251.480606 6.767641
v 32.542076 247.924622 5.019415
v 33.026356 247.254669 2.236198
v 32.873482 244.565857 2.820091
v 32.860794 244.054352 -0.155614
v 32.688335 241.801926 3.332864
v 32.790115 241.308960 0.251073
v 32.634911 243.561905 -3.125580
v 31.791952 248.784607 7.695321
v 31.253183 252.668213 9.184768
v 32.328125 245.182404 5.747134
v 32.355560 240.854156 -2.760798
v 31.655846 261.941040 11.456381
v 30.213148 260.633575 14.825251
v 30.985212 259.640594 12.169535
v 30.502098 257.472168 12.827702
v 31.602045 258.438934 9.671141
v 32.691776 238.610138 0.558521
v 32.523418 239.017715 3.712833
v 32.039749 242.348190 6.359350
v 31.803867 239.465576 6.798046
v 31.388380 245.966415 8.565391
v 32.298172 236.427780 3.988920
v 32.133736 238.216949 -2.444814
v 32.535717 236.042847 0.835354
v 31.044359 242.981888 9.321635
v 30.809521 239.916611 9.807663
v 31.583519 236.782593 7.126059
v 32.058617 233.852570 4.269924
v 32.061520 235.681946 -2.131118
v 32.388691 233.460373 1.127404
v 29.866695 243.667770 12.046981
v 29.598663 240.374878 12.571147
v 29.342634 237.503601 12.820089
v 30.538952 237.122086 10.120406
v 31.278473 234.241028 7.408374
v 31.706312 231.110626 4.594273
v 32.102512 230.741394 1.422516
v 31.868139 233.142868 -1.858781
v 28.116615 237.875488 15.381583
v 28.259573 240.813629 15.065544
v 29.169783 234.898941 12.981462
v 30.243578 234.563995 10.335269
v 29.902502 231.889389 10.439121
v 30.878506 231.532959 7.665870
v 31.244419 228.174240 4.820181
v 30.297453 228.487228 7.748588
v 31.781219 227.896484 1.668865
v 31.549307 230.474564 -1.658384
v 29.238937 232.154221 13.237961
v 28.196613 235.187546 15.851583
v 29.859467 228.707199 10.582943
v 30.386513 225.402985 7.911917
v 31.349865 224.994843 1.877542
v 30.669182 225.226074 4.935444
v 30.995707 224.885117 -1.148704
v 31.286652 227.723984 -1.482472
v 29.425201 228.834763 13.624288
v 28.137238 232.384033 16.102013
v 30.338257 225.607864 11.122187
v 30.829914 222.504456 5.063812
v 30.265331 222.526245 11.082645
v 31.131321 222.592957 8.158669
v 30.751198 222.264038 -0.852662
v 30.962805 222.314728 2.039566
v 29.210348 225.493759 13.652621
v 27.945610 228.869110 16.206635
v 31.422913 219.734406 2.156360
v 31.832470 219.870697 5.338350
v 31.275900 219.740555 8.476628
v 29.757492 219.666336 11.087423
v 28.594475 222.476395 13.527270
v 27.359720 225.504822 16.033445
v 31.199062 219.618118 -0.905617
v 32.406044 216.851028 2.235075
v 31.959465 216.742371 -0.884862
v 32.091141 216.794937 5.541193
v 30.756098 216.746674 8.456560
v 28.293303 219.687393 13.486041
v 29.469843 216.752029 11.067316
v 27.090105 222.518829 16.007397
v 32.167065 213.756348 -0.828036
v 32.409233 213.670822 2.370121
v 31.618570 213.641190 5.585276
v 30.625481 213.674957 8.509018
v 27.255293 219.724960 16.281012
v 28.324181 216.778976 13.719172
v 29.522932 213.727112 11.188508
v 31.915766 210.639465 -0.641263
v 31.884090 210.594193 2.446214
v 30.749975 210.617706 8.369135
v 31.485744 210.568253 5.462880
v 30.237066 210.661575 11.407504
v 29.163246 213.758652 14.339007
v 27.751997 216.766342 16.948042
v 31.543688 207.550369 5.249899
v 31.763779 207.553940 2.394002
v 31.456461 207.553925 8.287201
v 31.388842 207.548843 11.656778
v 29.678202 210.568863 14.834747
v 27.930590 213.569855 17.526524
v 31.245705 207.497864 -0.577996
v 32.965809 204.327698 5.081561
v 32.041786 204.302444 2.263965
v 27.963373 210.298508 17.796061
v 25.951252 213.347580 20.147051
v 25.954458 216.587021 19.904596
v 31.173529 204.453079 -0.644482
v 26.021984 210.087860 20.310770
v 23.641699 213.145859 22.199308
v 23.460005 216.394547 22.059526
v 20.945532 216.181030 23.576027
v 20.747393 219.340851 23.586979
v 23.379665 219.504181 22.100092
v 26.046152 219.677063 19.718607
v 18.227682 219.172577 24.730970
v 18.353275 222.257904 24.686172
v 20.911757 222.368683 23.565514
v 23.667709 222.492020 22.062380
v 25.976477 222.571259 19.277699
v 15.768790 222.165222 25.879435
v 15.972380 225.454956 25.776249
v 18.656954 225.503525 24.549170
v 21.336660 225.556824 23.433168
v 24.013863 225.616089 21.747570
v 25.847603 225.585052 18.813011
v 13.242699 225.390152 27.011337
v 13.383389 229.181793 26.984735
v 16.143793 229.192215 25.742352
v 18.898417 229.182938 24.479580
v 21.713726 229.164368 23.308323
v 24.194014 229.122726 21.343679
v 26.040884 229.025543 18.661131
v 10.583914 229.142334 27.940872
v 13.478066 233.120300 27.030062
v 10.651116 233.161835 27.969671
v 16.280073 233.054977 25.810366
v 19.065285 232.978271 24.487522
v 21.888142 232.889816 23.134598
v 24.237253 232.763748 21.017223
v 13.585358 236.218994 27.073895
v 16.442192 236.088196 25.845169
v 26.288752 232.590271 18.636894
v 19.275684 235.948044 24.434246
v 22.029663 235.800522 22.861668
v 24.405474 235.630890 20.789768
v 26.491173 235.433151 18.451571
v 13.704190 239.196396 27.003674
v 16.629755 239.001785 25.772226
v 19.525356 238.803986 24.321318
v 22.250517 238.608551 22.587898
v 24.649027 238.400085 20.479158
v 26.667448 238.167175 18.073801
v 19.790819 241.895477 24.352928
v 16.836357 242.145432 25.850842
v 33.783386 172.731796 -2.710716
v 33.984913 173.958084 -2.683225
v 34.788853 172.700012 0.514103
v 34.993397 173.922577 0.541784
v 33.513920 176.894104 -2.260932
v 35.339985 172.563080 3.553863
v 34.532467 176.895111 0.778496
v 35.534565 173.774063 3.623014
v 35.596397 172.319931 6.651991
v 34.044292 181.998123 0.801490
v 32.923828 182.048492 -2.188293
v 35.053699 176.797333 3.854351
v 34.604858 181.877045 3.889467
v 35.227066 176.620499 7.001532
v 35.769218 173.524551 6.756293
v 34.684559 181.672089 7.028287
v 35.456020 172.134842 9.903708
v 35.606869 173.321289 10.029714
v 32.538662 187.147430 -1.801047
v 34.305794 186.849075 4.089972
v 33.752800 187.060654 1.071236
v 34.256809 186.514450 7.183455
v 35.022346 176.403168 10.266397
v 34.430370 181.395401 10.348258
v 33.921921 186.055801 10.471195
v 34.859764 171.963455 13.218474
v 34.995804 173.109299 13.372114
v 33.967869 191.000320 4.190732
v 33.771561 190.702209 7.305398
v 33.536160 191.213974 1.137399
v 33.585049 190.356949 10.588324
v 32.245193 191.288528 -1.633476
v 34.350674 176.101151 13.598818
v 33.370014 180.954346 13.691805
v 32.727356 185.439621 13.752748
v 32.321140 189.759369 13.792794
v 33.743465 172.746506 16.582548
v 33.652485 171.640854 16.412153
v 33.900631 194.806122 4.376157
v 33.354580 194.555878 7.507764
v 33.191238 194.339081 10.789990
v 33.289280 194.965363 1.309131
v 31.790276 193.879684 13.852700
v 32.189922 195.055313 -1.515251
v 32.994984 175.674606 16.795858
v 31.883242 180.383102 16.918100
v 31.191881 184.686966 16.805597
v 30.779963 189.079819 16.685785
v 30.145164 193.378342 16.652596
v 31.502512 172.127411 19.743382
v 33.694481 198.003738 4.591559
v 33.354946 197.754669 7.797382
v 32.576805 197.501114 11.006831
v 33.182209 198.250793 1.503670
v 31.533630 197.170898 14.219322
v 32.174351 198.512039 -1.341399
v 30.768700 175.114136 19.901684
v 29.719704 179.674698 20.073565
v 29.092104 183.844604 19.808594
v 28.623775 188.352646 19.601322
v 28.102343 192.834976 19.543909
v 29.400396 196.744644 16.873583
v 33.519375 201.264130 4.862387
v 33.338352 201.019760 8.140515
v 32.073303 200.813797 11.286742
v 33.086861 201.542023 1.806631
v 31.095486 200.633667 14.583676
v 32.158077 201.757828 -1.058329
v 25.550348 187.656250 22.421337
v 26.140778 183.078293 22.658369
v 25.107107 192.197083 22.258284
v 27.356031 196.292145 19.686792
v 24.892389 195.684738 22.485277
v 29.099836 200.308670 17.473192
v 32.883907 204.147247 8.350331
v 31.847607 203.910507 11.599086
v 30.315798 203.740723 14.731353
v 22.430527 187.105911 24.582554
v 22.058794 191.624237 24.298700
v 21.972521 195.074921 24.418840
v 24.521067 199.461914 22.539629
v 26.806391 199.924835 19.990784
v 21.915329 198.940979 24.557806
v 28.698252 203.553955 17.802143
v 29.955524 207.291016 14.859138
v 19.196718 191.142548 25.703426
v 19.057337 194.540833 25.737886
v 18.971439 198.460938 25.853277
v 24.446850 202.910507 22.714611
v 21.774065 202.524765 24.509239
v 26.594389 203.257111 20.337172
v 18.810537 202.157471 25.668159
v 26.220406 206.862198 20.338993
v 28.242128 207.100693 17.831146
v 24.096603 206.551147 22.511581
v 21.556484 206.189316 24.209490
v 18.667679 205.844757 25.410616
v 16.155127 198.072571 26.960230
v 16.033970 201.870331 26.818146
v 15.920817 205.589584 26.537729
v 23.856297 209.843689 22.378063
v 21.354822 209.549347 23.994932
v 18.567003 209.266144 25.171480
v 15.832813 209.064484 26.273026
v 13.341130 201.650040 27.808538
v 13.256401 205.408371 27.606670
v 13.169454 208.929169 27.353540
v 21.129719 212.892654 23.767118
v 18.427860 212.635620 24.912004
v 15.713689 212.459930 25.998760
v 13.062989 212.348770 27.076096
v 10.509993 208.825958 28.279888
v 10.586216 205.264450 28.466242
v 10.418697 212.267258 28.036568
v 18.344486 215.951492 24.728378
v 15.666641 215.793915 25.859194
v 13.013979 215.696701 26.971777
v 10.379377 215.629700 27.960691
v 7.893722 208.748718 28.925301
v 7.825319 212.209061 28.753735
v 7.790836 215.583817 28.722939
v 15.648744 219.044052 25.898588
v 12.999060 218.952332 27.046339
v 10.349330 218.881516 28.022713
v 7.741537 218.830246 28.750086
v 5.296918 215.556519 29.152966
v 5.344288 212.181717 29.198280
v 13.084190 222.078018 27.083483
v 10.383275 221.992065 28.067137
v 7.740700 221.921417 28.747156
v 5.209041 221.903198 29.088434
v 5.228155 218.798965 29.132959
v 2.837822 212.162186 29.369749
v 2.779541 215.524933 29.306423
v 10.484839 225.305954 27.983944
v 7.799742 225.225189 28.683504
v 5.221407 225.216141 29.026901
v 2.710295 218.780090 29.250151
v 2.685832 221.979065 29.175266
v 0.196476 212.143204 29.304775
v 22.538210 241.654602 22.498688
v 24.948900 241.407654 20.284000
v 26.821012 241.153046 17.730272
v 20.145565 245.521530 24.249779
v 17.127771 245.799484 25.828650
v 22.939121 245.253342 22.276295
v 25.298391 244.998016 19.882816
v 27.110575 244.739548 17.215918
v 17.616344 248.930252 25.675592
v 20.627188 248.717072 23.999506
v 23.435226 248.527725 21.952686
v 25.734083 248.392715 19.436909
v 27.588659 248.221573 16.715334
v 28.584646 244.302139 14.547545
v 21.408987 251.576599 23.756527
v 18.366568 251.800049 25.478186
v 24.135771 251.397400 21.580612
v 26.369473 251.288452 19.000769
v 29.036224 247.806183 13.956871
v 28.172541 251.196030 16.280176
v 30.248199 246.915039 11.241067
v 19.101685 254.630096 25.272060
v 22.143724 254.372284 23.510653
v 24.836620 254.129852 21.281141
v 27.047853 253.919052 18.761724
v 30.752419 249.913528 10.313513
v 29.658962 251.314987 13.234694
v 28.589708 253.705872 16.239193
v 29.457193 253.520828 14.302259
v 30.499372 253.999878 11.522444
v 19.699772 257.539825 24.923891
v 22.790295 257.154816 23.162111
v 25.511139 256.772064 20.906437
v 27.730211 256.407074 18.366896
v 29.171320 256.002075 15.822928
v 29.970900 255.288452 13.567904
v 31.093218 256.351898 10.493795
v 31.790379 255.093552 8.201606
v 20.190609 260.418365 24.471510
v 23.344320 259.926819 22.743763
v 26.111551 259.403046 20.531475
v 28.399710 258.836914 17.931681
v 29.718939 258.317719 15.302711
v 20.536091 263.256256 23.880594
v 23.658974 262.778778 22.238848
v 26.498600 262.094208 20.084917
v 28.809109 261.333496 17.553432
v 21.020483 266.249390 23.020678
v 24.207144 265.675079 21.434549
v 26.997719 264.983459 19.390388
v 29.350853 264.203705 17.038683
v 7.882626 233.174667 28.641823
v 10.726232 236.338165 28.017424
v 10.801371 239.391922 27.955843
v 7.937191 236.440796 28.657320
v 5.245244 236.508682 28.926952
v 5.205407 233.142014 28.949497
v 7.983333 239.589310 28.556196
v 13.835824 242.401123 27.072672
v 10.879261 242.663223 27.997101
v 5.269250 239.788574 28.811060
v 2.614919 236.507614 28.950617
v 8.023106 242.933029 28.535980
v 2.600143 233.027802 28.973604
v 14.020798 246.096710 26.953321
v 11.018953 246.355682 27.773092
v 2.606523 239.980194 28.833229
v 5.253154 243.277481 28.758158
v 0.014236 236.420975 28.909466
v 8.094072 246.701553 28.250402
v 0.022672 232.864441 28.923225
v 11.378680 249.390778 27.512308
v 14.483159 249.154373 26.795731
v 8.352769 249.669724 28.050438
v 5.159455 247.246902 28.388382
v 2.544415 243.674805 28.753036
v 0.014033 240.099014 28.785275
v -2.564247 233.012375 28.900867
v -2.582104 239.969940 28.733309
v -2.590076 236.494324 28.874355
v 12.040623 252.102417 27.425491
v 15.207512 251.969696 26.722475
v -5.158182 233.123093 28.801014
v 12.692045 255.038254 27.246155
v 15.874133 254.871628 26.536989
v 13.190789 258.079224 26.917149
v 16.459887 257.848969 26.176971
v -35.099876 172.946136 0.003657
v -34.181980 174.253281 -3.348507
v -33.989212 172.955856 -3.285430
v -35.302200 174.243393 -0.026060
v -36.165352 174.092590 3.177935
v -35.947891 172.795120 3.138826
v -34.777798 177.414917 -0.119613
v -35.626175 177.304581 3.220472
v -33.674999 177.391129 -3.414300
v -36.210155 176.995895 6.630599
v -36.781017 173.756866 6.471995
v -36.544601 172.472244 6.367190
v -34.043720 182.859390 -0.478474
v -34.797390 182.668045 2.952474
v -35.202579 182.277008 6.462994
v -33.057743 182.830154 -3.734874
v -35.993759 176.524261 10.028648
v -35.094753 181.698898 9.995421
v -36.586269 173.420822 9.888827
v -36.384361 172.175598 9.754882
v -34.136246 187.687820 3.010737
v -33.619076 188.027634 -0.389365
v -34.499458 187.193878 6.481069
v -34.210609 186.463394 9.990484
v -32.856590 188.231094 -3.619136
v -35.056213 176.003479 13.351158
v -34.045490 180.889435 13.432935
v -33.430447 185.527496 13.520863
v -35.750854 172.876663 13.235723
v -35.613354 171.661346 13.085480
v -33.565372 175.466125 16.708286
v -32.422932 180.261475 16.832247
v -31.616289 184.635422 16.827700
v -34.317635 172.166672 16.529030
v -34.222149 170.983200 16.359921
v -31.849567 171.456390 19.850441
v -31.002417 174.859451 20.081619
v -29.114260 183.872238 20.112017
v -29.847673 179.530563 20.228798
v -31.792625 170.318161 19.654673
v -28.043222 170.845093 23.134962
v -27.318830 174.272629 23.168901
v -25.924850 183.216812 22.946188
v -26.450274 178.881287 23.268812
v -28.005741 169.760880 22.990160
v -24.073643 170.377518 25.450506
v -23.627399 173.776093 25.421984
v -22.542175 182.602707 25.078104
v -22.934139 178.313507 25.444118
v -20.350925 173.379700 26.865379
v -24.001705 169.344818 25.308197
v -20.671206 169.879211 26.893684
v -19.417767 182.037476 26.569759
v -19.741653 177.861008 26.894505
v -17.214163 173.036911 27.927282
v -20.596750 168.869659 26.749386
v -17.426474 169.395874 27.919548
v -16.511679 181.587296 27.648378
v -16.743849 177.495224 27.926432
v -14.213575 172.763565 28.760416
v -13.868166 177.205429 28.756844
v 0.160138 215.504608 29.198969
v 0.134129 218.769775 29.140810
v 7.849641 229.081543 28.648748
v 5.210046 229.020950 28.983082
v 2.668011 225.346222 29.099932
v 0.127769 221.998184 29.075768
v -2.432613 212.144348 29.141777
v -2.456856 215.511993 29.020336
v -2.424678 221.940155 28.951082
v -2.433310 218.765228 28.967754
v 2.626666 228.995880 29.032892
v 0.099591 225.371185 29.019182
v -2.464290 225.295288 28.941187
v -4.935242 221.881348 28.821575
v -5.001608 225.185654 28.835579
v -4.929639 218.777283 28.804413
v -4.933701 212.157852 28.958393
v -4.969848 215.534409 28.852486
v 0.055961 228.951721 28.965628
v -2.519827 228.974884 28.932835
v -7.456670 218.812073 28.559011
v -7.483135 221.919159 28.579290
v -7.493795 215.566895 28.595230
v -7.444296 212.189560 28.663517
v -5.088468 229.007156 28.847313
v -7.584839 225.233978 28.557772
v -10.126881 218.874344 28.029390
v -10.162874 215.631775 28.116272
v -10.158232 221.998505 28.015667
v -10.119825 212.270432 28.266682
v -7.710786 229.078766 28.551603
v -10.278748 225.325638 27.940414
v -12.813344 218.940048 27.049809
v -12.848016 215.702911 27.166159
v -12.894828 212.383942 27.537870
v -12.867696 222.081650 27.001053
v -10.438075 229.142441 27.921535
v -7.810973 233.159225 28.498362
v -13.019523 225.409103 26.912308
v -15.428984 219.018570 25.829323
v -15.441182 215.774246 25.861532
v -15.468321 212.463928 26.115583
v -15.557122 222.168640 25.817572
v -13.193455 229.179840 26.873857
v -10.560949 233.151184 27.885977
v -15.749499 225.474777 25.701057
v -18.134197 219.145035 24.692516
v -18.113117 215.914856 24.656496
v -18.027111 212.583496 24.745892
v -18.218296 222.263321 24.542627
v -15.898907 229.189407 25.575991
v -13.344135 233.107300 26.873674
v -18.431875 225.525055 24.385462
v -20.938698 219.316101 23.162148
v -20.970146 216.128799 23.208500
v -20.911276 212.803802 23.478970
v -21.080244 222.386444 23.235233
v -18.662973 229.183472 24.380535
v -16.078054 233.037750 25.599419
v -21.335035 225.592834 23.282700
v -23.979702 219.520966 21.313419
v -23.915005 216.342224 21.228342
v -23.754570 213.004913 21.447607
v -24.086931 222.537048 21.212267
v -21.502859 229.182358 23.090534
v -18.949022 232.956482 24.452621
v -23.886555 225.642197 21.228834
v -26.329498 219.675873 18.474401
v -26.663052 216.539093 18.823061
v -26.639784 213.117996 18.957619
v -25.973314 222.604019 18.403942
v -25.774843 225.626923 18.456940
v -23.729067 229.125839 20.802141
v -21.576778 232.870132 22.731569
v -27.874264 222.613495 15.632633
v -28.145817 219.701904 15.509101
v -28.430782 216.487137 15.525806
v -27.754631 225.574463 15.824509
v -25.833698 229.001389 18.453432
v -27.745789 228.843918 15.854532
v -26.057898 232.517624 18.457874
v -23.841452 232.730560 20.623047
v -28.000175 232.233215 15.901195
v -29.281076 222.575378 12.767182
v -29.232590 225.515762 12.878563
v -29.547321 219.683243 12.677536
v -29.561789 228.696732 13.000585
v -29.807138 231.904755 12.957208
v -26.305126 235.425613 18.329273
v -24.120792 235.626328 20.523874
v -29.717714 234.834198 12.808103
v -28.346458 235.164627 15.853031
v -30.388378 222.544128 9.873888
v -30.642668 225.492844 9.885099
v -30.533911 228.585266 9.784463
v -30.350918 231.592178 9.689444
v -30.454176 234.427521 9.706601
v -24.360817 238.441788 20.235405
v -26.537024 238.211746 18.015797
v -30.714916 237.168762 9.717122
v -29.675039 237.585129 12.698588
v -28.459692 237.951904 15.509845
v -30.665758 228.357117 6.739389
v -30.790731 225.399109 6.745514
v -31.037472 231.209259 6.837958
v -31.435595 234.019073 6.827357
v -31.736721 236.767090 6.732268
v -26.777147 241.211929 17.727213
v -24.634760 241.475632 20.032516
v -30.993370 239.998260 9.602602
v -31.999166 239.513611 6.562452
v -29.773916 240.470261 12.502218
v -28.442068 240.894485 15.125463
v -31.511070 228.020584 3.934274
v -31.997786 230.871826 3.964862
v -32.425743 233.680832 3.842335
v -32.655586 236.354370 3.705101
v -32.802601 239.018738 3.512008
v -27.068251 244.693710 17.164783
v -25.078115 244.942429 19.674072
v -28.684954 244.315781 14.535221
v -32.319687 242.335907 6.222991
v -31.257727 243.050323 9.208611
v -33.018822 241.717468 3.176692
v -30.026562 243.749557 11.995207
v -32.658073 230.615601 0.792503
v -33.039871 233.353027 0.654254
v -33.231014 235.887634 0.548665
v -33.379856 238.464539 0.376310
v -33.464039 241.130722 0.054365
v -27.576517 248.144745 16.709011
v -25.645298 248.282684 19.369350
v -29.131306 247.797607 13.934181
v -32.730457 245.118759 5.673537
v -33.319763 244.400330 2.678381
v -31.655296 246.040573 8.519794
v -33.513008 243.808334 -0.392692
v -30.418451 247.015732 11.200513
v -32.617142 235.512299 -2.629241
v -32.876377 238.038452 -2.887386
v -33.146175 240.656876 -3.183100
v -33.296581 243.317917 -3.542217
v -13.711761 181.207352 28.543507
v -17.349159 168.393829 27.757303
v -14.360062 169.027130 28.689951
v -11.295078 172.508270 29.434664
v -11.028270 176.930206 29.426723
v -10.900408 180.888672 29.290689
v -14.290525 168.030014 28.502104
v -11.374617 168.690887 29.316341
v -8.387833 172.227203 29.963375
v -8.163221 176.613235 29.939356
v -8.051162 180.593048 29.876017
v -11.315742 167.695480 29.112003
v -8.438730 168.388199 29.874016
v -5.432127 171.969513 30.428514
v -5.281734 176.282745 30.345661
v -5.221730 180.249451 30.296255
v -8.395064 167.406708 29.671085
v -5.477970 168.184937 30.385729
v -2.502705 171.787170 30.777306
v -2.458625 176.009979 30.629265
v -2.460131 179.953903 30.565060
v -5.455584 167.226578 30.192101
v -2.539917 168.102478 30.800888
v 0.189104 171.693878 30.918615
v 0.171708 175.879684 30.696468
v 0.184099 179.873047 30.620960
v -2.539641 167.168884 30.622763
v 0.203213 168.085464 31.005903
v 0.200572 167.169510 30.841768
v 2.845771 168.163376 30.828426
v 2.770601 171.730713 30.765972
v 2.714104 175.923889 30.609217
v 2.847928 167.252304 30.662060
v 5.466785 168.286636 30.396208
v 5.454363 167.365326 30.210600
v 5.396357 171.890762 30.419451
v -31.269627 202.973648 -5.547348
v -32.810528 200.028885 -3.134836
v -32.343895 202.833298 -2.651216
v -31.534447 200.291016 -5.974874
v -31.204763 196.678848 -6.166856
v -32.667664 196.425354 -3.358270
v -31.265617 192.710098 -6.437588
v -32.773193 192.492279 -3.548582
v -31.342173 188.297150 -6.564850
v -32.856590 188.231094 -3.619136
v -34.313789 258.510071 -7.330360
v -34.897583 259.559784 -5.429024
v -34.700764 259.535980 -7.534261
v -34.619312 258.629456 -5.098291
v -34.349590 256.669220 -6.971192
v -34.857067 260.007507 -3.122385
v -34.729427 256.895416 -4.504373
v -34.797405 259.154938 -2.685993
v -34.247238 254.632767 -6.505170
v -34.813526 260.910431 -0.667526
v -34.698147 254.917770 -3.765904
v -34.911224 257.546753 -1.966307
v -34.692703 260.055450 -0.168149
v -34.161358 252.721359 -5.960909
v -34.644772 261.973450 1.784273
v -34.645664 253.101807 -2.982398
v -34.894840 255.619446 -1.076127
v -34.765034 258.508209 0.593159
v -34.416447 261.111023 2.266342
v -34.123985 250.709747 -5.371835
v -34.688377 263.146545 4.129929
v -34.794552 253.801163 -0.139266
v -34.565151 251.163788 -2.317802
v -34.594597 256.599335 1.544123
v -34.204079 259.653809 3.016757
v -34.170757 262.288391 4.570444
v -33.750481 248.423798 -4.711001
v 0.139584 267.958069 -23.532095
v -3.393825 264.577393 -23.530518
v -3.454693 267.929871 -23.537558
v -6.944297 264.559570 -23.576365
v -3.357094 261.221649 -23.305523
v -6.898060 261.242157 -23.223501
v -6.847179 257.987000 -22.983135
v -10.114486 257.960449 -22.929939
v -9.972065 254.636932 -22.646152
v -13.266860 254.635880 -22.748131
v -9.913433 251.490280 -22.309647
v -13.239962 251.377411 -22.380791
v -16.511139 254.560547 -22.747492
v -9.851852 248.410797 -21.880011
v -16.479492 251.297379 -22.229757
v -13.175371 248.271088 -21.883556
v -19.580782 254.566574 -22.174088
v -9.764855 245.439392 -21.321358
v -16.451092 248.145554 -21.641891
v -19.518167 251.345444 -21.528969
v -13.063978 245.312317 -21.280096
v -22.521994 254.588959 -21.104677
v -16.348928 245.167969 -20.995882
v -19.608839 248.093216 -20.837507
v -22.546675 251.297379 -20.326056
v -12.927862 242.473389 -20.698696
v -9.650709 242.611847 -20.766853
v -25.507111 254.537842 -19.351427
v -19.533773 245.069763 -20.269827
v -16.182756 242.323334 -20.443338
v -22.524565 248.107956 -19.652826
v -25.320934 251.304474 -18.334314
v -15.971468 239.607635 -19.899254
v -12.757894 239.755310 -20.179905
v -19.335175 242.213486 -19.706438
v -22.489763 245.045502 -18.918335
v -25.302761 248.135666 -17.743872
v -28.107145 251.187592 16.244066
v -26.309746 251.256653 18.977757
v -32.200687 248.824677 7.675097
v -33.124733 247.817307 4.977048
v -33.362835 247.087997 2.012379
v -33.444523 246.481369 -0.959094
v -33.576580 245.888535 -4.059003
v -31.047077 249.999939 10.298495
v -32.429298 251.437332 6.689630
v -31.424614 252.662674 9.110939
v -33.299034 250.413513 4.113694
v -33.450821 249.679688 1.227095
v -33.628731 249.019943 -1.656673
v -30.569231 253.983002 11.468619
v -29.672462 251.345169 13.158487
v -31.968664 255.012573 8.161452
v -32.914059 253.761673 5.835400
v -31.166435 256.304169 10.463255
v -33.738735 252.722946 3.343067
v -34.444614 251.854767 0.602215
v -29.434500 253.543320 14.378125
v -29.984938 255.286163 13.560253
v -32.458694 257.094696 7.314102
v -33.397915 255.821503 5.006402
v -34.276562 254.725540 2.553164
v -30.523077 257.462952 12.825416
v -31.644205 258.427795 9.656495
v -29.183706 255.999329 15.827599
v -29.732204 258.311523 15.307734
v -33.064949 259.073578 6.320156
v -32.179245 260.532440 8.783145
v -33.901344 257.756531 3.983440
v -30.234343 260.620300 14.827768
v -30.997917 259.630829 12.162499
v -31.615541 261.936005 11.445783
v -28.398457 258.835571 17.931007
v -28.836725 261.322388 17.571707
v -33.714195 260.908325 5.324846
v -33.087078 262.380463 7.741833
v -32.598400 264.231079 10.391953
v -30.854210 263.345123 14.318419
v -29.389582 264.197754 17.064005
v -27.105204 264.911194 19.394810
v -26.563488 262.025146 20.058201
v -33.929844 263.760223 6.889931
v -33.716377 265.676666 9.262266
v -32.056252 266.924164 13.360444
v -33.811878 268.128906 11.143331
v -30.025286 267.696228 16.448097
v -27.632599 268.284882 18.580359
v -24.241896 265.637909 21.434868
v -24.733515 268.905457 20.301800
v -32.594807 271.040375 13.656896
v -34.674629 264.592438 6.371411
v -34.735680 266.442230 8.406359
v -35.087589 268.594208 9.924195
v -34.278919 271.031128 11.898564
v -28.107014 271.967499 17.420454
v -30.526737 271.453003 15.668633
v -25.222223 272.480316 18.865002
v -21.536064 269.406128 21.788132
v -21.981316 272.901001 20.202095
v -30.957085 275.036530 14.492801
v -32.972538 274.411652 13.001598
v -28.523245 275.632324 15.853222
v -25.617767 276.155426 17.121729
v -35.671841 270.932587 10.650933
v -34.727627 273.899445 11.714169
v -18.559347 273.254303 21.242512
v -29.022940 279.041840 14.019999
v -31.586981 278.338989 13.069369
v -33.727249 277.530548 12.105202
v -26.048771 279.561676 15.052709
v -36.481880 273.309570 10.652952
v -35.668018 276.719421 11.214263
v -26.547853 282.687622 12.946209
v -29.634287 282.148834 12.155152
v -32.347439 281.367096 11.425086
v -34.668900 280.489410 10.798938
v -37.423565 275.846893 10.615932
v -38.586937 278.450592 9.909550
v -36.779381 279.514862 10.193815
v -35.451401 283.113892 9.343163
v -30.124784 284.812622 10.290579
v -26.971106 285.445282 10.870842
v -32.937950 284.019531 9.783615
v -39.585960 280.908478 8.702950
v -37.737156 282.160004 9.027550
v -36.112686 285.407349 7.867373
v -38.477135 284.291473 7.592694
v -30.623217 287.188843 8.380758
v -27.397453 287.899811 8.843151
v -33.473003 286.372772 8.111024
v -40.483704 282.985046 7.383678
v -36.659016 287.290802 6.209571
v -39.121964 285.964966 6.023288
v -41.210564 284.485474 5.864817
v -33.940857 288.447845 6.373828
v -37.079147 288.819580 4.465197
v -39.623596 287.354736 4.338194
v -41.813919 285.745850 4.181717
v -42.407982 286.911682 2.143660
v -40.132236 288.530731 2.281167
v -34.226803 290.058594 4.538053
v -37.534702 290.068268 2.413491
v -40.593472 289.432556 -0.126592
v -37.936234 290.907928 0.033214
v -42.930515 287.801392 -0.277155
v -34.987354 292.169342 0.185932
v -34.584343 291.332550 2.470039
v -29.214975 294.773651 -2.000736
v -31.979023 293.289612 0.340128
v -28.867195 294.227753 0.478226
v -31.556101 292.368347 2.528800
v -28.354197 293.229279 2.628329
v -31.221638 291.025970 4.607652
v -27.860327 291.833527 4.828567
v -27.659019 290.025330 6.842263
v -31.008032 289.320496 6.510418
v -40.874809 289.680725 -2.856679
v -38.278259 291.178955 -2.633702
v -35.316517 292.438629 -2.424954
v -43.170704 288.040558 -3.054132
v -32.224148 293.605255 -2.236044
v -40.982021 289.441467 -5.695216
v -38.443058 290.996033 -5.472113
v -35.535206 292.335083 -5.284961
v -32.472191 293.592346 -5.111591
v -43.233528 287.792511 -5.877382
v -29.289801 294.895142 -4.824817
v -40.753319 288.584961 -8.468958
v -38.247993 290.151337 -8.384813
v -35.461746 291.614441 -8.345729
v -32.367073 292.899597 -8.211279
v -29.019545 294.311646 -7.919698
v -42.990746 286.985809 -8.565253
v -28.147156 292.691437 -10.952521
v -31.730648 291.342285 -11.144622
v -34.934139 290.061371 -11.125839
v -34.271896 287.996704 -13.633115
v -30.890270 289.114197 -13.810107
v 27.855452 291.843536 4.819938
v 27.679691 290.060944 6.816664
v 31.150574 291.065613 4.594087
v 28.345573 293.233612 2.626124
v 31.478628 292.392426 2.539269
v 28.854300 294.228912 0.490248
v 31.890234 293.309753 0.376157
v 29.189056 294.783600 -1.981914
v 32.171703 293.625885 -2.192574
v 29.276983 294.906738 -4.800886
v 32.415070 293.631348 -5.051575
v 29.042986 294.348358 -7.841250
v 32.298595 293.001801 -8.090919
v 28.264723 292.928680 -10.883595
v 31.704159 291.519012 -10.955090
v 27.264706 290.543304 -13.702051
v 30.962839 289.379974 -13.634243
v 26.618992 287.283325 -16.556810
v 51.150410 241.277359 -6.645952
v 50.939045 241.412827 -8.108024
v 51.390942 241.525574 -7.987455
v 50.687614 241.153351 -6.705783
v 51.050041 241.209702 -4.940796
v 49.608124 242.380646 -8.147678
v 50.582699 241.082657 -4.923423
v 49.290554 242.140915 -6.492016
v 51.046368 241.432770 -2.939255
v 48.411671 243.524994 -8.123804
v 50.578857 241.315796 -2.831261
v 49.206684 242.111267 -4.650315
v 48.074593 243.290558 -6.332901
v 51.250267 241.730438 -1.056074
v 47.260517 244.679337 -8.064345
v 50.791996 241.626968 -0.862817
v 49.211239 242.302963 -2.619852
v 48.001659 243.304504 -4.460498
v 46.929497 244.483154 -6.224088
v 51.802391 242.410690 0.954964
v 46.108974 245.835861 -7.995939
v 51.369110 242.337997 1.239272
v 49.493446 242.674408 -0.566992
v 48.077431 243.527496 -2.430262
v 46.875542 244.528412 -4.301024
v 45.805893 245.664291 -6.115899
v 52.772385 243.185196 2.904308
v 44.975540 247.001602 -7.919664
v 48.412781 243.950790 -0.358714
v 50.124893 243.388809 1.530769
v 47.010864 244.793869 -2.257515
v 45.788418 245.735001 -4.155391
v 44.699570 246.849976 -6.013643
v 52.383022 243.147552 3.276875
v 51.235287 244.310516 3.302865
v 49.129368 244.632996 1.696572
v 47.410671 245.238983 -0.187395
v 45.987686 246.046524 -2.091505
v 44.724102 246.957596 -4.015653
v 53.821030 244.170334 4.192461
v 43.791103 248.182648 -7.856719
v 43.522602 248.057861 -5.919960
v 53.479153 244.177292 4.623352
v 50.218613 245.618759 3.476569
v 52.447502 245.425446 4.729809
v 48.165653 245.961304 1.860284
v 46.434441 246.537598 -0.015403
v 44.988544 247.327393 -1.934509
v 43.609550 248.215347 -3.882010
v 55.063362 245.299850 5.326298
v 54.777729 245.357986 5.808524
v 42.682510 249.512573 -7.776245
v 42.401634 249.378387 -5.834598
v 49.321152 246.923340 3.589365
v 51.514656 246.682861 4.846295
v 53.826321 246.584076 5.737823
v 47.238464 247.274597 2.019233
v 45.502670 247.867508 0.133960
v 43.946548 248.629150 -1.786922
v 42.492569 249.544739 -3.771927
v 56.240452 246.425751 5.817058
v 56.008125 246.534882 6.321503
v 41.477287 250.830048 -7.727065
v 41.210850 250.730194 -5.766316
v 50.675652 248.046707 4.888062
v 48.422657 248.269608 3.732647
v 52.911411 247.831223 5.834893
v 55.197739 247.745224 6.346768
v 46.334061 248.623718 2.162862
v 44.579563 249.251648 0.256478
v 42.833954 249.960327 -1.645484
v 41.315990 250.921402 -3.675687
v 57.398235 247.756882 6.417380
v 57.570366 247.594894 5.908782
v 40.224266 252.100830 -7.700703
v 40.010345 252.071609 -5.708094
v 52.040272 249.140320 5.888315
v 49.722183 249.347763 5.050212
v 47.523193 249.612747 3.872628
v 54.368885 249.002594 6.418949
v 56.713699 248.948105 6.654568
v 45.394569 249.981888 2.304921
v 43.568359 250.655685 0.379565
v 41.668472 251.362900 -1.533884
v 40.139954 252.321808 -3.591848
v 59.094463 248.985031 6.283888
v 59.193123 248.769821 5.781073
v 38.981384 253.282578 -7.667466
v 38.866138 253.349289 -5.651939
v 48.812885 250.691498 5.199964
v 51.121792 250.487656 5.993724
v 46.570576 250.968430 4.050274
v 44.388012 251.388901 2.437912
v 42.361244 252.029938 0.553649
v 40.535919 252.840149 -1.452698
v 39.066906 253.674820 -3.519150
v 37.982174 254.466064 -7.616653
v 37.936485 254.597305 -5.597333
v 50.200150 251.822052 6.127962
v 47.843597 252.037109 5.414529
v 45.565891 252.389572 4.203086
v 43.281998 252.859253 2.563695
v 41.166252 253.490128 0.677835
v 39.535435 254.278259 -1.391697
v 38.133663 254.940536 -3.455240
v 37.071396 255.496231 -7.566301
v 37.123898 255.687424 -5.539671
v 46.819885 253.466721 5.587191
v 49.223633 253.174881 6.351562
v 44.423393 253.844666 4.380538
v 42.143265 254.392319 2.673438
v 40.152916 254.965576 0.745727
v 38.601711 255.591034 -1.327749
v 37.331470 256.037872 -3.372235
v 36.412430 256.494690 -7.498914
v 36.469147 256.670258 -5.481731
v 45.700459 254.963043 5.746648
v 48.173462 254.584167 6.593948
v 43.260223 255.374374 4.507244
v 41.023544 255.829376 2.788532
v 39.292191 256.371277 0.782318
v 37.779984 256.712677 -1.228971
v 36.717396 257.036682 -3.304873
v 35.923706 257.353027 -7.452619
v 35.985023 257.522156 -5.423400
v 35.308651 291.758484 -8.228464
v 34.841030 290.250946 -10.970812
v 30.176676 286.324951 -16.064079
v 29.491293 283.070709 -18.133997
v 26.004795 283.591278 -18.730415
v 34.234310 288.232086 -13.492082
v 38.106945 290.284790 -8.304867
v 37.631927 288.851837 -10.912387
v 25.086470 279.482971 -20.419178
v 28.502445 279.240753 -19.829613
v 33.335857 285.369873 -15.710923
v 37.059319 286.943207 -13.228743
v 40.560982 288.754517 -8.395093
v 40.093987 287.498749 -10.878810
v 23.634760 271.946259 -22.112753
v 23.269175 268.410065 -22.722168
v 20.460360 271.807098 -23.127205
v 20.207331 268.238007 -23.615934
v 17.353764 271.732239 -23.692854
v 17.134644 268.200012 -24.077612
v 14.166636 271.646606 -23.819347
v 13.975348 268.153717 -24.127899
v 10.791143 271.524780 -23.697124
v 16.995268 264.647369 -23.963530
v 23.013823 264.773468 -22.962227
v 20.047979 264.645355 -23.696930
v 13.794702 264.687622 -23.844561
v 10.642758 268.089996 -23.912779
v 7.388740 271.277100 -23.425932
v 16.800070 261.234467 -23.537827
v 13.667494 261.274506 -23.538651
v 19.927313 261.174347 -23.146666
v 10.512839 264.677307 -23.717619
v 7.255496 268.014832 -23.678644
v 3.799886 271.291504 -23.304548
v 16.636574 257.924835 -23.081833
v 13.518419 257.932678 -23.047991
v 10.422492 261.273590 -23.345177
v 7.180346 264.615845 -23.575085
v 3.712749 264.579376 -23.528717
v 3.746571 267.942780 -23.537601
v 0.140002 271.289124 -23.271399
v 19.718187 257.905640 -22.606014
v 16.539753 254.607285 -22.734016
v 13.398909 254.645096 -22.743900
v 10.291552 257.975861 -22.923798
v 7.114323 261.269745 -23.224611
v 3.722847 261.225586 -23.302380
v 0.206457 261.252930 -23.349977
v 0.168229 264.551666 -23.558300
v 7.025082 257.990295 -23.000174
v 10.233794 254.647430 -22.648075
v 3.713335 258.017548 -23.036158
v 0.233797 258.046539 -22.943293
v 13.375595 251.357697 -22.380369
v 10.139628 251.492004 -22.312311
v 6.925592 254.777374 -22.593460
v 6.854809 251.627106 -22.219187
v -3.302144 258.008087 -22.883682
v 3.571414 254.882080 -22.681490
v 3.547409 251.725067 -22.034988
v 0.232637 254.901413 -22.476099
v -3.150035 254.869904 -22.568052
v 6.796662 248.546463 -21.784863
v 10.067383 248.405502 -21.877483
v 3.527192 248.634323 -21.620806
v 0.224406 251.758835 -21.972088
v 0.219829 248.672867 -21.574369
v -6.601169 254.766159 -22.590483
v -3.110440 251.705734 -22.180248
v 3.483674 245.639938 -21.131514
v 6.736412 245.555481 -21.243956
v 0.217643 245.686111 -21.109295
v -3.091889 248.628876 -21.750067
v -6.570845 251.622375 -22.222052
v 0.214231 242.804092 -20.615522
v 3.444461 242.752930 -20.641857
v -3.080140 245.671082 -21.246655
v -3.048935 242.804306 -20.774551
v -6.516346 248.542664 -21.789753
v 0.208797 240.042313 -20.200298
v -3.017532 240.034454 -20.341402
v -6.425980 245.600388 -21.254522
v -6.346352 242.753845 -20.741697
v -6.266150 239.993973 -20.304737
v -2.985326 237.332733 -19.920429
v -6.185165 237.293991 -20.014275
v 3.410389 239.985153 -20.216803
v 0.202482 237.313416 -19.802670
v -9.521509 239.881668 -20.293249
v -9.388926 237.211105 -20.014849
v -2.951822 234.702850 -19.498205
v -6.109049 234.667587 -19.599638
v -9.267404 234.604431 -19.594767
v 3.376643 237.247040 -19.795435
v 0.199563 234.693604 -19.409609
v -12.571530 237.122223 -19.755661
v -12.403204 234.542892 -19.309849
v -2.915012 232.109741 -19.109636
v -6.036248 232.078400 -19.193579
v -9.161788 232.030457 -19.150675
v -12.265718 231.987930 -18.837051
v 3.341508 234.640182 -19.389294
v 0.200617 232.115204 -19.030422
v -15.481063 234.470749 -18.763412
v -15.707991 237.024139 -19.274466
v -15.303686 231.941345 -18.264828
v -12.146171 229.435242 -18.310732
v 47.030933 256.099976 6.725494
v 44.471062 256.459198 5.939400
v 42.135887 256.839294 4.634951
v 40.061863 257.202911 2.878806
v 38.466309 257.577423 0.864665
v 37.148960 257.710999 -1.138850
v 36.199802 257.870117 -3.220379
v 35.448318 258.027039 -7.395351
v 35.584988 258.196259 -5.364353
v 43.334682 257.922974 6.107537
v 45.834431 257.641693 6.849543
v 41.197098 258.273895 4.708765
v 39.192688 258.424530 2.981037
v 37.768456 258.630859 0.941978
v 36.623428 258.540741 -1.049708
v 35.829208 258.548370 -3.145511
v 35.092701 258.572571 -7.353785
v 35.226673 258.715881 -5.305672
v 42.334724 259.359009 6.167903
v 44.698093 259.118286 7.077147
v 40.256798 259.518311 4.827042
v 38.489708 259.561005 3.030099
v 37.212051 259.474701 1.037920
v 36.145008 259.203125 -0.960184
v 35.440727 259.092743 -3.068737
v 34.820297 259.003052 -7.325958
v 35.014332 259.144684 -5.251727
v 43.615463 260.513763 7.310804
v 41.394241 260.668304 6.239451
v 39.452259 260.641602 4.899153
v 37.902161 260.525360 3.036183
v 36.687000 260.150879 1.146398
v 35.771107 259.765625 -0.871010
v 35.183746 259.552795 -2.985040
v 34.617523 259.350281 -7.318509
v 34.810444 259.491821 -5.182170
v 42.618313 261.840210 7.381695
v 40.558128 261.863190 6.291337
v 38.728870 261.598663 4.950495
v 37.327755 261.313293 3.099733
v 36.198143 260.729706 1.254963
v 35.450817 260.251587 -0.769300
v 34.929466 259.947235 -2.879496
v 34.490356 259.626465 -7.316247
v 34.770962 259.734222 -5.123014
v 41.736900 263.106018 7.329607
v 39.712540 262.842468 6.338007
v 38.043724 262.448944 4.971042
v 36.718834 261.940918 3.225503
v 35.753807 261.223206 1.391961
v 35.148903 260.701691 -0.632962
v 34.898937 260.225952 -2.710660
v 34.557339 259.884186 -7.325470
v 34.736099 259.900787 -4.941252
v 38.943741 263.719910 6.411816
v 40.867889 264.196136 7.322963
v 37.363697 263.208862 5.039426
v 36.144753 262.450043 3.412848
v 35.352825 261.644501 1.578134
v 34.854210 261.072815 -0.426534
v 34.914543 260.296539 -2.406353
v 39.980701 265.150208 7.435242
v 38.132935 264.497620 6.536466
v 36.659500 263.861542 5.207647
v 35.644985 262.865448 3.664793
v 34.996143 262.025848 1.825591
v 34.663731 261.157288 0.093795
v 37.324032 265.244995 6.691947
v 39.131283 266.035400 7.610409
v 35.969723 264.326385 5.530702
v 35.187763 263.170654 3.962841
v 34.527897 262.169708 2.310758
v 38.181782 266.798523 7.946379
v 36.466209 265.905670 6.991776
v 35.354534 264.643372 5.977459
v 34.617313 263.298096 4.385226
v 35.657974 266.295929 7.594524
v 37.197735 267.558807 8.301220
v 34.662666 264.663361 6.447858
v 39.193745 268.544434 8.701464
v 40.202755 267.619354 8.371181
v 34.763073 266.439026 8.411168
v 36.156055 268.224823 8.901871
v 38.132404 269.411560 9.188187
v 41.414154 269.268127 8.886686
v 40.335979 270.355865 9.140981
v 35.096714 268.590057 9.925901
v 36.916805 270.261963 9.739838
v 39.147915 271.409851 9.531732
v 42.709442 270.995209 8.892366
v 41.587646 272.231781 9.230898
v 42.414745 268.151398 8.726051
v 43.738743 269.747253 8.541254
v 35.674290 270.932953 10.649405
v 37.824356 272.451385 9.991626
v 40.313957 273.466736 9.478850
v 44.027103 272.718262 8.463971
v 45.081352 271.315216 8.168289
v 42.844223 274.102020 8.771693
v 44.698509 268.461212 8.204034
v 46.093754 269.919495 7.919316
v 36.430050 273.331055 10.645050
v 38.858406 274.700439 9.697163
v 41.527821 275.532837 8.949365
v 45.294579 274.341583 7.660011
v 46.387764 272.813873 7.407128
v 47.420654 271.310394 7.202992
v 44.108353 275.934052 7.928481
v 47.081699 268.501801 7.739155
v 48.458347 269.808380 7.040494
v 37.433460 275.883881 10.615827
v 40.012230 276.944885 9.056200
v 42.731163 277.520691 8.114962
v 46.516094 275.851013 6.527550
v 47.629467 274.182739 6.335668
v 48.690536 272.591705 6.170660
v 49.732010 271.003876 6.018828
v 45.281719 277.583832 6.750745
v 49.459629 268.272614 6.871789
v 50.727676 269.390625 5.845550
v 38.563908 278.551270 9.895931
v 41.144066 279.124603 8.183570
v 43.852772 279.340942 6.906864
v 47.597263 277.149323 5.050916
v 48.750023 275.383301 4.902405
v 49.808495 273.674408 4.770122
v 50.822914 271.992493 4.631433
v 51.864140 270.371429 4.511707
v 46.336224 279.040161 5.232320
v 51.804901 267.796417 5.717663
v 50.553116 266.748016 6.723190
v 39.565342 281.047302 8.663535
v 42.173866 281.089630 6.955456
v 44.831287 280.915802 5.371001
v 51.676430 272.703278 2.826780
v 50.692024 274.483124 2.936736
v 49.628006 276.288116 3.037477
v 52.961624 268.732025 4.399070
v 52.718250 271.043640 2.737066
v 52.947617 266.176178 5.565425
v 51.685982 265.168854 6.584868
v 51.418198 275.023529 0.983619
v 52.448391 273.257538 0.917251
v 40.422062 283.168640 7.331461
v 43.025921 282.758484 5.430643
v 54.053745 267.044220 4.229163
v 53.806484 269.385834 2.658534
v 53.450882 271.540802 0.854691
v -9.067424 229.469757 -18.679991
v -5.962941 229.509369 -18.794052
v -2.873559 229.530441 -18.732780
v 3.308157 232.071747 -19.012016
v 0.203661 229.547012 -18.652044
v -18.254013 231.896790 -17.529295
v -18.468346 234.411438 -17.981020
v -15.166397 229.408264 -17.738462
v -15.037908 226.843063 -17.195656
v -12.030849 226.858917 -17.781324
v -8.972470 226.894684 -18.217415
v -5.879967 226.939240 -18.421156
v -2.821203 226.935715 -18.402031
v -18.087593 229.375061 -17.037083
v 0.212371 226.927139 -18.340149
v 3.274420 229.520294 -18.642965
v -21.124126 231.848816 -16.553864
v -20.920828 229.358063 -16.112745
v -8.880072 224.305481 -17.794443
v -5.784330 224.343994 -18.102791
v -2.750641 224.325195 -18.144196
v -17.927336 226.821182 -16.520250
v -20.727961 226.809052 -15.596371
v -23.590380 229.365417 -14.773137
v 3.232451 226.922287 -18.313221
v 3.185347 224.302841 -18.075598
v 0.231635 224.300171 -18.121981
v -8.815625 221.672745 -17.474854
v -5.713191 221.699356 -17.830097
v -2.666198 221.693542 -17.970201
v -11.929148 224.266632 -17.309654
v 0.258671 221.671875 -17.997810
v 3.146977 221.683273 -17.940771
v 6.228490 224.332977 -17.950352
v 6.164721 221.715515 -17.750288
v -5.673714 219.022736 -17.729595
v -8.772164 219.007782 -17.308617
v -2.615136 219.023453 -17.922781
v -11.798053 219.002441 -16.749744
v -11.863264 221.647202 -16.945253
v -14.908345 224.245712 -16.698370
v 3.123699 219.025528 -17.925705
v 0.288501 219.013046 -17.980717
v 6.119892 219.068924 -17.713091
v 9.213195 219.112793 -17.291063
v 9.262503 221.739136 -17.388071
v -8.749753 216.320877 -17.313444
v -5.655220 216.322937 -17.777191
v -11.748801 216.331268 -16.682272
v -2.587391 216.322220 -18.023611
v -14.703519 219.002197 -16.007179
v -14.794603 221.632965 -16.296772
v 6.089749 216.386887 -17.820217
v 3.115585 216.331207 -18.046705
v 0.320011 216.315292 -18.104650
v 9.167651 216.460114 -17.363348
v 12.181478 216.521851 -16.721867
v 12.221444 219.146561 -16.710199
v -8.749946 213.625031 -17.490660
v -11.727938 213.643661 -16.789835
v -5.660614 213.622375 -18.031511
v -2.580081 213.629776 -18.321232
v 6.087809 213.687958 -18.109838
v 9.116847 213.762527 -17.614458
v 3.130630 213.656662 -18.377991
v 0.342723 213.642303 -18.428404
v 12.155060 213.853760 -16.895309
v 15.129961 213.875992 -15.952547
v 15.141005 216.528595 -15.864820
v -8.790130 210.920502 -17.888088
v -11.755142 210.949158 -17.122688
v -2.611492 210.947754 -18.834261
v -5.706232 210.920349 -18.505194
v 0.346899 210.982208 -18.975294
v 6.123368 211.024033 -18.645311
v 9.091059 211.090790 -18.132595
v 12.150792 211.189743 -17.362789
v 3.178479 211.004761 -18.937174
v 15.162752 211.223389 -16.315983
v 18.001692 211.176544 -15.018758
v 18.003839 213.845947 -14.753187
v -8.864616 208.220718 -18.483244
v -11.827394 208.269150 -17.660103
v -2.682983 208.252731 -19.525883
v 0.349147 208.294540 -19.704882
v -5.793409 208.216675 -19.158415
v 3.218112 208.334976 -19.673405
v 6.148432 208.422653 -19.356081
v 18.076263 208.458145 -15.510224
v 15.232209 208.543472 -16.857971
v 20.694695 211.133820 -13.651741
v 20.770224 208.407288 -14.135868
v -8.996319 205.393845 -19.162218
v -12.006593 205.432846 -18.329014
v -2.770097 205.347961 -20.295103
v 0.329478 205.364532 -20.500614
v 3.225883 205.450272 -20.494734
v -5.903124 205.366272 -19.847944
v 6.160127 205.566711 -20.142748
v 20.914082 205.462860 -14.754456
v 18.226435 205.520340 -16.136562
v 23.364498 208.351395 -12.689384
v 23.501408 205.377411 -13.215431
v -9.163514 203.184433 -19.912374
v -12.200349 203.260315 -19.016411
v -6.019109 203.113342 -20.652126
v 0.269654 203.179352 -21.393162
v -2.852451 203.085449 -21.146780
v 3.204840 203.326660 -21.327745
v 6.188120 203.424820 -20.978027
v 21.123909 203.264969 -15.409946
v 23.681667 203.116653 -13.745900
v 25.948202 202.855057 -11.790318
v 25.783039 205.190872 -11.367896
v -9.327087 200.314911 -20.863409
v -12.421982 200.415771 -19.923603
v -6.150101 200.260193 -21.631950
v 3.207122 200.533081 -22.295231
v 0.143469 200.409058 -22.356733
v -2.990343 200.290070 -22.140387
v 6.308850 200.597275 -21.991522
v 24.007288 200.128479 -14.468195
v 26.288517 199.817978 -12.344626
v 27.754169 202.570404 -9.446911
v -12.688534 196.270584 -21.080557
v -9.541840 196.149429 -22.036858
v -6.358501 196.107010 -22.794085
v -3.157133 196.099854 -23.313623
v 0.070269 196.160706 -23.549231
v 3.266408 196.266632 -23.544220
v 6.467381 196.376068 -23.267570
v -13.000364 192.389465 -22.041132
v -9.816096 192.267258 -22.935886
v -6.582262 192.234955 -23.671753
v -3.283576 192.181564 -24.198864
v 0.055186 192.203140 -24.484461
v 3.351563 192.298294 -24.482996
v 6.633413 192.390274 -24.195543
v 3.486444 187.862366 -25.282192
v 0.056088 187.813614 -25.216902
v -3.427880 187.765274 -24.847012
v -6.830837 187.757523 -24.301876
v -10.119152 187.819061 -23.617172
v -13.339013 187.945465 -22.752455
v 0.029234 181.814835 -25.640970
v -3.644944 181.827209 -25.223522
v -7.170729 181.873276 -24.703627
v -10.528987 182.010574 -24.125610
v 3.694071 181.843399 -25.760447
v 6.879644 187.913666 -25.014618
v 0.033500 176.335724 -25.601685
v 54.099045 264.512604 5.340623
v 52.907684 263.583191 6.465103
v 52.891289 273.482758 -1.274700
v 51.870575 275.307068 -1.241632
v 41.097645 284.715942 5.767867
v 54.915474 267.662231 2.561238
v 55.176418 265.312164 4.054222
v 54.556450 269.835510 0.812206
v 53.908382 271.803864 -1.303813
v 55.249825 262.804382 5.074174
v 54.088188 261.918701 6.185536
v 52.168182 275.373627 -3.514781
v 53.216679 273.586334 -3.513227
v 55.641869 268.091370 0.758939
v 56.084194 265.949982 2.475385
v 56.385525 263.622894 3.908662
v 54.980053 270.047211 -1.327730
v 54.188370 271.833984 -3.509914
v 56.400471 261.186737 4.875198
v 55.186028 260.290558 5.850935
v 53.158474 273.341492 -5.870372
v 52.161953 275.216125 -5.910722
v 56.013645 268.257874 -1.361303
v 56.812157 266.382935 0.708406
v 57.302357 264.251221 2.387910
v 57.572891 262.016663 3.779066
v 55.221077 270.060638 -3.502228
v 54.123264 271.608154 -5.826908
v 57.466633 259.687042 4.670590
v 56.253860 258.805511 5.598650
v 52.727463 272.809631 -8.086012
v 51.797279 274.714752 -8.193238
v 57.139584 266.534027 -1.390509
v 56.160748 268.250488 -3.494284
v 57.960506 264.636139 0.633423
v 58.479362 262.626190 2.294906
v 58.606155 260.484009 3.583447
v 55.191055 269.883362 -5.785606
v 53.668072 271.048889 -7.977743
v 57.312992 257.438477 5.459695
v 58.507343 258.300842 4.509282
v 52.145477 272.076813 -10.258180
v 51.118279 273.897675 -10.381480
v 58.222996 264.751678 -1.430550
v 57.212147 266.478516 -3.486898
v 56.165386 268.124481 -5.724367
v 59.083958 262.988495 0.560646
v 59.466320 261.064545 2.135571
v 59.601864 259.064301 3.384989
v 54.721249 269.373688 -7.896325
v 53.054867 270.361511 -10.096245
v 59.522133 256.987091 4.335360
v 58.348709 256.121948 5.349896
v 51.323963 271.147156 -12.311512
v 50.212475 272.865723 -12.406571
v 59.299709 263.072601 -1.476106
v 58.361752 264.763489 -3.479139
v 57.146057 266.334106 -5.655174
v 55.745945 267.644409 -7.780453
v 60.071758 261.417572 0.461664
v 60.436810 259.609528 1.991722
v 60.588570 257.723907 3.227671
v 54.154179 268.728638 -9.998776
v 52.337898 269.522980 -12.131449
v 50.077229 269.910248 -13.913649
v 49.032166 271.560089 -14.054825
v 60.294609 261.532593 -1.532283
v 59.428230 263.118683 -3.481924
v 58.242821 264.608521 -5.603306
v 56.871006 265.979401 -7.675815
v 55.215347 267.070129 -9.837543
v 61.045979 259.992035 0.365872
v 61.443989 258.302216 1.897568
v 53.415012 267.928528 -11.970833
v 51.197475 268.392303 -13.789297
v 48.831165 268.659851 -15.299619
v 47.775330 270.185669 -15.452627
v 61.254211 260.104889 -1.588547
v 60.382671 261.555206 -3.501815
v 59.422722 263.053558 -5.584640
v 57.948242 264.266937 -7.555666
v 56.341206 265.441101 -9.688721
v 54.556366 266.364441 -11.779394
v 62.045132 258.670807 0.302924
v 52.333488 266.870697 -13.601509
v 51.153034 265.730804 -15.050790
v 49.964397 267.205933 -15.177998
v 47.565990 267.340057 -16.485367
v 46.496483 268.736908 -16.677696
v 62.217880 258.766388 -1.639041
v 61.301918 260.120087 -3.530246
v 60.343006 261.502167 -5.560896
v 59.063667 262.694611 -7.480041
v 52.313183 264.235962 -14.772058
v 53.448311 265.306274 -13.324579
v 49.863804 264.540466 -16.213011
v 51.096050 263.112854 -15.999393
v 48.664543 265.924530 -16.328594
v 61.213539 260.029358 -5.549894
v 62.221264 258.766663 -3.557847
v 60.105572 261.239532 -7.429174
v 53.581097 262.747406 -14.492025
v 52.331116 261.671143 -15.670568
v 48.465748 263.263702 -17.019186
v 49.717342 261.905884 -16.888037
v 51.020477 260.540070 -16.626059
v 60.927532 259.756195 -7.346849
v 62.108261 258.670624 -5.551744
v 52.316189 259.127716 -16.191912
v 53.610893 260.232727 -15.344839
v 48.204388 260.636200 -17.147051
v 49.550579 259.320953 -17.015625
v 50.855949 258.000244 -16.649321
v 52.105423 256.743561 -16.207769
v 53.493900 257.861847 -15.848036
v 48.023323 258.119781 -16.933840
v 49.372772 256.835449 -16.739927
v 50.681225 255.626221 -16.298355
v 53.247890 255.610138 -15.872388
v 51.848801 254.531921 -15.950132
v 54.637157 256.668793 -15.483193
v 54.810905 258.921387 -15.047252
v 49.176239 254.508835 -16.140099
v 47.883049 255.671173 -16.453159
v 50.438690 253.407196 -15.749822
v 54.379227 254.532303 -15.560082
v 52.988831 253.463058 -15.682645
v 51.577969 252.362045 -15.501681
v 55.895359 257.685699 -14.674608
v 55.700947 255.559296 -15.116123
v 47.641312 253.249481 -15.855000
v 48.978508 252.262100 -15.245229
v 50.174927 251.232590 -15.000998
v 55.471905 253.490662 -15.316282
v 54.114517 252.425247 -15.474719
v 52.715168 251.307419 -15.338430
v 51.310345 250.156387 -14.871357
v 56.767128 254.485977 -14.828188
v 56.925415 256.521942 -14.331819
v 47.562309 251.143555 -14.411212
v 48.797634 250.113495 -14.154898
v 49.953449 249.033340 -14.049637
v 56.507450 252.529831 -15.059477
v 55.149555 251.476395 -15.244164
v 53.774101 250.330856 -15.129876
v 52.401077 249.139114 -14.687802
v 51.075844 247.981323 -13.897612
v 57.791019 253.488739 -14.568108
v 57.970627 255.412476 -14.063743
v 48.685696 247.978592 -12.889146
v 47.496132 249.052750 -12.983949
v 49.839584 246.910187 -12.782194
v -3.881007 176.372025 -25.313204
v -7.550481 176.484406 -24.955275
v -10.970132 176.671524 -24.498373
v -13.793742 182.212692 -23.350080
v -7.816023 172.605972 -24.738094
v 7.259707 181.952179 -25.564714
v 3.942945 176.359177 -25.742542
v 0.055489 172.177689 -25.034615
v -4.024834 172.281311 -24.914698
v -11.315745 172.909668 -24.363016
v -14.323187 176.891769 -23.846830
v -7.789000 171.296417 -24.314421
v -11.279645 171.593460 -23.950653
v -4.002799 170.958527 -24.438501
v 4.127673 172.298264 -25.266163
v 7.654964 176.483139 -25.674904
v 4.116697 170.987091 -24.793552
v 0.063286 170.855927 -24.529188
v -14.602336 171.869598 -23.357174
v -14.684723 173.202240 -23.763714
v 7.900040 171.258667 -25.016096
v 7.935327 172.590286 -25.423500
v -17.879681 172.181152 -22.455940
v -17.992352 173.527206 -22.805113
v -17.563261 177.065506 -22.803606
v 11.334932 171.561447 -24.794815
v 11.083352 176.666321 -25.273907
v 11.387613 172.904984 -25.163897
v -20.852386 172.458450 -21.113852
v -20.522739 177.156693 -21.369629
v -20.980513 173.780792 -21.390869
v 14.601122 171.802109 -23.837967
v 14.684510 173.141754 -24.216722
v 14.357096 176.834534 -24.374371
v -23.469238 172.692795 -19.371210
v -23.098173 177.186859 -19.556725
v -23.601366 173.977127 -19.572968
v -19.846027 182.449524 -20.898726
v -22.457705 182.479874 -19.277830
v 17.655823 172.074921 -22.324636
v 17.789040 173.385254 -22.708527
v 17.470968 176.940445 -22.988792
v -25.602325 172.813980 -17.546989
v -25.249790 177.194839 -17.500824
v -24.736345 182.516891 -17.331633
v -25.738708 174.082489 -17.654583
v -22.008757 188.042511 -18.844774
v -24.344048 188.052078 -17.005077
v -26.735826 182.603088 -15.007578
v -27.254778 177.238586 -15.009623
v 20.438515 172.322968 -20.526554
v 20.255997 176.977005 -21.147800
v 20.599739 173.594452 -20.855459
v -27.593224 172.941635 -15.371046
v -27.717733 174.223801 -15.401727
v -26.469160 188.130692 -14.865651
v -28.450500 182.665588 -12.413198
v -21.568031 192.461731 -18.185341
v -23.997284 192.479645 -16.474936
v -29.494535 174.295502 -12.866263
v -28.989277 177.251541 -12.453238
v -29.383947 173.010620 -12.843611
v 22.623640 176.964294 -19.096167
v 22.985121 173.710266 -18.880919
v -28.146652 188.189423 -12.245817
v -26.178740 192.574249 -14.425981
v -30.001654 182.716629 -9.632434
v -23.600773 196.456894 -15.711995
v -21.158319 196.376953 -17.355354
v -31.076687 174.304626 -10.113377
v -30.942972 173.020386 -10.094889
v -30.592194 177.275253 -9.722566
v -29.728390 188.241180 -9.448710
v -27.903694 192.671661 -11.889256
v -25.903913 196.545685 -13.814046
v -31.608498 182.762939 -6.755466
v -23.175205 200.497086 -14.652964
v -20.757259 200.464294 -16.196785
v -32.716228 174.266190 -6.837464
v -32.549000 172.972519 -6.791040
v -32.224869 177.332611 -6.671801
v -29.557434 192.728470 -9.195687
v -27.823498 196.600464 -11.445512
v -25.506277 200.523987 -12.894273
v -33.057743 182.830154 -3.734874
v -33.674999 177.391129 -3.414300
v -22.820431 203.404877 -13.820843
v -20.436592 203.386581 -15.276599
v -34.181980 174.253281 -3.348507
v -33.989212 172.955856 -3.285430
v -29.507971 196.647736 -8.843456
v -27.715717 200.453186 -10.813107
v -25.181353 203.418213 -12.208177
v -20.183168 205.529404 -14.651498
v -22.509706 205.552032 -13.236000
v -29.856367 200.462997 -8.596010
v -27.492619 203.311966 -10.286376
v -24.831821 205.546478 -11.700288
v -27.179152 205.456558 -9.899699
v -22.259401 208.387436 -12.773748
v -19.998121 208.386124 -14.179181
v -29.592052 203.163010 -8.090751
v -29.272932 205.313980 -7.747787
v -26.774712 208.356186 -9.522303
v -24.504547 208.384445 -11.256039
v -28.872873 208.273926 -7.512643
v -22.245695 211.005814 -12.564496
v -19.928902 211.043198 -13.878583
v -24.403019 211.009430 -10.986861
v -31.098261 205.110413 -5.259572
v -30.817106 208.125732 -5.166485
v -26.399397 211.028625 -9.159703
v -28.338318 211.046967 -7.188684
v -30.599653 211.036850 -5.135596
v -22.364580 213.619461 -12.572823
v -19.956224 213.668198 -13.796223
v -24.496662 213.608704 -10.964475
v -26.332607 213.660126 -9.040235
v -31.549479 210.941498 -2.125555
v -31.812326 208.067703 -2.205663
v -32.145313 205.035675 -2.343085
v -27.847696 213.822342 -6.889350
v -29.599211 213.934525 -4.726401
v -31.486668 213.884735 -2.168530
v -20.059963 216.298264 -13.908918
v -22.582661 216.266068 -12.781533
v -24.773211 216.247925 -11.197753
v -26.580889 216.284180 -9.197277
v -27.735619 216.480438 -6.731089
v -29.013020 216.758224 -4.488438
v -30.553101 216.847549 -2.059932
v -22.772610 218.937302 -13.055253
v -20.187506 218.943253 -14.169058
v -25.078875 218.932022 -11.527251
v -26.986391 218.946457 -9.526310
v -28.116198 219.050034 -6.857113
v -30.023170 219.449738 -2.080908
v -28.701296 219.297470 -4.267659
v -28.714016 221.675888 -7.231375
v -27.410954 221.606659 -9.921165
v -25.344011 221.594391 -11.882082
v -22.952612 221.592773 -13.401410
v -20.342489 221.592606 -14.559477
v -29.037001 221.865616 -4.415076
v -30.403315 221.958374 -2.143171
v -29.311323 224.344528 -7.639174
v -29.621189 224.608459 -4.705472
v -27.818581 224.252411 -10.326087
v -25.613998 224.226151 -12.295326
v -23.155996 224.214233 -13.842048
v -25.876350 226.846924 -12.725854
v 56.246048 250.446884 -15.037508
v 57.580303 251.499344 -14.841371
v 54.858391 249.284882 -14.939154
v 53.493500 248.064316 -14.508589
v 52.177505 246.886902 -13.738643
v 50.970238 245.789490 -12.657877
v 48.783752 245.953049 -11.417214
v 47.600620 247.045456 -11.474555
v 54.586739 246.880997 -14.410539
v 55.984749 248.162384 -14.813837
v 57.424515 249.386734 -14.890580
v 53.253929 245.664246 -13.630445
v 57.103245 246.970795 -14.798872
v 55.691631 245.519394 -14.482864
v 49.892490 244.808838 -11.350626
v 52.036358 244.601837 -12.537868
v 47.885212 245.185333 -9.832366
v 49.035332 244.044571 -9.823102
v 54.233807 244.238022 -13.749355
v 50.978363 243.605911 -11.228306
v 52.938877 243.202423 -12.566477
v 54.542992 244.228439 -13.384435
v 55.937660 245.454254 -14.086171
v 53.304157 243.237686 -12.252792
v 51.950916 242.308701 -11.016976
v 50.192051 242.899078 -9.782101
v 48.411671 243.524994 -8.123804
v 49.608124 242.380646 -8.147678
v 52.358982 242.382675 -10.770408
v 51.758377 241.810760 -9.609766
v 51.323093 241.710892 -9.803785
v 50.939045 241.412827 -8.108024
v 51.390942 241.525574 -7.987455
v 57.288143 246.842819 -14.388494
v 58.908745 248.205353 -14.477849
v 47.260517 244.679337 -8.064345
v 58.797226 248.395020 -14.892276
v 60.062035 249.192032 -14.244135
v 60.002731 249.426376 -14.647979
v 58.738075 250.448029 -14.680069
v 61.141403 250.271973 -14.036187
v 59.945202 251.360733 -14.158751
v 58.834587 252.439056 -14.335215
v 61.151379 250.001007 -13.658841
v 46.704891 246.307648 -9.826612
v 46.108974 245.835861 -7.995939
v 62.230267 251.137375 -13.204567
v 61.052647 252.201324 -13.408341
v 59.985897 253.294220 -13.604725
v 58.976799 254.370056 -13.825813
v 62.193081 250.828918 -12.863245
v 45.547264 247.446579 -9.793042
v 46.401600 248.140182 -11.503784
v 44.975540 247.001602 -7.919664
v 61.030422 254.060684 -12.729307
v 62.025043 252.931183 -12.535298
v 60.064671 255.169464 -12.923099
v 59.089691 256.265686 -13.125990
v 63.017811 251.510437 -12.052833
v 45.154198 249.215057 -11.573586
v 44.336117 248.600128 -9.771356
v 46.202209 250.071884 -13.145336
v 43.791103 248.182648 -7.856719
v 60.967274 255.843765 -11.748283
v 61.883896 254.685501 -11.581474
v 60.045437 257.008148 -11.928080
v 44.984810 251.265762 -13.184817
v 43.989037 250.491974 -11.514166
v 43.234325 249.912338 -9.695204
v 46.269394 252.245850 -14.595043
v 42.682510 249.512573 -7.776245
v 61.836472 256.486176 -10.554492
v 60.958954 257.712738 -10.691167
v 43.758812 252.558594 -13.176581
v 45.019920 253.505737 -14.629997
v 42.788792 251.797058 -11.489895
v 42.027676 251.221069 -9.665049
v 46.296459 254.495483 -15.975208
v 41.477287 250.830048 -7.727065
v 42.459515 253.818787 -13.208393
v 43.697594 254.767822 -14.718320
v 44.984180 255.699265 -16.118364
v 41.496181 253.028824 -11.535246
v 40.712421 252.439774 -9.686882
v 46.520180 256.964417 -16.579767
v 40.224266 252.100830 -7.700703
v 41.240040 254.961472 -13.313009
v 42.406178 255.934052 -14.799158
v 43.708035 256.959473 -16.216885
v 45.216454 258.164795 -16.741087
v 40.209736 254.152023 -11.592609
v 39.455925 253.558395 -9.714889
v 46.694607 259.380219 -17.086712
v 38.981384 253.282578 -7.667466
v 40.082657 256.088165 -13.280493
v 41.271961 257.053772 -14.830043
v 42.518330 258.095245 -16.065716
v 43.960255 259.306641 -16.905855
v 45.433090 260.566467 -17.290592
v 39.106838 255.232346 -11.612606
v 38.383011 254.667297 -9.692309
v 46.946590 261.902100 -17.314739
v 37.982174 254.466064 -7.616653
v 39.063492 257.043182 -13.338794
v 40.190388 258.066956 -14.823299
v 41.449146 259.165985 -16.091690
v 42.775059 260.345978 -17.060625
v 44.302422 261.723358 -17.556110
v 45.801052 263.160675 -17.549597
v 38.067711 256.174835 -11.622158
v 37.423103 255.644012 -9.671318
v 47.281624 264.582306 -17.167591
v 37.071396 255.496231 -7.566301
v 38.089649 257.899536 -13.360790
v 39.219608 258.963593 -14.904763
v 40.409542 260.128906 -16.116882
v 41.738213 261.411804 -17.109167
v 43.199570 262.828308 -17.757662
v 44.729218 264.371582 -17.848602
v 46.181400 265.886200 -17.375673
v 37.210659 257.072601 -11.597848
v 36.645527 256.593750 -9.613093
v 36.412430 256.494690 -7.498914
v 38.261406 259.767578 -14.944681
v 37.276783 258.698822 -13.403426
v 39.440063 261.015106 -16.205891
v 40.735672 262.404480 -17.172035
v 42.154278 263.925507 -17.839886
v 43.655121 265.563660 -18.081511
v 45.153999 267.222076 -17.665333
v 36.490223 257.894257 -11.569088
v 36.042767 257.442963 -9.547347
v 41.159580 264.944702 -17.948490
v 39.784828 263.304413 -17.299477
v 38.529911 261.806213 -16.321905
v 37.420033 260.478302 -15.020419
v 36.524307 259.380371 -13.408150
v 42.635574 266.699402 -18.208866
v 44.127865 268.497162 -17.906233
v 35.872135 258.583710 -11.533625
v 38.855759 264.151550 -17.466368
v -28.165110 226.913406 -10.683933
v -29.873791 227.037338 -8.012830
v -31.052809 224.867493 -2.083401
v -30.422626 227.437012 -4.975303
v -23.369074 226.809982 -14.313015
v -20.521772 224.212677 -15.037934
v -26.110813 229.422470 -13.092546
v -28.477680 229.542374 -10.984292
v -30.365002 229.718643 -8.336697
v -31.275177 227.617905 -2.204019
v -31.229078 230.039139 -5.281944
v -23.840422 231.856583 -15.180682
v -26.369368 231.930847 -13.418827
v -28.844919 232.081635 -11.283323
v -30.743923 232.308151 -8.617908
v -31.702785 230.409744 -2.310724
v -31.885500 232.628510 -5.557415
v -24.071157 234.370499 -15.537086
v -21.368587 234.349640 -16.954330
v -26.624430 234.425781 -13.736226
v -29.080414 234.570541 -11.513377
v -30.913813 234.814499 -8.855118
v -32.244244 233.099854 -2.420365
v -32.198330 235.138626 -5.851061
v -24.422461 236.915070 -15.824162
v -21.692518 236.869003 -17.372103
v -18.763924 236.939331 -18.473251
v -26.995646 236.985077 -13.971880
v -29.318579 237.165176 -11.726786
v -31.118874 237.391617 -9.072568
v -32.617142 235.512299 -2.629241
v -32.468166 237.646942 -6.181966
v -22.021454 239.461258 -17.795431
v -24.728579 239.550247 -16.090719
v -19.112513 239.483414 -19.097389
v -27.204941 239.634918 -13.915834
v -29.313555 239.825348 -11.644205
v -31.086882 240.023453 -9.067516
v -22.287756 242.187668 -18.332085
v -25.019901 242.271271 -16.526640
v -32.876377 238.038452 -2.887386
v -32.715542 240.228928 -6.476877
v -27.466722 242.373093 -14.306128
v -29.626102 242.503723 -11.913696
v -31.354206 242.677063 -9.280956
v -25.268545 245.102020 -17.080925
v -27.757963 245.176712 -14.857793
v -29.939226 245.279373 -12.339271
v -33.146175 240.656876 -3.183100
v -32.901123 242.863327 -6.805173
v -31.656578 245.403732 -9.654629
v -32.995586 245.476288 -7.239610
v -30.390381 248.074646 -12.824946
v -27.937380 248.092560 -15.498013
v -33.296581 243.317917 -3.542217
v -33.576580 245.888535 -4.059003
v -32.063866 248.196533 -9.922662
v -33.159470 248.053268 -7.861112
v -33.750481 248.423798 -4.711001
v -32.318287 250.830444 -10.622757
v -30.450287 251.009857 -13.375029
v -28.044779 251.154022 -16.172132
v -33.074444 250.545151 -8.473926
v -34.123985 250.709747 -5.371835
v -33.307762 252.722931 -8.982335
v -32.288715 253.183136 -11.252067
v -30.835236 253.857361 -13.930070
v -34.161358 252.721359 -5.960909
v -33.531799 254.831375 -9.274681
v -34.247238 254.632767 -6.505170
v -32.720642 255.570816 -11.758624
v -31.552280 256.660065 -14.426952
v -28.371965 254.326874 -16.840260
v -33.906815 256.892944 -9.420681
v -34.349590 256.669220 -6.971192
v -33.158367 257.653015 -11.952760
v -33.885983 258.800934 -9.484059
v -34.313789 258.510071 -7.330360
v -32.311398 258.877625 -14.547205
v -29.326618 258.223328 -17.580297
v -31.370096 260.970917 -16.350218
v -25.753395 257.965240 -20.373072
v -33.676216 259.468597 -11.724238
v -33.121319 260.654785 -14.046664
v -28.799109 262.177856 -19.872078
v -34.360493 259.884491 -9.553312
v -34.700764 259.535980 -7.534261
v -33.950680 260.587677 -11.632566
v -31.005688 263.742401 -18.331373
v -32.695442 262.346283 -16.147680
v -33.636707 261.659058 -13.777955
v -25.825739 261.465363 -21.320063
v -22.616919 258.034821 -21.835854
v -28.734409 265.775604 -20.423269
v -26.035480 265.032288 -21.724163
v -22.848051 261.300842 -22.547697
v -31.401489 266.602386 -19.266521
v -32.846165 264.534698 -17.809938
v -33.687244 263.167664 -15.814386
v -19.683031 257.915222 -22.772110
v -26.354139 268.720612 -21.550524
v -29.157360 269.158478 -20.621973
v -23.022593 264.781158 -22.959454
v -23.269178 268.410065 -22.722168
v -19.909533 261.209930 -23.269754
v -33.283451 267.071808 -18.920238
v -31.907854 269.492096 -19.645288
v -34.106888 265.196960 -17.395868
v -20.094896 264.704529 -23.683540
v -16.613062 257.890259 -23.178099
v -16.749689 261.272125 -23.572462
v -26.806892 272.133698 -21.354151
v -23.634762 271.946259 -22.112753
v -29.931387 272.386444 -20.532261
v -20.207464 268.237976 -23.615873
v -20.460365 271.807098 -23.127951
v -16.930418 264.698090 -23.960260
v -34.880241 267.429108 -18.590748
v -13.533607 261.275696 -23.289589
v -13.660346 264.683990 -23.847105
v -13.397389 257.928894 -23.038551
v -24.254641 275.572449 -21.442745
v -27.500456 275.541595 -20.721266
v -17.120806 268.212616 -24.076458
v -17.359274 271.732147 -23.696152
v -13.823728 268.162994 -24.129324
v -10.249792 261.221558 -23.227442
v -10.326756 264.606476 -23.720505
v -10.433906 268.031464 -23.917576
v -14.040691 271.640045 -23.821262
v -10.583349 271.460144 -23.714016
v 40.176426 265.916931 -18.113956
v 37.662357 262.544952 -16.445293
v 36.642410 261.149963 -15.075410
v 35.851002 260.007782 -13.415257
v 41.594872 267.798065 -18.355915
v 35.875057 261.786865 -15.151008
v 36.774212 263.259003 -16.574648
v 37.903702 264.964752 -17.676044
v 39.163853 266.857758 -18.366026
v 35.256275 260.604370 -13.435689
v 35.316078 259.184418 -11.512430
v 35.166378 262.425201 -15.239264
v 34.621513 261.153839 -13.501569
v 35.942139 263.977295 -16.725340
v 36.957436 265.770233 -17.916412
v 40.535179 268.901001 -18.561352
v 38.149117 267.820984 -18.602577
v 34.448547 260.234619 -11.549947
v 34.848301 259.727661 -11.514557
v 34.370541 263.020355 -15.373965
v 34.121796 261.672577 -13.611775
v 34.064964 260.678833 -11.631237
v 35.009762 264.684113 -16.881098
v 35.941082 266.589935 -18.128990
v 37.029907 268.754730 -18.864588
v 39.439732 270.019318 -18.744810
v 34.188644 259.968933 -9.534356
v 34.439285 259.620667 -9.478037
v 33.619804 263.423798 -15.573991
v 33.557308 261.972992 -13.868375
v 33.818417 260.930084 -11.823650
v 34.134232 260.240692 -9.603799
v 34.089531 265.385956 -16.814243
v 34.919811 267.523499 -17.968309
v 35.779217 269.721893 -18.803802
v 38.242882 271.114136 -19.003382
v 34.557339 259.884186 -7.325470
v 34.490356 259.626465 -7.316247
v 36.787308 272.109772 -19.087332
v 34.617523 259.350281 -7.318509
v 34.820297 259.003052 -7.325958
v 39.516006 273.573914 -18.692677
v 37.933201 274.713287 -18.768255
v 40.815857 272.315155 -18.429068
v 42.110424 274.575531 -17.544804
v 40.731991 276.048523 -17.775913
v 39.082726 277.443146 -17.844416
v 41.977005 271.025116 -18.256248
v 43.329540 273.088928 -17.373674
v 43.281155 276.714142 -16.221048
v 44.561279 275.028229 -16.061098
v 41.831978 278.421387 -16.386225
v 40.126312 280.106140 -16.412802
v 44.444168 271.621094 -17.158802
v 43.072369 269.754730 -18.085564
v 45.686096 273.374420 -15.821710
v 44.435120 278.721375 -14.755734
v 45.729263 276.854004 -14.549037
v 46.885155 275.008087 -14.355507
v 42.906876 280.615967 -14.860116
v 41.031376 282.493652 -14.708316
v 46.738194 271.736450 -15.637377
v 45.495598 270.193359 -16.925915
v 47.967854 273.248322 -14.184638
v 45.433140 280.482269 -12.906104
v 46.748665 278.445374 -12.738595
v 47.962040 276.493225 -12.591516
v 49.114510 274.633301 -12.503945
v 43.765087 282.496033 -12.937018
v 41.775059 284.525909 -12.894192
v 47.580433 279.749969 -10.607021
v 46.168629 281.871796 -10.708086
v 48.837891 277.691589 -10.525838
v 50.050190 275.806000 -10.468262
v 44.401863 283.983002 -10.700426
v 42.400639 286.037476 -10.891602
v 49.613422 278.686066 -8.339082
v 48.305199 280.811066 -8.391637
v 46.826138 283.005463 -8.429785
v 50.717041 276.609955 -8.262596
v 44.948399 285.145081 -8.397099
v 42.868870 287.117737 -8.512647
v 49.966801 279.236938 -5.963528
v 51.120140 277.160431 -5.941098
v 48.697231 281.475159 -5.981189
v 47.183155 283.742523 -5.973692
v 45.279385 285.921265 -5.924188
v 43.112591 287.912292 -5.824078
v 51.098198 277.339874 -3.509954
v 49.940125 279.450531 -3.495888
v 48.668476 281.713928 -3.462458
v 47.158184 284.018585 -3.400536
v 45.244999 286.194794 -3.293595
v 43.037724 288.153412 -3.006662
v 50.800869 277.240417 -1.204570
v 49.656868 279.331390 -1.151024
v 48.370014 281.543243 -1.065926
v 46.827873 283.806549 -0.941444
v 44.883991 285.915039 -0.793758
v 42.765053 287.937469 -0.246054
v 50.356972 276.915527 1.045309
v 49.197788 278.949493 1.129272
v 47.902523 281.072906 1.247045
v 46.309559 283.165833 1.376966
v 44.344463 285.174774 1.518373
v 42.248886 287.050659 2.136550
v 43.685604 284.070557 3.504283
v 45.594193 282.163177 3.410106
v 47.163563 280.155457 3.282619
v 48.469994 278.169373 3.143663
v 41.679741 285.915527 4.126528
v 35.923706 257.353027 -7.452619
v 35.547607 258.140686 -9.499060
v 35.448318 258.027039 -7.395351
v 35.057724 258.717346 -9.462398
v 35.092701 258.572571 -7.353785
v 34.763157 259.207123 -9.456295
v -51.390942 241.525574 -7.987448
v -50.939037 241.412827 -8.108017
v -51.150398 241.277359 -6.645945
v -50.687607 241.153351 -6.705775
v -49.608112 242.380646 -8.147671
v -51.050034 241.209702 -4.940789
v -50.582691 241.082657 -4.923416
v -49.290554 242.140915 -6.492011
v -48.411671 243.524979 -8.123797
v -51.046356 241.432770 -2.939248
v -50.578838 241.315796 -2.831254
v -49.206669 242.111267 -4.650309
v -48.074585 243.290558 -6.332894
v -47.260506 244.679337 -8.064339
v -51.250263 241.730438 -1.056067
v -50.791985 241.626968 -0.862809
v -49.211220 242.302963 -2.619845
v -48.001648 243.304520 -4.460493
v -46.929485 244.483185 -6.224082
v -46.108963 245.835861 -7.995933
v -6.997204 268.016022 -23.678919
v -7.126632 271.273010 -23.427803
v -3.511950 271.272003 -23.304592
v -26.394432 287.176727 -16.872549
v -30.125616 286.277039 -16.443014
v -27.071529 290.371796 -13.930501
v -25.824110 283.757874 -19.125235
v -29.446335 283.190033 -18.532850
v -28.501686 279.250641 -19.829613
v -25.086470 279.482971 -20.419180
v -33.369541 285.264435 -15.964486
v -32.656139 282.445801 -17.897358
v -31.610765 278.907257 -19.218214
v -30.754213 275.626984 -20.109009
v -36.307831 284.262177 -15.577147
v -35.547878 281.713745 -17.455257
v -34.391994 278.481201 -18.693598
v -33.492889 275.481903 -19.555470
v -32.610470 272.496277 -19.961800
v -36.708748 277.881622 -18.198534
v -37.925919 280.822449 -16.807611
v -35.743584 275.167389 -19.042908
v -34.838840 272.427765 -19.561630
v -34.006592 269.687073 -19.274813
v -37.163765 286.763977 -13.325183
v -38.803135 283.274109 -15.227633
v -37.871666 274.730530 -18.774042
v -39.055527 277.413269 -17.857546
v -40.137344 280.028229 -16.438267
v -36.654678 272.159882 -19.105072
v -35.704765 269.781250 -18.824837
v -41.091248 282.365356 -14.747956
v -39.655975 285.619354 -13.113349
v -40.269917 287.329102 -10.947612
v -37.750004 288.700012 -11.004430
v -41.874077 284.376160 -12.940310
v -42.512596 285.899414 -10.940306
v 22.835260 172.473526 -18.643330
v 24.921513 172.617950 -16.600031
v 25.045200 173.820663 -16.731657
v 26.892336 172.697189 -14.153521
v 24.644327 176.938721 -16.736069
v 26.988222 173.892059 -14.210060
v 26.554054 176.889618 -13.954666
v 28.598497 172.720413 -11.624127
v 28.700504 173.892929 -11.597409
v 24.482155 182.157227 -16.574017
v 26.372448 182.125763 -13.857276
v 28.356213 176.778564 -11.111917
v 28.108599 182.197708 -11.058488
v 30.303591 172.740326 -8.945018
v 30.431301 173.908890 -8.888785
v 22.352697 182.259430 -19.034529
v 24.671650 187.580872 -16.250874
v 22.451515 187.860626 -18.728306
v 26.495686 187.385178 -13.495162
v 30.174557 176.825989 -8.322319
v 29.759602 182.173889 -8.122672
v 28.034147 187.402649 -10.602999
v 32.207615 172.740326 -5.842694
v 32.382133 173.947357 -5.804704
v 26.599483 191.781067 -13.184997
v 24.669786 192.080597 -15.844930
v 19.736006 187.967941 -20.688154
v 19.799862 182.306854 -21.034624
v -51.802383 242.410690 0.954971
v -51.369095 242.337997 1.239280
v -49.493427 242.674393 -0.566985
v -48.077419 243.527496 -2.430255
v -46.875538 244.528412 -4.301017
v -45.805889 245.664276 -6.115893
v -44.975533 247.001617 -7.919659
v -52.772366 243.185211 2.904315
v -48.412769 243.950790 -0.358707
v -50.124882 243.388809 1.530777
v -47.010853 244.793884 -2.257509
v -45.788406 245.734970 -4.155385
v -44.699566 246.849976 -6.013636
v -52.383007 243.147552 3.276883
v -51.235268 244.310516 3.302873
v -49.129360 244.632996 1.696579
v -47.410664 245.238998 -0.187388
v -45.987675 246.046524 -2.091498
v -44.724091 246.957596 -4.015646
v -43.791103 248.182663 -7.856714
v -43.522602 248.057861 -5.919952
v -53.821014 244.170334 4.192470
v -53.479141 244.177292 4.623361
v -50.218594 245.618759 3.476577
v -52.447491 245.425446 4.729817
v -48.165634 245.961319 1.860292
v -46.434429 246.537613 -0.015396
v -44.988529 247.327393 -1.934502
v -43.609539 248.215347 -3.882002
v -42.682514 249.512573 -7.776238
v -42.401634 249.378372 -5.834591
v -55.063343 245.299850 5.326306
v -54.777710 245.357986 5.808532
v -49.321133 246.923340 3.589373
v -51.514641 246.682861 4.846303
v -53.826302 246.584076 5.737831
v -47.238457 247.274582 2.019240
v -45.502666 247.867538 0.133966
v -43.946537 248.629181 -1.786916
v -42.492569 249.544724 -3.771921
v -41.477295 250.830048 -7.727060
v -41.210850 250.730194 -5.766311
v -56.240437 246.425781 5.817066
v -56.008102 246.534851 6.321511
v -50.675632 248.046738 4.888070
v -48.422646 248.269623 3.732655
v -52.911400 247.831223 5.834900
v -55.197727 247.745224 6.346776
v -46.334053 248.623718 2.162868
v -44.579556 249.251648 0.256484
v -42.833950 249.960327 -1.645477
v -41.315994 250.921432 -3.675681
v -57.398216 247.756912 6.417388
v -40.187279 252.087936 -7.700698
v -40.010353 252.071609 -5.708088
v -57.570347 247.594894 5.908791
v -52.040253 249.140320 5.888322
v -49.722157 249.347794 5.050220
v -47.523182 249.612793 3.872635
v -54.368866 249.002594 6.418957
v -56.713692 248.948105 6.654576
v -45.394566 249.981903 2.304928
v -43.568359 250.655685 0.379571
v -41.668476 251.362900 -1.533878
v -40.139961 252.321854 -3.591843
v -59.094440 248.985031 6.283896
v -38.981392 253.282578 -7.667459
v -38.901798 253.360016 -5.651935
v -59.193100 248.769821 5.781082
v -48.812881 250.691498 5.199971
v -51.121773 250.487656 5.993732
v -46.570564 250.968445 4.050282
v -44.388000 251.388901 2.437918
v -42.361244 252.029938 0.553655
v -40.535919 252.840149 -1.452693
v -39.066917 253.674820 -3.519145
v -37.982185 254.466095 -7.616651
v -37.936493 254.597321 -5.597329
v -50.200130 251.822083 6.127969
v -47.843586 252.037109 5.414537
v -45.565884 252.389587 4.203094
v -43.281998 252.859268 2.563702
v -41.166260 253.490173 0.677841
v -39.535442 254.278259 -1.391690
v -38.133675 254.940567 -3.455235
v -37.071407 255.496246 -7.566298
v -37.123917 255.687424 -5.539668
v -46.819878 253.466721 5.587197
v -49.223621 253.174896 6.351570
v -44.423389 253.844666 4.380545
v -42.143280 254.392334 2.673444
v -40.152920 254.965576 0.745732
v -38.601723 255.591049 -1.327745
v -37.331478 256.037872 -3.372231
v -36.444679 256.500793 -7.498910
v -36.469158 256.670288 -5.481727
v -45.700459 254.963058 5.746655
v -48.173450 254.584167 6.593956
v -43.260223 255.374374 4.507249
v -41.023544 255.829376 2.788537
v -39.292198 256.371307 0.782323
v -37.779987 256.712677 -1.228967
v -36.717407 257.036682 -3.304869
v -35.923714 257.353027 -7.452616
v -35.985043 257.522186 -5.423396
v -47.030922 256.100006 6.725501
v -44.501179 256.476807 5.939407
v -42.135891 256.839294 4.634956
v -40.061874 257.202942 2.878812
v -38.466320 257.577423 0.864669
v -37.118374 257.704620 -1.138846
v -36.199818 257.870117 -3.220376
v -35.478939 258.030701 -7.395349
v -35.615406 258.199799 -5.364350
v -43.334690 257.923004 6.107543
v -45.834431 257.641724 6.849549
v -41.197109 258.273895 4.708770
v -39.192703 258.424530 2.981042
v -37.768471 258.630859 0.941982
v -36.623447 258.540802 -1.049705
v -35.829227 258.548401 -3.145508
v -35.122746 258.575165 -7.353784
v -35.256538 258.718292 -5.305668
v -42.334732 259.359009 6.167909
v -44.698105 259.118286 7.077151
v -40.256813 259.518341 4.827045
v -38.489716 259.561035 3.030104
v -37.183739 259.468903 1.037923
v -36.174023 259.207123 -0.960181
v -35.499416 259.097839 -3.068734
v -34.879471 259.005920 -7.325956
v -35.014343 259.144714 -5.251725
v -43.590374 260.498505 7.310810
v -41.394249 260.668335 6.239457
v -39.452271 260.641602 4.899158
v -37.902172 260.525391 3.036186
v -36.659389 260.146362 1.146402
v -35.799515 259.768463 -0.871007
v -35.183758 259.552856 -2.985038
v -34.646732 259.350647 -7.318508
v -34.839462 259.492157 -5.182169
v -42.618324 261.840240 7.381701
v -40.558140 261.863220 6.291340
v -38.728882 261.598694 4.950500
v -37.327778 261.313324 3.099737
v -36.198147 260.729736 1.254966
v -35.478699 260.253265 -0.769298
v 19.576181 192.483902 -20.044271
v 22.337402 192.394638 -18.187492
v 31.997402 176.854553 -5.268660
v 31.348129 182.070618 -5.075207
v 29.415581 187.329803 -7.594211
v 28.100742 191.631073 -10.329579
v 16.977308 182.346054 -22.852514
v 16.716614 188.097031 -22.413021
v 16.493864 192.640228 -21.639318
v 19.239223 196.421417 -19.129139
v 13.888397 182.258499 -24.202179
v 30.946850 187.199646 -4.647563
v 32.923828 182.048492 -2.188293
v 29.381479 191.495148 -7.367486
v 30.745974 191.379684 -4.482809
v 13.480826 188.107559 -23.702929
v 13.205778 192.586319 -22.843578
v 10.650181 182.107635 -25.105059
v 12.943224 196.506760 -21.793749
v 16.183191 196.522949 -20.596643
v 32.245193 191.288528 -1.633476
v 32.538662 187.147430 -1.801047
v 30.789875 195.146973 -4.381640
v 32.189922 195.055313 -1.515251
v 10.218292 188.038879 -24.536665
v 9.938084 192.522614 -23.675001
v 9.699354 196.475723 -22.695517
v 9.502647 200.642044 -21.390245
v 12.669317 200.653198 -20.500542
v 32.174351 198.512039 -1.341399
v 9.341702 203.475723 -20.356821
v 9.237091 205.663651 -19.569038
v 12.475962 203.477982 -19.442722
v 15.805473 200.651733 -19.365892
v 9.120196 208.526535 -18.819588
v 12.325169 205.645615 -18.644060
v 15.542352 203.461426 -18.279430
v 18.761353 200.485703 -17.888195
v 12.191325 208.558258 -17.987257
v 15.372839 205.600235 -17.479223
v 18.426243 203.362457 -16.878508
v 21.462214 200.335999 -16.288191
v 21.958733 196.263504 -17.380955
v 24.404079 196.014648 -15.269138
v 26.565565 195.781479 -12.853127
v 28.157438 195.537216 -10.143268
v 27.987822 199.466583 -9.819295
v 29.495884 195.308487 -7.288897
v 29.495371 199.136658 -7.092184
v 29.353092 202.297455 -6.776894
v 30.973600 198.840988 -4.255748
v 30.893028 202.052414 -3.985953
v 29.262775 204.778473 -6.569312
v 30.319357 204.622635 -3.581958
v 27.778547 205.001907 -9.226964
v 32.158077 201.757828 -1.058329
v 31.173529 204.453079 -0.644482
v 30.527540 207.697021 -3.657734
v 29.415598 207.927078 -6.577697
v 31.245705 207.497864 -0.577996
v 27.767134 208.065994 -8.976523
v 25.730507 208.208237 -11.002081
v 27.633554 210.876968 -8.611036
v 29.477097 210.821503 -6.390378
v 25.561441 210.983810 -10.564756
v 23.224304 211.079727 -12.200805
v 31.243170 210.794403 -3.865916
v 31.915766 210.639465 -0.641263
v 27.395084 213.676147 -8.314159
v 29.242184 213.685989 -6.160526
v 25.429993 213.727997 -10.293687
v 23.233669 213.777512 -11.997792
v 20.719257 213.822372 -13.447807
v 31.106804 213.738724 -3.755675
v 32.167065 213.756348 -0.828036
v 25.460993 216.429871 -10.262348
v 27.321920 216.442459 -8.245944
v 23.306677 216.454193 -11.997367
v 20.788462 216.477158 -13.446101
v 28.944044 216.523788 -6.012068
v 30.600321 216.650452 -3.632282
v 31.959465 216.742371 -0.884862
v 18.047117 216.496872 -14.725805
v 25.616983 219.102600 -10.437993
v 27.374046 219.149643 -8.331109
v 23.436882 219.107361 -12.189670
v 20.883976 219.108276 -13.644373
v 28.669224 219.283279 -5.916826
v 31.199062 219.618118 -0.905617
v 30.009958 219.493790 -3.516393
v 27.596115 221.797531 -8.564407
v 25.886379 221.744995 -10.796098
v 23.638262 221.730896 -12.579291
v 18.101524 219.122009 -14.912117
v 21.005878 221.704193 -14.014507
v 28.637533 221.944901 -5.923813
v 29.662661 222.130020 -3.419364
v 30.751198 222.264038 -0.852662
v 29.100225 224.561493 -6.217415
v 27.932238 224.439484 -8.907241
v 26.138109 224.374176 -11.204933
v 23.814688 224.331406 -13.047387
v 29.776215 224.723328 -3.563434
v 18.182365 221.700989 -15.244767
v 15.167317 219.149796 -15.952993
v 21.142763 224.285294 -14.498868
v 29.707397 227.288010 -6.646751
v 28.370043 227.112366 -9.339952
v 26.423851 227.009521 -11.686493
v 24.015507 226.922287 -13.582317
v 30.995707 224.885117 -1.148704
v 30.150253 227.668610 -3.849271
v 31.286652 227.723984 -1.482472
v 28.751133 229.763138 -9.748387
v 30.316355 229.990204 -7.102926
v 15.202312 221.723816 -16.208441
v 18.307991 224.272766 -15.737658
v 21.326401 226.853607 -15.098753
v 26.706596 229.615128 -12.148757
v 24.184406 229.466675 -14.047496
v 30.665792 230.330719 -4.182214
v 31.549307 230.474564 -1.658384
v 29.072382 232.205124 -10.098837
v 26.946463 232.055130 -12.532207
v -34.929478 259.947235 -2.879495
v -34.519226 259.625702 -7.316246
v -34.770969 259.734222 -5.123014
v -41.736908 263.106079 7.329611
v -39.712551 262.842499 6.338010
v -38.043743 262.448975 4.971045
v -36.718857 261.940979 3.225505
v -35.753819 261.223206 1.391963
v -35.148914 260.701691 -0.632959
v -34.898945 260.225983 -2.710660
v -34.897583 259.559784 -5.429024
v -34.857067 260.007507 -3.122385
v -34.700764 259.535980 -7.534261
v -38.943760 263.719940 6.411819
v -40.867908 264.196198 7.322967
v -37.363712 263.208893 5.039429
v -36.144764 262.450043 3.412851
v -35.352833 261.644501 1.578136
v -34.881058 261.071869 -0.426534
v -34.813526 260.910431 -0.667526
v -39.980709 265.150238 7.435245
v -38.154419 264.503479 6.536468
v -36.659512 263.861603 5.207649
v -35.644997 262.865479 3.664795
v -34.996159 262.025879 1.825592
v -34.644772 261.973450 1.784273
v -37.324047 265.245026 6.691948
v -39.131294 266.035431 7.610413
v -35.991970 264.328156 5.530703
v -35.163830 263.171112 3.962842
v -34.688377 263.146545 4.129929
v -35.354549 264.643372 5.977460
v -36.466221 265.905670 6.991777
v -38.181793 266.798523 7.946382
v -34.674629 264.592438 6.371411
v -35.657982 266.295959 7.594524
v -37.197742 267.558807 8.301220
v -39.193760 268.544434 8.701465
v -40.202770 267.619415 8.371183
v -41.157040 266.621674 8.222676
v -34.735680 266.442230 8.406359
v -36.156063 268.224823 8.901873
v -38.132416 269.411591 9.188190
v -41.414173 269.268158 8.886688
v -40.335999 270.355865 9.140984
v -42.414757 268.151428 8.726055
v -43.401878 266.999420 8.578937
v -42.045757 265.542175 8.174544
v -35.087589 268.594208 9.924195
v -36.916817 270.261993 9.739839
v -39.147926 271.409882 9.531733
v -42.709461 270.995239 8.892371
v -43.738758 269.747253 8.541258
v -41.587666 272.231781 9.230899
v -44.698524 268.461212 8.204038
v -44.324726 265.776886 8.354296
v -45.676796 267.116333 7.874006
v -42.976234 264.340912 8.212261
v -35.671841 270.932587 10.650933
v -37.824368 272.451385 9.991627
v -40.313972 273.466766 9.478852
v -44.027122 272.718323 8.463974
v -45.081371 271.315247 8.168292
v -46.093777 269.919495 7.919321
v -42.844238 274.102051 8.771696
v -47.081718 268.501801 7.739160
v -46.664307 265.756042 7.690197
v -45.324360 264.433563 8.015693
v -48.128876 267.064789 7.675422
v -43.920338 263.087891 8.120788
v -36.481880 273.309570 10.652952
v -38.858418 274.700470 9.697163
v -41.527836 275.532867 8.949367
v -47.420677 271.310394 7.202996
v -46.387775 272.813934 7.407131
v -48.458359 269.808380 7.040499
v -49.459648 268.272644 6.871794
v -47.729389 264.297913 7.699593
v -49.216335 265.592102 7.629416
v -46.350609 263.068726 7.730068
v -50.553120 266.748047 6.723196
v -44.981106 261.769867 7.791245
v -37.423565 275.846893 10.615932
v -40.012249 276.944916 9.056201
v -50.727680 269.390656 5.845555
v -49.732037 271.003876 6.018832
v -50.362816 264.066193 7.503945
v -48.864155 262.804291 7.764552
v -47.416737 261.558838 7.681935
v -46.034550 260.336304 7.451645
v -51.685982 265.168854 6.584875
v -51.804905 267.796417 5.717669
v -51.864155 270.371429 4.511713
v -51.552185 262.486145 7.353853
v -50.079449 261.292908 7.631640
v -48.608929 260.044373 7.731728
v -47.199448 258.835663 7.376648
v -52.907688 263.583191 6.465109
v -52.947620 266.176178 5.565432
v -52.961639 268.732025 4.399076
v -52.789272 260.879517 7.180961
v -51.280659 259.695801 7.350771
v -49.835869 258.482239 7.577941
v -48.410713 257.271179 7.331641
v -54.099056 264.512604 5.340629
v -54.088188 261.918732 6.185544
v -54.053772 267.044250 4.229169
v -53.917961 259.290771 6.841804
v -52.431118 258.147980 7.052420
v -50.998405 256.958466 7.271478
v -49.573956 255.760559 7.128616
v -55.176430 265.312164 4.054227
v -55.249817 262.804382 5.074180
v -55.186028 260.290588 5.850943
v -54.969944 257.815552 6.545439
v -53.482563 256.688965 6.705078
v -52.055073 255.524307 6.989533
v -50.634716 254.340775 6.880157
v -54.492420 255.315399 6.486421
v -53.053699 254.157410 6.774841
v -56.400478 261.186737 4.875206
v -56.385521 263.622894 3.908670
v -56.253845 258.805511 5.598658
v -56.005783 256.441284 6.385815
v -55.485794 253.983017 6.410843
v -51.614799 252.982529 6.658901
v -54.012253 252.825409 6.671434
v -57.572880 262.016693 3.779073
v -57.466629 259.687042 4.670599
v -57.312981 257.438477 5.459703
v -57.026382 255.138809 6.323692
v -56.466167 252.717117 6.335517
v -52.548653 251.639679 6.544680
v -54.980404 251.494675 6.641254
v -58.606159 260.484009 3.583454
v -58.507336 258.300842 4.509290
v -58.348705 256.121918 5.349905
v 24.397123 231.927658 -14.536951
v 31.249575 232.826538 -4.549699
v 30.702211 232.436249 -7.513747
v 21.499220 229.377670 -15.664111
v 18.452303 226.829697 -16.318590
v 29.276882 234.519806 -10.448550
v 27.082922 234.419296 -12.888775
v 30.936337 234.754059 -7.898124
v 31.868139 233.142868 -1.858781
v 31.573061 235.197937 -4.925451
v 24.620480 234.326660 -15.023410
v 21.700186 231.842361 -16.248833
v 18.618355 229.340759 -16.948744
v 29.503334 236.937790 -10.817694
v 27.221968 236.885437 -13.283145
v 31.142178 237.194565 -8.293979
v 32.061520 235.681946 -2.131118
v 31.931786 237.656342 -5.407354
v 21.905064 234.270203 -16.813623
v 24.770800 236.803253 -15.495547
v 18.803518 231.799988 -17.551010
v 31.299583 239.832138 -8.690430
v 29.642452 239.641953 -11.255022
v 27.383461 239.537354 -13.726695
v 32.133736 238.216949 -2.444814
v 32.341995 240.251984 -5.780331
v 31.487450 242.659225 -9.076256
v 29.712910 242.456329 -11.743675
v 18.985100 234.239578 -18.109266
v 22.086721 236.740891 -17.327246
v 24.894327 239.437576 -15.978348
v 27.551394 242.324509 -14.232935
v 32.355560 240.854156 -2.760798
v 32.597401 242.993515 -6.163239
v 31.768923 245.447098 -9.499295
v 29.990911 245.295685 -12.293608
v 19.134743 236.756012 -18.582029
v 22.228849 239.359650 -17.778727
v 25.052258 242.209091 -16.493208
v 27.786142 245.151230 -14.851089
v 32.634911 243.561905 -3.125580
v 32.915009 245.717392 -6.565642
v 32.095543 248.214294 -9.878372
v 30.399366 248.076004 -12.822986
v 22.307817 242.149368 -18.329422
v 19.239126 239.395813 -19.109716
v 25.221750 245.068497 -17.114441
v 27.940310 248.087433 -15.509799
v 32.990688 246.259933 -3.552742
v 33.300365 248.377579 -6.980909
v 33.524414 250.888687 -7.391860
v 32.352364 250.901962 -10.353449
v 30.448341 251.008682 -13.376938
v 19.409590 242.120285 -19.712397
v 22.454315 245.016632 -18.938742
v 25.196701 248.104797 -17.823431
v 28.093920 251.184738 -16.135788
v 33.498306 248.844940 -4.027879
v 34.122864 251.134171 -4.420759
v 34.289845 253.130539 -4.947783
v 33.815536 253.068573 -7.985904
v 32.737400 253.349747 -11.005633
v 30.832506 253.858536 -13.928762
v 22.433804 248.061417 -19.699539
v 19.506388 245.029587 -20.258137
v 25.271120 251.293533 -18.369291
v 28.458513 254.471909 -16.805222
v 34.451607 255.048843 -5.715382
v 33.940228 255.189545 -8.561574
v 32.966209 255.813370 -11.426391
v 31.584431 256.651489 -14.426950
v 19.579201 248.022537 -20.834654
v 22.513432 251.264786 -20.340857
v 25.560385 254.563416 -19.322819
v 25.900480 258.041290 -20.273581
v 29.312042 258.298889 -17.629013
v 34.618900 257.083191 -6.391661
v 34.201607 257.295380 -9.008054
v 33.239990 258.095703 -11.572453
v 22.602465 254.604156 -21.065302
v 19.504938 251.327286 -21.526701
v 32.127522 259.342621 -14.047971
v 31.370096 260.970917 -16.350214
v 28.807741 262.183594 -19.866928
v 25.862061 261.528351 -21.292204
v 22.646315 258.024139 -21.665844
v 19.618399 254.599884 -22.142384
v 34.456959 258.750854 -7.007784
v 34.022095 259.022552 -9.413421
v 33.407337 259.746002 -11.781606
v 32.956001 260.924530 -13.974851
v 31.005686 263.742371 -18.331369
v 32.742393 262.838623 -15.438740
v 28.734409 265.775604 -20.423267
v 26.035479 265.032227 -21.724159
v 22.831272 261.292755 -22.553139
v 34.557339 259.884186 -7.325470
v 34.134232 260.240692 -9.603799
v 33.818417 260.930084 -11.823650
v 33.557308 261.972992 -13.868375
v 31.420523 266.596100 -19.266518
v 32.997932 265.139648 -17.112547
v 33.619804 263.423798 -15.573991
v 26.354136 268.720612 -21.550524
v 29.142256 269.168182 -20.621969
v 33.362095 267.159454 -18.538033
v 31.907850 269.492096 -19.645285
v 34.089531 265.385956 -16.814243
v 26.806889 272.133698 -21.354151
v 29.920675 272.394867 -20.532261
v 34.919811 267.523499 -17.968309
v 34.017097 269.731232 -19.125160
v 32.610466 272.496277 -19.961800
v 24.254635 275.572449 -21.442747
v 27.494698 275.553314 -20.721264
v 30.754208 275.626953 -20.109005
v 35.779217 269.721893 -18.803802
v 34.807816 272.430145 -19.366611
v 33.492886 275.481842 -19.555468
v 31.610758 278.907257 -19.218214
v 36.787308 272.109772 -19.087332
v 35.765011 275.161804 -19.038759
v 34.391987 278.481201 -18.693598
v 32.621029 282.414581 -17.606531
v 37.933201 274.713287 -18.768255
v 36.707985 277.935425 -18.184717
v 35.447487 281.662170 -17.103792
v 39.082726 277.443146 -17.844416
v 37.893898 280.936554 -16.769936
v 36.188950 284.272217 -15.250284
v 38.730808 283.451782 -15.156870
v 40.126312 280.106140 -16.412802
v 41.031376 282.493652 -14.708316
v 39.511398 285.803772 -13.043595
v 41.775059 284.525909 -12.894192
v 42.400639 286.037476 -10.891602
v 42.868870 287.117737 -8.512647
v 43.112591 287.912292 -5.824078
v 40.783581 289.598480 -5.618903
v -58.028950 253.850677 6.229062
v -57.453789 251.437576 6.630367
v -58.968586 252.689270 6.176449
v -53.487968 250.317947 6.465773
v -55.851013 250.226120 6.587421
v -59.331554 254.888275 5.228588
v -59.522121 256.987122 4.335368
v -59.601849 259.064331 3.384996
v -58.302902 250.250458 6.608952
v -59.925503 251.522247 6.098076
v -60.310326 253.665802 5.140843
v -60.490776 255.703491 4.207210
v -60.588547 257.723907 3.227678
v -60.801933 250.434189 5.730148
v -61.289074 252.545166 5.018014
v -61.456970 254.541855 4.096406
v -61.560104 256.482758 3.110973
v -60.436806 259.609528 1.991729
v -61.443977 258.302216 1.897575
v -60.826633 250.156250 5.251317
v -62.344505 251.465683 4.844630
v -62.423874 253.396042 3.971840
v -62.499603 255.283295 3.038594
v -62.433281 257.057220 1.845046
v -61.045971 259.992096 0.365879
v -62.045124 258.670807 0.302931
v -62.302532 251.144257 4.408806
v -63.452141 252.385818 3.777118
v -63.377644 254.117706 2.913315
v -63.316555 255.853409 1.796466
v -62.989487 257.420563 0.256085
v -61.254211 260.104889 -1.588540
v -62.217880 258.766388 -1.639034
v -63.362041 252.023300 3.382883
v -64.289276 253.043381 2.753906
v -64.088287 254.627472 1.767779
v -63.841488 256.180695 0.258926
v -64.590034 254.965149 0.358040
v -63.152824 257.506622 -1.661344
v -62.221252 258.766663 -3.557840
v -61.301918 260.120087 -3.530239
v -64.162903 252.652374 2.403992
v -64.737160 253.396011 1.784729
v -65.277748 253.651321 0.303135
v -64.841232 255.087296 -1.612547
v -64.031731 256.282013 -1.659958
v -64.591400 252.989761 1.476794
v -64.010536 256.277618 -3.581103
v -63.310032 257.603699 -3.577648
v -62.108257 258.670624 -5.551738
v -61.213543 260.029358 -5.549889
v -64.766304 255.048553 -3.543706
v -65.111641 253.231369 0.041452
v -65.666435 253.933517 -1.569988
v -65.604401 253.998627 -3.483495
v -62.962673 257.366760 -5.560510
v -63.841763 256.161957 -5.569715
v -65.480499 253.503922 -1.736167
v -60.927532 259.756195 -7.346844
v -61.800373 258.396027 -7.302675
v -62.653965 257.110260 -7.264561
v -65.452438 253.959641 -5.632894
v -64.585869 254.935760 -5.647171
v -65.422272 253.565033 -3.565111
v -63.493122 255.883026 -7.252772
v -61.418285 258.095428 -9.094887
v -62.281059 256.834045 -9.028559
v -63.125195 255.614349 -8.978025
v -64.317276 254.690384 -7.225334
v -65.228455 253.734543 -7.181701
v -65.276665 253.527832 -5.605213
v -62.705433 255.296204 -10.452615
v -61.836472 256.486176 -10.554487
v -63.945545 254.396133 -9.004787
v -63.564987 254.100403 -10.369251
v -64.840935 253.243347 -8.931263
v -65.061401 253.313614 -7.101254
v -64.372040 252.892059 -10.305307
v -61.883896 254.685516 -11.581469
v -62.815712 253.529251 -11.410009
v -63.850941 252.489349 -11.246235
v -64.692604 252.842209 -8.764182
v -64.242096 252.507599 -10.089566
v -63.743576 252.122345 -10.989738
v -62.025051 252.931198 -12.535293
v -63.092339 251.849762 -12.357460
v -63.017811 251.510422 -12.052827
v -62.230263 251.137375 -13.204561
v -61.030430 254.060699 -12.729301
v -61.052639 252.201309 -13.408336
v -60.967278 255.843765 -11.748279
v -62.193073 250.828918 -12.863238
v -61.151390 250.001007 -13.658834
v -61.141396 250.271988 -14.036182
v -60.064678 255.169479 -12.923093
v -59.985901 253.294220 -13.604719
v -59.945198 251.360779 -14.158746
v -60.958954 257.712738 -10.691162
v -60.045437 257.008148 -11.928074
v -60.062031 249.192032 -14.244126
v -60.002731 249.426376 -14.647972
v -59.089680 256.265686 -13.125985
v -58.976799 254.370056 -13.825808
v -58.834595 252.439072 -14.335208
v -58.738071 250.448044 -14.680063
v -58.797222 248.395035 -14.892268
v -60.072807 259.007996 -10.854261
v -60.544548 259.435577 -9.191692
v -59.097569 258.239166 -12.149739
v -58.908737 248.205353 -14.477842
v -58.073826 257.419128 -13.357794
v -57.970627 255.412476 -14.063738
v -57.791019 253.488785 -14.568101
v -57.580311 251.499344 -14.841364
v -57.424511 249.386734 -14.890574
v -57.103245 246.970795 -14.798867
v -59.140060 260.357269 -11.047882
v -59.699207 260.868469 -9.328032
v -60.105572 261.239532 -7.429168
v -58.130947 259.514954 -12.398521
v -57.288139 246.842819 -14.388487
v -56.925423 256.521942 -14.331813
v -57.048435 258.624207 -13.636214
v -56.767132 254.485992 -14.828183
v -56.507450 252.529831 -15.059471
v -56.246044 250.446869 -15.037500
v -55.984749 248.162384 -14.813830
v -58.128792 261.763855 -11.241249
v -58.691040 262.332275 -9.447565
v -59.063667 262.694611 -7.480034
v -60.343006 261.502167 -5.560890
v -57.057899 260.843506 -12.631511
v -55.700943 255.559296 -15.116116
v -55.895359 257.685699 -14.674603
v -56.000092 259.918091 -13.954075
v -55.471912 253.490692 -15.316278
v -55.149544 251.476395 -15.244156
v -54.858387 249.284882 -14.939149
v -56.909592 263.195312 -11.376496
v -57.568863 263.857178 -9.564809
v -57.948246 264.266968 -7.555659
v 43.037724 288.153412 -3.006662
v 38.279438 291.104187 -5.406276
v 40.704346 289.796600 -2.795402
v 42.765053 287.937469 -0.246054
v 35.399288 292.408539 -5.207789
v 38.171482 291.240723 -2.562842
v 40.415600 289.544708 -0.100402
v 42.248886 287.050659 2.136550
v 35.230129 292.475891 -2.357461
v 37.830280 290.954498 0.081911
v 39.951294 288.670502 2.264529
v 34.876190 292.205688 0.229024
v 37.415325 290.133209 2.420478
v 39.474827 287.525513 4.283600
v 36.982498 288.908997 4.436386
v 41.679741 285.915527 4.126528
v 34.478874 291.374817 2.480340
v 34.116924 290.126373 4.514482
v 38.984379 286.179260 5.942622
v 36.575958 287.406219 6.160190
v 33.853867 288.548157 6.328851
v 41.097645 284.715942 5.767867
v 30.950277 289.386383 6.475742
v 38.388008 284.475861 7.530549
v 36.046978 285.504578 7.835203
v 33.420120 286.469574 8.068211
v 30.607134 287.277557 8.325539
v 40.422062 283.168640 7.331461
v 37.679955 282.318512 8.999348
v 32.904171 284.097961 9.754763
v 35.416286 283.198517 9.321825
v 27.435717 287.946838 8.794572
v 30.137051 284.872620 10.249413
v 32.322533 281.408875 11.421352
v 39.565342 281.047302 8.663535
v 36.743244 279.633270 10.181894
v 34.675346 280.556641 10.777122
v 27.041721 285.475800 10.822954
v 29.625488 282.156799 12.155282
v 33.752037 277.551758 12.089366
v 31.576002 278.344147 13.073948
v 35.617733 276.761719 11.232273
v 38.563908 278.551270 9.895931
v 26.587511 282.699677 12.956235
v 29.005610 279.009857 14.055782
v 32.988277 274.411102 12.990700
v 34.669659 273.893127 11.758618
v 30.904205 275.016296 14.488603
v 36.430050 273.331055 10.645050
v 37.433460 275.883881 10.615827
v 26.041422 279.514771 15.098243
v 28.488522 275.620422 15.917292
v 32.552773 271.090332 13.685412
v 34.213306 271.022797 11.970634
v 35.674290 270.932953 10.649405
v 30.441504 271.439667 15.731594
v 25.613060 276.148041 17.159670
v 28.082653 271.969910 17.466850
v 29.942413 267.704102 16.488520
v 32.105923 266.948853 13.423373
v 33.827259 268.063110 11.279249
v 35.096714 268.590057 9.925901
v 25.207581 272.505737 18.871761
v 27.550016 268.330902 18.597073
v 30.855272 263.433197 14.346908
v 32.695683 264.231781 10.368934
v 34.763073 266.439026 8.411168
v 24.707973 268.937836 20.301064
v 21.988461 272.902588 20.211510
v 18.559025 273.281769 21.249599
v 21.512564 269.448456 21.787827
v 15.265156 273.622253 21.861437
v 18.128332 269.820282 22.862417
v 14.828674 270.106140 23.512602
v 11.652999 273.898071 22.188568
v 17.682917 266.633606 24.116432
v 11.309180 270.355438 23.903822
v 14.317750 266.920776 24.801435
v 8.360328 273.986542 22.254272
v 17.165205 263.722351 25.014486
v 8.084760 270.410828 23.925560
v 10.985767 267.114258 25.215441
v 13.805706 264.036102 25.694559
v 5.185880 274.004578 22.107075
v 16.877714 260.821777 25.666485
v 7.831486 267.115692 25.280859
v 5.049517 270.358612 23.772264
v 10.548582 264.231506 26.115637
v 13.554088 261.132019 26.373358
v 2.254950 270.329224 23.583788
v 2.297294 273.911621 21.902122
v -59.422729 263.053558 -5.584633
v -60.382671 261.555237 -3.501808
v -55.907883 262.268433 -12.856108
v -54.834385 261.299133 -14.251144
v -54.810902 258.921387 -15.047247
v -56.341221 265.441101 -9.688715
v -55.724068 264.772400 -11.568914
v -54.700874 263.803619 -13.120814
v -58.242825 264.608551 -5.603300
v -56.871014 265.979370 -7.675808
v -59.428230 263.118683 -3.481918
v -60.294617 261.532623 -1.532276
v -54.556381 266.364441 -11.779388
v -55.215355 267.070160 -9.837539
v -53.610901 260.232727 -15.344834
v -53.581100 262.747437 -14.492019
v -53.448322 265.306274 -13.324574
v -57.146069 266.334167 -5.655167
v -58.361752 264.763489 -3.479133
v -55.745956 267.644409 -7.780446
v -59.299709 263.072662 -1.476100
v -60.071758 261.417572 0.461671
v -52.333511 266.870697 -13.601502
v -53.415028 267.928589 -11.970826
v -54.154182 268.728668 -9.998771
v -52.313198 264.235962 -14.772051
v -52.331127 261.671173 -15.670565
v -56.165394 268.124481 -5.724361
v -57.212151 266.478516 -3.486892
v -58.223011 264.751678 -1.430543
v -54.721260 269.373688 -7.896320
v -59.083958 262.988495 0.560653
v -51.153046 265.730804 -15.050785
v -51.197491 268.392334 -13.789290
v -52.337917 269.523010 -12.131443
v -53.054886 270.361542 -10.096238
v -51.096069 263.112885 -15.999388
v -55.191078 269.883362 -5.785601
v -56.160770 268.250488 -3.494279
v -57.139595 266.534027 -1.390502
v -57.960510 264.636139 0.633429
v -53.668083 271.048889 -7.977739
v -49.964417 267.205902 -15.177993
v -49.863811 264.540497 -16.213007
v -48.831184 268.659882 -15.299613
v -50.077251 269.910248 -13.913645
v -51.323978 271.147186 -12.311507
v -52.153198 272.101044 -10.258178
v -54.123283 271.608185 -5.826901
v -55.221096 270.060638 -3.502222
v -56.013664 268.257843 -1.361297
v -56.812160 266.382965 0.708413
v -52.727486 272.809662 -8.086006
v -47.565998 267.340088 -16.485363
v -48.664566 265.924530 -16.328590
v -47.775345 270.185699 -15.452624
v -46.510136 268.754120 -16.677691
v -49.032185 271.560120 -14.054823
v -50.212494 272.865723 -12.406567
v -51.118290 273.897705 -10.381476
v -53.158489 273.341492 -5.870367
v -54.188377 271.833984 -3.509909
v -54.980057 270.047211 -1.327724
v -55.641888 268.091370 0.758946
v -51.797295 274.714752 -8.193233
v -46.738209 271.736450 -15.637372
v -45.495609 270.193359 -16.925911
v -47.975452 273.266479 -14.184635
v -49.114525 274.633331 -12.503942
v -50.050205 275.806061 -10.468257
v -52.161968 275.216125 -5.910717
v -53.216698 273.586334 -3.513220
v -53.908394 271.803894 -1.303808
v -54.556465 269.835510 0.812212
v -50.717049 276.609985 -8.262591
v -45.686108 273.374420 -15.821706
v -44.444183 271.621155 -17.158800
v -46.885166 275.008148 -14.355503
v -47.962059 276.493256 -12.591514
v -48.837914 277.691620 -10.525834
v -51.120171 277.160431 -5.941094
v -52.168205 275.373657 -3.514776
v -52.891308 273.482849 -1.274695
v -53.450893 271.540863 0.854696
v -49.613438 278.686096 -8.339078
v -43.338615 273.100525 -17.373669
v -44.561298 275.028351 -16.061098
v -45.729275 276.854004 -14.549036
v -46.748684 278.445404 -12.738591
v -47.580738 279.733459 -10.607018
v -49.966816 279.237000 -5.963524
v -51.098213 277.339905 -3.509949
v -51.870590 275.307068 -1.241627
v -52.448406 273.257538 0.917256
v -48.305218 280.811066 -8.391634
v -43.281166 276.714203 -16.221048
v -42.110439 274.575562 -17.544802
v -44.435131 278.721405 -14.755731
v -45.433155 280.482330 -12.906103
v -46.168636 281.871826 -10.708082
v -48.697247 281.475220 -5.981185
v -49.940151 279.450592 -3.495883
v -50.800896 277.240448 -1.204565
v -51.418217 275.023560 0.983624
v -46.826153 283.005524 -8.429781
v -40.731998 276.048523 -17.775911
v -41.826885 278.403931 -16.386225
v -42.906879 280.615997 -14.860113
v -43.765099 282.496063 -12.937016
v -44.401882 283.983032 -10.700425
v -47.183174 283.742584 -5.973689
v -48.668495 281.713928 -3.462454
v -49.656902 279.331390 -1.151019
v -50.359180 276.936310 1.045314
v -44.941849 285.158020 -8.397096
v -39.055527 277.413269 -17.857546
v -40.137344 280.028229 -16.438267
v -41.091248 282.365356 -14.747956
v -41.874077 284.376160 -12.940310
v -42.512596 285.899414 -10.940306
v -45.264179 285.948029 -5.924185
v -47.152679 284.034393 -3.400533
v -48.370033 281.543274 -1.065923
v -49.197796 278.949554 1.129276
v -42.990746 286.985809 -8.565253
v -43.233528 287.792511 -5.877382
v -45.237083 286.208130 -3.293591
v -46.822685 283.821930 -0.941441
v -47.902542 281.072937 1.247048
v -43.170704 288.040558 -3.054132
v -44.876469 285.927917 -0.793754
v -46.305210 283.180511 1.376969
v -47.162670 280.171387 3.282623
v -45.594219 282.163208 3.410108
v -48.470005 278.169434 3.143667
v -42.930515 287.801392 -0.277155
v -44.344482 285.174835 1.518376
v -43.680462 284.081726 3.504286
v -46.335556 279.025238 5.232323
v -44.831303 280.915833 5.371003
v -43.025936 282.758514 5.430646
v -42.407982 286.911682 2.143660
v -41.813919 285.745850 4.181717
v 4.909361 267.108032 25.125877
v 7.503902 264.295166 26.185520
v 10.350556 261.330688 26.779953
v 0.000168 270.358429 23.349579
v 0.001198 273.907593 21.746223
v -2.294919 273.902039 21.881470
v -0.000104 266.945740 24.946829
v 2.255697 267.080170 25.002935
v 4.707709 264.272308 26.082670
v 7.345304 261.449768 26.882839
v 10.024096 258.200989 27.293032
v -2.254722 270.329224 23.583780
v 2.192121 264.340179 25.973900
v 2.178578 261.501465 26.752325
v 4.621776 261.444611 26.831844
v 7.089343 258.255157 27.415762
v 4.468491 258.300262 27.408144
v 9.552084 255.202377 27.622837
v 6.501708 255.391678 27.731909
v -0.002820 264.321014 25.902618
v -0.003014 261.660400 26.668066
v -0.002523 258.073120 27.375711
v 2.097840 258.154999 27.391031
v 4.215381 255.766602 27.678028
v 8.930483 252.346024 27.835962
v 5.643185 252.821289 27.931309
v 2.187716 254.177399 27.789368
v -0.000859 254.342880 27.770210
v -2.182700 261.503754 26.762100
v -2.195952 264.342468 25.979624
v -2.100502 258.155365 27.394148
v 5.239505 250.100510 28.171879
v 2.331138 250.651947 28.199230
v -0.001147 250.943283 28.162413
v -2.176943 254.162048 27.787188
v -2.265202 267.134918 25.004581
v -4.712278 264.274445 26.088820
v -4.471435 258.300140 27.408012
v -4.626795 261.444824 26.834200
v -4.218838 255.756851 27.683838
v -4.909572 267.108582 25.126835
v 2.386340 247.841446 28.375006
v 0.007407 248.246338 28.324261
v -2.332164 250.643768 28.153708
v -5.613182 252.809219 27.912457
v -6.501027 255.383224 27.731081
v -7.092116 258.255096 27.415733
v -7.349707 261.448364 26.879448
v 0.010504 243.927551 28.710167
v -2.387843 247.834396 28.296549
v -5.241717 250.087280 28.087416
v -8.889184 252.332535 27.820641
v -8.345993 249.661362 27.935684
v -9.544293 255.196106 27.621189
v -10.026859 258.200439 27.290031
v -5.141521 247.238983 28.213314
v -2.532551 243.666229 28.655972
v -11.991835 252.083252 27.401314
v -11.370274 249.383163 27.439861
v -12.671959 255.034775 27.232378
v -8.064799 246.695633 28.020117
v -10.987208 246.335938 27.507500
v -5.217781 243.260071 28.525637
v -7.974471 242.910477 28.257547
v -15.143617 251.947845 26.665977
v -14.461370 249.146622 26.698265
v -13.968193 246.059219 26.630592
v -10.813683 242.645584 27.707191
v -5.222590 239.766052 28.582497
v -7.925986 239.561981 28.251431
v -16.997482 245.755341 25.414989
v -17.573601 248.914688 25.560307
v -13.755595 242.405411 26.781548
v -10.729277 239.374954 27.679157
v -5.203987 236.481339 28.729753
v -7.877617 236.411072 28.398361
v -13.626235 239.195953 26.771868
v -16.719648 242.176727 25.538202
v -10.652368 236.318466 27.815840
v -19.946079 245.461655 23.850460
v -19.586996 241.956146 23.990807
v -19.395887 238.846558 24.087364
v -16.537327 239.020676 25.551847
v -16.329504 236.081650 25.655552
v -13.502747 236.205795 26.896975
v -21.988720 238.661133 22.249178
v -22.242302 241.727585 22.139814
v -19.227556 235.943222 24.382801
v -21.735363 235.803101 22.478289
v -22.663172 245.178177 21.902693
v -20.585375 248.651779 23.890299
v -23.324070 248.424728 21.807280
v -21.331842 251.547012 23.707529
v -18.301889 251.771591 25.440462
v -24.039530 251.367157 21.517645
v -19.036913 254.638214 25.242964
v -22.054295 254.387024 23.488274
v -15.865878 254.841003 26.518097
v -24.782761 254.125763 21.299208
v -16.453402 257.846863 26.145073
v -19.681946 257.539398 24.879597
v -22.785501 257.135132 23.108118
v -13.191285 258.077240 26.900991
v -26.964664 253.939529 18.804909
v -25.557384 256.736176 20.889973
v -13.559214 261.129364 26.368540
v -16.876352 260.816345 25.641521
v -20.186779 260.414124 24.451180
v -23.352575 259.903320 22.711788
v -10.355499 261.330200 26.784712
v -27.730293 256.407562 18.364208
v -28.543095 253.727188 16.312798
v -26.187416 259.335632 20.499678
v -10.553632 264.237946 26.141039
v -13.814599 264.039429 25.714052
v -17.186310 263.688446 25.002399
v -47.597290 277.149384 5.050920
v -49.628017 276.288147 3.037481
v -45.281731 277.583862 6.750748
v -43.852787 279.341003 6.906866
v -42.172718 281.098785 6.955458
v -41.210564 284.485474 5.864817
v -40.483704 282.985046 7.383678
v -46.516106 275.851044 6.527554
v -48.750038 275.383301 4.902409
v -50.692039 274.483154 2.936741
v -44.108383 275.934113 7.928485
v -42.731182 277.520752 8.114964
v -41.144081 279.124634 8.183572
v -39.585960 280.908478 8.702950
v -45.294598 274.341614 7.660013
v -47.629486 274.182739 6.335671
v -49.808521 273.674438 4.770127
v -38.586937 278.450592 9.909550
v -48.690544 272.591736 6.170663
v -50.822948 271.992523 4.631438
v -51.676445 272.703339 2.826785
v -52.718254 271.043671 2.737071
v -53.806499 269.385834 2.658540
v -54.915493 267.662231 2.561245
v -56.084194 265.950043 2.475391
v -57.302376 264.251221 2.387917
v -58.479362 262.626190 2.294913
v -59.466320 261.064575 2.135577
v -55.937660 245.454269 -14.086164
v -55.691631 245.519394 -14.482857
v -54.542988 244.228439 -13.384430
v -54.586727 246.881012 -14.410531
v -54.233807 244.238022 -13.749350
v -53.253929 245.664246 -13.630440
v -53.304157 243.237686 -12.252786
v -53.493496 248.064331 -14.508582
v -52.177505 246.886902 -13.738635
v -52.938869 243.202423 -12.566470
v -52.036346 244.601837 -12.537862
v -50.970234 245.789490 -12.657871
v -52.401077 249.139130 -14.687795
v -53.774105 250.330887 -15.129869
v -51.075840 247.981323 -13.897606
v -51.950909 242.308701 -11.016970
v -50.978359 243.605896 -11.228301
v -49.892483 244.808838 -11.350621
v -48.783752 245.953049 -11.417210
v -49.839581 246.910187 -12.782189
v -52.715168 251.307434 -15.338425
v -51.310356 250.156387 -14.871350
v -54.114517 252.425262 -15.474712
v -49.953449 249.033340 -14.049629
v -49.035320 244.044571 -9.823095
v -50.192039 242.899078 -9.782094
v -48.685696 247.978592 -12.889139
v -47.600620 247.045456 -11.474549
v -47.885204 245.185349 -9.832360
v -52.988827 253.463058 -15.682637
v -51.577976 252.362061 -15.501677
v -50.174927 251.232590 -15.000993
v -54.379238 254.532303 -15.560078
v -48.797642 250.113525 -14.154893
v -47.496128 249.052750 -12.983942
v -48.411671 243.524979 -8.123797
v -49.608112 242.380646 -8.147671
v -46.401596 248.140213 -11.503779
v -46.704876 246.307648 -9.826606
v -47.260506 244.679337 -8.064339
v -53.247898 255.610153 -15.872381
v -51.848801 254.531952 -15.950129
v -50.438690 253.407196 -15.749815
v -48.978508 252.262131 -15.245224
v -54.637154 256.668793 -15.483188
v -47.562309 251.143555 -14.411205
v -46.202209 250.071884 -13.145331
v -45.547256 247.446579 -9.793037
v -45.154190 249.215057 -11.573580
v -46.108963 245.835861 -7.995933
v -53.493900 257.861847 -15.848031
v -52.105419 256.743561 -16.207762
v -50.681232 255.626282 -16.298351
v -49.176239 254.508835 -16.140093
v -47.641315 253.249481 -15.854993
v -46.269394 252.245850 -14.595038
v -44.984818 251.265762 -13.184813
v -44.975533 247.001617 -7.919659
v -44.336121 248.600113 -9.771351
v -43.989037 250.491989 -11.514161
v -52.316189 259.127716 -16.191906
v -50.855961 258.000244 -16.649313
v -49.372776 256.835449 -16.739922
v -47.883057 255.671204 -16.453154
v -46.296463 254.495529 -15.975202
v -45.019924 253.505737 -14.629992
v -43.758812 252.558609 -13.176577
v -43.791103 248.182663 -7.856714
v -43.234337 249.912354 -9.695198
v -42.788792 251.797058 -11.489890
v -51.020496 260.540100 -16.626055
v -49.550591 259.320953 -17.015619
v -48.023335 258.119781 -16.933836
v -46.520184 256.964417 -16.579762
v -44.984184 255.699295 -16.118359
v -43.730164 254.784805 -14.718315
v -42.459522 253.818787 -13.208388
v -42.682514 249.512573 -7.776238
v -42.027679 251.221069 -9.665044
v -41.531605 253.043243 -11.535241
v -49.717354 261.905884 -16.888031
v -48.204399 260.636230 -17.147045
v -46.694618 259.380249 -17.086708
v -45.188778 258.146606 -16.741083
v -43.708046 256.959503 -16.216879
v -42.406181 255.934082 -14.799150
v -41.240044 254.961502 -13.313005
v -41.477295 250.830048 -7.727060
v -40.712429 252.439804 -9.686877
v -40.209740 254.152023 -11.592605
v -48.465759 263.263702 -17.019180
v -46.946606 261.902100 -17.314735
v -20.536987 263.251923 23.870424
v -23.734592 262.693146 22.216454
v -7.507257 264.299103 26.199215
v -7.831850 267.113373 25.274260
v -10.986912 267.119843 25.229668
v -14.321251 266.927460 24.819260
v -17.704632 266.614014 24.138432
v -21.046173 266.198944 23.004765
v -8.084476 270.410858 23.925598
v -5.049282 270.358612 23.772247
v -11.308921 270.355530 23.903793
v -14.828374 270.106262 23.512651
v -18.138786 269.794617 22.862471
v -5.182901 274.016724 22.102425
v -8.356183 273.983765 22.247854
v -11.647279 273.889130 22.171261
v -15.263887 273.628418 21.871008
v 33.783386 172.731796 -2.710716
v 33.984913 173.958084 -2.683225
v 33.513920 176.894104 -2.260932
v 31.428740 171.060150 19.578718
v 28.039181 171.284103 22.738884
v 27.948221 170.247269 22.583040
v 24.180197 170.469101 24.930008
v 23.824968 173.887146 24.945400
v 27.482025 174.458252 22.779318
v 24.065168 169.448395 24.761303
v 26.615593 178.953064 22.904528
v 20.365810 173.441208 26.500383
v 20.571594 169.912354 26.344969
v 23.170135 178.356018 25.003206
v 19.861818 177.902451 26.515486
v 20.452715 168.913361 26.133976
v 22.889582 182.463211 24.760614
v 19.745220 181.965775 26.290236
v 17.075687 173.075638 27.703430
v 16.726343 177.496735 27.705515
v 17.188330 169.498062 27.466110
v 16.689455 181.533173 27.439005
v 17.081968 168.515900 27.223211
v 19.456438 186.630081 26.049465
v 16.509289 186.217224 27.144667
v 14.016874 172.736557 28.727705
v 13.747093 177.146484 28.685877
v 13.739614 181.197815 28.438272
v 14.096828 169.072205 28.477509
v 13.622790 185.917587 28.092764
v 14.006188 168.097321 28.218519
v 16.355473 190.733429 26.810114
v 13.553442 190.428421 27.799992
v 11.086565 172.439056 29.481089
v 10.886003 176.828705 29.513105
v 10.899004 180.886887 29.342691
v 10.802889 185.626678 28.941652
v 11.124076 168.752747 29.222822
v 10.790314 190.144562 28.711979
v 11.052984 167.791046 28.967890
v 16.236641 194.108612 26.823414
v 13.465079 193.769150 27.682205
v 10.745199 193.468201 28.511637
v 8.185637 172.148773 29.984911
v 8.041706 176.464706 29.998768
v 8.094913 180.543594 29.933559
v 8.052428 185.341400 29.631540
v 8.064346 189.897980 29.403322
v 8.224441 168.493607 29.828461
v 8.058097 193.212570 29.165981
v 8.182619 167.552032 29.603254
v 13.412235 197.768097 27.829998
v 10.706030 197.513000 28.556618
v 8.045007 197.294815 29.131479
v 5.307316 176.129425 30.350910
v 5.375312 180.200089 30.294024
v 5.386871 185.083694 30.074102
v 5.410063 189.712814 29.832392
v 5.420569 193.046753 29.556597
v 5.444167 197.145660 29.508751
v 10.660740 201.470078 28.589430
v 8.022305 201.323532 29.168167
v 5.457569 201.217438 29.540968
v 2.762360 179.971710 30.535784
v 2.790504 184.904221 30.325659
v 2.811728 189.597061 30.071945
v 2.830513 192.966537 29.775446
v 2.873488 197.049942 29.708723
v 2.905410 201.138550 29.718367
v 5.427486 205.074173 29.457958
v 7.958248 205.151291 29.076691
v 2.896580 205.016693 29.625431
v 0.201160 184.819931 30.393673
v 0.223092 189.581696 30.170769
v 0.256424 192.964630 29.879822
v 0.294559 197.016953 29.767925
v 0.306459 201.103241 29.718914
v 0.275975 204.979736 29.595276
v 5.394372 208.706284 29.321674
v 2.884042 208.675964 29.504148
v 0.243062 208.646027 29.458584
v -2.436430 184.862198 30.347662
v -2.389667 189.622910 30.125040
v -2.320802 193.001816 29.805258
v -2.268494 197.055542 29.654253
v -2.271151 201.136871 29.564043
v -2.327538 205.001495 29.411842
v -45.433094 260.566498 -17.290586
v -43.960258 259.306641 -16.905851
v -42.518337 258.095245 -16.065712
v -41.302090 257.066864 -14.830038
v -40.082664 256.088165 -13.280490
v -40.187279 252.087936 -7.700698
v -39.455936 253.558456 -9.714885
v -39.106846 255.232346 -11.612601
v -47.281635 264.582306 -17.167587
v -45.801064 263.160675 -17.549593
v -44.302429 261.723389 -17.556107
v -42.775063 260.345978 -17.060623
v -41.449154 259.165985 -16.091686
v -40.190392 258.066986 -14.823296
v -39.032742 257.033264 -13.338790
v -38.981392 253.282578 -7.667459
v -38.383018 254.667297 -9.692306
v -38.099869 256.183685 -11.622156
v -46.181412 265.886230 -17.375668
v -44.748936 264.387482 -17.848597
v -43.199585 262.828339 -17.757658
v -41.738216 261.411835 -17.109163
v -40.409550 260.128937 -16.116879
v -39.219620 258.963654 -14.904758
v -38.089657 257.899567 -13.360784
v -45.154003 267.222076 -17.665325
v -43.655132 265.563690 -18.081507
v -37.982185 254.466095 -7.616651
v -37.423115 255.644058 -9.671313
v -37.241905 257.079834 -11.597845
v -42.175293 263.937927 -17.839886
v -40.758999 262.415253 -17.172033
v -39.440079 261.015106 -16.205885
v -38.261425 259.767639 -14.944679
v -37.276787 258.698853 -13.403421
v -41.159584 264.944733 -17.948488
v -42.635582 266.699432 -18.208864
v -39.784832 263.304474 -17.299473
v -38.529922 261.806213 -16.321903
v -37.071407 255.496246 -7.566298
v -36.677570 256.600220 -9.613088
v -36.490231 257.894287 -11.569083
v -37.420040 260.478333 -15.020413
v -36.524315 259.380402 -13.408148
v -38.834190 264.144135 -17.466366
v -40.195385 265.925873 -18.113951
v -37.638386 262.538910 -16.445290
v -36.668488 261.154877 -15.075406
v -36.444679 256.500793 -7.498910
v -36.042782 257.442993 -9.547343
v -35.872147 258.583740 -11.533621
v -35.851009 260.007782 -13.415253
v -35.875065 261.786896 -15.151005
v -36.774216 263.259003 -16.574644
v -37.903713 264.964844 -17.676043
v -35.923714 257.353027 -7.452616
v -35.547615 258.140686 -9.499055
v -35.345139 259.187683 -11.512428
v -35.256279 260.604401 -13.435686
v -35.166382 262.425232 -15.239262
v -34.648129 261.155121 -13.501569
v -35.919617 263.974457 -16.725342
v -35.478939 258.030701 -7.395349
v -35.057735 258.717346 -9.462395
v -34.848312 259.727661 -11.514556
v -34.476490 260.235474 -11.549945
v -34.370541 263.020355 -15.373964
v -34.147827 261.672272 -13.611776
v -34.064976 260.678833 -11.631238
v -35.122746 258.575165 -7.353784
v -34.733898 259.205536 -9.456293
v -34.439297 259.620667 -9.478036
v -34.217052 259.968231 -9.534355
v -33.950680 260.587677 -11.632566
v -33.636707 261.659058 -13.777955
v -34.879471 259.005920 -7.325956
v -34.519226 259.625702 -7.316246
v -34.646732 259.350647 -7.318508
v -34.700764 259.535980 -7.534261
v -34.360493 259.884491 -9.553312
v -33.687244 263.167664 -15.814386
v -34.106888 265.196960 -17.395868
v -35.031528 264.685120 -16.881102
v -35.941090 266.589935 -18.128992
v -36.957443 265.770233 -17.916410
v -34.880241 267.429108 -18.590748
v -37.029911 268.754761 -18.864588
v -38.166103 267.826355 -18.602577
v -39.163872 266.857819 -18.366026
v -35.704765 269.781250 -18.824837
v -38.242886 271.114166 -19.003380
v -39.453568 270.026001 -18.744808
v -40.535187 268.901001 -18.561348
v -41.594891 267.798096 -18.355911
v -36.654678 272.159882 -19.105072
v -39.516010 273.573914 -18.692675
v -40.815857 272.315125 -18.429064
v -41.977005 271.025085 -18.256243
v -43.072376 269.754822 -18.085562
v -44.127880 268.497162 -17.906227
v -37.871666 274.730530 -18.774042
v -51.758369 241.810760 -9.609759
v -50.939037 241.412827 -8.108017
v -51.390942 241.525574 -7.987448
v -51.323078 241.710892 -9.803779
v -52.358974 242.382675 -10.770401
v -16.914648 182.340897 -22.229584
v -19.345419 188.053253 -20.328623
v -16.428192 188.019989 -21.623537
v -18.926065 192.437653 -19.622841
v -16.042656 192.409546 -20.884890
v -18.541759 196.348236 -18.765007
v -15.693414 196.315857 -19.968498
v -18.163725 200.435349 -17.600723
v -15.384319 200.461945 -18.889278
v -15.117813 203.322281 -17.955147
v -17.882687 203.336426 -16.657127
v -14.925132 205.476700 -17.336432
v -17.679281 205.499893 -16.039660
v -14.706909 208.327866 -16.676592
v -17.501040 208.379425 -15.506314
v -14.630410 211.003006 -16.209784
v -17.416374 211.055038 -15.082614
v -2.387483 208.650467 29.289392
v -5.137752 185.083923 30.114441
v -5.035120 189.751175 29.807173
v -4.919408 193.098663 29.495401
v -4.823496 197.159180 29.371414
v -4.799783 201.216797 29.289793
v -4.836632 205.055542 29.132710
v -4.891744 208.670502 29.054010
v -7.887077 185.347336 29.655569
v -7.716542 189.919525 29.261986
v -7.561542 193.250244 29.029371
v -7.425234 197.307358 28.998802
v -7.355234 201.325745 28.895218
v -7.354095 205.137772 28.718710
v -7.402018 208.712555 28.703171
v -10.648087 185.594208 28.946241
v -10.420321 190.134644 28.538578
v -10.255654 193.462326 28.468784
v -10.098145 197.500076 28.486118
v -10.002618 201.469742 28.348953
v -10.006171 205.264221 28.253410
v -10.069900 208.806213 28.302309
v -13.372700 185.909760 28.128208
v -13.122823 190.424973 27.761017
v -12.977854 193.750778 27.779514
v -12.830462 197.750427 27.806444
v -12.765037 201.656281 27.756491
v -12.807644 205.436279 27.793217
v -12.890189 208.949219 27.822065
v -16.093033 186.331818 27.215057
v -15.840638 190.837082 26.873825
v -15.744371 194.144623 26.946199
v -15.641219 198.074081 26.990150
v -15.637156 201.887726 27.092230
v -15.684527 205.654587 27.071289
v -15.594685 209.098724 26.631935
v -18.918715 186.840637 26.110708
v -18.664179 191.352463 25.802195
v -18.632841 194.621735 25.964876
v -18.573608 198.461136 26.059954
v -18.517920 202.176483 26.027821
v -18.335867 205.887665 25.563635
v -18.065773 209.222961 24.952618
v -21.993269 187.414932 24.667231
v -21.708998 191.907166 24.497166
v -21.639385 195.138138 24.694305
v -21.455227 198.888672 24.596870
v -21.256634 202.495010 24.397120
v -20.825867 206.098099 23.731524
v -20.771685 209.418320 23.529863
v -25.337572 187.994720 22.782688
v -24.872168 192.410263 22.702759
v -24.423534 195.631699 22.482965
v -24.322035 199.316971 22.587200
v -23.969034 202.789276 22.369562
v -23.596138 206.341339 21.964987
v -23.681425 209.635773 21.795368
v -28.404995 188.525223 20.122036
v -27.713606 192.819412 20.083460
v -27.302292 196.069748 20.067402
v -27.127375 199.657227 20.087759
v -26.785934 203.002655 19.880991
v -26.390690 206.478439 19.494007
v -26.524960 209.733994 19.251621
v -31.055656 189.174072 17.082335
v -30.449057 193.310150 17.218077
v -30.027283 196.428909 17.265898
v -29.854057 200.050232 17.312796
v -29.658487 203.157150 16.921837
v -29.524302 206.571533 16.415071
v -29.524548 209.780350 15.979522
v -32.834236 189.981827 13.574615
v -32.477535 194.015594 13.633991
v -32.180416 197.259552 13.652876
v -31.978611 200.690994 13.616029
v -31.871893 203.774002 13.410648
v -31.426062 206.894958 12.828142
v -33.778606 190.853378 9.992854
v -33.569195 194.870071 9.977821
v -33.011780 198.152451 9.880605
v -33.215157 201.535736 9.948460
v -32.700569 204.345139 9.850910
v -31.265184 209.881104 12.507599
v -32.149303 207.353455 9.686504
v -34.084915 191.510666 6.484019
v -33.541504 195.357315 6.469010
v -33.620152 198.825165 6.515057
v -33.438938 202.115051 6.559963
v -32.651756 204.575882 6.637779
v -31.631090 210.168335 9.704473
v -32.607883 207.663651 6.751021
v -33.758259 191.884689 3.094127
v -33.714275 195.767181 3.141412
v -33.850933 199.394409 3.295596
v -32.912411 202.366028 3.497671
v -32.817688 204.741272 3.641250
v -33.537422 192.200897 -0.308537
v -33.522610 196.133453 -0.198954
v -33.615154 199.800323 0.045153
v -31.852392 210.467178 6.946252
v -31.812998 210.666748 3.990204
v -32.414940 207.823074 3.777204
v -32.412979 204.863022 0.708961
v -32.648647 202.614502 0.453001
v -32.773193 192.492279 -3.548582
v -32.667664 196.425354 -3.358270
v -32.343895 202.833298 -2.651216
v -32.810528 200.028885 -3.134836
v -32.145313 205.035675 -2.343085
v -32.331631 207.973557 0.840395
v -31.777897 210.793640 1.042610
v -31.234335 213.430099 7.098961
v -31.290823 213.550781 4.093684
v -31.812326 208.067703 -2.205663
v -31.549479 210.941498 -2.125555
v -31.857126 213.692688 1.079291
v -14.615794 213.678772 -15.925127
v -17.411156 213.694061 -14.901597
v -14.646893 216.348038 -15.881373
v -17.444139 216.336456 -14.948174
v -17.515049 218.983475 -15.162141
v -17.618996 221.617950 -15.520237
v -17.767382 224.233231 -16.000231
v 60.801952 250.434189 5.730140
v 60.826645 250.156204 5.251308
v 58.302914 250.250427 6.608943
v 62.344524 251.465683 4.844622
v 59.925518 251.522247 6.098068
v 61.289074 252.545166 5.018006
v 62.302547 251.144257 4.408798
v 55.851032 250.226089 6.587413
v 57.453808 251.437576 6.630360
v 63.452152 252.385818 3.777109
v 62.423882 253.396042 3.971831
v 60.310337 253.665802 5.140835
v 58.968609 252.689270 6.176441
v 61.456985 254.541824 4.096398
v 63.362049 252.023300 3.382874
v 54.980423 251.494675 6.641246
v 53.487988 250.317917 6.465764
v 56.466179 252.717117 6.335509
v 64.289291 253.043381 2.753897
v 63.377655 254.117706 2.913306
v 62.499603 255.283295 3.038585
v 59.331570 254.888290 5.228580
v 60.490780 255.703476 4.207201
v 58.028957 253.850677 6.229053
v 61.560112 256.482758 3.110965
v 64.162910 252.652374 2.403983
v 52.548672 251.639679 6.544672
v 54.012264 252.825409 6.671426
v 64.737183 253.396011 1.784721
v 64.088303 254.627472 1.767771
v 63.316566 255.853409 1.796458
v 62.433285 257.057190 1.845038
v 64.591408 252.989746 1.476787
v 65.277756 253.651321 0.303128
v 64.590042 254.965149 0.358032
v 62.989494 257.420593 0.256077
v 63.841488 256.180695 0.258919
v 64.841232 255.087296 -1.612554
v 65.111656 253.231384 0.041446
v 65.666443 253.933517 -1.569996
v 63.152836 257.506622 -1.661351
v 64.031738 256.282013 -1.659965
v 65.604408 253.998611 -3.483504
v 64.766304 255.048553 -3.543715
v 65.480499 253.503922 -1.736175
v 64.010544 256.277618 -3.581110
v 63.310043 257.603699 -3.577655
v 65.452438 253.959625 -5.632901
v 65.422272 253.565048 -3.565119
v 64.585861 254.935760 -5.647179
v 63.841770 256.161957 -5.569722
v 62.962685 257.366791 -5.560516
v 65.228455 253.734543 -7.181707
v 65.276665 253.527832 -5.605220
v 63.493118 255.883057 -7.252779
v 64.317291 254.690399 -7.225340
v 62.653973 257.110260 -7.264567
v 61.800373 258.395996 -7.302681
v 63.125195 255.614349 -8.978032
v 62.281059 256.834045 -9.028566
v 65.061401 253.313583 -7.101263
v 64.840927 253.243317 -8.931270
v 63.945549 254.396149 -9.004794
v 61.418289 258.095490 -9.094893
v 63.564987 254.100403 -10.369260
v 62.705444 255.296204 -10.452622
v 64.372047 252.892044 -10.305314
v 64.692612 252.842178 -8.764188
v 64.242096 252.507614 -10.089571
v 60.544559 259.435577 -9.191699
v 62.815708 253.529266 -11.410015
v 63.850952 252.489349 -11.246243
v 63.743568 252.122345 -10.989742
v 59.699207 260.868469 -9.328039
v 60.072811 259.007965 -10.854268
v 63.092331 251.849762 -12.357466
v 58.691025 262.332275 -9.447571
v 59.140060 260.357269 -11.047890
v 59.097569 258.239166 -12.149745
v 57.568851 263.857208 -9.564816
v 58.128796 261.763855 -11.241256
v 58.130939 259.514954 -12.398529
v 58.073826 257.419098 -13.357800
v 56.909592 263.195312 -11.376503
v 57.057896 260.843475 -12.631516
v 57.048435 258.624207 -13.636221
v 55.907883 262.268433 -12.856115
v 55.724045 264.772369 -11.568923
v 56.000072 259.918091 -13.954081
v 54.700863 263.803589 -13.120822
v 54.834373 261.299133 -14.251150
v 41.157032 266.621643 8.222675
v 43.401863 266.999420 8.578934
v 42.045742 265.542145 8.174541
v 44.324722 265.776855 8.354292
v 45.676781 267.116302 7.874003
v 42.976219 264.340881 8.212257
v 46.664295 265.755981 7.690192
v 45.324333 264.433563 8.015687
v 48.128860 267.064789 7.675418
v 43.920326 263.087860 8.120783
v 47.729378 264.297882 7.699588
v -31.631802 216.604950 4.047438
v -30.915722 216.553513 7.060581
v -31.486668 213.884735 -2.168530
v -31.841864 216.791443 1.022948
v -31.233665 219.630341 6.963565
v -31.569094 219.646057 3.851871
v -30.575497 216.497971 9.982514
v -30.310299 219.648880 9.887375
v -30.553101 216.847549 -2.059932
v -30.831259 219.540909 1.146179
v -31.317261 222.545197 6.844279
v -31.001011 222.400543 3.807932
v -31.025585 222.188660 1.080569
v -29.821198 216.465912 12.651536
v -30.023170 219.449738 -2.080908
v -30.403315 221.958374 -2.143171
v -31.177650 225.173218 3.857401
v -31.535135 224.898392 1.010666
v -31.052809 224.867493 -2.083401
v -32.148388 227.722000 0.913933
v -31.275177 227.617905 -2.204019
v -31.702785 230.409744 -2.310724
v -29.167528 213.158554 15.658718
v -32.244244 233.099854 -2.420365
v -30.320221 213.149307 12.378958
v -30.968266 213.231735 9.833480
v 16.525818 251.289444 -22.192261
v 16.534601 248.074799 -21.627285
v 13.335206 248.223160 -21.881016
v 16.407801 245.115051 -20.973200
v 13.228804 245.241852 -21.270134
v 9.987237 245.410828 -21.317974
v 13.115732 242.355682 -20.682035
v 16.320751 242.192902 -20.420317
v 9.896690 242.527588 -20.755711
v 6.672756 242.647873 -20.714500
v 13.002158 239.566284 -20.144295
v 9.809231 239.730286 -20.239578
v 16.184877 239.430450 -19.874466
v 6.609352 239.869904 -20.248331
v 12.892539 236.852051 -19.655430
v 9.729132 237.005722 -19.765200
v 6.553678 237.137482 -19.802380
v 16.037874 236.787476 -19.326294
v 6.495915 234.550812 -19.381069
v 9.644578 234.440125 -19.307331
v 15.887521 234.273972 -18.795822
v 12.771186 234.329254 -19.156799
v 6.431255 232.011581 -18.984650
v 9.558147 231.928787 -18.850084
v 12.641647 231.846893 -18.645853
v 15.715537 231.805557 -18.254856
v 6.368566 229.496033 -18.616375
v 9.485828 229.438354 -18.413445
v 15.542867 229.343689 -17.710949
v 12.528993 229.376083 -18.142805
v 15.389757 226.848465 -17.158813
v 12.428952 226.879852 -17.648878
v 9.413198 226.910614 -17.995043
v 6.302152 226.927673 -18.242661
v 12.345308 224.333603 -17.206892
v 9.332558 224.342743 -17.625114
v 15.276608 224.294388 -16.609751
v 12.276871 221.742889 -16.862595
v 34.557339 259.884186 -7.325470
v 34.736099 259.900787 -4.941252
v 34.456959 258.750854 -7.007784
v 34.661697 258.879730 -4.517499
v 34.914543 260.296539 -2.406353
v 34.618900 257.083191 -6.391661
v 34.796478 257.352539 -3.778598
v 34.735447 259.360596 -1.907817
v 34.663731 261.157288 0.093795
v 34.451607 255.048843 -5.715382
v 34.567505 255.410736 -2.956536
v 34.731262 257.975555 -1.167683
v 34.483040 260.274536 0.561370
v 34.527897 262.169708 2.310758
v 34.289845 253.130539 -4.947783
v 34.187351 253.552902 -2.114891
v 34.320545 256.089203 -0.340946
v 34.280369 258.907562 1.234199
v 34.031933 261.393280 2.691218
v 34.122864 251.134171 -4.420759
v 34.003750 254.158554 0.459521
v 33.813351 251.569443 -1.666004
v 33.823135 256.980774 2.024785
v 33.666111 260.023926 3.331965
v 33.823929 262.614380 4.718792
v 33.324097 261.189240 5.422181
v 34.617313 263.298096 4.385226
v 33.177113 258.065430 4.186947
v 33.417736 255.015671 2.835072
v 33.573750 252.121185 0.996854
v 33.498306 248.844940 -4.027879
v 33.272289 249.317032 -1.203980
v 33.778030 263.903564 6.946217
v 33.040371 262.460785 7.734403
v 32.715321 259.230438 6.389622
v 32.727741 256.057312 5.069240
v 32.966927 252.929504 3.518019
v 33.188110 249.822342 1.585327
v 34.662666 264.663361 6.447858
v 33.754864 265.619629 9.329702
v 32.990688 246.259933 -3.552742
v 32.944859 246.763229 -0.642479
v 32.213276 260.468475 8.789972
v 32.244743 257.192139 7.311577
v 32.454372 253.896561 5.892243
v 49.216324 265.592102 7.629410
v 46.350601 263.068726 7.730062
v 44.981098 261.769867 7.791240
v 50.362808 264.066132 7.503938
v 48.864155 262.804260 7.764546
v 47.416737 261.558838 7.681930
v 46.034546 260.336304 7.451641
v 51.552185 262.486145 7.353847
v 50.079441 261.292908 7.631633
v 48.608925 260.044373 7.731720
v 47.199448 258.835632 7.376641
v 52.789276 260.879486 7.180954
v 51.280666 259.695801 7.350763
v 49.835873 258.482239 7.577934
v 48.410717 257.271149 7.331634
v 53.917973 259.290741 6.841795
v 52.431126 258.147980 7.052413
v 50.998428 256.958466 7.271471
v 49.573963 255.760559 7.128609
v 54.969952 257.815552 6.545432
v 53.482567 256.688965 6.705071
v 52.055088 255.524292 6.989526
v 54.492435 255.315399 6.486413
v 50.634735 254.340775 6.880147
v 53.053711 254.157394 6.774834
v 56.005806 256.441284 6.385807
v 55.485794 253.983002 6.410835
v 51.614807 252.982529 6.658894
v 57.026390 255.138809 6.323685
vt 0.652344 0.312500
vt 0.644043 0.315430
vt 0.649902 0.302734
vt 0.658691 0.300293
vt 0.657227 0.290527
vt 0.666992 0.288086
vt 0.656250 0.280273
vt 0.666504 0.277832
vt 0.676270 0.286133
vt 0.640625 0.305176
vt 0.636230 0.318848
vt 0.647461 0.292480
vt 0.676270 0.276367
vt 0.633789 0.353516
vt 0.619141 0.346191
vt 0.628906 0.343750
vt 0.625000 0.334961
vt 0.637207 0.340332
vt 0.666504 0.268066
vt 0.655762 0.270020
vt 0.645996 0.282227
vt 0.645508 0.271484
vt 0.637695 0.294434
vt 0.655762 0.260254
vt 0.676270 0.265137
vt 0.666504 0.258301
vt 0.635742 0.284180
vt 0.634766 0.272949
vt 0.645020 0.261719
vt 0.655273 0.251465
vt 0.676270 0.255859
vt 0.666016 0.249512
vt 0.625977 0.286133
vt 0.624023 0.274414
vt 0.623535 0.264648
vt 0.633789 0.263184
vt 0.644531 0.252930
vt 0.654785 0.242188
vt 0.665527 0.240723
vt 0.676270 0.248535
vt 0.613770 0.266113
vt 0.614746 0.276367
vt 0.623535 0.255371
vt 0.633789 0.253906
vt 0.633789 0.244629
vt 0.643555 0.243652
vt 0.654297 0.231445
vt 0.643555 0.232422
vt 0.665527 0.229004
vt 0.676270 0.239258
vt 0.623535 0.245605
vt 0.612793 0.256348
vt 0.633301 0.233398
vt 0.644043 0.221680
vt 0.665527 0.219238
vt 0.654297 0.220703
vt 0.676270 0.218262
vt 0.676270 0.227539
vt 0.622559 0.233887
vt 0.612793 0.246582
vt 0.632324 0.222656
vt 0.654785 0.211426
vt 0.632812 0.212402
vt 0.643555 0.211914
vt 0.676270 0.209961
vt 0.666016 0.210449
vt 0.622559 0.222656
vt 0.612305 0.234863
vt 0.665527 0.200684
vt 0.654297 0.202148
vt 0.642578 0.202637
vt 0.631836 0.203125
vt 0.622070 0.212402
vt 0.611816 0.223145
vt 0.676270 0.199707
vt 0.665527 0.190918
vt 0.676270 0.190918
vt 0.653809 0.192383
vt 0.642090 0.192871
vt 0.622070 0.203613
vt 0.631836 0.193848
vt 0.611816 0.212891
vt 0.676270 0.180664
vt 0.665039 0.181641
vt 0.653320 0.182129
vt 0.642090 0.183105
vt 0.611328 0.204102
vt 0.621582 0.194336
vt 0.631348 0.184082
vt 0.676758 0.172363
vt 0.665039 0.172363
vt 0.642578 0.173828
vt 0.653809 0.172852
vt 0.631836 0.174316
vt 0.620117 0.184082
vt 0.609863 0.194336
vt 0.654785 0.163574
vt 0.665039 0.163574
vt 0.643555 0.164062
vt 0.631836 0.164062
vt 0.619141 0.174316
vt 0.608398 0.184082
vt 0.676758 0.163086
vt 0.655273 0.152832
vt 0.666016 0.152344
vt 0.607422 0.173828
vt 0.596680 0.184082
vt 0.597656 0.194336
vt 0.676758 0.152344
vt 0.596191 0.174316
vt 0.585938 0.184082
vt 0.585938 0.194336
vt 0.575684 0.193848
vt 0.575195 0.204102
vt 0.585938 0.204102
vt 0.598633 0.204102
vt 0.565430 0.203613
vt 0.565918 0.213867
vt 0.575684 0.214355
vt 0.586914 0.213867
vt 0.599609 0.213867
vt 0.556152 0.213867
vt 0.557129 0.225098
vt 0.567383 0.224609
vt 0.577637 0.225098
vt 0.588379 0.225098
vt 0.600586 0.224121
vt 0.546387 0.224609
vt 0.546875 0.236816
vt 0.557617 0.236816
vt 0.568359 0.236816
vt 0.578613 0.236816
vt 0.589844 0.236328
vt 0.601562 0.235840
vt 0.536621 0.236816
vt 0.547363 0.250977
vt 0.537109 0.250977
vt 0.558105 0.250488
vt 0.568848 0.250000
vt 0.579590 0.249512
vt 0.590820 0.249023
vt 0.547363 0.261719
vt 0.558105 0.260742
vt 0.601562 0.248047
vt 0.569336 0.260254
vt 0.580078 0.259766
vt 0.591309 0.258789
vt 0.602051 0.257812
vt 0.547852 0.271484
vt 0.558594 0.270996
vt 0.569824 0.270020
vt 0.581055 0.269043
vt 0.592285 0.268066
vt 0.603027 0.267090
vt 0.570312 0.280762
vt 0.559082 0.281738
vt 0.676758 0.057617
vt 0.676758 0.061523
vt 0.666504 0.057617
vt 0.666504 0.061035
vt 0.676758 0.068848
vt 0.657227 0.057617
vt 0.666016 0.069336
vt 0.656250 0.061035
vt 0.645508 0.057617
vt 0.666016 0.084961
vt 0.676758 0.084961
vt 0.655273 0.069824
vt 0.655762 0.084961
vt 0.645020 0.069824
vt 0.645508 0.061035
vt 0.645508 0.084961
vt 0.633789 0.057617
vt 0.633789 0.060547
vt 0.676758 0.100098
vt 0.655762 0.099609
vt 0.666016 0.100098
vt 0.645508 0.099609
vt 0.633789 0.069824
vt 0.634277 0.084473
vt 0.634277 0.098633
vt 0.622070 0.057617
vt 0.622559 0.060547
vt 0.656250 0.112305
vt 0.645508 0.111816
vt 0.666504 0.112793
vt 0.634766 0.111328
vt 0.676758 0.112793
vt 0.622070 0.069824
vt 0.622559 0.083984
vt 0.622559 0.097656
vt 0.623047 0.110352
vt 0.611328 0.060547
vt 0.610840 0.057617
vt 0.656250 0.123535
vt 0.645508 0.123535
vt 0.634277 0.123535
vt 0.666504 0.124023
vt 0.623047 0.123047
vt 0.676758 0.124512
vt 0.610840 0.069336
vt 0.610352 0.083496
vt 0.610840 0.096191
vt 0.611816 0.109375
vt 0.611816 0.122070
vt 0.599121 0.060547
vt 0.655762 0.133789
vt 0.645020 0.133301
vt 0.633789 0.133301
vt 0.666504 0.134277
vt 0.622070 0.132812
vt 0.676758 0.135254
vt 0.598633 0.068848
vt 0.598145 0.082520
vt 0.598633 0.094727
vt 0.599609 0.107910
vt 0.600098 0.121582
vt 0.610352 0.132812
vt 0.655762 0.143555
vt 0.644531 0.143066
vt 0.632812 0.143555
vt 0.666504 0.144531
vt 0.621094 0.143555
vt 0.676758 0.145020
vt 0.585938 0.107422
vt 0.585449 0.093750
vt 0.586426 0.120605
vt 0.598633 0.132324
vt 0.586426 0.131348
vt 0.608887 0.143555
vt 0.644043 0.152832
vt 0.631836 0.152832
vt 0.620117 0.153320
vt 0.573730 0.106934
vt 0.574219 0.120117
vt 0.574707 0.130371
vt 0.585938 0.142578
vt 0.597656 0.143066
vt 0.575195 0.141602
vt 0.607910 0.153320
vt 0.619629 0.164062
vt 0.563965 0.119629
vt 0.563965 0.129395
vt 0.564453 0.141113
vt 0.585938 0.152832
vt 0.575195 0.152344
vt 0.596680 0.153320
vt 0.564453 0.151855
vt 0.596191 0.164062
vt 0.607422 0.164062
vt 0.585938 0.164062
vt 0.575684 0.163574
vt 0.564941 0.163086
vt 0.554199 0.140137
vt 0.554688 0.151367
vt 0.555176 0.162598
vt 0.585938 0.173828
vt 0.575684 0.173340
vt 0.565430 0.173340
vt 0.555176 0.172852
vt 0.544922 0.151367
vt 0.545410 0.162598
vt 0.545410 0.172852
vt 0.575684 0.184082
vt 0.565430 0.183594
vt 0.555664 0.183594
vt 0.545410 0.183594
vt 0.536133 0.172852
vt 0.536133 0.162109
vt 0.536133 0.183105
vt 0.565430 0.193848
vt 0.555664 0.193848
vt 0.545410 0.193359
vt 0.536133 0.193359
vt 0.526855 0.172852
vt 0.526855 0.183105
vt 0.526855 0.193359
vt 0.555664 0.203613
vt 0.545410 0.203613
vt 0.535645 0.203613
vt 0.526367 0.203613
vt 0.518066 0.193359
vt 0.518066 0.183105
vt 0.545898 0.213867
vt 0.535645 0.213867
vt 0.526367 0.213379
vt 0.517578 0.213379
vt 0.517578 0.203613
vt 0.509766 0.183594
vt 0.509277 0.193359
vt 0.536133 0.224609
vt 0.526855 0.224121
vt 0.517578 0.224121
vt 0.509277 0.203613
vt 0.508789 0.213379
vt 0.500488 0.183594
vt 0.582031 0.279785
vt 0.593262 0.278320
vt 0.604004 0.277344
vt 0.571289 0.292969
vt 0.559570 0.293945
vt 0.583008 0.291992
vt 0.594727 0.290527
vt 0.605469 0.289551
vt 0.561035 0.304688
vt 0.572754 0.303711
vt 0.584473 0.302734
vt 0.595703 0.302246
vt 0.606934 0.301758
vt 0.616211 0.288086
vt 0.574707 0.313477
vt 0.562988 0.313965
vt 0.586426 0.312988
vt 0.598145 0.312500
vt 0.617676 0.300781
vt 0.609375 0.312500
vt 0.628418 0.297852
vt 0.565430 0.324219
vt 0.577148 0.323242
vt 0.588867 0.322266
vt 0.600098 0.321777
vt 0.631836 0.308594
vt 0.621094 0.313477
vt 0.609863 0.320801
vt 0.617188 0.320801
vt 0.628418 0.322266
vt 0.567383 0.333984
vt 0.579590 0.332520
vt 0.591309 0.331055
vt 0.602539 0.329590
vt 0.612793 0.328613
vt 0.621582 0.326172
vt 0.633301 0.331543
vt 0.640625 0.328125
vt 0.569336 0.343262
vt 0.581543 0.341797
vt 0.593750 0.339844
vt 0.605469 0.338867
vt 0.616211 0.336914
vt 0.570801 0.352539
vt 0.583008 0.351074
vt 0.595703 0.349121
vt 0.607910 0.347656
vt 0.572754 0.362793
vt 0.585449 0.360840
vt 0.598145 0.358887
vt 0.610840 0.359375
vt 0.527344 0.250977
vt 0.537109 0.261719
vt 0.537109 0.271973
vt 0.527344 0.262207
vt 0.518066 0.262695
vt 0.517578 0.250977
vt 0.527344 0.272949
vt 0.547852 0.282227
vt 0.537109 0.283203
vt 0.518066 0.273438
vt 0.508789 0.262695
vt 0.527344 0.284180
vt 0.508789 0.250488
vt 0.548340 0.294922
vt 0.537598 0.295898
vt 0.508789 0.274414
vt 0.517578 0.285156
vt 0.500000 0.262207
vt 0.527344 0.296875
vt 0.500000 0.250000
vt 0.539062 0.306152
vt 0.549805 0.305664
vt 0.528320 0.307129
vt 0.517578 0.298828
vt 0.508789 0.286621
vt 0.500000 0.274414
vt 0.490967 0.250488
vt 0.490967 0.274414
vt 0.490967 0.262695
vt 0.540527 0.315430
vt 0.551758 0.314941
vt 0.482178 0.250977
vt 0.542969 0.325195
vt 0.553711 0.324707
vt 0.544922 0.335938
vt 0.556152 0.334961
vt 0.333252 0.057617
vt 0.323242 0.061035
vt 0.323242 0.057617
vt 0.333740 0.061035
vt 0.343750 0.061035
vt 0.343018 0.057617
vt 0.333984 0.068848
vt 0.344482 0.069824
vt 0.323242 0.068359
vt 0.355225 0.069336
vt 0.354736 0.060547
vt 0.354248 0.057617
vt 0.333496 0.084961
vt 0.344238 0.085449
vt 0.354980 0.084961
vt 0.323242 0.084473
vt 0.366211 0.069336
vt 0.365967 0.083984
vt 0.366211 0.060547
vt 0.366211 0.057617
vt 0.344238 0.100098
vt 0.333496 0.100098
vt 0.355225 0.099609
vt 0.366211 0.098145
vt 0.323242 0.100586
vt 0.377686 0.069336
vt 0.377686 0.083008
vt 0.377686 0.096680
vt 0.377686 0.060547
vt 0.377930 0.057617
vt 0.389404 0.068848
vt 0.389648 0.082520
vt 0.389893 0.095703
vt 0.388916 0.060547
vt 0.389404 0.057617
vt 0.400879 0.060059
vt 0.402100 0.068848
vt 0.403320 0.094727
vt 0.403320 0.082520
vt 0.400635 0.057617
vt 0.416992 0.060059
vt 0.416992 0.069336
vt 0.416992 0.094727
vt 0.417480 0.082031
vt 0.417725 0.057617
vt 0.431396 0.060059
vt 0.430420 0.069336
vt 0.429443 0.094238
vt 0.430420 0.082031
vt 0.441406 0.069336
vt 0.432373 0.057617
vt 0.442383 0.060059
vt 0.440186 0.093750
vt 0.441162 0.082031
vt 0.451172 0.069824
vt 0.442871 0.057617
vt 0.452637 0.060059
vt 0.449707 0.093262
vt 0.450684 0.082031
vt 0.460205 0.069824
vt 0.459473 0.082031
vt 0.500488 0.193359
vt 0.500488 0.203613
vt 0.526855 0.236328
vt 0.517578 0.236328
vt 0.508789 0.224609
vt 0.500000 0.213379
vt 0.491699 0.183594
vt 0.491455 0.193848
vt 0.491455 0.213379
vt 0.491455 0.203613
vt 0.508789 0.236328
vt 0.500000 0.224609
vt 0.491211 0.224609
vt 0.482910 0.213379
vt 0.482666 0.224121
vt 0.482910 0.203613
vt 0.483398 0.183594
vt 0.482910 0.193848
vt 0.500000 0.235840
vt 0.491211 0.236328
vt 0.474365 0.203613
vt 0.474121 0.213379
vt 0.474609 0.193848
vt 0.474609 0.183594
vt 0.482178 0.236328
vt 0.473633 0.224121
vt 0.464844 0.204102
vt 0.465088 0.193848
vt 0.464600 0.213867
vt 0.465820 0.183594
vt 0.473145 0.236328
vt 0.464111 0.224609
vt 0.455078 0.204102
vt 0.455322 0.194336
vt 0.455811 0.184082
vt 0.454834 0.213867
vt 0.463623 0.236816
vt 0.472900 0.250977
vt 0.454102 0.225098
vt 0.445312 0.204102
vt 0.445557 0.194336
vt 0.446045 0.184082
vt 0.444580 0.214355
vt 0.453369 0.236816
vt 0.463135 0.250977
vt 0.443848 0.225098
vt 0.435303 0.204590
vt 0.435547 0.194336
vt 0.436035 0.184082
vt 0.434570 0.214355
vt 0.443115 0.236816
vt 0.452881 0.250977
vt 0.433594 0.225098
vt 0.424316 0.204590
vt 0.424561 0.194824
vt 0.425537 0.184082
vt 0.423584 0.214355
vt 0.432617 0.236816
vt 0.442627 0.250488
vt 0.422852 0.225098
vt 0.411865 0.204590
vt 0.412354 0.194824
vt 0.413574 0.184082
vt 0.411133 0.214355
vt 0.421875 0.236816
vt 0.431885 0.250000
vt 0.411621 0.225098
vt 0.399170 0.204590
vt 0.399658 0.194824
vt 0.400635 0.183594
vt 0.399414 0.214355
vt 0.399902 0.224121
vt 0.410645 0.236328
vt 0.420898 0.250000
vt 0.387939 0.213867
vt 0.387207 0.204102
vt 0.386963 0.193848
vt 0.388428 0.223633
vt 0.399658 0.235840
vt 0.388428 0.234375
vt 0.399658 0.248047
vt 0.410400 0.249512
vt 0.388672 0.246582
vt 0.376709 0.213379
vt 0.377197 0.223145
vt 0.375977 0.203613
vt 0.377197 0.233887
vt 0.377197 0.245605
vt 0.399170 0.258301
vt 0.409668 0.258789
vt 0.376953 0.255371
vt 0.388184 0.256836
vt 0.365967 0.212891
vt 0.365967 0.223145
vt 0.365967 0.233887
vt 0.366455 0.244629
vt 0.365967 0.253418
vt 0.408691 0.268555
vt 0.398193 0.267578
vt 0.366211 0.263672
vt 0.376953 0.265625
vt 0.387451 0.266602
vt 0.355469 0.232422
vt 0.354980 0.222168
vt 0.355957 0.242188
vt 0.355713 0.251953
vt 0.355469 0.262207
vt 0.396973 0.278320
vt 0.407715 0.279297
vt 0.365479 0.272949
vt 0.355225 0.271973
vt 0.375732 0.274414
vt 0.385498 0.276367
vt 0.345215 0.230957
vt 0.345459 0.240723
vt 0.345215 0.250977
vt 0.344971 0.260254
vt 0.344482 0.270020
vt 0.394287 0.289551
vt 0.406006 0.291016
vt 0.384033 0.288086
vt 0.354004 0.282227
vt 0.364258 0.284180
vt 0.343750 0.280273
vt 0.374268 0.286133
vt 0.334473 0.239746
vt 0.334473 0.249512
vt 0.334229 0.258789
vt 0.334229 0.267578
vt 0.333984 0.278320
vt 0.393066 0.301758
vt 0.404297 0.302246
vt 0.382324 0.301270
vt 0.352539 0.292480
vt 0.342773 0.290527
vt 0.362305 0.295410
vt 0.333496 0.288574
vt 0.371826 0.298340
vt 0.323486 0.259277
vt 0.323486 0.266113
vt 0.323486 0.276367
vt 0.323486 0.287109
vt 0.458740 0.092773
vt 0.453369 0.057617
vt 0.461426 0.060059
vt 0.468506 0.070312
vt 0.468018 0.082031
vt 0.467529 0.092773
vt 0.462402 0.057617
vt 0.469727 0.060059
vt 0.476807 0.069824
vt 0.476562 0.081543
vt 0.476074 0.092285
vt 0.470215 0.057617
vt 0.477539 0.060059
vt 0.484863 0.069824
vt 0.484863 0.081055
vt 0.484619 0.091797
vt 0.478027 0.057617
vt 0.485107 0.060059
vt 0.492920 0.069336
vt 0.492920 0.080566
vt 0.492920 0.090820
vt 0.485352 0.057617
vt 0.492676 0.060059
vt 0.500488 0.069336
vt 0.500488 0.080078
vt 0.500488 0.090820
vt 0.492188 0.057617
vt 0.500000 0.059570
vt 0.500000 0.057617
vt 0.507812 0.060059
vt 0.507812 0.069336
vt 0.507812 0.080078
vt 0.507812 0.057617
vt 0.514648 0.060059
vt 0.514648 0.057617
vt 0.515137 0.069336
vt 0.374023 0.854614
vt 0.363281 0.865967
vt 0.363281 0.855103
vt 0.374023 0.864380
vt 0.374023 0.875671
vt 0.363281 0.876160
vt 0.373535 0.886963
vt 0.363281 0.887634
vt 0.373291 0.899353
vt 0.363281 0.899414
vt 0.316162 0.343262
vt 0.315918 0.347168
vt 0.313721 0.345215
vt 0.320068 0.344238
vt 0.318359 0.341309
vt 0.319580 0.349609
vt 0.323242 0.339355
vt 0.324219 0.346191
vt 0.321777 0.333008
vt 0.325195 0.354980
vt 0.326904 0.332520
vt 0.328613 0.341309
vt 0.329346 0.350586
vt 0.323242 0.325195
vt 0.329590 0.359863
vt 0.329346 0.325195
vt 0.331787 0.334473
vt 0.333496 0.344727
vt 0.334717 0.355469
vt 0.323242 0.315918
vt 0.334473 0.365723
vt 0.335938 0.327148
vt 0.330566 0.317383
vt 0.338623 0.337891
vt 0.339355 0.349121
vt 0.339844 0.360840
vt 0.323486 0.306641
vt 0.500000 0.630859
vt 0.488037 0.642578
vt 0.487793 0.630615
vt 0.476318 0.642334
vt 0.488281 0.653809
vt 0.476562 0.653809
vt 0.476807 0.664795
vt 0.464844 0.664795
vt 0.465088 0.675293
vt 0.454102 0.675537
vt 0.465332 0.686523
vt 0.454346 0.686523
vt 0.442627 0.675781
vt 0.465576 0.697021
vt 0.442383 0.686523
vt 0.454102 0.696777
vt 0.429688 0.675293
vt 0.466064 0.706787
vt 0.442627 0.696777
vt 0.430420 0.686035
vt 0.454590 0.706299
vt 0.416748 0.674805
vt 0.443115 0.706543
vt 0.431152 0.697021
vt 0.418457 0.685791
vt 0.455322 0.715576
vt 0.466309 0.715820
vt 0.404053 0.674316
vt 0.431885 0.707031
vt 0.443848 0.716553
vt 0.419678 0.696777
vt 0.406250 0.685303
vt 0.444336 0.726807
vt 0.455322 0.726807
vt 0.432617 0.717285
vt 0.420654 0.707275
vt 0.407959 0.696533
vt 0.390625 0.312500
vt 0.401855 0.312500
vt 0.359131 0.306152
vt 0.350342 0.302734
vt 0.341309 0.300293
vt 0.332764 0.298340
vt 0.323486 0.296387
vt 0.368164 0.309082
vt 0.355713 0.315430
vt 0.363770 0.318848
vt 0.347900 0.312500
vt 0.339600 0.310059
vt 0.331543 0.308105
vt 0.371826 0.322266
vt 0.378906 0.313477
vt 0.359375 0.328125
vt 0.352295 0.324707
vt 0.366943 0.331543
vt 0.345215 0.321777
vt 0.337891 0.318848
vt 0.382812 0.320801
vt 0.378662 0.326172
vt 0.355225 0.336914
vt 0.348633 0.333008
vt 0.342285 0.330078
vt 0.374756 0.334961
vt 0.362549 0.340332
vt 0.387207 0.328613
vt 0.383789 0.336914
vt 0.350342 0.345215
vt 0.357666 0.349121
vt 0.344238 0.341309
vt 0.380615 0.346191
vt 0.371094 0.343750
vt 0.366455 0.353516
vt 0.394531 0.338867
vt 0.392090 0.347656
vt 0.344727 0.353516
vt 0.351074 0.358398
vt 0.359131 0.364258
vt 0.377197 0.357910
vt 0.389160 0.359375
vt 0.401855 0.357910
vt 0.404297 0.348633
vt 0.345215 0.365723
vt 0.352051 0.372559
vt 0.370605 0.372070
vt 0.357910 0.381348
vt 0.386230 0.372070
vt 0.398926 0.370605
vt 0.414307 0.360352
vt 0.411621 0.371094
vt 0.371826 0.387695
vt 0.339355 0.372559
vt 0.344971 0.379395
vt 0.349121 0.389160
vt 0.361084 0.394531
vt 0.396729 0.385742
vt 0.384766 0.385742
vt 0.409424 0.384766
vt 0.424805 0.374023
vt 0.422852 0.386230
vt 0.384277 0.400391
vt 0.372803 0.403320
vt 0.395996 0.398926
vt 0.408691 0.398438
vt 0.352539 0.399902
vt 0.363037 0.406250
vt 0.436035 0.387695
vt 0.395752 0.416992
vt 0.384277 0.417480
vt 0.373535 0.418457
vt 0.407959 0.416992
vt 0.354980 0.409668
vt 0.364502 0.420898
vt 0.407715 0.430664
vt 0.395752 0.431152
vt 0.384521 0.431641
vt 0.374268 0.432129
vt 0.356689 0.422852
vt 0.358643 0.435059
vt 0.365723 0.433594
vt 0.375244 0.443848
vt 0.395996 0.443359
vt 0.407471 0.442871
vt 0.385254 0.443848
vt 0.358887 0.445801
vt 0.366699 0.444824
vt 0.375488 0.455078
vt 0.366943 0.455566
vt 0.395996 0.454590
vt 0.407471 0.454102
vt 0.385498 0.454590
vt 0.359131 0.456055
vt 0.375488 0.464355
vt 0.366699 0.464844
vt 0.359131 0.464355
vt 0.385498 0.464355
vt 0.375977 0.472656
vt 0.367188 0.472656
vt 0.359375 0.472168
vt 0.359131 0.482422
vt 0.366699 0.481934
vt 0.386230 0.472168
vt 0.375977 0.481934
vt 0.366699 0.491211
vt 0.375244 0.491211
vt 0.359619 0.491699
vt 0.385254 0.490234
vt 0.385986 0.481445
vt 0.405762 0.499023
vt 0.395996 0.489746
vt 0.406250 0.489746
vt 0.396484 0.481445
vt 0.407227 0.481934
vt 0.396973 0.472168
vt 0.408203 0.472656
vt 0.407959 0.463867
vt 0.396240 0.463867
vt 0.366455 0.500977
vt 0.375000 0.501465
vt 0.384521 0.500488
vt 0.359131 0.501221
vt 0.395752 0.500000
vt 0.365967 0.511230
vt 0.374756 0.510986
vt 0.384521 0.510742
vt 0.395264 0.510742
vt 0.358887 0.511475
vt 0.406006 0.509766
vt 0.365967 0.522217
vt 0.375000 0.522461
vt 0.385010 0.523193
vt 0.395508 0.523438
vt 0.406982 0.522949
vt 0.358398 0.522461
vt 0.408447 0.537354
vt 0.396240 0.537842
vt 0.385254 0.537354
vt 0.385010 0.552246
vt 0.397217 0.552490
vt 0.591797 0.472656
vt 0.591797 0.463867
vt 0.603027 0.472168
vt 0.592773 0.481934
vt 0.603516 0.481445
vt 0.593750 0.489746
vt 0.604004 0.489746
vt 0.594238 0.499023
vt 0.604492 0.500000
vt 0.593750 0.509766
vt 0.604980 0.510742
vt 0.593262 0.522949
vt 0.604492 0.523438
vt 0.591309 0.537354
vt 0.604004 0.537842
vt 0.588867 0.552246
vt 0.602539 0.552490
vt 0.587891 0.565430
vt 0.758301 0.676514
vt 0.756836 0.671875
vt 0.758301 0.671875
vt 0.756836 0.676514
vt 0.758301 0.682373
vt 0.752930 0.671875
vt 0.756836 0.682373
vt 0.752441 0.677246
vt 0.758301 0.689453
vt 0.748535 0.671875
vt 0.756836 0.689453
vt 0.752441 0.682617
vt 0.748047 0.677490
vt 0.758301 0.697266
vt 0.743652 0.671875
vt 0.756836 0.697266
vt 0.752441 0.690186
vt 0.748047 0.683838
vt 0.743652 0.678223
vt 0.758301 0.706543
vt 0.738281 0.671875
vt 0.756836 0.706543
vt 0.752441 0.698486
vt 0.748047 0.691162
vt 0.743652 0.684814
vt 0.738770 0.678467
vt 0.758301 0.715332
vt 0.733887 0.671875
vt 0.748047 0.699463
vt 0.752441 0.707275
vt 0.743652 0.692139
vt 0.738770 0.685547
vt 0.733398 0.678711
vt 0.756836 0.715332
vt 0.752441 0.716309
vt 0.748047 0.707764
vt 0.744141 0.700195
vt 0.738770 0.693115
vt 0.733398 0.686035
vt 0.758301 0.724854
vt 0.729004 0.671875
vt 0.729492 0.678955
vt 0.756836 0.724854
vt 0.748047 0.717041
vt 0.752930 0.725342
vt 0.744629 0.708740
vt 0.739258 0.701172
vt 0.733398 0.693848
vt 0.729492 0.686279
vt 0.758301 0.734619
vt 0.756836 0.734619
vt 0.724609 0.671875
vt 0.724121 0.678955
vt 0.744141 0.717773
vt 0.748047 0.726074
vt 0.752441 0.734863
vt 0.739258 0.709473
vt 0.733887 0.701660
vt 0.729492 0.694092
vt 0.724609 0.686279
vt 0.758301 0.743164
vt 0.756836 0.743408
vt 0.719727 0.671875
vt 0.719727 0.678711
vt 0.743652 0.726562
vt 0.739258 0.717773
vt 0.748047 0.735352
vt 0.752441 0.743164
vt 0.733887 0.709961
vt 0.729492 0.701904
vt 0.724609 0.694092
vt 0.720215 0.686035
vt 0.756836 0.752563
vt 0.758301 0.752563
vt 0.715332 0.671875
vt 0.715820 0.678711
vt 0.743652 0.735352
vt 0.739258 0.726562
vt 0.733887 0.718506
vt 0.748047 0.743652
vt 0.752441 0.752563
vt 0.729004 0.710449
vt 0.724609 0.701904
vt 0.719727 0.693848
vt 0.715332 0.685791
vt 0.756836 0.762085
vt 0.758301 0.762085
vt 0.709961 0.671875
vt 0.710938 0.678467
vt 0.733887 0.727051
vt 0.739258 0.735840
vt 0.729004 0.718994
vt 0.724121 0.710693
vt 0.719238 0.701904
vt 0.714355 0.693359
vt 0.710449 0.685547
vt 0.706543 0.671875
vt 0.706543 0.678467
vt 0.733887 0.736084
vt 0.729004 0.727539
vt 0.723633 0.719482
vt 0.718750 0.710449
vt 0.713867 0.701416
vt 0.709473 0.693115
vt 0.706055 0.685303
vt 0.703613 0.671875
vt 0.703125 0.677979
vt 0.723633 0.728027
vt 0.729004 0.736084
vt 0.718262 0.719482
vt 0.713379 0.710205
vt 0.708496 0.700928
vt 0.704590 0.692383
vt 0.701660 0.684570
vt 0.701172 0.671875
vt 0.700195 0.677734
vt 0.717773 0.727783
vt 0.723145 0.736084
vt 0.712402 0.718994
vt 0.707520 0.709473
vt 0.703125 0.700195
vt 0.700195 0.691406
vt 0.698242 0.683594
vt 0.699219 0.671875
vt 0.696777 0.677246
vt 0.614746 0.523193
vt 0.614746 0.537354
vt 0.602051 0.565918
vt 0.601074 0.578857
vt 0.586914 0.579102
vt 0.614746 0.552246
vt 0.625000 0.522461
vt 0.625000 0.535889
vt 0.585449 0.593506
vt 0.600098 0.592041
vt 0.614746 0.564941
vt 0.625488 0.550049
vt 0.633789 0.522217
vt 0.633789 0.533203
vt 0.583008 0.618896
vt 0.582520 0.630127
vt 0.569824 0.619385
vt 0.569824 0.630371
vt 0.558105 0.619629
vt 0.558105 0.630859
vt 0.547363 0.619629
vt 0.546875 0.630859
vt 0.535645 0.619873
vt 0.558105 0.642578
vt 0.583496 0.641602
vt 0.570312 0.642090
vt 0.546875 0.642578
vt 0.535645 0.631104
vt 0.524414 0.619873
vt 0.558105 0.653809
vt 0.546875 0.653809
vt 0.570801 0.653564
vt 0.535645 0.642578
vt 0.524414 0.630859
vt 0.512207 0.619629
vt 0.558105 0.665283
vt 0.546387 0.665039
vt 0.535156 0.653564
vt 0.523926 0.642334
vt 0.511719 0.642578
vt 0.512207 0.630615
vt 0.500000 0.619873
vt 0.570801 0.664795
vt 0.557617 0.675781
vt 0.545898 0.675537
vt 0.535156 0.664795
vt 0.523438 0.653809
vt 0.511719 0.653809
vt 0.500000 0.654053
vt 0.500000 0.642822
vt 0.523438 0.664795
vt 0.535156 0.675293
vt 0.511719 0.664795
vt 0.500000 0.664795
vt 0.545898 0.686523
vt 0.534668 0.686523
vt 0.522949 0.675049
vt 0.522949 0.686523
vt 0.488281 0.664795
vt 0.511230 0.675049
vt 0.511230 0.686523
vt 0.500000 0.675049
vt 0.488525 0.675049
vt 0.522949 0.697021
vt 0.534180 0.697021
vt 0.511230 0.697266
vt 0.500000 0.686523
vt 0.500000 0.697266
vt 0.476807 0.675049
vt 0.488525 0.686523
vt 0.511230 0.707031
vt 0.522461 0.707031
vt 0.500000 0.707031
vt 0.488770 0.697266
vt 0.477051 0.686523
vt 0.500000 0.716309
vt 0.510742 0.716309
vt 0.488770 0.707031
vt 0.489014 0.716309
vt 0.477051 0.697021
vt 0.500000 0.727051
vt 0.488770 0.727051
vt 0.477295 0.707031
vt 0.477783 0.716064
vt 0.477783 0.726807
vt 0.488770 0.737305
vt 0.477783 0.737305
vt 0.511230 0.727051
vt 0.500000 0.737305
vt 0.466553 0.727051
vt 0.466797 0.737305
vt 0.489014 0.747559
vt 0.478027 0.747314
vt 0.467041 0.747070
vt 0.511230 0.737305
vt 0.500000 0.747559
vt 0.455811 0.737061
vt 0.456055 0.746826
vt 0.489014 0.756714
vt 0.478271 0.756348
vt 0.467285 0.756104
vt 0.456543 0.755737
vt 0.511230 0.747559
vt 0.500000 0.756470
vt 0.445068 0.746582
vt 0.444824 0.736816
vt 0.445557 0.755371
vt 0.456787 0.764648
vt 0.717285 0.735840
vt 0.711914 0.727295
vt 0.706543 0.718262
vt 0.702148 0.708496
vt 0.698242 0.698975
vt 0.695801 0.690186
vt 0.694336 0.682861
vt 0.696289 0.671875
vt 0.693359 0.676514
vt 0.706055 0.726562
vt 0.711914 0.735107
vt 0.701172 0.717285
vt 0.696777 0.707275
vt 0.693848 0.697754
vt 0.691895 0.689209
vt 0.690430 0.681885
vt 0.695801 0.671875
vt 0.691406 0.675781
vt 0.700195 0.725342
vt 0.706543 0.734619
vt 0.695312 0.715820
vt 0.691895 0.705811
vt 0.689453 0.696289
vt 0.687500 0.687744
vt 0.688477 0.680664
vt 0.693359 0.671631
vt 0.688965 0.674561
vt 0.700195 0.733398
vt 0.694824 0.724121
vt 0.690430 0.714355
vt 0.687500 0.704102
vt 0.685059 0.694580
vt 0.685547 0.686279
vt 0.686035 0.679199
vt 0.690918 0.670654
vt 0.686523 0.673584
vt 0.694336 0.732178
vt 0.689453 0.722656
vt 0.686035 0.712402
vt 0.683594 0.702393
vt 0.682617 0.692871
vt 0.682617 0.684570
vt 0.683105 0.677490
vt 0.688477 0.669678
vt 0.684570 0.671875
vt 0.688477 0.730713
vt 0.684570 0.720703
vt 0.681641 0.710449
vt 0.680176 0.700195
vt 0.679199 0.690918
vt 0.679688 0.682617
vt 0.680664 0.675537
vt 0.686035 0.668213
vt 0.683105 0.670166
vt 0.679688 0.718506
vt 0.683105 0.729004
vt 0.677734 0.708252
vt 0.676270 0.697998
vt 0.675781 0.688721
vt 0.676270 0.680176
vt 0.679199 0.672852
vt 0.678223 0.727051
vt 0.675293 0.716309
vt 0.673340 0.705811
vt 0.672363 0.695312
vt 0.672363 0.686035
vt 0.674316 0.677002
vt 0.670898 0.713867
vt 0.673340 0.724854
vt 0.668945 0.702881
vt 0.668945 0.692139
vt 0.668945 0.683105
vt 0.668457 0.722656
vt 0.666016 0.710938
vt 0.665039 0.699219
vt 0.664551 0.689453
vt 0.661133 0.707031
vt 0.663086 0.719727
vt 0.660156 0.694824
vt 0.666504 0.731934
vt 0.671875 0.733887
vt 0.655273 0.702393
vt 0.657227 0.716309
vt 0.661133 0.729248
vt 0.670898 0.743164
vt 0.665039 0.741455
vt 0.650879 0.712402
vt 0.654785 0.726318
vt 0.659180 0.739258
vt 0.670410 0.752808
vt 0.664062 0.751343
vt 0.676270 0.744873
vt 0.675293 0.754150
vt 0.647461 0.722900
vt 0.652344 0.736572
vt 0.657227 0.749756
vt 0.669434 0.762573
vt 0.674805 0.763428
vt 0.663086 0.761353
vt 0.681152 0.755249
vt 0.680176 0.764404
vt 0.645020 0.732666
vt 0.650879 0.747803
vt 0.656250 0.760010
vt 0.668945 0.772217
vt 0.674316 0.772949
vt 0.679688 0.773560
vt 0.662109 0.770996
vt 0.686035 0.765259
vt 0.685547 0.774170
vt 0.643066 0.745850
vt 0.649414 0.758789
vt 0.655273 0.770020
vt 0.667969 0.781372
vt 0.673340 0.781616
vt 0.679199 0.782104
vt 0.685059 0.782471
vt 0.661621 0.780273
vt 0.691406 0.774902
vt 0.690918 0.782959
vt 0.641602 0.758179
vt 0.648438 0.769043
vt 0.654785 0.779541
vt 0.667480 0.790039
vt 0.672852 0.790405
vt 0.678711 0.790649
vt 0.684570 0.790771
vt 0.690430 0.791138
vt 0.661133 0.789307
vt 0.697266 0.783447
vt 0.697754 0.775269
vt 0.641113 0.768799
vt 0.647949 0.779053
vt 0.654297 0.788818
vt 0.684082 0.799438
vt 0.678711 0.799316
vt 0.672852 0.799194
vt 0.696777 0.791626
vt 0.690430 0.799805
vt 0.703613 0.784058
vt 0.704590 0.775879
vt 0.678711 0.807983
vt 0.684082 0.808105
vt 0.640625 0.778931
vt 0.647461 0.788574
vt 0.703125 0.792236
vt 0.696289 0.800171
vt 0.689941 0.808350
vt 0.467529 0.765015
vt 0.478271 0.765259
vt 0.489258 0.765503
vt 0.510742 0.756714
vt 0.500000 0.765381
vt 0.434814 0.755005
vt 0.434326 0.746338
vt 0.446045 0.764282
vt 0.446289 0.773315
vt 0.457031 0.773682
vt 0.467773 0.774048
vt 0.478516 0.774292
vt 0.489258 0.774414
vt 0.435059 0.763916
vt 0.500000 0.774292
vt 0.510742 0.765503
vt 0.423828 0.754761
vt 0.424072 0.763672
vt 0.468018 0.783203
vt 0.478516 0.783325
vt 0.489258 0.783325
vt 0.435547 0.773071
vt 0.424561 0.772705
vt 0.413330 0.763306
vt 0.510742 0.774414
vt 0.510742 0.783325
vt 0.500000 0.783325
vt 0.468018 0.792236
vt 0.478760 0.792358
vt 0.489258 0.792358
vt 0.457275 0.782837
vt 0.500000 0.792358
vt 0.510742 0.792358
vt 0.521484 0.783325
vt 0.521484 0.792358
vt 0.478760 0.801514
vt 0.468262 0.801392
vt 0.489502 0.801636
vt 0.457520 0.801147
vt 0.457520 0.791992
vt 0.446533 0.782471
vt 0.510254 0.801636
vt 0.500000 0.801636
vt 0.520996 0.801514
vt 0.531738 0.801392
vt 0.531738 0.792236
vt 0.468262 0.810547
vt 0.479004 0.810791
vt 0.457520 0.809814
vt 0.489746 0.810913
vt 0.446777 0.800781
vt 0.446777 0.791626
vt 0.520996 0.810547
vt 0.510254 0.810791
vt 0.500000 0.810913
vt 0.531738 0.810547
vt 0.542480 0.809814
vt 0.542480 0.801147
vt 0.468018 0.818848
vt 0.457275 0.818359
vt 0.479004 0.819214
vt 0.489990 0.819336
vt 0.520996 0.819092
vt 0.531738 0.819092
vt 0.510254 0.819214
vt 0.500488 0.819458
vt 0.542480 0.818359
vt 0.553711 0.817993
vt 0.553711 0.809448
vt 0.468262 0.827271
vt 0.457520 0.826904
vt 0.489990 0.827637
vt 0.479248 0.827515
vt 0.500488 0.827637
vt 0.520996 0.827515
vt 0.531250 0.827515
vt 0.542480 0.826904
vt 0.510254 0.827515
vt 0.553711 0.826538
vt 0.564941 0.826538
vt 0.564941 0.817871
vt 0.468262 0.835815
vt 0.457520 0.835449
vt 0.489990 0.835938
vt 0.500488 0.835938
vt 0.479492 0.836304
vt 0.510254 0.835938
vt 0.520508 0.835693
vt 0.564453 0.835327
vt 0.553711 0.835205
vt 0.575684 0.826660
vt 0.575195 0.835449
vt 0.468506 0.844727
vt 0.457764 0.844604
vt 0.489990 0.844849
vt 0.500488 0.844971
vt 0.510254 0.844849
vt 0.479248 0.844727
vt 0.520508 0.844604
vt 0.574707 0.844849
vt 0.564453 0.844727
vt 0.585449 0.835693
vt 0.584961 0.845093
vt 0.468506 0.851562
vt 0.458008 0.851562
vt 0.479492 0.851807
vt 0.500488 0.851929
vt 0.489990 0.852051
vt 0.510254 0.851685
vt 0.520020 0.851562
vt 0.574219 0.851929
vt 0.584961 0.852417
vt 0.595215 0.852905
vt 0.595215 0.845947
vt 0.469238 0.860718
vt 0.458252 0.860596
vt 0.479492 0.860718
vt 0.509766 0.860352
vt 0.500000 0.860596
vt 0.489990 0.860718
vt 0.520020 0.860474
vt 0.584473 0.861328
vt 0.595215 0.862061
vt 0.604980 0.853638
vt 0.458008 0.872681
vt 0.468750 0.872925
vt 0.479248 0.873169
vt 0.489502 0.873413
vt 0.499756 0.873413
vt 0.509766 0.873291
vt 0.520020 0.873169
vt 0.457520 0.884155
vt 0.468018 0.884338
vt 0.478760 0.884216
vt 0.489258 0.884766
vt 0.499756 0.884949
vt 0.510254 0.884827
vt 0.520508 0.884644
vt 0.510254 0.897278
vt 0.499756 0.897217
vt 0.488770 0.897156
vt 0.478027 0.897095
vt 0.467529 0.897034
vt 0.457031 0.896851
vt 0.500000 0.913818
vt 0.488281 0.913391
vt 0.477295 0.913330
vt 0.466797 0.913208
vt 0.510742 0.913818
vt 0.520996 0.897400
vt 0.500000 0.928101
vt 0.709961 0.784790
vt 0.710449 0.776611
vt 0.684082 0.817505
vt 0.678711 0.817261
vt 0.641113 0.787231
vt 0.703125 0.800659
vt 0.709961 0.792725
vt 0.696289 0.808716
vt 0.689941 0.817505
vt 0.716309 0.785278
vt 0.716309 0.777344
vt 0.678711 0.826782
vt 0.684570 0.827026
vt 0.703125 0.809082
vt 0.709473 0.801025
vt 0.716309 0.793213
vt 0.696289 0.817871
vt 0.690430 0.827026
vt 0.722656 0.785645
vt 0.722656 0.778076
vt 0.684570 0.836792
vt 0.678711 0.836548
vt 0.703125 0.818115
vt 0.709473 0.809448
vt 0.716309 0.801514
vt 0.722656 0.793701
vt 0.696777 0.827026
vt 0.690430 0.837158
vt 0.728516 0.785889
vt 0.728516 0.778809
vt 0.685059 0.846313
vt 0.678711 0.846069
vt 0.709961 0.818604
vt 0.703613 0.827148
vt 0.716309 0.809814
vt 0.722656 0.801880
vt 0.728516 0.794067
vt 0.696777 0.837158
vt 0.690430 0.846558
vt 0.733398 0.779907
vt 0.733398 0.786621
vt 0.685059 0.855591
vt 0.679199 0.855713
vt 0.716797 0.818970
vt 0.709961 0.827637
vt 0.703613 0.837158
vt 0.723145 0.810181
vt 0.729004 0.802246
vt 0.733887 0.794556
vt 0.697266 0.846191
vt 0.690918 0.855591
vt 0.739258 0.787598
vt 0.738770 0.780396
vt 0.685547 0.864868
vt 0.679199 0.864990
vt 0.723145 0.819336
vt 0.716797 0.828003
vt 0.709961 0.836914
vt 0.703613 0.845947
vt 0.729004 0.810669
vt 0.734375 0.802490
vt 0.739258 0.794556
vt 0.697266 0.855347
vt 0.691406 0.864624
vt 0.685547 0.873779
vt 0.679199 0.874146
vt 0.729004 0.819946
vt 0.723145 0.828369
vt 0.716797 0.836914
vt 0.710449 0.845581
vt 0.704102 0.854858
vt 0.734375 0.811035
vt 0.739258 0.802612
vt 0.697754 0.864258
vt 0.691895 0.873291
vt 0.686035 0.882263
vt 0.679688 0.882690
vt 0.734863 0.820435
vt 0.729492 0.829102
vt 0.723145 0.837158
vt 0.716797 0.845337
vt 0.710449 0.854370
vt 0.704590 0.863525
vt 0.739746 0.811523
vt 0.698242 0.872681
vt 0.698730 0.881226
vt 0.692383 0.881836
vt 0.686523 0.890747
vt 0.680176 0.891479
vt 0.740234 0.820923
vt 0.734863 0.829468
vt 0.729004 0.837646
vt 0.723145 0.845337
vt 0.705566 0.880615
vt 0.705078 0.872070
vt 0.699219 0.889526
vt 0.706543 0.888794
vt 0.692383 0.890137
vt 0.734375 0.838013
vt 0.740234 0.829468
vt 0.729004 0.845581
vt 0.712402 0.879700
vt 0.712891 0.888000
vt 0.699707 0.897400
vt 0.706543 0.896973
vt 0.712891 0.896179
vt 0.734375 0.845581
vt 0.740234 0.838257
vt 0.717773 0.895081
vt 0.717773 0.886963
vt 0.707031 0.905151
vt 0.712891 0.904297
vt 0.717285 0.903381
vt 0.722168 0.902283
vt 0.723145 0.893982
vt 0.712891 0.913208
vt 0.717285 0.912231
vt 0.722656 0.911133
vt 0.728516 0.901001
vt 0.728516 0.909851
vt 0.728516 0.892517
vt 0.723633 0.885681
vt 0.722656 0.920044
vt 0.717773 0.921143
vt 0.728516 0.918884
vt 0.733398 0.899658
vt 0.733398 0.908569
vt 0.733398 0.917664
vt 0.728516 0.883972
vt 0.733398 0.891052
vt 0.722656 0.928711
vt 0.728516 0.927612
vt 0.733398 0.926453
vt 0.738281 0.898193
vt 0.738281 0.907166
vt 0.738281 0.916321
vt 0.738281 0.925232
vt 0.738281 0.889587
vt 0.733398 0.882690
vt 0.728516 0.936096
vt 0.733398 0.935120
vt 0.738281 0.934143
vt 0.743652 0.896729
vt 0.743164 0.905762
vt 0.743164 0.914978
vt 0.743652 0.924011
vt 0.743652 0.933350
vt 0.743652 0.888672
vt 0.738281 0.882080
vt 0.738770 0.943268
vt 0.733398 0.943909
vt 0.743652 0.942780
vt 0.488281 0.928223
vt 0.476807 0.928284
vt 0.466553 0.928284
vt 0.456543 0.913025
vt 0.475830 0.938568
vt 0.521973 0.913818
vt 0.511719 0.928223
vt 0.500000 0.938782
vt 0.487549 0.938782
vt 0.465576 0.938416
vt 0.455811 0.928040
vt 0.475586 0.942108
vt 0.465332 0.942108
vt 0.487549 0.942108
vt 0.512695 0.938782
vt 0.522949 0.928284
vt 0.512695 0.942108
vt 0.500000 0.942078
vt 0.454834 0.942108
vt 0.455078 0.938385
vt 0.524414 0.942108
vt 0.524414 0.938568
vt 0.444580 0.942108
vt 0.444824 0.938385
vt 0.445801 0.928223
vt 0.534668 0.942108
vt 0.533691 0.928284
vt 0.534668 0.938416
vt 0.434570 0.942108
vt 0.435547 0.928345
vt 0.434814 0.938385
vt 0.545410 0.942108
vt 0.544922 0.938385
vt 0.543945 0.928345
vt 0.425537 0.942078
vt 0.426025 0.928528
vt 0.425537 0.938141
vt 0.437012 0.913147
vt 0.426758 0.913391
vt 0.555664 0.942108
vt 0.555176 0.938385
vt 0.554199 0.928528
vt 0.417236 0.942078
vt 0.416748 0.929443
vt 0.416504 0.913513
vt 0.416748 0.938141
vt 0.426270 0.898010
vt 0.415771 0.898438
vt 0.406250 0.913635
vt 0.406250 0.929688
vt 0.565430 0.942108
vt 0.563965 0.928894
vt 0.565430 0.938385
vt 0.406250 0.942078
vt 0.406494 0.937836
vt 0.405273 0.898865
vt 0.395752 0.913818
vt 0.426270 0.885620
vt 0.415771 0.886169
vt 0.396973 0.937714
vt 0.395752 0.929993
vt 0.397217 0.942078
vt 0.573730 0.929138
vt 0.574219 0.938507
vt 0.394775 0.899048
vt 0.405029 0.886658
vt 0.385010 0.914246
vt 0.415527 0.874512
vt 0.426025 0.874146
vt 0.387451 0.937836
vt 0.388916 0.942078
vt 0.385498 0.930115
vt 0.384033 0.899048
vt 0.394531 0.886719
vt 0.405029 0.875122
vt 0.374023 0.914673
vt 0.415527 0.861816
vt 0.425781 0.861328
vt 0.374756 0.938568
vt 0.374756 0.942078
vt 0.374023 0.929932
vt 0.384033 0.886780
vt 0.394775 0.875244
vt 0.405029 0.862793
vt 0.363281 0.915222
vt 0.363281 0.929260
vt 0.415283 0.852417
vt 0.425537 0.851929
vt 0.363281 0.938385
vt 0.363281 0.942047
vt 0.384277 0.875488
vt 0.395020 0.863403
vt 0.405029 0.853271
vt 0.425293 0.844849
vt 0.414795 0.845093
vt 0.384766 0.863892
vt 0.395020 0.853638
vt 0.404785 0.845947
vt 0.394775 0.846069
vt 0.414307 0.835693
vt 0.424805 0.835449
vt 0.384521 0.853760
vt 0.384521 0.846313
vt 0.394775 0.835693
vt 0.404297 0.836060
vt 0.384766 0.836304
vt 0.414062 0.826538
vt 0.424316 0.826660
vt 0.404297 0.826782
vt 0.374023 0.846436
vt 0.374512 0.837036
vt 0.394531 0.826904
vt 0.384766 0.827148
vt 0.374268 0.827148
vt 0.413818 0.817627
vt 0.424072 0.817871
vt 0.404053 0.817505
vt 0.394287 0.817627
vt 0.363281 0.828003
vt 0.363281 0.838135
vt 0.363281 0.846436
vt 0.384521 0.817749
vt 0.374023 0.818115
vt 0.363281 0.818604
vt 0.424316 0.809082
vt 0.413818 0.808594
vt 0.403809 0.808472
vt 0.394043 0.808472
vt 0.384277 0.808594
vt 0.374268 0.808838
vt 0.363281 0.809570
vt 0.413818 0.799683
vt 0.424561 0.800293
vt 0.403564 0.799438
vt 0.393799 0.799438
vt 0.383789 0.799438
vt 0.363281 0.799561
vt 0.374023 0.799561
vt 0.383057 0.790649
vt 0.393311 0.790527
vt 0.403320 0.790405
vt 0.413818 0.790649
vt 0.424805 0.791138
vt 0.373535 0.790894
vt 0.363281 0.791626
vt 0.382568 0.781738
vt 0.372803 0.782104
vt 0.392822 0.781494
vt 0.403320 0.781372
vt 0.413818 0.781494
vt 0.402832 0.772095
vt 0.748047 0.904724
vt 0.748047 0.895752
vt 0.748047 0.914001
vt 0.748047 0.923096
vt 0.748047 0.933105
vt 0.748047 0.942566
vt 0.743652 0.952850
vt 0.738770 0.953186
vt 0.752441 0.923096
vt 0.752441 0.914001
vt 0.752441 0.904724
vt 0.752441 0.933105
vt 0.756836 0.914001
vt 0.756836 0.923096
vt 0.748047 0.952606
vt 0.752441 0.943085
vt 0.743652 0.962402
vt 0.748047 0.962189
vt 0.756836 0.933105
vt 0.752441 0.952881
vt 0.756836 0.943085
vt 0.758301 0.933105
vt 0.758301 0.923096
vt 0.758301 0.943085
vt 0.756836 0.952881
vt 0.752441 0.961945
vt 0.748535 0.971497
vt 0.752930 0.971497
vt 0.758301 0.952881
vt 0.758301 0.961945
vt 0.756836 0.961945
vt 0.756836 0.971497
vt 0.758301 0.971497
vt 0.758301 0.914001
vt 0.758301 0.904724
vt 0.743652 0.971497
vt 0.756836 0.904724
vt 0.758301 0.895752
vt 0.756836 0.895752
vt 0.752441 0.895752
vt 0.756836 0.887329
vt 0.752441 0.887329
vt 0.748047 0.887329
vt 0.758301 0.887329
vt 0.738770 0.962555
vt 0.738281 0.971497
vt 0.756836 0.880676
vt 0.752441 0.880676
vt 0.748047 0.880676
vt 0.743164 0.881165
vt 0.758301 0.880676
vt 0.733398 0.962616
vt 0.733398 0.953461
vt 0.733887 0.971497
vt 0.748047 0.874390
vt 0.752441 0.874390
vt 0.743652 0.874512
vt 0.738770 0.875000
vt 0.758301 0.874390
vt 0.729004 0.953705
vt 0.729004 0.962646
vt 0.728516 0.944550
vt 0.729004 0.971497
vt 0.744141 0.866699
vt 0.748047 0.866333
vt 0.739258 0.867676
vt 0.722656 0.945190
vt 0.723633 0.954010
vt 0.724121 0.962799
vt 0.722656 0.937012
vt 0.724609 0.971497
vt 0.744141 0.859131
vt 0.739258 0.860229
vt 0.717285 0.945801
vt 0.717285 0.937775
vt 0.718262 0.954376
vt 0.719238 0.962921
vt 0.717285 0.929749
vt 0.719727 0.971497
vt 0.713379 0.946472
vt 0.713379 0.938477
vt 0.713379 0.930481
vt 0.714355 0.954803
vt 0.715332 0.963135
vt 0.713379 0.922058
vt 0.714844 0.971497
vt 0.708008 0.947205
vt 0.707520 0.939178
vt 0.707520 0.931152
vt 0.707520 0.922852
vt 0.708496 0.955292
vt 0.709473 0.963379
vt 0.707031 0.914062
vt 0.708496 0.971497
vt 0.701172 0.948090
vt 0.700684 0.939941
vt 0.700195 0.931885
vt 0.700195 0.923584
vt 0.700195 0.914917
vt 0.701660 0.955933
vt 0.703125 0.963715
vt 0.699707 0.906006
vt 0.703613 0.971497
vt 0.694824 0.949097
vt 0.694336 0.940948
vt 0.693848 0.932800
vt 0.693848 0.924500
vt 0.693359 0.915833
vt 0.693359 0.906982
vt 0.695801 0.956970
vt 0.696777 0.964417
vt 0.692871 0.898438
vt 0.697266 0.971512
vt 0.689941 0.950439
vt 0.688965 0.942078
vt 0.687988 0.933960
vt 0.687988 0.925537
vt 0.687500 0.916870
vt 0.687012 0.908020
vt 0.686523 0.899353
vt 0.690430 0.958069
vt 0.691895 0.965240
vt 0.691895 0.971771
vt 0.681152 0.943665
vt 0.682129 0.951721
vt 0.680664 0.935242
vt 0.680664 0.926697
vt 0.680664 0.918030
vt 0.680176 0.909180
vt 0.680176 0.900330
vt 0.683105 0.959320
vt 0.684082 0.966339
vt 0.674805 0.919189
vt 0.674805 0.928040
vt 0.674805 0.936707
vt 0.675293 0.945221
vt 0.676270 0.953186
vt 0.674316 0.910217
vt 0.674316 0.901367
vt 0.677246 0.960632
vt 0.669922 0.929626
vt 0.393555 0.772095
vt 0.382324 0.772339
vt 0.363281 0.781616
vt 0.372803 0.772217
vt 0.413574 0.772461
vt 0.424805 0.781982
vt 0.402344 0.762939
vt 0.392822 0.762817
vt 0.381836 0.762573
vt 0.363281 0.772461
vt 0.372803 0.761719
vt 0.412842 0.754395
vt 0.401855 0.754150
vt 0.392334 0.754028
vt 0.381836 0.754150
vt 0.363281 0.760986
vt 0.372314 0.752686
vt 0.412354 0.745605
vt 0.423340 0.745850
vt 0.401367 0.745605
vt 0.392090 0.745850
vt 0.381104 0.746094
vt 0.363281 0.751587
vt 0.372070 0.744385
vt 0.411865 0.736816
vt 0.422852 0.737061
vt 0.433838 0.737061
vt 0.401123 0.736816
vt 0.391357 0.737061
vt 0.380371 0.736572
vt 0.363281 0.742920
vt 0.371582 0.735352
vt 0.422363 0.727539
vt 0.411377 0.727295
vt 0.433350 0.727295
vt 0.400391 0.727051
vt 0.389648 0.727051
vt 0.378662 0.726318
vt 0.421631 0.717529
vt 0.410645 0.717285
vt 0.363281 0.734131
vt 0.370850 0.725342
vt 0.399414 0.717041
vt 0.388428 0.716553
vt 0.376953 0.715820
vt 0.409424 0.707031
vt 0.397949 0.706543
vt 0.386963 0.705811
vt 0.363281 0.722900
vt 0.370117 0.714844
vt 0.375977 0.705322
vt 0.369385 0.704590
vt 0.385254 0.694824
vt 0.396240 0.695557
vt 0.363281 0.712646
vt 0.363281 0.703369
vt 0.373779 0.694580
vt 0.368896 0.694580
vt 0.363281 0.693604
vt 0.372070 0.684082
vt 0.382568 0.683838
vt 0.393555 0.684326
vt 0.367188 0.684814
vt 0.363281 0.684570
vt 0.364502 0.676025
vt 0.369873 0.674316
vt 0.378662 0.672852
vt 0.361328 0.677734
vt 0.360107 0.667725
vt 0.357178 0.670166
vt 0.365234 0.664795
vt 0.372559 0.661865
vt 0.389893 0.672607
vt 0.353760 0.660156
vt 0.351318 0.664062
vt 0.358154 0.656494
vt 0.348145 0.654785
vt 0.343018 0.657959
vt 0.364502 0.653076
vt 0.383057 0.658447
vt 0.368652 0.647705
vt 0.402100 0.663574
vt 0.351074 0.651123
vt 0.355225 0.646240
vt 0.386230 0.646729
vt 0.342773 0.651123
vt 0.339600 0.656738
vt 0.345215 0.645264
vt 0.372314 0.640137
vt 0.358398 0.641357
vt 0.347412 0.640137
vt 0.400879 0.651855
vt 0.416260 0.664307
vt 0.387207 0.637451
vt 0.401123 0.639893
vt 0.415771 0.653320
vt 0.374268 0.631836
vt 0.360840 0.634521
vt 0.349365 0.634033
vt 0.429199 0.664795
vt 0.401855 0.628906
vt 0.388428 0.626709
vt 0.416260 0.641602
vt 0.417480 0.630127
vt 0.429443 0.653564
vt 0.363037 0.625732
vt 0.375244 0.622070
vt 0.351074 0.626221
vt 0.429688 0.642090
vt 0.441895 0.665283
vt 0.441895 0.653809
vt 0.401855 0.617432
vt 0.416992 0.618896
vt 0.388428 0.614502
vt 0.430176 0.630371
vt 0.429932 0.619385
vt 0.442139 0.642578
vt 0.352295 0.616699
vt 0.453369 0.653809
vt 0.453369 0.642578
vt 0.453613 0.665039
vt 0.416016 0.606689
vt 0.400635 0.604492
vt 0.441895 0.630859
vt 0.441895 0.619629
vt 0.453125 0.630859
vt 0.464844 0.653564
vt 0.464355 0.642578
vt 0.464355 0.631104
vt 0.452881 0.619629
vt 0.464355 0.619873
vt 0.669922 0.920593
vt 0.670410 0.938324
vt 0.670898 0.946930
vt 0.671875 0.954773
vt 0.669922 0.911560
vt 0.666016 0.948853
vt 0.665527 0.940430
vt 0.665039 0.931641
vt 0.664551 0.922485
vt 0.667480 0.956421
vt 0.672852 0.961975
vt 0.660645 0.951019
vt 0.662109 0.958221
vt 0.659668 0.942932
vt 0.659180 0.933960
vt 0.664062 0.913208
vt 0.658691 0.924561
vt 0.663574 0.964844
vt 0.668457 0.963318
vt 0.655273 0.953674
vt 0.657715 0.960266
vt 0.659180 0.966370
vt 0.654785 0.945465
vt 0.653809 0.936462
vt 0.653320 0.926941
vt 0.658203 0.914917
vt 0.661621 0.972473
vt 0.666016 0.971054
vt 0.650391 0.957123
vt 0.652832 0.963135
vt 0.654785 0.968445
vt 0.657227 0.974243
vt 0.648926 0.949371
vt 0.647461 0.939789
vt 0.646484 0.929749
vt 0.652344 0.916931
vt 0.660156 0.979813
vt 0.665527 0.977875
vt 0.645996 0.919067
vt 0.669434 0.976501
vt 0.673340 0.975510
vt 0.651855 0.906860
vt 0.645508 0.908630
vt 0.657715 0.905273
vt 0.657227 0.895630
vt 0.651367 0.897095
vt 0.645020 0.898865
vt 0.664062 0.903809
vt 0.663574 0.894348
vt 0.656738 0.885620
vt 0.663086 0.884705
vt 0.650391 0.886536
vt 0.644043 0.887329
vt 0.669922 0.893250
vt 0.669922 0.902466
vt 0.669434 0.883789
vt 0.655762 0.875549
vt 0.662598 0.875000
vt 0.668945 0.874268
vt 0.649414 0.875854
vt 0.642578 0.875427
vt 0.673828 0.883240
vt 0.674316 0.892273
vt 0.673828 0.874268
vt 0.655273 0.865356
vt 0.662109 0.865234
vt 0.668457 0.864990
vt 0.673828 0.864990
vt 0.648926 0.865479
vt 0.642090 0.864990
vt 0.661621 0.855347
vt 0.654785 0.855225
vt 0.667969 0.855469
vt 0.673340 0.855469
vt 0.647949 0.855103
vt 0.641602 0.855225
vt 0.667480 0.845703
vt 0.661133 0.845459
vt 0.654297 0.845215
vt 0.673340 0.845825
vt 0.647461 0.844971
vt 0.641602 0.845459
vt 0.667480 0.835938
vt 0.672852 0.836182
vt 0.661133 0.835693
vt 0.654297 0.835327
vt 0.646973 0.834717
vt 0.641113 0.834595
vt 0.672852 0.826416
vt 0.666992 0.826294
vt 0.661133 0.825928
vt 0.653809 0.825684
vt 0.646973 0.825195
vt 0.640625 0.824341
vt 0.672852 0.817017
vt 0.666992 0.816772
vt 0.660645 0.816528
vt 0.653809 0.816162
vt 0.646973 0.815430
vt 0.640625 0.814697
vt 0.672852 0.807861
vt 0.666992 0.807617
vt 0.660645 0.807373
vt 0.653809 0.806885
vt 0.646973 0.806274
vt 0.640625 0.805298
vt 0.646973 0.796509
vt 0.653809 0.797729
vt 0.661133 0.798462
vt 0.667480 0.798950
vt 0.640625 0.795288
vt 0.686035 0.972519
vt 0.678711 0.967468
vt 0.680176 0.973465
vt 0.674316 0.968628
vt 0.676270 0.974594
vt 0.670410 0.969772
vt 0.241699 0.671875
vt 0.243164 0.671875
vt 0.241699 0.676514
vt 0.243164 0.676514
vt 0.247070 0.671875
vt 0.241699 0.682373
vt 0.243164 0.682373
vt 0.247559 0.677246
vt 0.251465 0.671875
vt 0.241699 0.689453
vt 0.243164 0.689453
vt 0.247559 0.682617
vt 0.251953 0.677490
vt 0.256104 0.671875
vt 0.241699 0.697266
vt 0.243164 0.697266
vt 0.247559 0.690186
vt 0.251953 0.683838
vt 0.256348 0.678223
vt 0.261475 0.671875
vt 0.475830 0.630859
vt 0.475830 0.619873
vt 0.487549 0.619629
vt 0.411865 0.565430
vt 0.397949 0.565918
vt 0.410889 0.552246
vt 0.413086 0.579102
vt 0.398682 0.578857
vt 0.399902 0.592041
vt 0.414551 0.593506
vt 0.385254 0.564941
vt 0.385986 0.577637
vt 0.386963 0.590576
vt 0.388184 0.601562
vt 0.374756 0.562988
vt 0.375000 0.575439
vt 0.375244 0.587891
vt 0.375244 0.598145
vt 0.375488 0.611328
vt 0.364990 0.583496
vt 0.365234 0.571533
vt 0.364990 0.593994
vt 0.365479 0.605469
vt 0.364502 0.617432
vt 0.374756 0.550049
vt 0.365234 0.558594
vt 0.354492 0.585449
vt 0.355225 0.575928
vt 0.356201 0.564209
vt 0.354004 0.595947
vt 0.353271 0.606689
vt 0.357422 0.552490
vt 0.365967 0.545410
vt 0.366211 0.533203
vt 0.375244 0.535889
vt 0.358154 0.541992
vt 0.358398 0.532227
vt 0.574707 0.942078
vt 0.582520 0.942078
vt 0.583496 0.938660
vt 0.593750 0.942078
vt 0.583008 0.929443
vt 0.593750 0.938568
vt 0.593750 0.929688
vt 0.603027 0.942078
vt 0.603027 0.938568
vt 0.583496 0.914185
vt 0.593750 0.914490
vt 0.604004 0.929993
vt 0.604492 0.914185
vt 0.611328 0.942078
vt 0.612793 0.938751
vt 0.573242 0.913757
vt 0.584473 0.898376
vt 0.573730 0.897705
vt 0.594727 0.898865
vt 0.614746 0.930115
vt 0.615234 0.914246
vt 0.604980 0.899048
vt 0.625000 0.942078
vt 0.625488 0.938568
vt 0.595215 0.886658
vt 0.584473 0.886169
vt 0.563477 0.897461
vt 0.563477 0.913513
vt 0.241699 0.706543
vt 0.243164 0.706543
vt 0.247559 0.698486
vt 0.251953 0.691162
vt 0.256104 0.684814
vt 0.260986 0.678467
vt 0.266113 0.671875
vt 0.241699 0.715332
vt 0.251953 0.699463
vt 0.247559 0.707275
vt 0.256104 0.692139
vt 0.260986 0.685547
vt 0.266357 0.678711
vt 0.243164 0.715332
vt 0.247559 0.716309
vt 0.251953 0.707764
vt 0.255859 0.700195
vt 0.260986 0.693115
vt 0.266357 0.686035
vt 0.270752 0.671875
vt 0.270508 0.678955
vt 0.241699 0.724854
vt 0.243164 0.724854
vt 0.251953 0.717041
vt 0.247192 0.725342
vt 0.255371 0.708740
vt 0.260742 0.701172
vt 0.266357 0.693848
vt 0.270508 0.686279
vt 0.275146 0.671875
vt 0.275635 0.678955
vt 0.241699 0.734619
vt 0.243164 0.734619
vt 0.255859 0.717773
vt 0.251709 0.726074
vt 0.247559 0.734863
vt 0.260742 0.709473
vt 0.265869 0.701660
vt 0.270508 0.694092
vt 0.275146 0.686279
vt 0.280029 0.671875
vt 0.280273 0.678711
vt 0.241699 0.743164
vt 0.243164 0.743408
vt 0.256104 0.726562
vt 0.260742 0.717773
vt 0.251953 0.735352
vt 0.247559 0.743164
vt 0.265869 0.709961
vt 0.270508 0.701904
vt 0.275146 0.694092
vt 0.279785 0.686035
vt 0.243164 0.752563
vt 0.284424 0.671875
vt 0.283936 0.678711
vt 0.241699 0.752563
vt 0.256104 0.735352
vt 0.260742 0.726562
vt 0.265869 0.718506
vt 0.251953 0.743652
vt 0.247559 0.752563
vt 0.270752 0.710449
vt 0.275391 0.701904
vt 0.280273 0.693848
vt 0.284424 0.685791
vt 0.243164 0.762085
vt 0.289795 0.671875
vt 0.288818 0.678467
vt 0.241699 0.762085
vt 0.266113 0.727051
vt 0.260742 0.735840
vt 0.270996 0.718994
vt 0.275879 0.710693
vt 0.280518 0.701904
vt 0.285400 0.693359
vt 0.289307 0.685547
vt 0.293457 0.671875
vt 0.293213 0.678467
vt 0.265869 0.736084
vt 0.270996 0.727539
vt 0.276123 0.719482
vt 0.281250 0.710449
vt 0.285889 0.701416
vt 0.290527 0.693115
vt 0.293945 0.685303
vt 0.296387 0.671875
vt 0.296631 0.677979
vt 0.276367 0.728027
vt 0.270996 0.736084
vt 0.281738 0.719482
vt 0.286621 0.710205
vt 0.291260 0.700928
vt 0.295410 0.692383
vt 0.298096 0.684570
vt 0.298828 0.671875
vt 0.299805 0.677734
vt 0.281982 0.727783
vt 0.276611 0.736084
vt 0.287354 0.718994
vt 0.292236 0.709473
vt 0.296631 0.700195
vt 0.299805 0.691406
vt 0.301758 0.683594
vt 0.300537 0.671875
vt 0.303223 0.677246
vt 0.282471 0.735840
vt 0.287842 0.727295
vt 0.293213 0.718262
vt 0.297852 0.708496
vt 0.301514 0.698975
vt 0.303955 0.690186
vt 0.305664 0.682861
vt 0.303467 0.671875
vt 0.306641 0.676514
vt 0.293701 0.726562
vt 0.287842 0.735107
vt 0.298828 0.717285
vt 0.302979 0.707275
vt 0.305908 0.697754
vt 0.308105 0.689209
vt 0.309570 0.681885
vt 0.304199 0.671875
vt 0.308350 0.675781
vt 0.299561 0.725342
vt 0.293457 0.734619
vt 0.304443 0.715820
vt 0.307861 0.705811
vt 0.310059 0.696289
vt 0.312256 0.687744
vt 0.311523 0.680664
vt 0.306396 0.671631
vt 0.310791 0.674561
vt 0.299561 0.733398
vt 0.305176 0.724121
vt 0.309326 0.714355
vt 0.312256 0.704102
vt 0.314697 0.694580
vt 0.314453 0.686279
vt 0.313965 0.679199
vt 0.309082 0.670654
vt 0.313232 0.673584
vt 0.305664 0.732178
vt 0.310547 0.722656
vt 0.313965 0.712402
vt 0.316406 0.702393
vt 0.317139 0.692871
vt 0.317383 0.684570
vt 0.563477 0.885315
vt 0.573730 0.885620
vt 0.625977 0.929932
vt 0.625977 0.914856
vt 0.615723 0.899048
vt 0.605469 0.886169
vt 0.553223 0.913269
vt 0.552734 0.897095
vt 0.552246 0.884766
vt 0.563477 0.873657
vt 0.542480 0.913635
vt 0.626465 0.899353
vt 0.636719 0.915283
vt 0.615723 0.886780
vt 0.626465 0.886963
vt 0.541992 0.897034
vt 0.541504 0.884216
vt 0.532227 0.913757
vt 0.541504 0.872803
vt 0.552734 0.873169
vt 0.636719 0.887451
vt 0.636719 0.900085
vt 0.625977 0.875427
vt 0.636719 0.875488
vt 0.531250 0.897156
vt 0.530762 0.884338
vt 0.530762 0.872803
vt 0.530762 0.860718
vt 0.541504 0.860596
vt 0.636719 0.864990
vt 0.530762 0.851440
vt 0.531250 0.844360
vt 0.541992 0.851562
vt 0.552734 0.860596
vt 0.531250 0.835815
vt 0.541992 0.844604
vt 0.553223 0.851562
vt 0.563965 0.860596
vt 0.541992 0.835449
vt 0.553223 0.844604
vt 0.563965 0.851807
vt 0.574219 0.860962
vt 0.573730 0.874146
vt 0.584473 0.874512
vt 0.594727 0.875122
vt 0.605469 0.874512
vt 0.604980 0.862793
vt 0.615723 0.875061
vt 0.615234 0.863647
vt 0.615234 0.854004
vt 0.625977 0.864380
vt 0.625977 0.854614
vt 0.615234 0.846313
vt 0.625977 0.846436
vt 0.604980 0.846069
vt 0.636719 0.855103
vt 0.636719 0.846436
vt 0.625488 0.837036
vt 0.615234 0.836548
vt 0.636719 0.837524
vt 0.605469 0.836182
vt 0.595703 0.836060
vt 0.605469 0.826904
vt 0.615234 0.827148
vt 0.595703 0.826782
vt 0.585938 0.826538
vt 0.625488 0.827148
vt 0.636719 0.828003
vt 0.605469 0.817627
vt 0.615234 0.817749
vt 0.595703 0.817505
vt 0.585938 0.817627
vt 0.575684 0.817871
vt 0.625977 0.818115
vt 0.636719 0.819336
vt 0.596191 0.808472
vt 0.605957 0.808472
vt 0.586426 0.808594
vt 0.575684 0.809082
vt 0.615723 0.808594
vt 0.625977 0.808838
vt 0.636719 0.809570
vt 0.564941 0.809204
vt 0.596191 0.799438
vt 0.606445 0.799438
vt 0.586426 0.799683
vt 0.575684 0.800293
vt 0.616211 0.799438
vt 0.636719 0.799561
vt 0.625977 0.799561
vt 0.606445 0.790527
vt 0.596680 0.790405
vt 0.585938 0.790649
vt 0.564453 0.800415
vt 0.575195 0.791138
vt 0.616699 0.790649
vt 0.626465 0.790894
vt 0.636719 0.791626
vt 0.617188 0.781738
vt 0.606934 0.781494
vt 0.596680 0.781372
vt 0.586426 0.781494
vt 0.626953 0.782104
vt 0.563965 0.791382
vt 0.553223 0.800781
vt 0.575195 0.781982
vt 0.617676 0.772339
vt 0.607422 0.772095
vt 0.597168 0.772095
vt 0.586426 0.772461
vt 0.636719 0.781738
vt 0.626953 0.772217
vt 0.636719 0.772461
vt 0.608398 0.762817
vt 0.618164 0.762573
vt 0.553223 0.791626
vt 0.564453 0.782227
vt 0.575684 0.772705
vt 0.597656 0.762939
vt 0.586914 0.763306
vt 0.627441 0.762207
vt 0.636719 0.760498
vt 0.608398 0.754028
vt 0.598145 0.754150
vt 0.316895 0.677490
vt 0.311523 0.669678
vt 0.315186 0.671875
vt 0.311279 0.730713
vt 0.315430 0.720703
vt 0.318359 0.710449
vt 0.319824 0.700195
vt 0.320557 0.690918
vt 0.320312 0.682617
vt 0.319092 0.675537
vt 0.315918 0.670410
vt 0.319580 0.672607
vt 0.313721 0.668457
vt 0.320068 0.718506
vt 0.316650 0.729004
vt 0.322266 0.708252
vt 0.323486 0.697998
vt 0.324219 0.688721
vt 0.323730 0.680176
vt 0.325195 0.677734
vt 0.321533 0.727051
vt 0.324463 0.716309
vt 0.326416 0.705811
vt 0.327393 0.695312
vt 0.327637 0.686035
vt 0.329590 0.683105
vt 0.329102 0.713867
vt 0.326416 0.724854
vt 0.330811 0.702881
vt 0.330811 0.692139
vt 0.334473 0.688965
vt 0.334961 0.699219
vt 0.333740 0.710938
vt 0.331299 0.722656
vt 0.339355 0.695557
vt 0.338867 0.707031
vt 0.336670 0.719727
vt 0.333252 0.731934
vt 0.327881 0.733887
vt 0.322754 0.735840
vt 0.344971 0.702393
vt 0.342529 0.716309
vt 0.338867 0.729248
vt 0.328857 0.743164
vt 0.334717 0.741455
vt 0.323730 0.744873
vt 0.318115 0.746338
vt 0.317383 0.737549
vt 0.349121 0.712402
vt 0.345215 0.726318
vt 0.340820 0.739258
vt 0.329590 0.752808
vt 0.324463 0.754150
vt 0.335693 0.751343
vt 0.318848 0.755249
vt 0.312256 0.747559
vt 0.312744 0.756348
vt 0.311768 0.739014
vt 0.352539 0.722900
vt 0.347412 0.736572
vt 0.342529 0.749756
vt 0.330322 0.762573
vt 0.325195 0.763428
vt 0.319580 0.764404
vt 0.336670 0.761353
vt 0.313721 0.765259
vt 0.307129 0.757202
vt 0.306396 0.748535
vt 0.307861 0.765991
vt 0.305908 0.740234
vt 0.354980 0.732666
vt 0.349121 0.747803
vt 0.343750 0.760010
vt 0.320068 0.773560
vt 0.325684 0.772949
vt 0.314453 0.774170
vt 0.308594 0.774902
vt 0.300781 0.758057
vt 0.301758 0.766602
vt 0.300049 0.749268
vt 0.302246 0.775269
vt 0.299805 0.740967
vt 0.356689 0.745850
vt 0.350586 0.758789
vt 0.309082 0.782959
vt 0.314941 0.782471
vt 0.294922 0.767334
vt 0.294189 0.758789
vt 0.293213 0.749756
vt 0.293701 0.741699
vt 0.295410 0.775879
vt 0.302734 0.783447
vt 0.309326 0.791138
vt 0.288818 0.768066
vt 0.288086 0.759766
vt 0.287598 0.750244
vt 0.287842 0.742188
vt 0.289307 0.776611
vt 0.296387 0.784058
vt 0.303223 0.791626
vt 0.283691 0.768921
vt 0.283691 0.760254
vt 0.283203 0.750610
vt 0.282715 0.742920
vt 0.289795 0.784790
vt 0.283447 0.777344
vt 0.296631 0.792236
vt 0.277588 0.769531
vt 0.278320 0.760986
vt 0.277832 0.751099
vt 0.277100 0.743164
vt 0.290039 0.792725
vt 0.283447 0.785278
vt 0.277100 0.778076
vt 0.271484 0.770264
vt 0.271484 0.761475
vt 0.271484 0.751709
vt 0.271240 0.743164
vt 0.266602 0.761719
vt 0.266602 0.752075
vt 0.277100 0.785645
vt 0.283447 0.793213
vt 0.271484 0.778809
vt 0.266602 0.770630
vt 0.261230 0.761963
vt 0.266357 0.743408
vt 0.261230 0.752197
vt 0.277100 0.793701
vt 0.271240 0.785889
vt 0.266357 0.779907
vt 0.261230 0.771362
vt 0.256348 0.762207
vt 0.261230 0.743408
vt 0.256348 0.752319
vt 0.271240 0.794067
vt 0.266357 0.786621
vt 0.260986 0.780396
vt 0.587402 0.754395
vt 0.627441 0.753662
vt 0.618164 0.754150
vt 0.575684 0.763672
vt 0.564453 0.773071
vt 0.608887 0.745850
vt 0.598633 0.745605
vt 0.618652 0.746094
vt 0.636719 0.751953
vt 0.627930 0.745361
vt 0.587402 0.745605
vt 0.576172 0.754761
vt 0.564941 0.763916
vt 0.609375 0.737061
vt 0.599121 0.736816
vt 0.619141 0.736572
vt 0.636719 0.744141
vt 0.627930 0.735352
vt 0.576660 0.745850
vt 0.587891 0.736816
vt 0.565430 0.755005
vt 0.619141 0.726318
vt 0.609863 0.727051
vt 0.599609 0.727051
vt 0.636719 0.734131
vt 0.628418 0.725342
vt 0.619629 0.715820
vt 0.610840 0.716553
vt 0.565918 0.746338
vt 0.577148 0.737061
vt 0.588379 0.727295
vt 0.600586 0.717041
vt 0.636719 0.724121
vt 0.628418 0.714844
vt 0.620605 0.705322
vt 0.611816 0.705811
vt 0.566406 0.737061
vt 0.577637 0.727539
vt 0.589355 0.717285
vt 0.601562 0.706543
vt 0.636719 0.712646
vt 0.628906 0.704590
vt 0.622559 0.694580
vt 0.613770 0.694824
vt 0.578613 0.717529
vt 0.566895 0.727295
vt 0.590332 0.707031
vt 0.603027 0.695557
vt 0.636719 0.703369
vt 0.629883 0.694580
vt 0.631836 0.684814
vt 0.625488 0.684082
vt 0.616699 0.683838
vt 0.567383 0.717285
vt 0.579102 0.707275
vt 0.591797 0.696533
vt 0.605957 0.684326
vt 0.636719 0.693604
vt 0.636719 0.686279
vt 0.638672 0.677734
vt 0.634766 0.676025
vt 0.628906 0.674316
vt 0.621094 0.672852
vt 0.580078 0.696777
vt 0.567871 0.707031
vt 0.593750 0.685303
vt 0.609863 0.672607
vt 0.643066 0.670166
vt 0.639648 0.667725
vt 0.634766 0.664795
vt 0.627441 0.661865
vt 0.568848 0.697021
vt 0.581543 0.685791
vt 0.595703 0.674316
vt 0.597656 0.663574
vt 0.616211 0.658691
vt 0.649902 0.662109
vt 0.646484 0.660156
vt 0.642090 0.656494
vt 0.583496 0.674805
vt 0.569336 0.686035
vt 0.636719 0.652344
vt 0.631348 0.647705
vt 0.613770 0.646729
vt 0.599121 0.651855
vt 0.583496 0.664307
vt 0.570312 0.675293
vt 0.656738 0.657959
vt 0.651855 0.654785
vt 0.648438 0.650635
vt 0.645020 0.646240
vt 0.627930 0.640137
vt 0.644043 0.640625
vt 0.612793 0.636230
vt 0.598633 0.639893
vt 0.583984 0.653320
vt 0.660156 0.656738
vt 0.657227 0.651123
vt 0.654785 0.645264
vt 0.652832 0.640137
vt 0.627441 0.631104
vt 0.641602 0.633301
vt 0.650391 0.634033
vt 0.598145 0.628906
vt 0.611328 0.626465
vt 0.638672 0.625488
vt 0.626465 0.620850
vt 0.648926 0.626221
vt 0.598145 0.617432
vt 0.611816 0.614258
vt 0.647461 0.616699
vt 0.637207 0.614502
vt 0.625000 0.609375
vt 0.583984 0.606689
vt 0.599609 0.604492
vt 0.611816 0.601562
vt 0.646484 0.606689
vt 0.636230 0.602783
vt 0.624512 0.598145
vt 0.613281 0.590576
vt 0.645996 0.595947
vt 0.635742 0.592285
vt 0.625000 0.587891
vt 0.614258 0.577637
vt 0.645508 0.585449
vt 0.635254 0.584229
vt 0.625000 0.575439
vt 0.645020 0.575928
vt 0.635254 0.571533
vt 0.625488 0.562988
vt 0.635254 0.558105
vt 0.644043 0.564209
vt 0.642578 0.552490
vt 0.633789 0.545410
vt 0.642090 0.541992
vt 0.641602 0.532227
vt 0.641602 0.522461
vt 0.641113 0.511475
vt 0.633789 0.511230
vt 0.256348 0.771973
vt 0.251953 0.762085
vt 0.251953 0.771973
vt 0.256348 0.743896
vt 0.251953 0.752563
vt 0.256104 0.780640
vt 0.260742 0.787598
vt 0.265869 0.794556
vt 0.247559 0.762085
vt 0.247559 0.771973
vt 0.251953 0.780640
vt 0.255859 0.788574
vt 0.260742 0.794556
vt 0.243164 0.771973
vt 0.247559 0.780640
vt 0.251953 0.788696
vt 0.255615 0.795044
vt 0.265625 0.802490
vt 0.260498 0.802612
vt 0.241699 0.771973
vt 0.243164 0.780640
vt 0.247559 0.788696
vt 0.251953 0.795654
vt 0.255615 0.802368
vt 0.265381 0.811035
vt 0.260254 0.811523
vt 0.241699 0.780640
vt 0.243164 0.788696
vt 0.247559 0.795654
vt 0.251953 0.802856
vt 0.255615 0.812134
vt 0.265137 0.820435
vt 0.259766 0.820923
vt 0.241699 0.788696
vt 0.243164 0.795654
vt 0.247559 0.802856
vt 0.251953 0.812500
vt 0.247559 0.813110
vt 0.255615 0.821045
vt 0.259766 0.829468
vt 0.265137 0.829468
vt 0.241699 0.795654
vt 0.243164 0.802856
vt 0.243164 0.813110
vt 0.247314 0.821289
vt 0.251709 0.821167
vt 0.241699 0.802856
vt 0.251709 0.829224
vt 0.255615 0.829224
vt 0.259766 0.838257
vt 0.265137 0.838013
vt 0.247314 0.829346
vt 0.241699 0.813110
vt 0.243042 0.821411
vt 0.243042 0.829468
vt 0.255615 0.837769
vt 0.251709 0.837524
vt 0.241699 0.822021
vt 0.265381 0.845581
vt 0.260254 0.845459
vt 0.255371 0.844971
vt 0.243164 0.837402
vt 0.247314 0.837769
vt 0.241699 0.830200
vt 0.251709 0.844482
vt 0.260498 0.853027
vt 0.255615 0.852417
vt 0.251953 0.851807
vt 0.247314 0.844238
vt 0.243042 0.843872
vt 0.241699 0.837280
vt 0.251953 0.858765
vt 0.255859 0.859131
vt 0.247437 0.851685
vt 0.247559 0.858276
vt 0.243042 0.851318
vt 0.241699 0.843750
vt 0.243164 0.858398
vt 0.251953 0.866333
vt 0.247559 0.866333
vt 0.243164 0.866333
vt 0.241699 0.850830
vt 0.241699 0.858398
vt 0.241699 0.866333
vt 0.247559 0.874390
vt 0.243164 0.874390
vt 0.241699 0.874390
vt 0.243164 0.880676
vt 0.251953 0.874390
vt 0.247559 0.880676
vt 0.255859 0.866699
vt 0.241699 0.880676
vt 0.241699 0.887329
vt 0.243164 0.887329
vt 0.256348 0.874512
vt 0.251953 0.880676
vt 0.247559 0.887329
vt 0.260498 0.860229
vt 0.260742 0.867676
vt 0.241699 0.895752
vt 0.243164 0.895752
vt 0.260986 0.875000
vt 0.256592 0.881165
vt 0.251953 0.887329
vt 0.247559 0.895752
vt 0.243164 0.904724
vt 0.265625 0.860962
vt 0.265381 0.853516
vt 0.265869 0.868408
vt 0.241699 0.904724
vt 0.266357 0.875793
vt 0.261719 0.882080
vt 0.256348 0.888672
vt 0.251953 0.895752
vt 0.247559 0.904724
vt 0.243164 0.914001
vt 0.270752 0.861328
vt 0.270752 0.853638
vt 0.270752 0.845581
vt 0.270996 0.869019
vt 0.241699 0.914001
vt 0.266602 0.882690
vt 0.270996 0.876648
vt 0.261475 0.889587
vt 0.256348 0.896729
vt 0.251953 0.904724
vt 0.247559 0.914001
vt 0.276367 0.861694
vt 0.276367 0.853760
vt 0.276611 0.845337
vt 0.270752 0.837646
vt 0.276367 0.869751
vt 0.266602 0.891052
vt 0.271240 0.883972
vt 0.276123 0.877502
vt 0.261475 0.898193
vt 0.256592 0.905762
vt 0.251953 0.914001
vt 0.282471 0.862305
vt 0.282715 0.854004
vt 0.282715 0.845337
vt 0.640625 0.501221
vt 0.625000 0.510986
vt 0.633789 0.500977
vt 0.640625 0.491699
vt 0.615723 0.510742
vt 0.625000 0.501465
vt 0.633301 0.491211
vt 0.640625 0.482422
vt 0.615234 0.500488
vt 0.624512 0.491211
vt 0.633301 0.481934
vt 0.614746 0.490234
vt 0.624023 0.481934
vt 0.632812 0.472656
vt 0.624023 0.472656
vt 0.640625 0.472168
vt 0.614258 0.481445
vt 0.613770 0.472168
vt 0.633301 0.464844
vt 0.624512 0.464355
vt 0.614746 0.464355
vt 0.641113 0.464355
vt 0.604004 0.463867
vt 0.633301 0.455566
vt 0.624512 0.455078
vt 0.614746 0.454590
vt 0.604004 0.454590
vt 0.640625 0.456055
vt 0.633301 0.444824
vt 0.614746 0.443848
vt 0.625000 0.443848
vt 0.592285 0.454102
vt 0.604004 0.443359
vt 0.615723 0.431641
vt 0.641113 0.445801
vt 0.634277 0.433594
vt 0.625488 0.432129
vt 0.592285 0.442871
vt 0.604492 0.430664
vt 0.625977 0.418457
vt 0.615723 0.416992
vt 0.634766 0.420410
vt 0.641602 0.435059
vt 0.592285 0.430664
vt 0.604492 0.416504
vt 0.626465 0.403809
vt 0.635742 0.406250
vt 0.615723 0.400391
vt 0.645020 0.409668
vt 0.643066 0.422852
vt 0.592285 0.416016
vt 0.604004 0.398438
vt 0.627441 0.387695
vt 0.638184 0.393555
vt 0.647461 0.399902
vt 0.615234 0.385742
vt 0.591797 0.398926
vt 0.603027 0.385742
vt 0.613770 0.372070
vt 0.629395 0.372559
vt 0.641602 0.380859
vt 0.650879 0.389160
vt 0.590820 0.385254
vt 0.601074 0.370605
vt 0.623047 0.357910
vt 0.640625 0.364258
vt 0.655273 0.379395
vt 0.588379 0.372070
vt 0.577148 0.386719
vt 0.563965 0.388672
vt 0.575195 0.374023
vt 0.552246 0.389648
vt 0.562500 0.375000
vt 0.550781 0.376465
vt 0.539551 0.390625
vt 0.560547 0.363770
vt 0.538574 0.377441
vt 0.548828 0.365234
vt 0.528320 0.391113
vt 0.558594 0.354004
vt 0.527344 0.377930
vt 0.537598 0.365723
vt 0.546875 0.354980
vt 0.517578 0.391602
vt 0.557617 0.344727
vt 0.526855 0.365723
vt 0.517090 0.377930
vt 0.536133 0.355957
vt 0.545898 0.345703
vt 0.507324 0.377930
vt 0.507812 0.391602
vt 0.276611 0.837158
vt 0.270508 0.829102
vt 0.281982 0.870483
vt 0.281982 0.878784
vt 0.276367 0.885681
vt 0.289307 0.854370
vt 0.288818 0.862915
vt 0.288086 0.871338
vt 0.282959 0.836914
vt 0.289551 0.845581
vt 0.276611 0.828369
vt 0.270752 0.819946
vt 0.295410 0.863525
vt 0.295898 0.854858
vt 0.282227 0.886963
vt 0.287598 0.879700
vt 0.294678 0.872070
vt 0.289795 0.836914
vt 0.282959 0.828003
vt 0.296143 0.845947
vt 0.276611 0.819336
vt 0.270752 0.810669
vt 0.301514 0.872681
vt 0.302002 0.864258
vt 0.302490 0.855347
vt 0.294189 0.880615
vt 0.287109 0.888000
vt 0.296387 0.837158
vt 0.289795 0.827637
vt 0.283203 0.818970
vt 0.302734 0.846191
vt 0.276855 0.810181
vt 0.301025 0.881226
vt 0.308105 0.873291
vt 0.308594 0.864624
vt 0.309082 0.855591
vt 0.293213 0.888794
vt 0.302979 0.837158
vt 0.296387 0.827148
vt 0.290039 0.818604
vt 0.283447 0.809814
vt 0.309326 0.846558
vt 0.307617 0.881836
vt 0.300537 0.889526
vt 0.313721 0.882263
vt 0.314209 0.873779
vt 0.314453 0.864868
vt 0.314941 0.855591
vt 0.309326 0.837158
vt 0.303223 0.827026
vt 0.296875 0.818115
vt 0.290283 0.809448
vt 0.314941 0.846313
vt 0.313477 0.890747
vt 0.307373 0.890137
vt 0.320312 0.882690
vt 0.319824 0.891479
vt 0.320801 0.874146
vt 0.320557 0.864990
vt 0.320801 0.855713
vt 0.315186 0.836792
vt 0.309570 0.827026
vt 0.303467 0.817871
vt 0.296875 0.809082
vt 0.321045 0.846069
vt 0.325928 0.883240
vt 0.325684 0.892273
vt 0.326172 0.874268
vt 0.326172 0.864990
vt 0.326416 0.855469
vt 0.321045 0.836548
vt 0.315430 0.827026
vt 0.309814 0.817505
vt 0.303467 0.808716
vt 0.326660 0.845825
vt 0.330566 0.883789
vt 0.330078 0.893250
vt 0.330811 0.874268
vt 0.331543 0.864990
vt 0.331787 0.855469
vt 0.326904 0.836182
vt 0.321289 0.826782
vt 0.315674 0.817505
vt 0.309814 0.808350
vt 0.332275 0.845703
vt 0.336182 0.894348
vt 0.336670 0.884705
vt 0.337158 0.875000
vt 0.337891 0.865234
vt 0.338135 0.855347
vt 0.332520 0.835938
vt 0.326904 0.826416
vt 0.321289 0.817261
vt 0.315674 0.808105
vt 0.338623 0.845459
vt 0.343262 0.885620
vt 0.342773 0.895630
vt 0.343994 0.875549
vt 0.344482 0.865356
vt 0.344971 0.855225
vt 0.338867 0.835693
vt 0.332764 0.826294
vt 0.327148 0.817017
vt 0.321289 0.807983
vt 0.345459 0.845215
vt 0.348633 0.897095
vt 0.349365 0.886536
vt 0.350342 0.875854
vt 0.351074 0.865479
vt 0.352051 0.855103
vt 0.345703 0.835327
vt 0.338867 0.825928
vt 0.332764 0.816772
vt 0.327148 0.807861
vt 0.352295 0.844971
vt 0.355225 0.898865
vt 0.356201 0.887329
vt 0.357422 0.875427
vt 0.358154 0.864990
vt 0.358398 0.855225
vt 0.352539 0.834717
vt 0.345947 0.825684
vt 0.339111 0.816528
vt 0.332764 0.807617
vt 0.358398 0.845459
vt 0.358887 0.834595
vt 0.352783 0.825195
vt 0.346191 0.816162
vt 0.339111 0.807373
vt 0.359131 0.824341
vt 0.353027 0.815430
vt 0.346191 0.806885
vt 0.338867 0.798462
vt 0.345947 0.797852
vt 0.332520 0.798950
vt 0.359619 0.814697
vt 0.353027 0.806274
vt 0.352783 0.796509
vt 0.338867 0.789307
vt 0.345703 0.788818
vt 0.352539 0.788696
vt 0.359131 0.805298
vt 0.359375 0.795288
vt 0.516602 0.365723
vt 0.525879 0.355957
vt 0.535156 0.346191
vt 0.499756 0.377930
vt 0.499756 0.392090
vt 0.492432 0.391602
vt 0.499756 0.365234
vt 0.507812 0.365723
vt 0.516113 0.355957
vt 0.524902 0.346680
vt 0.534180 0.335938
vt 0.492432 0.377930
vt 0.507324 0.355957
vt 0.507324 0.347168
vt 0.516113 0.346680
vt 0.523926 0.336426
vt 0.515137 0.336426
vt 0.532227 0.326172
vt 0.521973 0.326660
vt 0.499756 0.355957
vt 0.499756 0.347168
vt 0.499756 0.335449
vt 0.507324 0.335449
vt 0.514648 0.327637
vt 0.530273 0.316406
vt 0.519043 0.317871
vt 0.507324 0.322266
vt 0.499756 0.322754
vt 0.492676 0.347168
vt 0.492676 0.355957
vt 0.492676 0.335449
vt 0.518066 0.308594
vt 0.507812 0.310547
vt 0.500000 0.311523
vt 0.492432 0.322266
vt 0.492432 0.365723
vt 0.483887 0.355957
vt 0.484619 0.336426
vt 0.484131 0.346680
vt 0.485596 0.327637
vt 0.483398 0.365723
vt 0.507812 0.300781
vt 0.500000 0.302246
vt 0.491943 0.310547
vt 0.480957 0.317871
vt 0.477783 0.326660
vt 0.475830 0.336426
vt 0.474854 0.346680
vt 0.500000 0.287598
vt 0.491699 0.300781
vt 0.482178 0.308594
vt 0.469727 0.316406
vt 0.471436 0.307129
vt 0.467529 0.326172
vt 0.465820 0.335938
vt 0.482422 0.298828
vt 0.491211 0.286621
vt 0.459229 0.315430
vt 0.461182 0.306152
vt 0.457031 0.325195
vt 0.472412 0.296875
vt 0.462158 0.295898
vt 0.481934 0.285156
vt 0.472656 0.284180
vt 0.448242 0.314941
vt 0.450195 0.305664
vt 0.451416 0.294922
vt 0.462646 0.283203
vt 0.481934 0.273438
vt 0.472656 0.272949
vt 0.440430 0.293945
vt 0.438965 0.304688
vt 0.452148 0.282715
vt 0.462646 0.272461
vt 0.481934 0.262695
vt 0.472656 0.262207
vt 0.452148 0.271484
vt 0.440918 0.281738
vt 0.462891 0.262207
vt 0.428955 0.292969
vt 0.429688 0.280762
vt 0.430176 0.270508
vt 0.441162 0.270996
vt 0.441895 0.261230
vt 0.452637 0.261719
vt 0.419434 0.269531
vt 0.418701 0.280273
vt 0.430908 0.260254
vt 0.420166 0.259766
vt 0.417480 0.291504
vt 0.427490 0.303711
vt 0.415771 0.302734
vt 0.425293 0.313477
vt 0.437012 0.313965
vt 0.413330 0.312988
vt 0.434570 0.323730
vt 0.422852 0.322754
vt 0.446045 0.324707
vt 0.411133 0.322266
vt 0.444092 0.334961
vt 0.432373 0.333984
vt 0.420410 0.332520
vt 0.455322 0.335938
vt 0.399902 0.321777
vt 0.408691 0.331055
vt 0.453857 0.345703
vt 0.442383 0.344727
vt 0.430664 0.343262
vt 0.418457 0.341309
vt 0.464844 0.346191
vt 0.397217 0.329590
vt 0.389893 0.320801
vt 0.406250 0.339844
vt 0.464111 0.355957
vt 0.452881 0.354980
vt 0.441406 0.354004
vt 0.332275 0.790039
vt 0.327148 0.799194
vt 0.338379 0.780273
vt 0.345215 0.779541
vt 0.352051 0.779053
vt 0.359131 0.787231
vt 0.359131 0.778931
vt 0.332031 0.781372
vt 0.326904 0.790405
vt 0.321289 0.799316
vt 0.337646 0.770996
vt 0.344482 0.770020
vt 0.351318 0.769043
vt 0.358887 0.768799
vt 0.331055 0.772217
vt 0.326416 0.781616
vt 0.321045 0.790649
vt 0.358643 0.758179
vt 0.320801 0.782104
vt 0.315186 0.790771
vt 0.315430 0.799438
vt 0.309570 0.799805
vt 0.303467 0.800171
vt 0.296875 0.800659
vt 0.290283 0.801025
vt 0.283447 0.801514
vt 0.277100 0.801880
vt 0.270996 0.802246
vt 0.241699 0.923096
vt 0.243164 0.923096
vt 0.241699 0.933105
vt 0.247559 0.923096
vt 0.243164 0.933105
vt 0.247559 0.933105
vt 0.241699 0.943085
vt 0.251953 0.923096
vt 0.251953 0.933105
vt 0.243164 0.943085
vt 0.247559 0.943085
vt 0.251953 0.942566
vt 0.256348 0.924011
vt 0.256348 0.914978
vt 0.256348 0.933350
vt 0.243164 0.952881
vt 0.247559 0.952881
vt 0.251953 0.952606
vt 0.256348 0.952850
vt 0.256348 0.942780
vt 0.261475 0.916321
vt 0.261475 0.925232
vt 0.261475 0.907166
vt 0.261475 0.934143
vt 0.251953 0.962189
vt 0.247559 0.961945
vt 0.261230 0.943268
vt 0.261230 0.953186
vt 0.256104 0.962402
vt 0.266602 0.908569
vt 0.266602 0.917664
vt 0.266602 0.926453
vt 0.266602 0.899658
vt 0.266602 0.935120
vt 0.266602 0.943909
vt 0.251465 0.971497
vt 0.247192 0.971497
vt 0.266357 0.953461
vt 0.260986 0.962555
vt 0.256104 0.971497
vt 0.271484 0.901001
vt 0.271484 0.909851
vt 0.271240 0.918884
vt 0.271240 0.927612
vt 0.271484 0.892517
vt 0.271240 0.936096
vt 0.271484 0.944550
vt 0.266357 0.962616
vt 0.270996 0.953705
vt 0.261475 0.971497
vt 0.276611 0.893982
vt 0.277588 0.902283
vt 0.277344 0.911133
vt 0.277100 0.920044
vt 0.277100 0.928711
vt 0.277344 0.937012
vt 0.277100 0.945190
vt 0.266113 0.971497
vt 0.270752 0.962646
vt 0.276367 0.954010
vt 0.282227 0.895081
vt 0.282715 0.903381
vt 0.282471 0.912231
vt 0.282227 0.921143
vt 0.282471 0.929749
vt 0.282471 0.937775
vt 0.282471 0.945801
vt 0.270752 0.971497
vt 0.275635 0.962799
vt 0.281494 0.954376
vt 0.287109 0.896179
vt 0.287109 0.904297
vt 0.286865 0.913208
vt 0.286621 0.922058
vt 0.286621 0.930481
vt 0.286621 0.938477
vt 0.286377 0.946472
vt 0.275146 0.971497
vt 0.280762 0.962921
vt 0.285645 0.954803
vt 0.293213 0.896973
vt 0.292969 0.905151
vt 0.292725 0.914062
vt 0.292480 0.922852
vt 0.292480 0.931152
vt 0.292236 0.939178
vt 0.291992 0.947205
vt 0.280029 0.971497
vt 0.284668 0.963135
vt 0.291260 0.955292
vt 0.300049 0.897400
vt 0.300049 0.906006
vt 0.429199 0.353027
vt 0.416748 0.351074
vt 0.474365 0.355957
vt 0.473145 0.365723
vt 0.462646 0.365723
vt 0.451172 0.365234
vt 0.439209 0.363770
vt 0.427002 0.362793
vt 0.472656 0.377930
vt 0.482910 0.377930
vt 0.461670 0.377441
vt 0.449463 0.376465
vt 0.437500 0.375488
vt 0.482666 0.391602
vt 0.471924 0.391113
vt 0.460449 0.390625
vt 0.447998 0.389160
vt 0.636719 0.942047
vt 0.636719 0.938629
vt 0.636719 0.929688
vt 0.599121 0.057617
vt 0.583496 0.060059
vt 0.582031 0.057617
vt 0.568848 0.060059
vt 0.570801 0.069336
vt 0.583984 0.068848
vt 0.567871 0.057617
vt 0.583984 0.082031
vt 0.559082 0.069824
vt 0.557617 0.060059
vt 0.571289 0.082031
vt 0.560059 0.082031
vt 0.557129 0.057617
vt 0.572754 0.093262
vt 0.562012 0.093262
vt 0.548828 0.069824
vt 0.549805 0.082031
vt 0.547363 0.060059
vt 0.551758 0.092773
vt 0.546387 0.057617
vt 0.562988 0.106445
vt 0.552734 0.105957
vt 0.539551 0.069824
vt 0.540527 0.081543
vt 0.541992 0.092773
vt 0.538086 0.060059
vt 0.543457 0.105957
vt 0.537598 0.057617
vt 0.553711 0.119141
vt 0.544434 0.118652
vt 0.531250 0.069824
vt 0.531738 0.081543
vt 0.533203 0.092773
vt 0.534180 0.105469
vt 0.530273 0.060059
vt 0.534668 0.118164
vt 0.529785 0.057617
vt 0.554199 0.128906
vt 0.544434 0.128418
vt 0.535156 0.127930
vt 0.522949 0.069824
vt 0.523438 0.081055
vt 0.524414 0.092285
vt 0.525391 0.105469
vt 0.525879 0.118164
vt 0.521973 0.060059
vt 0.526367 0.127441
vt 0.521973 0.057617
vt 0.544922 0.140137
vt 0.535645 0.139648
vt 0.526855 0.139160
vt 0.515625 0.080566
vt 0.516113 0.091309
vt 0.517090 0.104980
vt 0.517578 0.117676
vt 0.517578 0.127441
vt 0.518066 0.139160
vt 0.535645 0.151367
vt 0.526855 0.150879
vt 0.518066 0.150879
vt 0.508301 0.090820
vt 0.508789 0.104492
vt 0.509277 0.117676
vt 0.509277 0.126953
vt 0.509766 0.138672
vt 0.509766 0.150879
vt 0.518555 0.162109
vt 0.526855 0.162109
vt 0.509766 0.162109
vt 0.500977 0.104492
vt 0.500977 0.117676
vt 0.500977 0.126953
vt 0.501465 0.138672
vt 0.501465 0.150879
vt 0.500977 0.162109
vt 0.518066 0.172852
vt 0.509766 0.172852
vt 0.500977 0.172852
vt 0.492676 0.104492
vt 0.492676 0.117676
vt 0.492920 0.127441
vt 0.492920 0.139160
vt 0.492676 0.150879
vt 0.492432 0.162109
vt 0.299805 0.914917
vt 0.299805 0.923584
vt 0.299561 0.931885
vt 0.299316 0.939941
vt 0.298828 0.948090
vt 0.284912 0.971497
vt 0.290283 0.963379
vt 0.298096 0.955933
vt 0.307129 0.898438
vt 0.306641 0.906982
vt 0.306396 0.915833
vt 0.306152 0.924500
vt 0.305908 0.932800
vt 0.305664 0.940948
vt 0.304932 0.949097
vt 0.291260 0.971497
vt 0.296875 0.963715
vt 0.304199 0.956970
vt 0.313232 0.899353
vt 0.312988 0.908020
vt 0.312256 0.916870
vt 0.312012 0.925537
vt 0.311768 0.933960
vt 0.311035 0.942078
vt 0.310059 0.950439
vt 0.319580 0.900330
vt 0.319580 0.909180
vt 0.296143 0.971497
vt 0.302979 0.964417
vt 0.309326 0.958069
vt 0.319336 0.918030
vt 0.319092 0.926697
vt 0.319092 0.935242
vt 0.318604 0.943665
vt 0.317871 0.951721
vt 0.325195 0.919189
vt 0.325439 0.910217
vt 0.325195 0.928040
vt 0.324951 0.936707
vt 0.302490 0.971512
vt 0.308105 0.965240
vt 0.316895 0.959320
vt 0.324463 0.945221
vt 0.323730 0.953186
vt 0.329834 0.929626
vt 0.329834 0.920593
vt 0.329590 0.938324
vt 0.329102 0.946930
vt 0.307861 0.971771
vt 0.315674 0.966339
vt 0.322510 0.960632
vt 0.328125 0.954773
vt 0.333740 0.948853
vt 0.334473 0.940430
vt 0.334961 0.931641
vt 0.313477 0.972519
vt 0.321289 0.967468
vt 0.326904 0.961975
vt 0.332520 0.956421
vt 0.339355 0.951019
vt 0.337646 0.958221
vt 0.340332 0.942932
vt 0.319580 0.973465
vt 0.325439 0.968628
vt 0.331299 0.963318
vt 0.336182 0.964844
vt 0.344482 0.953674
vt 0.342285 0.960266
vt 0.340576 0.966370
vt 0.323486 0.974594
vt 0.329346 0.969772
vt 0.333984 0.971054
vt 0.338135 0.972473
vt 0.345215 0.968445
vt 0.347412 0.963135
vt 0.326660 0.975510
vt 0.334473 0.977875
vt 0.330078 0.976501
vt 0.339600 0.979813
vt 0.342773 0.974243
vt 0.349365 0.957123
vt 0.351074 0.949341
vt 0.344971 0.945465
vt 0.345947 0.936462
vt 0.340820 0.933960
vt 0.352295 0.939667
vt 0.346680 0.926941
vt 0.341309 0.924561
vt 0.335205 0.922485
vt 0.353271 0.929749
vt 0.347412 0.916931
vt 0.341797 0.914917
vt 0.335693 0.913208
vt 0.330078 0.911560
vt 0.354004 0.919067
vt 0.348145 0.906860
vt 0.342285 0.905273
vt 0.335938 0.903809
vt 0.330078 0.902466
vt 0.325439 0.901367
vt 0.354492 0.908630
vt 0.241699 0.961945
vt 0.243164 0.971497
vt 0.241699 0.971497
vt 0.243164 0.961945
vt 0.241699 0.952881
vt 0.447266 0.913208
vt 0.437012 0.897644
vt 0.447754 0.897095
vt 0.436768 0.885315
vt 0.447021 0.884277
vt 0.436523 0.873657
vt 0.447510 0.873169
vt 0.436279 0.860962
vt 0.447266 0.860596
vt 0.447021 0.851562
vt 0.436035 0.851807
vt 0.446533 0.844604
vt 0.435547 0.844727
vt 0.446533 0.835205
vt 0.435547 0.835327
vt 0.446289 0.826538
vt 0.435059 0.826538
vt 0.492188 0.172852
vt 0.484375 0.104980
vt 0.484375 0.117676
vt 0.484375 0.127441
vt 0.484619 0.139160
vt 0.484375 0.150879
vt 0.484131 0.162109
vt 0.483643 0.172852
vt 0.475830 0.105469
vt 0.475830 0.118164
vt 0.475830 0.127930
vt 0.476074 0.139648
vt 0.475830 0.151367
vt 0.475586 0.162598
vt 0.475098 0.173340
vt 0.467041 0.105469
vt 0.467041 0.118652
vt 0.467041 0.127930
vt 0.467285 0.139648
vt 0.467041 0.151367
vt 0.466553 0.162598
vt 0.466064 0.173340
vt 0.458252 0.105957
vt 0.458008 0.119141
vt 0.458008 0.128418
vt 0.458008 0.140137
vt 0.457764 0.151855
vt 0.457275 0.163086
vt 0.456543 0.173340
vt 0.449463 0.106445
vt 0.448975 0.119629
vt 0.448730 0.129395
vt 0.448486 0.140625
vt 0.447998 0.151855
vt 0.447510 0.163086
vt 0.446777 0.173828
vt 0.439941 0.107422
vt 0.439209 0.120605
vt 0.438965 0.129883
vt 0.438477 0.141113
vt 0.437988 0.152344
vt 0.437256 0.163574
vt 0.436768 0.173828
vt 0.428955 0.107910
vt 0.428711 0.121094
vt 0.428467 0.130371
vt 0.427979 0.141602
vt 0.427490 0.152344
vt 0.427002 0.163574
vt 0.426270 0.173828
vt 0.416748 0.108398
vt 0.416748 0.121582
vt 0.416748 0.130859
vt 0.416504 0.142090
vt 0.416504 0.152832
vt 0.416016 0.163574
vt 0.415039 0.173828
vt 0.403809 0.108398
vt 0.404297 0.121582
vt 0.404541 0.131348
vt 0.404297 0.142090
vt 0.404053 0.152344
vt 0.403564 0.163086
vt 0.402100 0.173340
vt 0.390625 0.108887
vt 0.391357 0.121582
vt 0.391846 0.130859
vt 0.391602 0.142090
vt 0.390381 0.151367
vt 0.388916 0.162109
vt 0.387207 0.171875
vt 0.377930 0.109863
vt 0.377686 0.122070
vt 0.377930 0.132324
vt 0.377686 0.142578
vt 0.376709 0.152344
vt 0.375244 0.162109
vt 0.365967 0.111328
vt 0.365723 0.123535
vt 0.365479 0.133789
vt 0.364990 0.144043
vt 0.364746 0.152832
vt 0.374023 0.171387
vt 0.364258 0.162598
vt 0.354980 0.112305
vt 0.354492 0.124023
vt 0.354248 0.134766
vt 0.354004 0.145020
vt 0.354004 0.153320
vt 0.364502 0.171875
vt 0.354248 0.163086
vt 0.344238 0.112793
vt 0.343994 0.124512
vt 0.343994 0.135742
vt 0.343750 0.145508
vt 0.343994 0.152832
vt 0.333496 0.112305
vt 0.333496 0.124512
vt 0.333496 0.135742
vt 0.354980 0.171875
vt 0.344727 0.171875
vt 0.343994 0.162598
vt 0.333984 0.152344
vt 0.333740 0.145020
vt 0.323242 0.112793
vt 0.323242 0.124023
vt 0.323242 0.145020
vt 0.323242 0.134766
vt 0.323242 0.153320
vt 0.333984 0.162598
vt 0.334473 0.171875
vt 0.355957 0.182129
vt 0.345459 0.181641
vt 0.323242 0.163086
vt 0.323242 0.171875
vt 0.334961 0.181152
vt 0.446289 0.817993
vt 0.435059 0.817871
vt 0.446533 0.809448
vt 0.435303 0.809204
vt 0.435547 0.800415
vt 0.435791 0.791382
vt 0.435547 0.782227
vt 0.756836 0.771973
vt 0.758301 0.771973
vt 0.752441 0.762085
vt 0.756836 0.780640
vt 0.752441 0.771973
vt 0.752441 0.780640
vt 0.758301 0.780640
vt 0.748047 0.752563
vt 0.748047 0.762085
vt 0.756836 0.788696
vt 0.752441 0.788696
vt 0.748047 0.780640
vt 0.748047 0.771973
vt 0.748047 0.788696
vt 0.758301 0.788696
vt 0.743652 0.752319
vt 0.743652 0.743896
vt 0.743652 0.762207
vt 0.756836 0.795654
vt 0.752441 0.795654
vt 0.748047 0.795654
vt 0.743652 0.780640
vt 0.744141 0.788574
vt 0.743652 0.771973
vt 0.744141 0.795044
vt 0.758301 0.795654
vt 0.738770 0.743408
vt 0.738770 0.752197
vt 0.756836 0.802856
vt 0.752441 0.802856
vt 0.748047 0.802856
vt 0.744141 0.802368
vt 0.758301 0.802856
vt 0.756836 0.813110
vt 0.752441 0.813110
vt 0.744141 0.812134
vt 0.748047 0.812500
vt 0.752441 0.821289
vt 0.758301 0.813110
vt 0.756836 0.821411
vt 0.744141 0.821045
vt 0.748047 0.821167
vt 0.756836 0.829468
vt 0.752441 0.829346
vt 0.758301 0.822021
vt 0.748047 0.829224
vt 0.744141 0.829224
vt 0.756836 0.837402
vt 0.758301 0.830200
vt 0.752441 0.837769
vt 0.748047 0.837524
vt 0.744141 0.837769
vt 0.756836 0.843872
vt 0.758301 0.837280
vt 0.748047 0.844482
vt 0.752441 0.844238
vt 0.744629 0.844971
vt 0.739746 0.845459
vt 0.748047 0.851807
vt 0.744141 0.852417
vt 0.758301 0.843750
vt 0.756836 0.851318
vt 0.752441 0.851685
vt 0.739258 0.853027
vt 0.752441 0.858276
vt 0.748047 0.858765
vt 0.756836 0.858398
vt 0.758301 0.850830
vt 0.758301 0.858398
vt 0.734375 0.853516
vt 0.752441 0.866333
vt 0.756836 0.866333
vt 0.758301 0.866333
vt 0.729004 0.853638
vt 0.734375 0.860962
vt 0.756836 0.874390
vt 0.723633 0.853760
vt 0.729004 0.861328
vt 0.733887 0.868408
vt 0.717285 0.854004
vt 0.723633 0.861694
vt 0.729004 0.869019
vt 0.733398 0.875793
vt 0.717285 0.862305
vt 0.723633 0.869751
vt 0.729004 0.876648
vt 0.717773 0.870483
vt 0.710938 0.862915
vt 0.723633 0.877502
vt 0.711914 0.871338
vt 0.717773 0.878784
vt 0.677246 0.735840
vt 0.681641 0.746338
vt 0.682617 0.737549
vt 0.687500 0.747559
vt 0.687012 0.756348
vt 0.687988 0.739014
vt 0.692871 0.757202
vt 0.693359 0.748535
vt 0.691895 0.765991
vt 0.693848 0.740234
vt 0.699219 0.758057
vt 0.345215 0.191406
vt 0.355957 0.192383
vt 0.323486 0.182129
vt 0.334961 0.190918
vt 0.355225 0.202637
vt 0.344482 0.201660
vt 0.366211 0.192871
vt 0.365967 0.203125
vt 0.323486 0.189941
vt 0.334717 0.200684
vt 0.354980 0.212402
vt 0.344238 0.211426
vt 0.334961 0.209473
vt 0.375732 0.192871
vt 0.323486 0.200684
vt 0.323486 0.208496
vt 0.344727 0.220703
vt 0.334473 0.218750
vt 0.323486 0.217285
vt 0.334473 0.229004
vt 0.323486 0.229004
vt 0.323486 0.238281
vt 0.386230 0.182617
vt 0.323486 0.248047
vt 0.374512 0.182129
vt 0.365234 0.181641
vt 0.557617 0.686523
vt 0.557617 0.696777
vt 0.545898 0.696777
vt 0.556641 0.706543
vt 0.545410 0.706299
vt 0.534180 0.706787
vt 0.544922 0.715576
vt 0.556152 0.716553
vt 0.533691 0.715820
vt 0.521973 0.716064
vt 0.544434 0.726807
vt 0.533691 0.727051
vt 0.555664 0.726807
vt 0.522461 0.726807
vt 0.544434 0.737061
vt 0.533203 0.737305
vt 0.522461 0.737305
vt 0.555176 0.736816
vt 0.521973 0.747314
vt 0.533203 0.747070
vt 0.554688 0.746582
vt 0.543945 0.746826
vt 0.521973 0.756348
vt 0.532715 0.756104
vt 0.543457 0.755737
vt 0.554199 0.755371
vt 0.521484 0.765259
vt 0.532227 0.765015
vt 0.554199 0.764282
vt 0.543457 0.764648
vt 0.553711 0.773315
vt 0.542969 0.773682
vt 0.532227 0.774048
vt 0.521484 0.774292
vt 0.542969 0.782837
vt 0.532227 0.783203
vt 0.553711 0.782471
vt 0.542480 0.791992
vt 0.686035 0.345215
vt 0.683105 0.347168
vt 0.684082 0.343262
vt 0.679688 0.344238
vt 0.679199 0.349609
vt 0.681641 0.341309
vt 0.676758 0.339844
vt 0.675293 0.346191
vt 0.674316 0.354004
vt 0.678223 0.333008
vt 0.673340 0.332520
vt 0.671387 0.341797
vt 0.669922 0.350098
vt 0.668945 0.359863
vt 0.676758 0.325195
vt 0.670410 0.325195
vt 0.667480 0.334473
vt 0.666016 0.345215
vt 0.665039 0.354980
vt 0.676758 0.315918
vt 0.664062 0.327148
vt 0.669434 0.317383
vt 0.661621 0.337891
vt 0.660645 0.349121
vt 0.660156 0.360352
vt 0.655273 0.353516
vt 0.664551 0.366211
vt 0.655762 0.341309
vt 0.657715 0.330078
vt 0.662109 0.318848
vt 0.676270 0.306641
vt 0.668457 0.308105
vt 0.654785 0.365723
vt 0.648926 0.358398
vt 0.649902 0.345215
vt 0.651367 0.333008
vt 0.654785 0.321777
vt 0.660156 0.310059
vt 0.660156 0.372070
vt 0.647949 0.372070
vt 0.676270 0.296387
vt 0.667480 0.298340
vt 0.642578 0.349121
vt 0.645020 0.336914
vt 0.647949 0.324707
vt 0.698242 0.766602
vt 0.699707 0.749268
vt 0.700195 0.740967
vt 0.705078 0.767334
vt 0.705566 0.758789
vt 0.706543 0.749756
vt 0.706055 0.741699
vt 0.710938 0.768066
vt 0.711914 0.759766
vt 0.712402 0.750244
vt 0.711914 0.742188
vt 0.716309 0.768921
vt 0.716309 0.760254
vt 0.716797 0.750610
vt 0.717285 0.742920
vt 0.722168 0.769531
vt 0.721680 0.760986
vt 0.722168 0.751099
vt 0.722656 0.743164
vt 0.728516 0.770264
vt 0.728516 0.761475
vt 0.728516 0.751709
vt 0.733398 0.761719
vt 0.728516 0.743164
vt 0.733398 0.752075
vt 0.733398 0.770630
vt 0.738770 0.761963
vt 0.733398 0.743408
vt 0.738770 0.771362
vn 0.9750 -0.0258 0.2209
vn 0.9560 -0.0259 0.2923
vn 0.9749 -0.0074 0.2226
vn 0.9952 -0.0383 0.0900
vn 0.9943 -0.0385 0.0993
vn 0.9976 -0.0645 -0.0260
vn 0.9909 -0.0404 0.1285
vn 0.9976 -0.0571 -0.0399
vn 0.9947 -0.0981 -0.0305
vn 0.9458 -0.0096 0.3247
vn 0.9407 -0.0415 0.3366
vn 0.9666 -0.0275 0.2549
vn 0.9941 -0.0902 -0.0601
vn 0.9197 -0.1969 0.3398
vn 0.9041 -0.1155 0.4114
vn 0.9383 -0.1405 0.3159
vn 0.9407 -0.1191 0.3177
vn 0.9455 -0.1247 0.3009
vn 0.9968 -0.0645 -0.0462
vn 0.9878 -0.0473 0.1485
vn 0.9623 -0.0385 0.2694
vn 0.9600 -0.0408 0.2770
vn 0.9334 -0.0211 0.3583
vn 0.9849 -0.0690 0.1590
vn 0.9906 -0.0924 -0.1009
vn 0.9973 -0.0660 -0.0318
vn 0.9320 -0.0168 0.3620
vn 0.9306 -0.0304 0.3648
vn 0.9568 -0.0635 0.2839
vn 0.9794 -0.0875 0.1818
vn 0.9864 -0.0912 -0.1371
vn 0.9957 -0.0908 -0.0174
vn 0.9048 -0.0109 0.4258
vn 0.9012 -0.0180 0.4330
vn 0.9123 -0.0215 0.4090
vn 0.9285 -0.0553 0.3672
vn 0.9512 -0.0913 0.2949
vn 0.9697 -0.1197 0.2129
vn 0.9932 -0.1163 -0.0038
vn 0.9743 -0.1329 -0.1821
vn 0.8908 0.0203 0.4539
vn 0.8829 -0.0049 0.4695
vn 0.9354 -0.0041 0.3535
vn 0.9361 -0.0666 0.3455
vn 0.9627 -0.0432 0.2670
vn 0.9512 -0.1120 0.2874
vn 0.9681 -0.1240 0.2176
vn 0.9767 -0.0509 0.2087
vn 0.9908 -0.1332 0.0231
vn 0.9620 -0.1475 -0.2297
vn 0.9486 0.0201 0.3159
vn 0.8911 0.0329 0.4526
vn 0.9810 0.0289 0.1918
vn 0.9914 0.0761 0.1064
vn 0.9926 -0.1162 0.0341
vn 0.9900 -0.0280 0.1380
vn 0.9566 -0.1295 -0.2610
vn 0.9536 -0.1411 -0.2659
vn 0.9293 0.0038 0.3694
vn 0.8691 0.0052 0.4946
vn 0.9683 0.0448 0.2459
vn 0.9881 0.1517 0.0268
vn 0.9201 -0.0346 0.3902
vn 0.9830 0.1183 0.1406
vn 0.9698 0.0241 -0.2429
vn 0.9970 0.0740 -0.0215
vn 0.8762 -0.0752 0.4760
vn 0.8418 -0.0547 0.5371
vn 0.9702 0.2334 -0.0654
vn 0.9844 0.1619 0.0689
vn 0.9505 0.0000 0.3107
vn 0.8803 -0.0787 0.4679
vn 0.8552 -0.0954 0.5094
vn 0.8512 -0.0833 0.5182
vn 0.9424 0.2126 -0.2583
vn 0.9937 0.1106 -0.0155
vn 0.9530 0.1612 -0.2566
vn 0.9785 0.0021 0.2064
vn 0.9199 -0.0614 0.3872
vn 0.9062 -0.0028 0.4228
vn 0.9173 0.0088 0.3981
vn 0.9027 -0.0099 0.4301
vn 0.9794 -0.0012 -0.2018
vn 0.9961 -0.0690 0.0549
vn 0.9652 -0.0686 0.2524
vn 0.9424 0.0096 0.3343
vn 0.9304 0.0851 0.3565
vn 0.9443 0.1272 0.3035
vn 0.9560 0.1329 0.2617
vn 0.9800 -0.1281 -0.1520
vn 0.9944 -0.0953 0.0457
vn 0.9717 0.1383 0.1914
vn 0.9839 -0.0045 0.1788
vn 0.9568 0.2162 0.1946
vn 0.9454 0.1810 0.2710
vn 0.9124 0.1409 0.3842
vn 0.9779 0.2056 0.0389
vn 0.9956 0.0413 -0.0847
vn 0.9564 0.2717 0.1069
vn 0.9437 0.2114 0.2546
vn 0.9218 0.1586 0.3537
vn 0.8687 0.1194 0.4808
vn 0.9758 -0.0895 -0.1994
vn 0.9592 0.2781 -0.0511
vn 0.9497 0.2385 -0.2028
vn 0.8340 0.0800 0.5459
vn 0.7392 0.0691 0.6699
vn 0.7694 0.0732 0.6346
vn 0.9502 0.1666 -0.2632
vn 0.7374 0.0626 0.6725
vn 0.5962 0.0723 0.7996
vn 0.5898 0.0416 0.8065
vn 0.4573 0.0441 0.8882
vn 0.4519 -0.0005 0.8921
vn 0.5985 0.0082 0.8011
vn 0.8210 0.0635 0.5675
vn 0.4081 0.0013 0.9129
vn 0.4089 -0.0051 0.9125
vn 0.4488 -0.0113 0.8936
vn 0.6442 0.0134 0.7648
vn 0.8598 0.0432 0.5088
vn 0.4122 -0.0047 0.9111
vn 0.4139 -0.0047 0.9103
vn 0.4027 -0.0063 0.9153
vn 0.4688 0.0002 0.8833
vn 0.7036 0.0166 0.7104
vn 0.8524 -0.0112 0.5228
vn 0.3723 -0.0007 0.9281
vn 0.3666 -0.0132 0.9303
vn 0.4135 -0.0182 0.9103
vn 0.4081 -0.0109 0.9129
vn 0.5109 0.0109 0.8596
vn 0.7251 0.0113 0.6885
vn 0.8153 -0.0338 0.5780
vn 0.2864 -0.0047 0.9581
vn 0.3590 -0.0230 0.9330
vn 0.2776 -0.0142 0.9606
vn 0.4145 -0.0261 0.9097
vn 0.4311 -0.0077 0.9023
vn 0.5484 0.0210 0.8360
vn 0.7167 0.0149 0.6972
vn 0.3541 -0.0100 0.9352
vn 0.4174 -0.0144 0.9086
vn 0.7916 -0.0101 0.6109
vn 0.4661 0.0017 0.8847
vn 0.5788 0.0225 0.8152
vn 0.7084 0.0188 0.7055
vn 0.7989 0.0223 0.6011
vn 0.3474 -0.0148 0.9376
vn 0.4166 -0.0248 0.9088
vn 0.4900 -0.0214 0.8715
vn 0.6001 -0.0095 0.7999
vn 0.7197 0.0021 0.6943
vn 0.8248 0.0223 0.5650
vn 0.5048 -0.0336 0.8626
vn 0.4103 -0.0292 0.9115
vn 0.9153 -0.1368 -0.3788
vn 0.9195 0.0959 -0.3813
vn 0.9583 -0.1510 -0.2424
vn 0.9678 0.0813 -0.2384
vn 0.9104 0.1403 -0.3891
vn 0.9797 -0.1481 -0.1354
vn 0.9616 0.1256 -0.2442
vn 0.9902 0.0797 -0.1151
vn 0.9897 -0.1409 -0.0256
vn 0.9604 0.0869 -0.2646
vn 0.9045 0.1031 -0.4139
vn 0.9873 0.1220 -0.1020
vn 0.9920 0.0825 -0.0956
vn 0.9913 0.1305 0.0188
vn 0.9964 0.0845 -0.0009
vn 0.9948 0.0948 0.0361
vn 0.9850 -0.1391 0.1024
vn 0.9879 0.0907 0.1261
vn 0.8981 0.0840 -0.4317
vn 0.9945 0.0764 -0.0713
vn 0.9584 0.0729 -0.2761
vn 0.9943 0.0892 0.0590
vn 0.9759 0.1485 0.1601
vn 0.9735 0.1171 0.1963
vn 0.9692 0.0936 0.2278
vn 0.9566 -0.1421 0.2542
vn 0.9532 0.0966 0.2864
vn 0.9970 0.0687 -0.0369
vn 0.9930 0.0876 0.0796
vn 0.9577 0.0601 -0.2813
vn 0.9671 0.0903 0.2376
vn 0.9003 0.0522 -0.4321
vn 0.9289 0.1731 0.3275
vn 0.9180 0.1461 0.3687
vn 0.9077 0.1022 0.4070
vn 0.8952 0.0920 0.4361
vn 0.8668 0.0901 0.4905
vn 0.8779 -0.1462 0.4560
vn 0.9987 0.0471 -0.0192
vn 0.9911 0.0667 0.1153
vn 0.9637 0.0927 0.2502
vn 0.9612 0.0492 -0.2714
vn 0.8810 0.0939 0.4637
vn 0.9150 0.0241 -0.4028
vn 0.8439 0.1745 0.5074
vn 0.8403 0.1611 0.5176
vn 0.8379 0.1193 0.5327
vn 0.8312 0.1033 0.5464
vn 0.8163 0.1113 0.5668
vn 0.7284 0.0597 0.6825
vn 0.9989 0.0389 -0.0247
vn 0.9843 0.0431 0.1711
vn 0.9545 0.0811 0.2868
vn 0.9676 0.0484 -0.2480
vn 0.8812 0.0670 0.4680
vn 0.9297 0.0293 -0.3672
vn 0.7174 0.1366 0.6832
vn 0.7223 0.1400 0.6773
vn 0.7285 0.1257 0.6734
vn 0.7280 0.1031 0.6777
vn 0.7374 0.0996 0.6681
vn 0.7968 0.0570 0.6015
vn 0.9911 0.1233 -0.0492
vn 0.9770 0.0744 0.1998
vn 0.9403 0.0866 0.3291
vn 0.9554 0.1815 -0.2329
vn 0.8857 0.0838 0.4566
vn 0.9288 0.1852 -0.3211
vn 0.6083 0.0989 0.7875
vn 0.6010 0.1120 0.7914
vn 0.6217 0.0610 0.7809
vn 0.7529 0.0671 0.6547
vn 0.6508 0.0300 0.7587
vn 0.7963 0.0338 0.6039
vn 0.9622 0.2252 0.1532
vn 0.9344 0.1389 0.3281
vn 0.8848 0.1045 0.4541
vn 0.4909 0.0901 0.8666
vn 0.4966 0.0481 0.8667
vn 0.4973 -0.0094 0.8675
vn 0.6666 0.0165 0.7452
vn 0.7537 0.0159 0.6571
vn 0.4919 0.0107 0.8706
vn 0.8130 0.0738 0.5776
vn 0.8944 0.1184 0.4313
vn 0.3918 0.0523 0.9186
vn 0.3919 -0.0118 0.9199
vn 0.3818 0.0126 0.9242
vn 0.6522 0.0438 0.7568
vn 0.4703 0.0587 0.8805
vn 0.7473 0.0410 0.6632
vn 0.3708 0.0665 0.9263
vn 0.7423 0.0774 0.6656
vn 0.8230 0.0804 0.5623
vn 0.6291 0.0852 0.7727
vn 0.4583 0.0876 0.8844
vn 0.3704 0.0811 0.9253
vn 0.3398 0.0066 0.9405
vn 0.3545 0.0580 0.9332
vn 0.3667 0.0763 0.9272
vn 0.6117 0.0751 0.7875
vn 0.4577 0.0834 0.8852
vn 0.3734 0.0825 0.9240
vn 0.3692 0.0824 0.9257
vn 0.3084 0.0366 0.9505
vn 0.3319 0.0651 0.9411
vn 0.3470 0.0779 0.9346
vn 0.4556 0.0790 0.8867
vn 0.3787 0.0739 0.9226
vn 0.3735 0.0668 0.9252
vn 0.3575 0.0594 0.9320
vn 0.2825 0.0653 0.9570
vn 0.2638 0.0485 0.9634
vn 0.3016 0.0489 0.9522
vn 0.3940 0.0361 0.9184
vn 0.3874 0.0206 0.9217
vn 0.3671 0.0095 0.9301
vn 0.3122 0.0056 0.9500
vn 0.2009 0.0502 0.9783
vn 0.2174 0.0359 0.9754
vn 0.2231 0.0060 0.9748
vn 0.4028 -0.0088 0.9152
vn 0.3726 -0.0165 0.9279
vn 0.3080 -0.0135 0.9513
vn 0.2114 -0.0021 0.9774
vn 0.1133 0.0113 0.9935
vn 0.1186 0.0285 0.9925
vn 0.3741 -0.0056 0.9274
vn 0.2985 -0.0003 0.9544
vn 0.1976 0.0083 0.9802
vn 0.0869 0.0163 0.9961
vn 0.0991 0.0105 0.9950
vn 0.0191 0.0304 0.9994
vn 0.0100 0.0180 0.9998
vn 0.2928 0.0065 0.9561
vn 0.1929 0.0114 0.9812
vn 0.0804 0.0154 0.9966
vn 0.0020 0.0177 0.9998
vn -0.0013 0.0202 0.9998
vn -0.0453 0.0350 0.9984
vn 0.6201 -0.0250 0.7841
vn 0.7441 -0.0103 0.6680
vn 0.8421 -0.0003 0.5394
vn 0.5196 -0.0201 0.8542
vn 0.4069 -0.0131 0.9134
vn 0.6425 -0.0174 0.7661
vn 0.7672 -0.0154 0.6412
vn 0.8497 -0.0200 0.5269
vn 0.4123 -0.0316 0.9105
vn 0.5355 -0.0400 0.8436
vn 0.6639 -0.0452 0.7464
vn 0.7812 -0.0535 0.6220
vn 0.8545 -0.0624 0.5156
vn 0.8847 -0.0196 0.4658
vn 0.5518 -0.0689 0.8311
vn 0.4250 -0.0480 0.9039
vn 0.6816 -0.0878 0.7264
vn 0.7865 -0.1084 0.6080
vn 0.8957 -0.0527 0.4415
vn 0.8622 -0.1094 0.4947
vn 0.9136 -0.0284 0.4057
vn 0.4315 -0.0120 0.9020
vn 0.5636 -0.0481 0.8246
vn 0.6871 -0.0886 0.7211
vn 0.7868 -0.1282 0.6038
vn 0.9262 -0.0347 0.3755
vn 0.9147 -0.0774 0.3967
vn 0.8652 -0.1400 0.4814
vn 0.9161 -0.1207 0.3824
vn 0.9394 -0.0801 0.3334
vn 0.4301 0.0450 0.9016
vn 0.5633 -0.0073 0.8262
vn 0.6869 -0.0607 0.7242
vn 0.7944 -0.1129 0.5968
vn 0.8879 -0.1271 0.4421
vn 0.9338 -0.1150 0.3388
vn 0.9443 -0.1008 0.3132
vn 0.9467 -0.0657 0.3154
vn 0.4197 0.1023 0.9019
vn 0.5577 0.0475 0.8287
vn 0.6836 -0.0120 0.7297
vn 0.8123 -0.0713 0.5788
vn 0.9063 -0.1079 0.4087
vn 0.4077 0.1648 0.8981
vn 0.5438 0.1093 0.8321
vn 0.6721 0.0426 0.7392
vn 0.8062 -0.0388 0.5903
vn 0.3959 0.2352 0.8877
vn 0.5261 0.1647 0.8343
vn 0.6473 0.0725 0.7588
vn 0.7826 -0.0393 0.6213
vn 0.1768 -0.0037 0.9842
vn 0.2692 -0.0017 0.9631
vn 0.2586 -0.0010 0.9660
vn 0.1640 0.0096 0.9864
vn 0.0557 0.0184 0.9983
vn 0.0631 0.0057 0.9980
vn 0.1503 0.0141 0.9885
vn 0.3311 -0.0087 0.9436
vn 0.2411 0.0172 0.9703
vn 0.0498 0.0236 0.9985
vn -0.0038 0.0204 0.9998
vn 0.1345 0.0398 0.9901
vn -0.0043 0.0091 0.9999
vn 0.3079 0.0139 0.9513
vn 0.2219 0.0464 0.9740
vn -0.0044 0.0266 0.9996
vn 0.0453 0.0539 0.9975
vn -0.0155 0.0205 0.9997
vn 0.1207 0.0692 0.9903
vn -0.0157 0.0085 0.9998
vn 0.1992 0.0225 0.9797
vn 0.2885 -0.0106 0.9574
vn 0.1048 0.0569 0.9929
vn 0.0393 0.0800 0.9960
vn -0.0007 0.0578 0.9983
vn -0.0182 0.0276 0.9995
vn -0.0256 0.0093 0.9996
vn -0.0378 0.0293 0.9989
vn -0.0329 0.0250 0.9991
vn 0.1797 0.0100 0.9837
vn 0.2899 -0.0209 0.9568
vn -0.0785 0.0137 0.9968
vn 0.1743 0.0527 0.9833
vn 0.2946 0.0246 0.9553
vn 0.1758 0.1135 0.9779
vn 0.2946 0.0869 0.9517
vn -0.9443 -0.1536 -0.2911
vn -0.9327 0.0613 -0.3555
vn -0.9250 -0.1483 -0.3499
vn -0.9564 0.0662 -0.2844
vn -0.9748 0.0777 -0.2090
vn -0.9606 -0.1563 -0.2300
vn -0.9548 0.1276 -0.2684
vn -0.9713 0.1536 -0.1815
vn -0.9266 0.1144 -0.3581
vn -0.9843 0.1743 -0.0271
vn -0.9957 0.0791 -0.0484
vn -0.9826 -0.1676 -0.0805
vn -0.9654 0.0986 -0.2414
vn -0.9789 0.1333 -0.1550
vn -0.9867 0.1614 -0.0170
vn -0.9298 0.0751 -0.3604
vn -0.9648 0.1797 0.1918
vn -0.9678 0.1677 0.1877
vn -0.9820 0.0861 0.1683
vn -0.9785 -0.1660 0.1227
vn -0.9880 0.1003 -0.1172
vn -0.9790 0.0643 -0.1933
vn -0.9924 0.1232 0.0024
vn -0.9741 0.1312 0.1842
vn -0.9354 0.0426 -0.3510
vn -0.9116 0.1820 0.3687
vn -0.9105 0.1621 0.3805
vn -0.9161 0.1227 0.3818
vn -0.9346 0.0945 0.3430
vn -0.9447 -0.1476 0.2927
vn -0.8280 0.1721 0.5336
vn -0.8233 0.1602 0.5445
vn -0.8204 0.1155 0.5601
vn -0.8496 0.0848 0.5205
vn -0.8644 -0.1416 0.4825
vn -0.7193 0.0624 0.6919
vn -0.7035 0.1384 0.6971
vn -0.7083 0.1170 0.6961
vn -0.7054 0.1411 0.6946
vn -0.7330 -0.1426 0.6651
vn -0.5844 0.0425 0.8104
vn -0.5776 0.1005 0.8101
vn -0.5790 0.1171 0.8069
vn -0.5802 0.1122 0.8067
vn -0.5918 -0.1419 0.7935
vn -0.4582 0.0192 0.8886
vn -0.4598 0.0678 0.8854
vn -0.4587 0.1175 0.8808
vn -0.4623 0.0894 0.8822
vn -0.3582 0.0422 0.9327
vn -0.4607 -0.1483 0.8751
vn -0.3545 -0.0067 0.9350
vn -0.3708 0.1124 0.9219
vn -0.3642 0.0706 0.9286
vn -0.2897 0.0232 0.9568
vn -0.3589 -0.1613 0.9193
vn -0.2841 -0.0282 0.9584
vn -0.3108 0.0990 0.9453
vn -0.2992 0.0541 0.9527
vn -0.2431 0.0079 0.9700
vn -0.2538 0.0398 0.9664
vn -0.0518 0.0231 0.9984
vn -0.0526 0.0170 0.9985
vn 0.1877 0.0032 0.9822
vn 0.0727 0.0101 0.9973
vn -0.0018 0.0177 0.9998
vn -0.0431 0.0158 0.9989
vn -0.0700 0.0357 0.9969
vn -0.0671 0.0250 0.9974
vn -0.0507 0.0052 0.9987
vn -0.0626 0.0116 0.9980
vn -0.0032 0.0139 0.9999
vn -0.0310 0.0133 0.9994
vn -0.0360 0.0038 0.9993
vn -0.0753 -0.0024 0.9972
vn -0.0743 -0.0020 0.9972
vn -0.0798 0.0061 0.9968
vn -0.0972 0.0270 0.9949
vn -0.0859 0.0217 0.9961
vn -0.0208 0.0117 0.9997
vn -0.0262 0.0064 0.9996
vn -0.1464 0.0067 0.9892
vn -0.1547 -0.0008 0.9880
vn -0.1398 0.0225 0.9899
vn -0.1365 0.0199 0.9904
vn -0.0744 0.0036 0.9972
vn -0.1645 -0.0008 0.9864
vn -0.2697 0.0143 0.9629
vn -0.2461 0.0406 0.9684
vn -0.2802 0.0047 0.9599
vn -0.2025 0.0394 0.9785
vn -0.1687 0.0017 0.9857
vn -0.2883 0.0002 0.9575
vn -0.3838 0.0148 0.9233
vn -0.3843 0.0559 0.9215
vn -0.3532 0.0812 0.9320
vn -0.3790 0.0048 0.9254
vn -0.2888 -0.0041 0.9574
vn -0.1674 0.0139 0.9858
vn -0.3824 0.0018 0.9240
vn -0.4143 0.0070 0.9101
vn -0.4351 0.0386 0.8996
vn -0.4643 0.0879 0.8813
vn -0.4153 0.0062 0.9097
vn -0.3875 -0.0088 0.9218
vn -0.2790 0.0023 0.9603
vn -0.4199 0.0033 0.9076
vn -0.4317 0.0016 0.9020
vn -0.4322 0.0212 0.9015
vn -0.4515 0.0525 0.8907
vn -0.4214 0.0007 0.9069
vn -0.4122 -0.0152 0.9110
vn -0.3791 -0.0178 0.9252
vn -0.4055 -0.0014 0.9141
vn -0.5005 -0.0074 0.8657
vn -0.5050 0.0194 0.8629
vn -0.4962 0.0356 0.8675
vn -0.4944 -0.0126 0.8692
vn -0.4167 -0.0070 0.9090
vn -0.4021 -0.0314 0.9151
vn -0.5161 0.0109 0.8564
vn -0.6517 0.0208 0.7582
vn -0.6230 0.0279 0.7817
vn -0.6104 0.0382 0.7911
vn -0.7016 0.0173 0.7124
vn -0.5678 0.0289 0.8226
vn -0.4548 -0.0136 0.8905
vn -0.7221 0.0373 0.6908
vn -0.8070 0.0782 0.5854
vn -0.7749 0.0773 0.6274
vn -0.7350 0.0690 0.6745
vn -0.8182 0.0502 0.5727
vn -0.8075 0.0274 0.5893
vn -0.7222 0.0331 0.6909
vn -0.6065 0.0124 0.7950
vn -0.8616 0.0436 0.5057
vn -0.8734 0.0867 0.4792
vn -0.8752 0.1153 0.4698
vn -0.8451 -0.0112 0.5346
vn -0.7787 -0.0087 0.6273
vn -0.8285 -0.0467 0.5580
vn -0.7520 -0.0427 0.6578
vn -0.6973 -0.0036 0.7168
vn -0.8279 -0.0522 0.5585
vn -0.9158 0.0136 0.4013
vn -0.9047 -0.0320 0.4248
vn -0.9272 0.0644 0.3689
vn -0.9105 -0.0406 0.4116
vn -0.9291 -0.0246 0.3691
vn -0.7459 -0.0149 0.6659
vn -0.6782 -0.0029 0.7349
vn -0.9386 -0.0093 0.3450
vn -0.8453 -0.0103 0.5342
vn -0.9552 0.0029 0.2959
vn -0.9687 0.0019 0.2483
vn -0.9795 -0.0087 0.2013
vn -0.9757 -0.0290 0.2171
vn -0.9605 -0.0496 0.2737
vn -0.6835 0.0010 0.7299
vn -0.7618 0.0169 0.6476
vn -0.9433 -0.0593 0.3266
vn -0.9290 -0.0059 0.3700
vn -0.8613 0.0276 0.5073
vn -0.9832 -0.0442 0.1773
vn -0.9933 0.0276 0.1122
vn -0.9591 -0.0975 0.2659
vn -0.9444 -0.0961 0.3144
vn -0.9469 -0.0750 0.3126
vn -0.7900 0.0143 0.6129
vn -0.7022 -0.0093 0.7119
vn -0.9327 -0.0455 0.3577
vn -0.9527 -0.0637 0.2971
vn -0.9109 -0.0046 0.4125
vn -0.8664 0.0236 0.4989
vn -0.9644 -0.1273 0.2317
vn -0.9533 -0.1437 0.2657
vn -0.9603 -0.1040 0.2589
vn -0.9680 -0.0617 0.2434
vn -0.9736 -0.0461 0.2237
vn -0.8175 -0.0182 0.5757
vn -0.7309 -0.0398 0.6813
vn -0.8726 -0.0078 0.4883
vn -0.9539 -0.0651 0.2929
vn -0.9251 -0.0340 0.3781
vn -0.9801 -0.0573 0.1901
vn -0.9019 -0.0107 0.4317
vn -0.9862 -0.1637 -0.0247
vn -0.9921 -0.1250 -0.0096
vn -0.9965 -0.0828 0.0093
vn -0.9977 -0.0633 0.0239
vn -0.9983 -0.0523 0.0241
vn -0.8391 -0.0599 0.5406
vn -0.7602 -0.0790 0.6449
vn -0.8825 -0.0408 0.4685
vn -0.9595 -0.0618 0.2747
vn -0.9902 -0.0427 0.1333
vn -0.9175 -0.0467 0.3949
vn -0.9994 -0.0304 0.0187
vn -0.8996 -0.0334 0.4355
vn -0.9836 -0.1192 -0.1355
vn -0.9879 -0.0965 -0.1218
vn -0.9901 -0.0820 -0.1136
vn -0.9932 -0.0697 -0.0930
vn -0.2705 0.0826 0.9592
vn -0.2852 -0.1763 0.9421
vn -0.2372 -0.0479 0.9703
vn -0.2012 -0.0015 0.9796
vn -0.2061 0.0270 0.9782
vn -0.2270 0.0623 0.9719
vn -0.2376 -0.1942 0.9518
vn -0.2035 -0.0599 0.9772
vn -0.1675 -0.0008 0.9859
vn -0.1619 0.0194 0.9866
vn -0.1745 0.0415 0.9838
vn -0.2115 -0.2052 0.9556
vn -0.1786 -0.0585 0.9822
vn -0.1365 0.0084 0.9906
vn -0.1232 0.0200 0.9922
vn -0.1190 0.0309 0.9924
vn -0.1920 -0.2054 0.9597
vn -0.1507 -0.0479 0.9874
vn -0.0850 0.0221 0.9961
vn -0.0677 0.0268 0.9973
vn -0.0568 0.0309 0.9979
vn -0.1628 -0.1977 0.9667
vn -0.1012 -0.0336 0.9943
vn 0.0008 0.0322 0.9995
vn 0.0041 0.0320 0.9995
vn 0.0049 0.0324 0.9995
vn -0.1126 -0.1874 0.9758
vn -0.0027 -0.0232 0.9997
vn -0.0051 -0.1800 0.9837
vn 0.1085 -0.0261 0.9938
vn 0.0918 0.0266 0.9954
vn 0.0723 0.0270 0.9970
vn 0.1217 -0.1824 0.9757
vn 0.1709 -0.0480 0.9841
vn 0.1962 -0.2019 0.9596
vn 0.1441 0.0067 0.9895
vn -0.8793 0.1670 -0.4460
vn -0.9471 0.0845 -0.3097
vn -0.9549 0.1817 -0.2347
vn -0.8790 0.0546 -0.4736
vn -0.8697 0.0058 -0.4935
vn -0.9364 0.0069 -0.3508
vn -0.8711 0.0427 -0.4893
vn -0.9360 0.0298 -0.3508
vn -0.8793 0.0465 -0.4740
vn -0.9704 -0.1526 -0.1874
vn -0.8787 -0.4773 -0.0075
vn -0.8252 -0.5430 -0.1555
vn -0.9932 -0.0825 -0.0818
vn -0.9748 -0.0601 -0.2150
vn -0.9568 -0.2871 0.0468
vn -0.9937 -0.0172 -0.1106
vn -0.9992 0.0283 -0.0272
vn -0.9681 -0.1134 -0.2235
vn -0.9290 -0.3236 0.1797
vn -0.9924 -0.0673 -0.1034
vn -0.9996 0.0233 -0.0148
vn -0.9970 0.0102 0.0772
vn -0.9685 -0.1013 -0.2276
vn -0.8759 -0.4152 0.2456
vn -0.9933 -0.0764 -0.0863
vn -0.9990 -0.0325 0.0311
vn -0.9912 0.0316 0.1286
vn -0.9795 -0.1056 0.1713
vn -0.9732 -0.1558 -0.1694
vn -0.7490 -0.5440 0.3782
vn -0.9918 -0.0772 0.1023
vn -0.9757 -0.2191 0.0079
vn -0.9771 -0.0197 0.2121
vn -0.9699 -0.0362 0.2409
vn -0.9266 -0.2626 0.2693
vn -0.9832 -0.1538 -0.0981
vn -0.0000 0.0383 -0.9993
vn 0.0023 -0.0403 -0.9992
vn 0.0168 0.0329 -0.9993
vn 0.0246 -0.0668 -0.9975
vn -0.0065 -0.0952 -0.9954
vn 0.0026 -0.0991 -0.9951
vn 0.0039 -0.0988 -0.9951
vn 0.0133 -0.0876 -0.9961
vn 0.0218 -0.1023 -0.9945
vn 0.0164 -0.1092 -0.9939
vn 0.0252 -0.1263 -0.9917
vn -0.0073 -0.1408 -0.9900
vn -0.0876 -0.1433 -0.9858
vn 0.0206 -0.1642 -0.9862
vn -0.1290 -0.1699 -0.9770
vn -0.0263 -0.1800 -0.9833
vn -0.2607 -0.1845 -0.9476
vn 0.0118 -0.1885 -0.9820
vn -0.1464 -0.1924 -0.9703
vn -0.2870 -0.1891 -0.9391
vn -0.0369 -0.1993 -0.9792
vn -0.4131 -0.2215 -0.8833
vn -0.1461 -0.2020 -0.9684
vn -0.3052 -0.1959 -0.9319
vn -0.4573 -0.2012 -0.8662
vn -0.0430 -0.1935 -0.9802
vn 0.0007 -0.1814 -0.9834
vn -0.5536 -0.2540 -0.7931
vn -0.3121 -0.2037 -0.9279
vn -0.1470 -0.2049 -0.9677
vn -0.4740 -0.1887 -0.8601
vn -0.5856 -0.2081 -0.7834
vn -0.1601 -0.2195 -0.9624
vn -0.0630 -0.1794 -0.9818
vn -0.3142 -0.2131 -0.9251
vn -0.4746 -0.2003 -0.8571
vn -0.5950 -0.1758 -0.7843
vn -0.8565 -0.1041 0.5056
vn -0.7793 -0.1166 0.6157
vn -0.9295 -0.0083 0.3686
vn -0.9755 -0.0188 0.2193
vn -0.9968 -0.0202 0.0768
vn -0.9988 -0.0317 0.0372
vn -0.9941 -0.0787 -0.0744
vn -0.9097 -0.0172 0.4149
vn -0.9362 -0.0006 0.3514
vn -0.9249 -0.0126 0.3799
vn -0.9720 -0.0628 0.2263
vn -0.9781 -0.1670 0.1243
vn -0.9801 -0.1874 0.0659
vn -0.9293 -0.0654 0.3634
vn -0.9023 -0.0617 0.4267
vn -0.9229 -0.0596 0.3803
vn -0.9273 -0.0598 0.3695
vn -0.9359 -0.0914 0.3402
vn -0.9448 -0.1356 0.2984
vn -0.9574 -0.2295 0.1750
vn -0.9096 -0.1340 0.3932
vn -0.9303 -0.1181 0.3474
vn -0.9226 -0.0680 0.3798
vn -0.9271 -0.0608 0.3699
vn -0.9535 -0.0763 0.2917
vn -0.9392 -0.1156 0.3234
vn -0.9388 -0.1006 0.3295
vn -0.8853 -0.1312 0.4462
vn -0.9052 -0.1107 0.4103
vn -0.9214 -0.1044 0.3743
vn -0.9252 -0.1654 0.3415
vn -0.9470 -0.0421 0.3185
vn -0.9067 -0.1144 0.4059
vn -0.9399 -0.1304 0.3156
vn -0.9246 -0.1848 0.3332
vn -0.8134 -0.0747 0.5769
vn -0.8077 -0.0456 0.5878
vn -0.9381 -0.1474 0.3133
vn -0.8956 -0.2534 0.3657
vn -0.8846 -0.2750 0.3765
vn -0.8896 -0.1380 0.4353
vn -0.7894 -0.0394 0.6126
vn -0.6474 0.0707 0.7589
vn -0.6717 0.0350 0.7400
vn -0.8582 -0.3581 0.3679
vn -0.8196 -0.3797 0.4290
vn -0.8340 -0.1694 0.5251
vn -0.7740 -0.3079 0.5532
vn -0.7489 -0.0079 0.6626
vn -0.6027 0.1359 0.7863
vn -0.5216 0.1655 0.8370
vn -0.4836 0.2375 0.8425
vn -0.7351 -0.0431 0.6766
vn -0.6923 -0.5500 0.4673
vn -0.6590 -0.5134 0.5497
vn -0.6199 -0.4275 0.6580
vn -0.6890 -0.1591 0.7071
vn -0.5408 0.2288 0.8094
vn -0.6730 0.0915 0.7339
vn -0.4593 0.2816 0.8425
vn -0.3783 0.3079 0.8730
vn -0.3678 0.3293 0.8697
vn -0.5626 0.2182 0.7974
vn -0.6077 0.0955 0.7884
vn -0.4682 0.3283 0.8203
vn -0.4388 0.3735 0.8173
vn -0.5535 -0.2540 0.7932
vn -0.5531 -0.0181 0.8329
vn -0.2692 0.3771 0.8862
vn -0.3908 0.4028 0.8277
vn -0.4531 0.3054 0.8375
vn -0.4795 0.1920 0.8563
vn -0.3790 0.4444 0.8117
vn -0.4583 -0.1083 0.8822
vn -0.4220 0.0976 0.9013
vn -0.3147 0.5031 0.8049
vn -0.3263 0.4697 0.8203
vn -0.3642 0.3972 0.8424
vn -0.3813 0.3133 0.8697
vn -0.4097 0.0091 0.9122
vn -0.4201 0.1583 0.8936
vn -0.3527 0.2521 0.9011
vn -0.3179 0.4192 0.8504
vn -0.2785 0.5364 0.7967
vn -0.2695 0.5573 0.7854
vn -0.3007 0.4819 0.8230
vn -0.4358 0.2831 0.8543
vn -0.3375 0.3690 0.8660
vn -0.3089 0.5208 0.7958
vn -0.3664 0.4879 0.7923
vn -0.2430 0.5935 0.7673
vn -0.2526 0.6182 0.7444
vn -0.2671 0.5552 0.7876
vn -0.4730 0.4073 0.7812
vn -0.3394 0.6176 0.7095
vn -0.4156 0.5868 0.6949
vn -0.5248 0.5218 0.6725
vn -0.2700 0.6455 0.7145
vn -0.3777 0.7092 0.5953
vn -0.4633 0.6660 0.5846
vn -0.5647 0.5982 0.5686
vn -0.5923 0.6664 0.4529
vn -0.4998 0.7394 0.4511
vn -0.2951 0.7426 0.6012
vn -0.4122 0.7910 0.4521
vn -0.5278 0.8099 0.2558
vn -0.4379 0.8618 0.2560
vn -0.6121 0.7458 0.2628
vn -0.3649 0.8938 0.2606
vn -0.3302 0.8226 0.4629
vn -0.3468 0.9290 0.1287
vn -0.3217 0.9012 0.2905
vn -0.2805 0.8952 0.3462
vn -0.2706 0.8300 0.4877
vn -0.2427 0.8230 0.5135
vn -0.2401 0.7567 0.6080
vn -0.2242 0.7591 0.6112
vn -0.2235 0.6785 0.6998
vn -0.2300 0.6681 0.7076
vn -0.5428 0.8388 0.0426
vn -0.4512 0.8907 0.0548
vn -0.3806 0.9222 0.0685
vn -0.6106 0.7909 0.0413
vn -0.3584 0.9289 0.0930
vn -0.5366 0.8268 -0.1686
vn -0.4593 0.8753 -0.1510
vn -0.3909 0.9119 -0.1248
vn -0.3655 0.9251 -0.1027
vn -0.5958 0.7838 -0.1753
vn -0.3779 0.9232 -0.0700
vn -0.4962 0.7812 -0.3788
vn -0.4398 0.8125 -0.3827
vn -0.3764 0.8468 -0.3759
vn -0.3344 0.8643 -0.3756
vn -0.3357 0.8710 -0.3586
vn -0.5720 0.7309 -0.3723
vn -0.2810 0.7635 -0.5815
vn -0.2793 0.7566 -0.5912
vn -0.3345 0.7396 -0.5841
vn -0.2986 0.6330 -0.7143
vn -0.2535 0.6585 -0.7086
vn 0.2241 0.7594 0.6108
vn 0.2235 0.6792 0.6991
vn 0.2391 0.7583 0.6065
vn 0.2383 0.8237 0.5145
vn 0.2687 0.8307 0.4876
vn 0.2826 0.8936 0.3487
vn 0.3201 0.9010 0.2929
vn 0.3456 0.9293 0.1303
vn 0.3566 0.9291 0.0979
vn 0.3668 0.9271 -0.0775
vn 0.3645 0.9267 -0.0918
vn 0.3457 0.8747 -0.3398
vn 0.3432 0.8687 -0.3571
vn 0.2979 0.7481 -0.5929
vn 0.2921 0.7617 -0.5784
vn 0.2457 0.6589 -0.7109
vn 0.2521 0.6396 -0.7262
vn 0.2491 0.5293 -0.8111
vn 0.2665 -0.9613 -0.0704
vn -0.4482 -0.8489 -0.2802
vn 0.2697 -0.9558 -0.1168
vn -0.4415 -0.8864 -0.1394
vn 0.2634 -0.9636 0.0456
vn -0.6292 -0.7103 -0.3156
vn -0.4319 -0.9017 0.0203
vn -0.6433 -0.7543 -0.1311
vn 0.2659 -0.9572 0.1141
vn -0.6687 -0.6686 -0.3252
vn -0.4255 -0.8937 0.1423
vn -0.6463 -0.7626 0.0257
vn -0.7073 -0.6970 -0.1177
vn 0.2864 -0.9419 0.1753
vn -0.6812 -0.6645 -0.3074
vn -0.3953 -0.8698 0.2952
vn -0.6468 -0.7472 0.1527
vn -0.7202 -0.6925 0.0417
vn -0.7237 -0.6828 -0.1004
vn 0.3028 -0.9262 0.2247
vn -0.6903 -0.6653 -0.2842
vn -0.3658 -0.8077 0.4623
vn -0.6229 -0.7122 0.3237
vn -0.7244 -0.6663 0.1768
vn -0.7371 -0.6723 0.0681
vn -0.7300 -0.6789 -0.0784
vn 0.3424 -0.9009 0.2668
vn -0.6924 -0.6724 -0.2615
vn -0.7025 -0.6224 0.3451
vn -0.5756 -0.6367 0.5131
vn -0.7383 -0.6419 0.2070
vn -0.7428 -0.6624 0.0972
vn -0.7283 -0.6832 -0.0535
vn -0.3319 -0.6991 0.6333
vn -0.5105 -0.5281 0.6786
vn -0.6328 -0.5547 0.5402
vn -0.7134 -0.5961 0.3684
vn -0.7432 -0.6249 0.2390
vn -0.7394 -0.6604 0.1307
vn 0.4135 -0.8439 0.3419
vn -0.7203 -0.6477 -0.2482
vn -0.7449 -0.6662 -0.0354
vn -0.2640 -0.5731 0.7758
vn -0.5336 -0.4604 0.7094
vn -0.4278 -0.3981 0.8115
vn -0.6415 -0.5267 0.5577
vn -0.7187 -0.5749 0.3910
vn -0.7410 -0.6117 0.2771
vn -0.7407 -0.6531 0.1575
vn 0.4781 -0.7924 0.3788
vn -0.1600 -0.4468 0.8802
vn -0.7363 -0.6319 -0.2422
vn -0.7571 -0.6528 -0.0259
vn -0.5332 -0.4357 0.7251
vn -0.4317 -0.3607 0.8268
vn -0.3166 -0.2721 0.9087
vn -0.6423 -0.5098 0.5723
vn -0.7216 -0.5551 0.4137
vn -0.7265 -0.6099 0.3166
vn -0.7447 -0.6456 0.1693
vn 0.5605 -0.7176 0.4134
vn 0.0265 -0.3332 0.9425
vn -0.7114 -0.6652 -0.2268
vn -0.7458 -0.6662 -0.0084
vn -0.4236 -0.3499 0.8355
vn -0.5239 -0.4380 0.7305
vn -0.3051 -0.2597 0.9162
vn -0.1537 -0.1490 0.9768
vn -0.6448 -0.5019 0.5765
vn -0.7073 -0.5557 0.4370
vn -0.7089 -0.6182 0.3396
vn -0.7454 -0.6413 0.1822
vn 0.2112 -0.3092 0.9272
vn 0.5675 -0.7094 0.4179
vn -0.6916 -0.6964 -0.1915
vn -0.7396 -0.6726 0.0261
vn -0.2974 -0.2575 0.9194
vn -0.4037 -0.3683 0.8375
vn -0.5234 -0.4460 0.7260
vn -0.1533 -0.1384 0.9784
vn 0.0088 -0.0795 0.9968
vn -0.6754 -0.5788 0.4570
vn -0.7126 -0.6130 0.3412
vn -0.7523 -0.6249 0.2088
vn 0.3746 -0.2669 0.8880
vn 0.6151 -0.6740 0.4091
vn -0.7218 -0.6779 -0.1394
vn -0.7667 -0.6381 0.0707
vn -0.3928 -0.3826 0.8363
vn -0.2713 -0.2731 0.9230
vn -0.5239 -0.4569 0.7189
vn -0.6248 -0.5293 0.5739
vn -0.6657 -0.5799 0.4697
vn -0.7396 -0.5783 0.3443
vn -0.7682 -0.5930 0.2414
vn -0.7548 -0.6503 -0.0860
vn -0.7875 -0.6079 0.1019
vn -0.2440 -0.2933 0.9244
vn -0.3920 -0.3988 0.8291
vn -0.5240 -0.4655 0.7133
vn -0.6144 -0.5314 0.5833
vn -0.6936 -0.5461 0.4697
vn -0.7553 -0.5473 0.3605
vn -0.7738 -0.5800 0.2547
vn -0.7919 -0.6095 -0.0372
vn -0.8046 -0.5814 0.1206
vn -0.4042 -0.3971 0.8240
vn -0.2298 -0.3158 0.9206
vn -0.5264 -0.4732 0.7064
vn -0.6242 -0.5175 0.5853
vn -0.7230 -0.5165 0.4589
vn -0.7462 -0.5446 0.3829
vn -0.7902 -0.5563 0.2571
vn -0.8456 -0.5335 -0.0163
vn -0.8421 -0.5247 0.1246
vn -0.4019 -0.3986 0.8244
vn -0.2519 -0.3083 0.9173
vn -0.5372 -0.4801 0.6935
vn -0.6499 -0.5005 0.5719
vn -0.7257 -0.5165 0.4546
vn -0.7507 -0.5307 0.3934
vn -0.8137 -0.5244 0.2508
vn -0.8444 -0.5357 -0.0087
vn -0.8498 -0.5113 0.1280
vn 0.3766 0.8517 -0.3643
vn 0.3383 0.7476 -0.5715
vn 0.2374 0.5292 -0.8146
vn 0.2234 0.4131 -0.8829
vn 0.2103 0.4036 -0.8904
vn 0.2986 0.6163 -0.7287
vn 0.4385 0.8166 -0.3754
vn 0.3941 0.7233 -0.5671
vn 0.1981 0.2645 -0.9438
vn 0.2022 0.2764 -0.9395
vn 0.2728 0.5073 -0.8174
vn 0.3308 0.6021 -0.7267
vn 0.4936 0.7851 -0.3740
vn 0.4311 0.7138 -0.5519
vn 0.2688 0.1072 -0.9572
vn 0.3026 0.0616 -0.9511
vn 0.2302 0.1163 -0.9662
vn 0.2093 0.0639 -0.9758
vn 0.1053 0.1083 -0.9885
vn 0.0742 0.0363 -0.9966
vn -0.0038 0.0938 -0.9956
vn -0.0223 0.0138 -0.9997
vn -0.0619 0.0707 -0.9956
vn 0.0474 -0.0792 -0.9957
vn 0.3129 -0.0529 -0.9483
vn 0.1783 -0.0643 -0.9819
vn -0.0332 -0.0811 -0.9962
vn -0.0589 0.0110 -0.9982
vn -0.0563 0.0756 -0.9955
vn 0.0531 -0.1365 -0.9892
vn -0.0309 -0.1189 -0.9924
vn 0.1784 -0.1658 -0.9699
vn -0.0483 -0.0773 -0.9958
vn -0.0485 0.0227 -0.9986
vn -0.0229 0.0718 -0.9972
vn 0.0732 -0.1306 -0.9887
vn -0.0243 -0.1151 -0.9931
vn -0.0362 -0.1086 -0.9934
vn -0.0287 -0.0620 -0.9977
vn -0.0019 -0.0404 -0.9992
vn -0.0168 0.0332 -0.9993
vn -0.0004 0.0736 -0.9973
vn 0.2252 -0.1681 -0.9597
vn 0.0985 -0.1334 -0.9862
vn -0.0102 -0.1071 -0.9942
vn -0.0223 -0.1053 -0.9942
vn -0.0056 -0.0916 -0.9958
vn 0.0067 -0.0829 -0.9965
vn -0.0047 -0.0904 -0.9959
vn 0.0002 -0.0308 -0.9995
vn 0.0069 -0.0986 -0.9951
vn -0.0218 -0.1026 -0.9945
vn -0.0041 -0.1068 -0.9943
vn -0.0149 -0.1215 -0.9925
vn 0.0117 -0.1395 -0.9902
vn -0.0264 -0.1262 -0.9917
vn -0.0074 -0.1240 -0.9923
vn -0.0338 -0.1362 -0.9901
vn 0.0038 -0.1160 -0.9932
vn -0.0226 -0.1469 -0.9889
vn -0.0335 -0.1513 -0.9879
vn -0.0084 -0.1428 -0.9897
vn 0.0208 -0.1229 -0.9922
vn -0.0421 -0.1558 -0.9869
vn -0.0222 -0.1644 -0.9861
vn -0.0332 -0.1476 -0.9885
vn 0.0115 -0.1459 -0.9892
vn 0.0194 -0.1450 -0.9892
vn 0.0153 -0.1109 -0.9937
vn 0.0329 -0.1323 -0.9907
vn -0.0256 -0.1665 -0.9857
vn -0.0345 -0.1764 -0.9837
vn 0.0180 -0.1630 -0.9865
vn 0.0332 -0.1512 -0.9879
vn 0.0212 -0.1265 -0.9917
vn 0.0183 -0.1592 -0.9871
vn -0.0185 -0.1625 -0.9865
vn 0.0258 -0.1674 -0.9856
vn 0.0204 -0.1608 -0.9868
vn 0.0222 -0.1572 -0.9873
vn 0.0180 -0.1496 -0.9886
vn 0.0219 -0.1469 -0.9889
vn 0.0160 -0.1770 -0.9841
vn 0.0057 -0.1684 -0.9857
vn 0.0029 -0.1393 -0.9902
vn 0.0284 -0.1471 -0.9887
vn 0.0111 -0.1367 -0.9905
vn -0.0117 -0.1532 -0.9881
vn 0.0171 -0.1503 -0.9885
vn -0.0154 -0.1465 -0.9891
vn -0.0319 -0.1410 -0.9895
vn 0.0305 -0.1522 -0.9879
vn 0.0154 -0.1570 -0.9875
vn -0.0429 -0.1669 -0.9850
vn -0.0049 -0.1532 -0.9882
vn 0.0158 -0.1491 -0.9887
vn -0.0989 -0.1748 -0.9796
vn -0.1244 -0.1838 -0.9751
vn 0.0269 -0.1477 -0.9887
vn 0.0069 -0.1575 -0.9875
vn -0.0556 -0.1763 -0.9828
vn -0.1366 -0.1944 -0.9714
vn 0.0005 -0.1508 -0.9886
vn 0.0148 -0.1454 -0.9893
vn -0.2020 -0.1995 -0.9589
vn -0.1848 -0.2171 -0.9585
vn -0.2049 -0.2016 -0.9578
vn -0.1482 -0.2012 -0.9683
vn -0.2678 -0.2914 0.9183
vn -0.4005 -0.4064 0.8212
vn -0.5644 -0.4565 0.6878
vn -0.6643 -0.4930 0.5618
vn -0.7216 -0.5233 0.4533
vn -0.7631 -0.5164 0.3886
vn -0.8239 -0.5125 0.2420
vn -0.8318 -0.5550 0.0064
vn -0.8327 -0.5361 0.1384
vn -0.4318 -0.3952 0.8108
vn -0.2478 -0.2826 0.9267
vn -0.5706 -0.4463 0.6894
vn -0.6719 -0.4944 0.5515
vn -0.7333 -0.5017 0.4588
vn -0.7485 -0.5447 0.3781
vn -0.8049 -0.5447 0.2356
vn -0.8428 -0.5381 0.0100
vn -0.8465 -0.5130 0.1425
vn -0.4637 -0.3909 0.7951
vn -0.2283 -0.2973 0.9271
vn -0.5677 -0.4528 0.6876
vn -0.6934 -0.4783 0.5390
vn -0.7027 -0.5280 0.4769
vn -0.7356 -0.5696 0.3667
vn -0.8051 -0.5502 0.2218
vn -0.8623 -0.5062 0.0130
vn -0.8635 -0.4845 0.1403
vn -0.2628 -0.3167 0.9114
vn -0.4769 -0.3769 0.7940
vn -0.5827 -0.4449 0.6801
vn -0.6718 -0.5038 0.5430
vn -0.6496 -0.5842 0.4865
vn -0.7450 -0.5674 0.3509
vn -0.8134 -0.5403 0.2157
vn -0.8875 -0.4608 0.0077
vn -0.9185 -0.3718 0.1344
vn -0.3422 -0.3061 0.8884
vn -0.4608 -0.3724 0.8056
vn -0.5747 -0.4787 0.6637
vn -0.6020 -0.5698 0.5594
vn -0.6070 -0.6362 0.4762
vn -0.7335 -0.5957 0.3272
vn -0.9057 -0.3854 0.1764
vn -0.9949 -0.1006 0.0033
vn -0.9683 -0.2289 0.0997
vn -0.3775 -0.2918 0.8788
vn -0.4244 -0.4033 0.8107
vn -0.5379 -0.5320 0.6540
vn -0.5078 -0.6440 0.5722
vn -0.5670 -0.6872 0.4542
vn -0.6965 -0.6518 0.3001
vn -0.9651 -0.2252 0.1335
vn -0.8806 -0.4736 0.0182
vn -0.5915 -0.7986 0.1110
vn -0.3840 -0.4509 0.8057
vn -0.3328 -0.3211 0.8867
vn -0.4535 -0.5929 0.6654
vn -0.3981 -0.7121 0.5783
vn -0.5201 -0.7364 0.4326
vn -0.0486 -0.9159 0.3984
vn 0.5951 0.7710 -0.2268
vn -0.2610 -0.3621 0.8948
vn -0.3290 -0.5183 0.7894
vn -0.2999 -0.6694 0.6797
vn -0.2620 -0.7831 0.5641
vn -0.1414 -0.8742 0.4646
vn 0.7482 -0.5990 0.2854
vn -0.2250 -0.5812 0.7820
vn -0.1706 -0.4193 0.8917
vn -0.0614 -0.7418 0.6678
vn 0.0281 -0.8403 0.5414
vn 0.4504 -0.7877 0.4204
vn -0.0851 -0.4821 0.8720
vn 0.0154 -0.6495 0.7602
vn 0.2413 -0.7502 0.6156
vn 0.4321 -0.7668 0.4747
vn 0.3255 -0.6489 0.6878
vn 0.0587 -0.5202 0.8520
vn 0.5404 -0.6718 0.5067
vn 0.0384 -0.3440 0.9382
vn -0.0705 -0.3107 0.9479
vn 0.6078 -0.5608 0.5622
vn 0.3370 -0.5193 0.7853
vn 0.1361 -0.3457 0.9284
vn 0.0617 -0.1733 0.9829
vn 0.1173 -0.1886 0.9750
vn 0.6013 -0.4371 0.6688
vn 0.3282 -0.3256 0.8867
vn 0.1823 -0.1537 0.9712
vn 0.2240 -0.0428 0.9737
vn 0.2144 -0.0237 0.9765
vn 0.0486 -0.1283 0.9905
vn 0.2344 -0.0287 0.9717
vn 0.5386 -0.2484 0.8051
vn 0.3255 -0.1381 0.9354
vn 0.2167 0.0302 0.9758
vn 0.3505 0.0762 0.9335
vn 0.3368 0.0584 0.9398
vn 0.3206 0.1138 0.9404
vn 0.2400 -0.0167 0.9706
vn 0.3000 0.0504 0.9526
vn 0.4514 -0.1134 0.8851
vn 0.3640 -0.0063 0.9314
vn 0.2741 0.1630 0.9478
vn 0.4490 0.1832 0.8745
vn 0.4410 0.1753 0.8802
vn 0.4220 0.1784 0.8889
vn 0.4201 0.2161 0.8814
vn 0.2516 0.0592 0.9660
vn 0.4172 0.1879 0.8892
vn 0.4221 0.0047 0.9065
vn 0.4087 0.1180 0.9050
vn 0.3601 0.2640 0.8948
vn 0.5503 0.2806 0.7864
vn 0.5470 0.2745 0.7909
vn 0.5444 0.2752 0.7924
vn 0.5471 0.2731 0.7912
vn 0.5240 0.3125 0.7923
vn 0.4216 0.2144 0.8811
vn 0.5391 0.2799 0.7944
vn 0.4297 0.1526 0.8900
vn 0.4448 0.2371 0.8637
vn 0.4651 0.3661 0.8060
vn 0.6660 0.3789 0.6426
vn 0.6726 0.3720 0.6398
vn 0.6831 0.3675 0.6311
vn 0.6865 0.3735 0.6238
vn 0.6727 0.3886 0.6296
vn 0.6375 0.4135 0.6501
vn 0.5318 0.2947 0.7939
vn 0.4331 0.2390 0.8691
vn 0.4503 0.2748 0.8495
vn 0.4999 0.3592 0.7881
vn 0.5763 0.4742 0.6656
vn 0.7669 0.4282 0.4780
vn 0.7721 0.4184 0.4784
vn 0.7603 0.4294 0.4875
vn 0.6660 0.3918 0.6348
vn 0.7517 0.4561 0.4764
vn 0.5457 0.2997 0.7826
vn 0.4464 0.2491 0.8595
vn 0.8269 0.4569 0.3279
vn 0.8214 0.4663 0.3285
vn 0.4923 0.4030 0.7715
vn 0.5785 0.4833 0.6570
vn 0.6695 0.3842 0.6357
vn 0.7474 0.4614 0.4781
vn 0.8071 0.4905 0.3287
vn -0.0754 -0.1795 -0.9809
vn -0.0083 -0.1535 -0.9881
vn 0.0217 -0.1374 -0.9903
vn 0.0037 -0.1458 -0.9893
vn 0.0144 -0.1335 -0.9909
vn -0.2738 -0.1969 -0.9414
vn -0.2829 -0.2013 -0.9378
vn -0.2036 -0.2082 -0.9567
vn -0.2059 -0.2017 -0.9576
vn -0.1614 -0.1908 -0.9683
vn -0.0997 -0.1681 -0.9807
vn -0.0300 -0.1379 -0.9900
vn 0.0115 -0.1144 -0.9934
vn -0.2663 -0.2053 -0.9418
vn 0.0135 -0.1053 -0.9943
vn 0.0075 -0.1364 -0.9906
vn -0.3795 -0.1888 -0.9057
vn -0.3726 -0.2001 -0.9062
vn -0.1226 -0.1406 -0.9824
vn -0.0547 -0.1130 -0.9921
vn -0.0058 -0.0858 -0.9963
vn -0.2668 -0.2085 -0.9409
vn -0.3672 -0.2094 -0.9063
vn -0.4940 -0.1876 -0.8490
vn 0.0163 -0.1116 -0.9936
vn 0.0290 -0.0759 -0.9967
vn 0.0105 -0.0709 -0.9974
vn -0.1412 -0.0917 -0.9857
vn -0.0786 -0.0699 -0.9945
vn -0.0256 -0.0458 -0.9986
vn -0.1756 -0.1605 -0.9713
vn 0.0052 -0.0311 -0.9995
vn 0.0397 -0.0327 -0.9987
vn 0.0718 -0.0957 -0.9928
vn 0.0894 -0.0473 -0.9949
vn -0.0984 -0.0106 -0.9951
vn -0.1586 -0.0318 -0.9868
vn -0.0417 0.0067 -0.9991
vn -0.2142 -0.0550 -0.9752
vn -0.1932 -0.1117 -0.9748
vn -0.2173 -0.1775 -0.9598
vn 0.0454 0.0180 -0.9988
vn -0.0001 0.0173 -0.9999
vn 0.1021 0.0088 -0.9947
vn 0.1616 -0.0082 -0.9868
vn 0.1425 -0.0693 -0.9874
vn -0.1784 0.0312 -0.9835
vn -0.1151 0.0541 -0.9919
vn -0.2360 0.0053 -0.9717
vn -0.0543 0.0713 -0.9960
vn -0.2656 -0.0828 -0.9605
vn -0.2389 -0.1364 -0.9614
vn 0.1120 0.0713 -0.9911
vn 0.0489 0.0812 -0.9955
vn -0.0049 0.0812 -0.9967
vn 0.1775 0.0542 -0.9826
vn 0.2427 0.0288 -0.9697
vn 0.2192 -0.0338 -0.9751
vn -0.1987 0.1064 -0.9743
vn -0.2556 0.0801 -0.9635
vn -0.1325 0.1308 -0.9825
vn -0.0660 0.1483 -0.9867
vn 0.1210 0.1517 -0.9810
vn 0.1895 0.1352 -0.9725
vn 0.0522 0.1612 -0.9855
vn -0.0113 0.1593 -0.9872
vn 0.2622 0.1113 -0.9586
vn 0.3448 0.0802 -0.9352
vn 0.3203 -0.0026 -0.9473
vn -0.2170 0.1821 -0.9590
vn -0.2708 0.1591 -0.9494
vn -0.0773 0.2191 -0.9726
vn -0.1485 0.2033 -0.9678
vn -0.0196 0.2303 -0.9729
vn 0.1266 0.2300 -0.9649
vn 0.1980 0.2169 -0.9559
vn 0.2783 0.1937 -0.9408
vn 0.0530 0.2345 -0.9707
vn 0.3653 0.1630 -0.9165
vn 0.4282 0.1350 -0.8936
vn 0.4116 0.0500 -0.9100
vn -0.2286 0.2274 -0.9466
vn -0.2804 0.2172 -0.9350
vn -0.0892 0.2517 -0.9637
vn -0.0284 0.2619 -0.9647
vn -0.1615 0.2391 -0.9575
vn 0.0518 0.2668 -0.9624
vn 0.1308 0.2631 -0.9559
vn 0.4349 0.1923 -0.8797
vn 0.3793 0.2045 -0.9024
vn 0.4699 0.1210 -0.8744
vn 0.4703 0.1845 -0.8630
vn -0.2311 0.2782 -0.9323
vn -0.2832 0.2697 -0.9203
vn -0.0998 0.3007 -0.9485
vn -0.0359 0.3115 -0.9496
vn 0.0490 0.3130 -0.9485
vn -0.1689 0.2876 -0.9427
vn 0.1339 0.3054 -0.9428
vn 0.4785 0.2363 -0.8457
vn 0.4353 0.2590 -0.8622
vn 0.5421 0.1658 -0.8238
vn 0.5646 0.1933 -0.8024
vn -0.2349 0.3222 -0.9171
vn -0.2862 0.3133 -0.9055
vn -0.1764 0.3330 -0.9263
vn -0.0390 0.3476 -0.9368
vn -0.1108 0.3435 -0.9326
vn 0.0482 0.3468 -0.9367
vn 0.1337 0.3462 -0.9286
vn 0.5044 0.2935 -0.8121
vn 0.5987 0.2429 -0.7632
vn 0.7266 0.1780 -0.6636
vn 0.6834 0.1286 -0.7186
vn -0.2430 0.2924 -0.9249
vn -0.2933 0.2891 -0.9113
vn -0.1850 0.2953 -0.9373
vn 0.0438 0.3006 -0.9527
vn -0.0385 0.2964 -0.9543
vn -0.1150 0.2963 -0.9481
vn 0.1275 0.3101 -0.9421
vn 0.6432 0.2246 -0.7320
vn 0.7661 0.1613 -0.6221
vn 0.8324 0.1108 -0.5429
vn -0.2983 0.2587 -0.9187
vn -0.2432 0.2564 -0.9355
vn -0.1866 0.2513 -0.9498
vn -0.1156 0.2489 -0.9616
vn -0.0409 0.2510 -0.9671
vn 0.0379 0.2561 -0.9659
vn 0.1190 0.2637 -0.9572
vn -0.2994 0.2077 -0.9312
vn -0.2357 0.1965 -0.9518
vn -0.1835 0.1869 -0.9651
vn -0.1213 0.1856 -0.9751
vn -0.0495 0.1932 -0.9799
vn 0.0339 0.2014 -0.9789
vn 0.1112 0.2085 -0.9717
vn 0.0241 0.1209 -0.9924
vn -0.0626 0.1096 -0.9920
vn -0.1282 0.1042 -0.9863
vn -0.1732 0.1100 -0.9787
vn -0.2196 0.1258 -0.9674
vn -0.2911 0.1425 -0.9460
vn -0.0660 0.0364 -0.9972
vn -0.1182 0.0464 -0.9919
vn -0.1505 0.0666 -0.9864
vn -0.1933 0.0915 -0.9769
vn 0.0092 0.0422 -0.9991
vn 0.1023 0.1333 -0.9858
vn -0.0568 -0.0539 -0.9969
vn 0.5660 0.2952 0.7697
vn 0.4768 0.2442 0.8444
vn 0.8515 0.4915 0.1827
vn 0.8597 0.4778 0.1807
vn 0.5538 0.5090 0.6590
vn 0.7457 0.4580 0.4839
vn 0.6545 0.3837 0.6514
vn 0.8076 0.4964 0.3184
vn 0.8442 0.5062 0.1761
vn 0.5564 0.2817 0.7817
vn 0.5123 0.2204 0.8301
vn 0.8730 0.4855 0.0458
vn 0.8689 0.4936 0.0362
vn 0.8061 0.5069 0.3053
vn 0.7284 0.4717 0.4970
vn 0.6258 0.3859 0.6778
vn 0.8526 0.5000 0.1521
vn 0.8658 0.4999 0.0212
vn 0.5304 0.2641 0.8056
vn 0.5089 0.2081 0.8353
vn 0.8703 0.4636 -0.1664
vn 0.8711 0.4693 -0.1446
vn 0.8487 0.5141 0.1243
vn 0.8002 0.5238 0.2921
vn 0.7222 0.4812 0.4968
vn 0.6232 0.3645 0.6919
vn 0.8686 0.4951 0.0198
vn 0.8536 0.4892 -0.1790
vn 0.5171 0.2671 0.8132
vn 0.4738 0.2305 0.8499
vn 0.8438 0.4275 -0.3244
vn 0.8378 0.4398 -0.3235
vn 0.8390 0.5347 0.1013
vn 0.8687 0.4953 0.0093
vn 0.8066 0.5273 0.2671
vn 0.7390 0.4630 0.4894
vn 0.6347 0.3493 0.6893
vn 0.8542 0.4908 -0.1717
vn 0.8215 0.4624 -0.3336
vn 0.4511 0.2656 0.8521
vn 0.5160 0.2947 0.8043
vn 0.7987 0.4118 -0.4388
vn 0.7786 0.4176 -0.4684
vn 0.8382 0.5371 0.0942
vn 0.8500 0.5266 -0.0113
vn 0.8614 0.4846 -0.1521
vn 0.8159 0.5218 0.2490
vn 0.7512 0.4444 0.4881
vn 0.6265 0.3737 0.6840
vn 0.8127 0.4798 -0.3307
vn 0.7903 0.4452 -0.4210
vn 0.5205 0.3145 0.7938
vn 0.4568 0.2819 0.8437
vn 0.6959 0.3790 -0.6100
vn 0.6823 0.3762 -0.6268
vn 0.8391 0.5364 0.0903
vn 0.8355 0.5495 -0.0080
vn 0.8457 0.5148 -0.1407
vn 0.8179 0.4857 -0.3084
vn 0.8188 0.5166 0.2505
vn 0.7271 0.4743 0.4964
vn 0.6046 0.3947 0.6919
vn 0.7782 0.4732 -0.4129
vn 0.7032 0.4016 -0.5867
vn 0.5793 0.3315 -0.7446
vn 0.5866 0.3151 -0.7461
vn 0.8376 0.5399 0.0831
vn 0.8405 0.5417 0.0090
vn 0.8218 0.5520 -0.1411
vn 0.8120 0.5139 -0.2767
vn 0.7791 0.4873 -0.3944
vn 0.7961 0.5496 0.2532
vn 0.6998 0.5034 0.5068
vn 0.7010 0.4243 -0.5732
vn 0.5854 0.3537 -0.7295
vn 0.5153 0.2991 -0.8031
vn 0.5361 0.2723 -0.7990
vn 0.8216 0.5657 0.0706
vn 0.8483 0.5294 0.0049
vn 0.8242 0.5511 -0.1305
vn 0.8009 0.5427 -0.2530
vn 0.7689 0.5150 -0.3788
vn 0.7007 0.4340 -0.5663
vn 0.7792 0.5766 0.2456
vn 0.6066 0.3531 -0.7123
vn 0.5346 0.3153 -0.7841
vn 0.5069 0.3208 -0.8001
vn 0.4460 0.2283 -0.8654
vn 0.4739 0.2123 -0.8546
vn 0.7983 0.5985 0.0670
vn 0.8350 0.5499 -0.0170
vn 0.8486 0.5161 -0.1165
vn 0.7981 0.5508 -0.2444
vn 0.5557 0.3135 -0.7700
vn 0.6101 0.3577 -0.7070
vn 0.4211 0.2554 -0.8703
vn 0.4610 0.2466 -0.8524
vn 0.4128 0.2476 -0.8765
vn 0.8419 0.5244 -0.1273
vn 0.8016 0.5966 -0.0380
vn 0.8290 0.5073 -0.2353
vn 0.5489 0.3242 -0.7704
vn 0.4807 0.2371 -0.8442
vn 0.2656 0.1246 -0.9560
vn 0.2858 0.1228 -0.9504
vn 0.3431 0.1033 -0.9336
vn 0.8353 0.4974 -0.2343
vn 0.8121 0.5611 -0.1603
vn 0.3678 0.0811 -0.9264
vn 0.4743 0.2256 -0.8509
vn 0.1031 -0.0274 -0.9943
vn 0.1478 -0.0427 -0.9881
vn 0.2155 -0.0757 -0.9736
vn 0.2290 -0.0820 -0.9700
vn 0.3597 0.0690 -0.9305
vn -0.0047 -0.1469 -0.9891
vn 0.0647 -0.1792 -0.9817
vn 0.1175 -0.1993 -0.9729
vn 0.2206 -0.0650 -0.9732
vn 0.1029 -0.1745 -0.9793
vn 0.3697 0.0661 -0.9268
vn 0.4806 0.2047 -0.8527
vn 0.0300 -0.2808 -0.9593
vn -0.0487 -0.2246 -0.9732
vn 0.0190 -0.2896 -0.9570
vn 0.2222 -0.0275 -0.9746
vn 0.0847 -0.1341 -0.9873
vn -0.0410 -0.2379 -0.9704
vn 0.4924 0.1894 -0.8495
vn 0.3697 0.0965 -0.9241
vn -0.1596 -0.4155 -0.8955
vn -0.0982 -0.4261 -0.8993
vn -0.1607 -0.3460 -0.9244
vn 0.2302 0.0013 -0.9731
vn 0.0945 -0.1142 -0.9890
vn -0.0367 -0.2182 -0.9752
vn -0.1703 -0.3217 -0.9314
vn 0.3618 0.1279 -0.9235
vn 0.4749 0.2083 -0.8551
vn -0.2693 -0.5109 -0.8164
vn -0.2744 -0.4520 -0.8488
vn -0.2945 -0.4204 -0.8582
vn 0.2358 0.0187 -0.9716
vn 0.1065 -0.1036 -0.9889
vn -0.0195 -0.2129 -0.9769
vn -0.1518 -0.3197 -0.9353
vn -0.2820 -0.4167 -0.8642
vn 0.3584 0.1437 -0.9225
vn 0.4545 0.2309 -0.8603
vn -0.4041 -0.5065 -0.7617
vn -0.3898 -0.5413 -0.7450
vn -0.3978 -0.4934 -0.7735
vn -0.0874 -0.0300 -0.9957
vn -0.1179 0.0064 -0.9930
vn -0.1658 0.0384 -0.9854
vn -0.2727 0.1161 -0.9551
vn -0.0976 -0.1240 -0.9875
vn 0.0884 0.0594 -0.9943
vn -0.0114 -0.0475 -0.9988
vn -0.0463 -0.1820 -0.9822
vn -0.0600 -0.1602 -0.9853
vn -0.1556 -0.0983 -0.9829
vn -0.2500 0.0691 -0.9658
vn -0.0931 -0.3150 -0.9445
vn -0.1573 -0.3010 -0.9406
vn -0.0481 -0.3371 -0.9402
vn -0.0288 -0.1691 -0.9852
vn 0.0632 -0.0159 -0.9979
vn -0.0362 -0.3332 -0.9422
vn -0.0396 -0.3480 -0.9367
vn -0.2373 -0.2893 -0.9274
vn -0.2406 -0.0757 -0.9677
vn 0.0275 -0.3003 -0.9535
vn 0.0406 -0.1282 -0.9909
vn -0.3511 -0.2631 -0.8986
vn -0.3620 -0.0440 -0.9311
vn -0.3618 0.0965 -0.9272
vn 0.1855 -0.2771 -0.9428
vn 0.1894 0.0148 -0.9818
vn 0.1877 -0.0921 -0.9779
vn -0.4899 -0.2253 -0.8421
vn -0.4874 0.1096 -0.8663
vn -0.5020 -0.0107 -0.8648
vn 0.3637 -0.2768 -0.8895
vn 0.3559 -0.0861 -0.9305
vn 0.3389 0.0283 -0.9404
vn -0.6052 -0.1835 -0.7747
vn -0.6113 0.1110 -0.7836
vn -0.6225 0.0254 -0.7822
vn -0.4657 0.1298 -0.8754
vn -0.5864 0.1131 -0.8021
vn 0.4899 -0.2815 -0.8251
vn 0.4924 -0.0898 -0.8657
vn 0.4789 0.0325 -0.8773
vn -0.7000 -0.1359 -0.7011
vn -0.7172 0.1142 -0.6874
vn -0.7003 0.0904 -0.7081
vn -0.7172 0.0702 -0.6933
vn -0.5517 0.1367 -0.8227
vn -0.6643 0.1117 -0.7390
vn -0.7916 0.0747 -0.6065
vn -0.7920 0.1225 -0.5981
vn 0.5767 -0.2647 -0.7729
vn 0.5922 0.0361 -0.8050
vn 0.5976 -0.0752 -0.7983
vn -0.7797 -0.0997 -0.6181
vn -0.7858 0.1073 -0.6090
vn -0.7765 0.0870 -0.6241
vn -0.8501 0.0745 -0.5214
vn -0.5201 0.1963 -0.8312
vn -0.6215 0.1706 -0.7646
vn -0.8377 0.1206 -0.5326
vn -0.8406 0.1322 -0.5253
vn -0.8408 -0.0884 -0.5341
vn 0.6958 0.0447 -0.7168
vn 0.6905 -0.0315 -0.7227
vn -0.8496 0.0718 -0.5225
vn -0.7461 0.1312 -0.6528
vn -0.8693 0.0783 -0.4880
vn -0.5797 0.2316 -0.7813
vn -0.4972 0.2525 -0.8301
vn -0.8741 0.1062 -0.4739
vn -0.8788 -0.1033 -0.4658
vn -0.8666 0.1325 -0.4811
vn -0.8656 0.0600 -0.4971
vn -0.8330 0.0892 -0.5461
vn -0.6939 0.1831 -0.6964
vn -0.8857 0.0739 -0.4583
vn -0.5488 0.2720 -0.7905
vn -0.4832 0.2908 -0.8258
vn -0.9033 0.0779 -0.4219
vn -0.9027 -0.1293 -0.4103
vn -0.8906 0.1204 -0.4385
vn -0.8530 0.0602 -0.5185
vn -0.7884 0.1048 -0.6062
vn -0.6397 0.2268 -0.7344
vn -0.5253 0.2878 -0.8007
vn -0.4757 0.3017 -0.8263
vn -0.8296 0.0333 -0.5573
vn -0.7255 0.1495 -0.6718
vn -0.5943 0.2537 -0.7632
vn -0.4849 0.2301 -0.8438
vn -0.5249 0.2302 -0.8194
vn -0.8002 0.0774 -0.5947
vn -0.6738 0.2162 -0.7066
vn -0.5748 0.2232 -0.7873
vn -0.6571 0.2033 -0.7259
vn -0.5362 0.1381 -0.8327
vn -0.4847 0.1480 -0.8621
vn -0.7710 0.1881 -0.6084
vn -0.7551 0.1672 -0.6340
vn -0.6567 0.1779 -0.7329
vn -0.5888 0.1546 -0.7934
vn -0.7257 0.1565 -0.6700
vn -0.5391 0.0394 -0.8413
vn -0.4614 0.0677 -0.8846
vn -0.6280 0.0592 -0.7760
vn -0.8806 0.1312 -0.4554
vn -0.8677 0.1148 -0.4837
vn -0.6973 0.1265 -0.7056
vn -0.7148 0.1873 -0.6738
vn -0.8307 0.1693 -0.5304
vn -0.5235 -0.0572 -0.8501
vn -0.4251 -0.0192 -0.9049
vn -0.6567 -0.0632 -0.7515
vn -0.7691 0.0018 -0.6392
vn -0.9654 0.1027 -0.2398
vn -0.9704 0.1032 -0.2182
vn -0.9711 0.1015 -0.2161
vn -0.7861 0.1358 -0.6030
vn -0.7991 0.2153 -0.5614
vn -0.9315 0.1466 -0.3330
vn -0.3914 -0.0829 -0.9165
vn -0.4968 -0.1167 -0.8600
vn -0.6543 -0.1428 -0.7426
vn -0.8158 -0.1253 -0.5646
vn -0.8851 -0.0128 -0.4653
vn -0.8491 0.1424 -0.5087
vn -0.8904 0.2125 -0.4025
vn -0.4756 -0.1418 -0.8682
vn -0.3716 -0.1279 -0.9195
vn -0.6332 -0.1672 -0.7557
vn -0.8164 -0.1954 -0.5434
vn -0.9321 -0.1537 -0.3281
vn -0.9210 0.0526 -0.3860
vn -0.9201 -0.0451 -0.3890
vn -0.9352 -0.2224 -0.2755
vn -0.7934 -0.2155 -0.5693
vn -0.6090 -0.1815 -0.7721
vn -0.4667 -0.1691 -0.8681
vn -0.3648 -0.1694 -0.9155
vn -0.9317 -0.1957 -0.3059
vn -0.9283 -0.1688 -0.3313
vn -0.9276 -0.2337 -0.2914
vn -0.9387 -0.2224 -0.2635
vn -0.7704 -0.2089 -0.6024
vn -0.5961 -0.1896 -0.7802
vn -0.4685 -0.1927 -0.8622
vn -0.5982 -0.1803 -0.7808
vn 0.0903 -0.0681 -0.9936
vn 0.2203 0.0556 -0.9738
vn -0.0339 -0.1760 -0.9838
vn -0.1688 -0.2825 -0.9443
vn -0.2990 -0.3844 -0.8734
vn -0.4082 -0.4664 -0.7848
vn -0.5039 -0.5575 -0.6597
vn -0.5099 -0.5751 -0.6397
vn -0.2159 -0.2002 -0.9557
vn -0.0668 -0.1095 -0.9917
vn 0.0502 -0.0114 -0.9987
vn -0.3696 -0.2974 -0.8803
vn 0.0569 -0.2195 -0.9740
vn -0.0939 -0.3046 -0.9478
vn -0.5089 -0.5381 -0.6719
vn -0.4779 -0.4064 -0.7788
vn -0.6032 -0.6186 -0.5034
vn -0.6013 -0.6120 -0.5137
vn -0.2748 -0.4083 -0.8705
vn -0.5465 -0.5114 -0.6631
vn -0.3910 -0.5354 -0.7486
vn 0.4268 -0.8192 -0.3831
vn 0.5285 -0.7222 -0.4463
vn 0.3593 -0.8767 -0.3198
vn -0.4280 -0.6481 -0.6299
vn -0.6046 -0.6265 -0.4919
vn -0.6687 -0.6686 -0.3253
vn 0.3366 -0.8966 -0.2878
vn 0.2970 -0.9369 -0.1846
vn -0.4673 -0.7605 -0.4509
vn 0.5667 -0.6787 -0.4670
vn 0.5863 -0.6653 -0.4622
vn 0.1732 -0.1276 -0.9766
vn 0.6531 -0.6095 -0.4494
vn 0.3126 0.0238 -0.9496
vn 0.1924 0.1254 -0.9733
vn 0.4640 0.1026 -0.8799
vn 0.3348 0.2369 -0.9120
vn 0.3468 0.1753 -0.9214
vn 0.7093 -0.5635 -0.4234
vn -0.6127 -0.6281 -0.4797
vn 0.5602 0.1567 -0.8134
vn 0.4354 0.3008 -0.8485
vn 0.4428 0.2591 -0.8583
vn 0.4487 0.2400 -0.8609
vn 0.7583 -0.5226 -0.3897
vn -0.6212 -0.6429 -0.4481
vn -0.5140 -0.6042 -0.6088
vn 0.5524 0.3517 -0.7557
vn 0.5438 0.3872 -0.7446
vn 0.5486 0.3377 -0.7648
vn 0.5467 0.3220 -0.7730
vn 0.8093 -0.4807 -0.3375
vn -0.5676 -0.5915 -0.5727
vn -0.6645 -0.6183 -0.4198
vn -0.4288 -0.5485 -0.7178
vn 0.6170 0.3917 -0.6826
vn 0.6195 0.4034 -0.6734
vn 0.6165 0.3702 -0.6949
vn -0.5099 -0.5164 -0.6880
vn -0.6240 -0.5625 -0.5424
vn -0.6926 -0.5984 -0.4028
vn -0.3758 -0.5002 -0.7801
vn -0.7363 -0.6319 -0.2421
vn 0.7179 0.4677 -0.5157
vn 0.7257 0.4476 -0.5225
vn -0.5221 -0.5328 -0.6660
vn -0.4427 -0.4942 -0.7482
vn -0.6019 -0.5981 -0.5292
vn -0.6555 -0.6453 -0.3924
vn -0.2610 -0.3745 -0.8897
vn -0.7099 -0.6686 -0.2214
vn -0.4969 -0.5680 -0.6561
vn -0.4397 -0.5204 -0.7320
vn -0.2826 -0.3851 -0.8785
vn -0.5645 -0.6354 -0.5270
vn -0.6297 -0.6824 -0.3713
vn -0.0932 -0.2123 -0.9728
vn -0.6953 -0.6955 -0.1812
vn -0.5053 -0.5592 -0.6573
vn -0.4561 -0.4994 -0.7366
vn -0.3168 -0.3657 -0.8751
vn -0.1176 -0.2256 -0.9671
vn -0.5728 -0.6267 -0.5283
vn -0.6534 -0.6715 -0.3494
vn -0.0121 -0.1493 -0.9887
vn -0.7204 -0.6775 -0.1484
vn -0.5173 -0.5470 -0.6582
vn -0.4617 -0.4761 -0.7485
vn -0.3522 -0.3775 -0.8564
vn -0.1517 -0.2706 -0.9507
vn 0.0078 -0.1697 -0.9855
vn -0.5891 -0.6161 -0.5229
vn -0.6868 -0.6537 -0.3178
vn 0.1246 -0.0359 -0.9916
vn -0.7529 -0.6489 -0.1098
vn -0.5012 -0.5624 -0.6577
vn -0.4342 -0.4941 -0.7532
vn -0.3490 -0.4053 -0.8450
vn -0.1983 -0.3061 -0.9311
vn 0.0030 -0.1829 -0.9831
vn 0.1642 -0.0442 -0.9854
vn -0.6095 -0.6163 -0.4987
vn -0.7169 -0.6372 -0.2829
vn 0.2950 0.1153 -0.9485
vn -0.7840 -0.6167 -0.0709
vn -0.5186 -0.5678 -0.6393
vn -0.4133 -0.5072 -0.7563
vn -0.3353 -0.4157 -0.8455
vn -0.2318 -0.3043 -0.9240
vn -0.0497 -0.1843 -0.9816
vn 0.1638 -0.0474 -0.9854
vn 0.3352 0.1017 -0.9366
vn -0.6608 -0.5916 -0.4620
vn -0.7755 -0.5837 -0.2406
vn -0.8443 -0.5353 -0.0257
vn -0.4061 -0.5248 -0.7481
vn -0.5373 -0.5805 -0.6119
vn -0.3038 -0.4321 -0.8491
vn -0.2128 -0.3168 -0.9243
vn -0.0817 -0.1887 -0.9786
vn 0.1211 -0.0499 -0.9914
vn 0.3390 0.0992 -0.9355
vn -0.6859 -0.5946 -0.4195
vn -0.8023 -0.5654 -0.1917
vn -0.0634 -0.2021 -0.9773
vn -0.1733 -0.3344 -0.9264
vn -0.2815 -0.4493 -0.8479
vn -0.4096 -0.5406 -0.7349
vn -0.5487 -0.6014 -0.5806
vn 0.0969 -0.0537 -0.9938
vn 0.3112 0.1001 -0.9451
vn -0.6910 -0.6165 -0.3774
vn -0.1383 -0.3555 -0.9244
vn -0.7539 -0.1886 -0.6294
vn -0.9111 -0.2306 -0.3415
vn -0.9374 -0.1885 -0.2927
vn -0.9472 -0.2341 -0.2191
vn -0.4794 -0.1963 -0.8554
vn -0.3640 -0.2003 -0.9096
vn -0.6055 -0.1732 -0.7768
vn -0.7420 -0.1777 -0.6464
vn -0.8911 -0.2140 -0.4001
vn -0.9475 -0.1861 -0.2599
vn -0.9525 -0.2334 -0.1955
vn -0.5064 -0.1761 -0.8441
vn -0.6125 -0.1647 -0.7731
vn -0.7394 -0.1585 -0.6543
vn -0.8815 -0.1626 -0.4432
vn -0.9577 -0.1993 -0.2078
vn -0.9612 -0.1783 -0.2106
vn -0.5176 -0.1717 -0.8382
vn -0.3943 -0.1886 -0.8994
vn -0.6215 -0.1561 -0.7677
vn -0.7506 -0.1321 -0.6474
vn -0.8752 -0.1206 -0.4685
vn -0.9708 -0.1650 -0.1742
vn -0.9612 -0.1307 -0.2430
vn -0.5470 -0.1537 -0.8229
vn -0.4223 -0.1996 -0.8842
vn -0.2930 -0.2290 -0.9283
vn -0.6505 -0.1039 -0.7524
vn -0.7673 -0.0622 -0.6382
vn -0.8637 -0.0726 -0.4987
vn -0.9807 -0.1202 -0.1543
vn -0.9552 -0.1092 -0.2750
vn -0.4580 -0.2064 -0.8646
vn -0.5846 -0.1632 -0.7947
vn -0.3086 -0.2320 -0.9225
vn -0.6867 -0.1095 -0.7187
vn -0.7799 -0.0749 -0.6214
vn -0.8460 -0.0789 -0.5274
vn -0.4743 -0.2091 -0.8552
vn -0.6011 -0.1978 -0.7743
vn -0.9879 -0.0956 -0.1222
vn -0.9494 -0.0948 -0.2993
vn -0.6982 -0.1831 -0.6921
vn -0.7858 -0.1654 -0.5959
vn -0.8400 -0.1425 -0.5235
vn -0.6013 -0.1977 -0.7742
vn -0.6957 -0.1997 -0.6900
vn -0.7896 -0.1999 -0.5801
vn -0.9932 -0.0712 -0.0918
vn -0.9446 -0.1101 -0.3093
vn -0.8459 -0.1727 -0.5046
vn -0.9427 -0.1266 -0.3086
vn -0.7860 -0.1780 -0.5921
vn -0.6812 -0.1701 -0.7121
vn -0.9948 -0.0669 -0.0766
vn -0.9960 -0.0709 -0.0542
vn -0.8605 -0.1681 -0.4809
vn -0.9409 -0.1338 -0.3110
vn -0.9868 -0.1467 -0.0690
vn -0.8615 -0.1598 -0.4819
vn -0.7760 -0.1785 -0.6049
vn -0.6784 -0.2040 -0.7058
vn -0.9344 -0.1241 -0.3338
vn -0.9740 -0.1433 -0.1757
vn -0.9325 -0.1547 -0.3262
vn -0.8590 -0.2050 -0.4691
vn -0.7580 -0.2481 -0.6033
vn -0.9706 -0.1060 -0.2161
vn -0.9342 -0.1793 -0.3083
vn -0.9772 -0.1033 -0.1855
vn -0.8680 -0.2390 -0.4352
vn -0.7599 -0.2771 -0.5880
vn -0.6604 -0.2650 -0.7026
vn -0.9584 -0.1071 -0.2646
vn -0.9870 -0.0653 -0.1467
vn -0.9054 -0.2153 -0.3658
vn -0.9557 -0.1912 -0.2238
vn -0.9792 -0.1367 -0.1501
vn -0.7948 -0.2706 -0.5431
vn -0.6535 -0.2858 -0.7009
vn -0.6978 -0.3276 -0.6369
vn -0.5131 -0.2716 -0.8142
vn -0.9313 -0.2189 -0.2910
vn -0.8396 -0.3052 -0.4493
vn -0.5793 -0.2537 -0.7747
vn -0.8019 -0.5442 -0.2464
vn -0.8156 -0.5561 -0.1597
vn -0.8471 -0.4002 -0.3497
vn -0.5767 -0.3353 -0.7450
vn -0.6204 -0.4828 -0.6180
vn -0.7384 -0.5051 -0.4468
vn -0.4578 -0.2163 -0.8624
vn -0.3641 -0.2199 -0.9050
vn -0.4512 -0.1284 -0.8831
vn -0.4035 -0.0684 -0.9124
vn -0.3288 -0.1731 -0.9284
vn -0.3876 -0.2243 -0.8941
vn -0.4466 -0.4770 -0.7570
vn -0.5291 -0.6055 -0.5945
vn -0.2186 -0.1722 -0.9605
vn -0.3332 0.0127 -0.9428
vn -0.3357 -0.0711 -0.9393
vn -0.3153 -0.0484 -0.9478
vn -0.3043 0.0629 -0.9505
vn -0.1786 -0.1437 -0.9734
vn -0.2801 -0.3110 -0.9082
vn -0.2735 -0.1370 -0.9521
vn -0.3723 -0.5384 -0.7559
vn -0.1772 -0.0561 -0.9826
vn -0.0438 -0.1233 -0.9914
vn -0.0174 -0.1213 -0.9925
vn -0.2527 0.0771 -0.9645
vn -0.2736 0.1148 -0.9550
vn -0.2454 0.0175 -0.9693
vn -0.2084 0.0631 -0.9760
vn -0.2437 0.1192 -0.9625
vn -0.0339 -0.0808 -0.9962
vn -0.2045 -0.3333 -0.9204
vn 0.0443 -0.1160 -0.9923
vn 0.0353 -0.1010 -0.9943
vn 0.0370 -0.0922 -0.9951
vn -0.2197 0.1658 -0.9614
vn -0.2053 0.1583 -0.9658
vn -0.0735 0.0348 -0.9967
vn -0.1029 0.1069 -0.9889
vn 0.0206 0.0136 -0.9997
vn 0.0168 -0.1106 -0.9937
vn 0.0381 -0.0963 -0.9946
vn 0.0579 0.0090 -0.9983
vn 0.0039 0.0928 -0.9957
vn 0.0708 0.0653 -0.9953
vn -0.0176 -0.2206 -0.9752
vn -0.2705 -0.4683 -0.8411
vn -0.4143 -0.5563 -0.7203
vn -0.5690 -0.6096 -0.5520
vn 0.1110 -0.0646 -0.9917
vn -0.4191 -0.5753 -0.7024
vn -0.2694 -0.4896 -0.8293
vn -0.1188 -0.3741 -0.9197
vn 0.0139 -0.2215 -0.9751
vn -0.5693 -0.6358 -0.5212
vn -0.6972 -0.6266 -0.3482
vn -0.3971 -0.6020 -0.6928
vn -0.5600 -0.6620 -0.4982
vn -0.2598 -0.5061 -0.8224
vn -0.1157 -0.3810 -0.9173
vn 0.1280 -0.0581 -0.9901
vn 0.0317 -0.2109 -0.9770
vn -0.7087 -0.6426 -0.2911
vn -0.7259 -0.6126 -0.3128
vn -0.2866 -0.6397 -0.7132
vn -0.4005 -0.7534 -0.5216
vn -0.6591 -0.7058 -0.2598
vn -0.3001 -0.4595 -0.8360
vn -0.2324 -0.3244 -0.9169
vn -0.0623 -0.1741 -0.9828
vn 0.1502 -0.0513 -0.9873
vn -0.9114 -0.4114 -0.0080
vn -0.7977 -0.5953 -0.0969
vn -0.0331 -0.6271 -0.7782
vn 0.1067 -0.7734 -0.6249
vn -0.0537 -0.8831 -0.4661
vn -0.6641 -0.7377 -0.1215
vn -0.1154 -0.4999 -0.8584
vn -0.0781 -0.3439 -0.9358
vn 0.0100 -0.1693 -0.9855
vn 0.1000 -0.0214 -0.9948
vn -0.8563 -0.4797 0.1916
vn -0.9683 -0.1564 0.1949
vn 0.0939 -0.0022 -0.9956
vn -0.8813 -0.4590 0.1120
vn -0.8485 -0.5231 0.0795
vn 0.2247 0.1298 -0.9658
vn 0.1766 0.1665 -0.9701
vn 0.2762 0.0974 -0.9562
vn 0.4015 0.2281 -0.8870
vn 0.3388 0.2646 -0.9029
vn 0.2645 0.3011 -0.9162
vn 0.2725 0.0972 -0.9572
vn 0.4233 0.2165 -0.8797
vn 0.4776 0.2981 -0.8264
vn 0.5175 0.2743 -0.8105
vn 0.4077 0.3470 -0.8446
vn 0.3363 0.3908 -0.8568
vn 0.4541 0.2115 -0.8655
vn 0.2872 0.0953 -0.9531
vn 0.5455 0.2612 -0.7964
vn 0.5523 0.3604 -0.7517
vn 0.5975 0.3219 -0.7344
vn 0.6077 0.3111 -0.7307
vn 0.4741 0.4263 -0.7704
vn 0.4081 0.4766 -0.7787
vn 0.5461 0.2642 -0.7949
vn 0.4753 0.2116 -0.8540
vn 0.5974 0.3113 -0.7390
vn 0.6446 0.4487 -0.6190
vn 0.6874 0.3929 -0.6108
vn 0.6845 0.3843 -0.6195
vn 0.6787 0.3782 -0.6295
vn 0.5700 0.5133 -0.6415
vn 0.4827 0.5634 -0.6705
vn 0.7392 0.4482 -0.5027
vn 0.6950 0.5121 -0.5047
vn 0.7473 0.4344 -0.5028
vn 0.7587 0.4290 -0.4902
vn 0.6398 0.5774 -0.5072
vn 0.5526 0.6482 -0.5238
vn 0.8119 0.4636 -0.3549
vn 0.7891 0.4917 -0.3683
vn 0.7359 0.5621 -0.3775
vn 0.8244 0.4557 -0.3357
vn 0.6761 0.6372 -0.3700
vn 0.6054 0.7074 -0.3648
vn 0.8635 0.4841 -0.1412
vn 0.8698 0.4740 -0.1372
vn 0.8395 0.5208 -0.1549
vn 0.7801 0.6016 -0.1720
vn 0.7019 0.6903 -0.1756
vn 0.6375 0.7517 -0.1689
vn 0.8775 0.4773 0.0472
vn 0.8728 0.4857 0.0479
vn 0.8501 0.5242 0.0493
vn 0.7899 0.6112 0.0500
vn 0.7132 0.6994 0.0469
vn 0.6513 0.7576 0.0425
vn 0.8612 0.4732 0.1855
vn 0.8560 0.4801 0.1918
vn 0.8277 0.5201 0.2106
vn 0.7612 0.6017 0.2418
vn 0.7023 0.6646 0.2551
vn 0.6435 0.7198 0.2604
vn 0.8253 0.4557 0.3333
vn 0.8135 0.4637 0.3511
vn 0.7764 0.5051 0.3769
vn 0.7047 0.5772 0.4127
vn 0.6689 0.6046 0.4326
vn 0.6203 0.6432 0.4488
vn 0.6256 0.5549 0.5484
vn 0.6458 0.5377 0.5421
vn 0.7121 0.4707 0.5209
vn 0.7471 0.4350 0.5026
vn 0.5943 0.5768 0.5605
vn -0.8444 -0.5357 0.0004
vn -0.7778 -0.6066 -0.1646
vn -0.8205 -0.5710 0.0282
vn -0.8022 -0.5825 -0.1312
vn -0.8414 -0.5370 0.0603
vn -0.8184 -0.5643 -0.1086
vn -0.2697 -0.9558 -0.1168
vn 0.4482 -0.8489 -0.2802
vn -0.2665 -0.9613 -0.0704
vn 0.4415 -0.8864 -0.1394
vn 0.6292 -0.7103 -0.3156
vn -0.2634 -0.9636 0.0456
vn 0.4319 -0.9017 0.0203
vn 0.6433 -0.7543 -0.1311
vn 0.6687 -0.6686 -0.3252
vn -0.2659 -0.9572 0.1141
vn 0.4255 -0.8937 0.1423
vn 0.6463 -0.7626 0.0257
vn 0.7073 -0.6970 -0.1178
vn 0.6812 -0.6645 -0.3073
vn -0.2864 -0.9419 0.1753
vn 0.3953 -0.8698 0.2952
vn 0.6469 -0.7472 0.1527
vn 0.7202 -0.6925 0.0417
vn 0.7237 -0.6828 -0.1004
vn 0.6903 -0.6653 -0.2842
vn 0.0487 0.0227 -0.9986
vn 0.0566 0.0745 -0.9956
vn 0.0240 0.0709 -0.9972
vn -0.2443 0.5772 -0.7792
vn -0.2491 0.5635 -0.7877
vn -0.2489 0.6670 -0.7022
vn -0.2069 0.3869 -0.8986
vn -0.2284 0.3855 -0.8940
vn -0.2020 0.2308 -0.9518
vn -0.1917 0.2274 -0.9548
vn -0.2798 0.5435 -0.7914
vn -0.2508 0.3868 -0.8874
vn -0.2148 0.2389 -0.9470
vn -0.2039 0.1473 -0.9678
vn -0.3117 0.5269 -0.7907
vn -0.2834 0.3813 -0.8799
vn -0.2427 0.2449 -0.9387
vn -0.2162 0.1480 -0.9651
vn -0.2169 -0.0192 -0.9760
vn -0.2489 0.2659 -0.9313
vn -0.3050 0.3813 -0.8727
vn -0.2105 0.1561 -0.9651
vn -0.2068 -0.0322 -0.9779
vn -0.2147 -0.1728 -0.9613
vn -0.3402 0.6161 -0.7104
vn -0.3420 0.5044 -0.7929
vn -0.1712 0.1744 -0.9697
vn -0.2386 0.3123 -0.9195
vn -0.3089 0.4041 -0.8610
vn -0.1452 -0.0123 -0.9893
vn -0.1481 -0.1709 -0.9741
vn -0.3754 0.4930 -0.7848
vn -0.3699 0.6062 -0.7040
vn -0.4322 0.7094 -0.5568
vn -0.3917 0.7196 -0.5734
vn -0.4499 0.5779 -0.6809
vn -0.5281 0.6612 -0.5328
vn 0.6597 -0.2161 -0.7198
vn 0.7447 -0.1514 -0.6500
vn 0.7711 0.0332 -0.6358
vn 0.8062 -0.0988 -0.5834
vn 0.7847 0.0634 -0.6167
vn 0.8185 0.0865 -0.5680
vn 0.8290 0.0818 -0.5532
vn 0.8359 -0.0702 -0.5444
vn 0.8350 0.1109 -0.5390
vn 0.7905 0.0289 -0.6118
vn 0.8404 0.0322 -0.5411
vn 0.8435 0.0987 -0.5280
vn 0.8637 0.0546 -0.5010
vn 0.8438 -0.0753 -0.5313
vn 0.8402 0.1112 -0.5307
vn 0.6867 0.0410 -0.7258
vn 0.7850 0.0346 -0.6185
vn 0.6673 0.0642 -0.7420
vn 0.8502 0.0245 -0.5259
vn 0.8516 0.1217 -0.5098
vn 0.8739 0.0887 -0.4780
vn 0.8878 0.0396 -0.4585
vn 0.8648 -0.1047 -0.4910
vn 0.8654 0.1080 -0.4893
vn 0.8433 0.0440 -0.5356
vn 0.7581 0.0970 -0.6449
vn 0.5438 0.0957 -0.8338
vn 0.5728 0.0609 -0.8174
vn -0.3028 -0.9262 0.2247
vn 0.3658 -0.8077 0.4623
vn 0.6229 -0.7122 0.3237
vn 0.7245 -0.6662 0.1766
vn 0.7371 -0.6724 0.0680
vn 0.7300 -0.6789 -0.0785
vn 0.6924 -0.6724 -0.2615
vn -0.3424 -0.9009 0.2668
vn 0.7025 -0.6224 0.3451
vn 0.5756 -0.6367 0.5131
vn 0.7381 -0.6420 0.2072
vn 0.7428 -0.6624 0.0972
vn 0.7283 -0.6832 -0.0535
vn 0.3318 -0.6992 0.6333
vn 0.5105 -0.5281 0.6786
vn 0.6329 -0.5544 0.5404
vn 0.7134 -0.5961 0.3684
vn 0.7432 -0.6249 0.2391
vn 0.7394 -0.6604 0.1307
vn 0.7203 -0.6477 -0.2482
vn 0.7449 -0.6662 -0.0355
vn -0.4134 -0.8440 0.3416
vn 0.2640 -0.5731 0.7758
vn 0.5336 -0.4604 0.7094
vn 0.4278 -0.3981 0.8115
vn 0.6415 -0.5264 0.5581
vn 0.7187 -0.5749 0.3911
vn 0.7410 -0.6117 0.2771
vn 0.7407 -0.6532 0.1575
vn 0.7363 -0.6319 -0.2422
vn 0.7571 -0.6528 -0.0259
vn -0.4781 -0.7924 0.3787
vn 0.1599 -0.4468 0.8802
vn 0.5332 -0.4357 0.7251
vn 0.4317 -0.3607 0.8268
vn 0.3166 -0.2721 0.9087
vn 0.6423 -0.5098 0.5723
vn 0.7216 -0.5551 0.4137
vn 0.7265 -0.6099 0.3166
vn 0.7447 -0.6456 0.1693
vn 0.7053 -0.6720 -0.2260
vn 0.7441 -0.6680 -0.0057
vn -0.5609 -0.7173 0.4133
vn -0.0265 -0.3332 0.9425
vn 0.4236 -0.3499 0.8355
vn 0.5239 -0.4380 0.7305
vn 0.3051 -0.2597 0.9162
vn 0.1537 -0.1490 0.9768
vn 0.6448 -0.5019 0.5765
vn 0.7073 -0.5557 0.4370
vn 0.7088 -0.6182 0.3396
vn 0.7454 -0.6413 0.1821
vn -0.2111 -0.3092 0.9273
vn 0.6959 -0.6953 -0.1799
vn 0.7460 -0.6651 0.0343
vn -0.5674 -0.7095 0.4180
vn 0.2974 -0.2576 0.9194
vn 0.4038 -0.3683 0.8374
vn 0.5234 -0.4460 0.7260
vn 0.1533 -0.1384 0.9784
vn -0.0088 -0.0795 0.9968
vn 0.6423 -0.5099 0.5723
vn 0.6754 -0.5788 0.4570
vn 0.7126 -0.6130 0.3412
vn 0.7542 -0.6234 0.2063
vn -0.3746 -0.2669 0.8880
vn 0.7304 -0.6719 -0.1226
vn 0.7661 -0.6388 0.0712
vn -0.6151 -0.6740 0.4091
vn 0.3927 -0.3825 0.8364
vn 0.2713 -0.2731 0.9230
vn 0.5239 -0.4569 0.7189
vn 0.6248 -0.5296 0.5737
vn 0.6657 -0.5799 0.4697
vn 0.7396 -0.5783 0.3443
vn 0.7679 -0.5954 0.2364
vn 0.7518 -0.6545 -0.0804
vn 0.7822 -0.6150 0.0999
vn 0.2440 -0.2933 0.9244
vn 0.3919 -0.3988 0.8291
vn 0.5240 -0.4654 0.7133
vn 0.6144 -0.5313 0.5833
vn 0.6936 -0.5461 0.4698
vn 0.7553 -0.5474 0.3604
vn 0.7738 -0.5800 0.2546
vn 0.7991 -0.6000 -0.0384
vn 0.8063 -0.5797 0.1180
vn 0.4042 -0.3971 0.8240
vn 0.2298 -0.3158 0.9206
vn 0.5264 -0.4732 0.7064
vn 0.6242 -0.5175 0.5853
vn 0.7232 -0.5164 0.4586
vn 0.7463 -0.5446 0.3826
vn 0.7902 -0.5563 0.2571
vn 0.8429 -0.5374 -0.0248
vn 0.8415 -0.5267 0.1203
vn 0.4036 -0.3954 0.8251
vn 0.2520 -0.3083 0.9173
vn 0.5360 -0.4777 0.6961
vn 0.6501 -0.5005 0.5717
vn 0.7260 -0.5163 0.4542
vn 0.7462 -0.5383 0.3918
vn 0.8135 -0.5262 0.2476
vn 0.8463 -0.5324 -0.0157
vn 0.8590 -0.4961 0.1268
vn 0.2693 -0.2912 0.9180
vn 0.3992 -0.4054 0.8224
vn 0.5626 -0.4569 0.6890
vn 0.6648 -0.4929 0.5614
vn 0.7197 -0.5241 0.4553
vn 0.7655 -0.5141 0.3869
vn 0.8274 -0.5095 0.2361
vn 0.8413 -0.5406 0.0060
vn 0.8417 -0.5231 0.1341
vn 0.4306 -0.3989 0.8096
vn 0.2492 -0.2849 0.9256
vn 0.5705 -0.4461 0.6896
vn 0.6716 -0.4944 0.5519
vn 0.7267 -0.5080 0.4625
vn 0.7624 -0.5262 0.3768
vn 0.8247 -0.5153 0.2329
vn 0.8550 -0.5186 0.0086
vn 0.8365 -0.5303 0.1378
vn 0.4650 -0.3929 0.7933
vn 0.2269 -0.2989 0.9269
vn 0.5674 -0.4527 0.6879
vn 0.6895 -0.4790 0.5433
vn 0.6977 -0.5348 0.4767
vn 0.7490 -0.5574 0.3581
vn 0.7988 -0.5573 0.2265
vn 0.8556 -0.5176 0.0011
vn 0.8623 -0.4876 0.1368
vn 0.2659 -0.3181 0.9100
vn 0.4782 -0.3766 0.7934
vn 0.5834 -0.4452 0.6793
vn 0.6711 -0.5022 0.5454
vn 0.6594 -0.5761 0.4831
vn 0.7455 -0.5711 0.3436
vn 0.7887 -0.5751 0.2171
vn 0.8750 -0.4842 -0.0039
vn 0.9113 -0.3910 0.1292
vn 0.3450 -0.3032 0.8883
vn 0.4599 -0.3723 0.8062
vn 0.5749 -0.4785 0.6637
vn 0.6032 -0.5683 0.5596
vn 0.6170 -0.6292 0.4726
vn 0.7194 -0.6086 0.3347
vn 0.5094 0.1866 -0.8400
vn 0.6358 0.1514 -0.7569
vn 0.8678 0.1425 -0.4761
vn 0.8755 0.1086 -0.4708
vn 0.8950 0.0665 -0.4411
vn 0.8967 0.0148 -0.4425
vn 0.4607 0.0755 -0.8843
vn 0.4344 0.1241 -0.8921
vn 0.4014 0.2133 -0.8907
vn 0.4812 0.2699 -0.8340
vn 0.3251 0.0800 -0.9423
vn 0.8818 0.0851 -0.4638
vn 0.9075 0.0141 -0.4198
vn 0.8937 0.0322 -0.4476
vn 0.3081 0.1413 -0.9408
vn 0.2925 0.2246 -0.9295
vn 0.1929 0.0746 -0.9784
vn 0.2898 0.2818 -0.9147
vn 0.3821 0.2810 -0.8804
vn 0.9032 -0.0005 -0.4291
vn 0.1908 0.1430 -0.9712
vn 0.1935 0.2194 -0.9562
vn 0.2047 0.2745 -0.9395
vn 0.2126 0.3184 -0.9238
vn 0.2916 0.3223 -0.9006
vn 0.2166 0.3467 -0.9126
vn 0.2183 0.2932 -0.9308
vn 0.2963 0.3513 -0.8881
vn 0.3775 0.3235 -0.8677
vn 0.2100 0.2496 -0.9453
vn 0.3054 0.2805 -0.9100
vn 0.3760 0.3513 -0.8575
vn 0.4638 0.3137 -0.8285
vn 0.2968 0.2263 -0.9277
vn 0.3814 0.2705 -0.8839
vn 0.4439 0.3322 -0.8322
vn 0.5455 0.2806 -0.7897
vn 0.5894 0.2375 -0.7721
vn 0.7003 0.1738 -0.6924
vn 0.8080 0.1011 -0.5805
vn 0.8829 0.0437 -0.4676
vn 0.8578 0.1011 -0.5039
vn 0.9037 0.0077 -0.4282
vn 0.8872 0.0535 -0.4583
vn 0.8810 0.1002 -0.4625
vn 0.9053 0.0261 -0.4241
vn 0.9086 0.1440 -0.3921
vn 0.8971 0.0349 -0.4405
vn 0.9415 0.0869 -0.3257
vn 0.8051 0.0576 -0.5903
vn 0.9400 -0.1141 -0.3215
vn 0.8735 -0.0289 -0.4860
vn 0.7715 0.0695 -0.6324
vn 0.6517 0.1289 -0.7474
vn 0.7397 0.1118 -0.6636
vn 0.8177 0.0348 -0.5746
vn 0.6415 0.1281 -0.7564
vn 0.5396 0.1222 -0.8330
vn 0.9185 -0.0723 -0.3887
vn 0.7416 0.0855 -0.6654
vn 0.7857 0.1062 -0.6095
vn 0.6605 0.0546 -0.7489
vn 0.5537 0.0318 -0.8321
vn 0.4672 0.0305 -0.8836
vn 0.8847 0.0775 -0.4597
vn 0.6821 -0.0340 -0.7305
vn 0.7782 0.0185 -0.6278
vn 0.5606 -0.0484 -0.8267
vn 0.4602 -0.0452 -0.8867
vn 0.8148 0.1020 -0.5707
vn 0.8604 0.1550 -0.4854
vn 0.3927 -0.0300 -0.9192
vn 0.6956 -0.1144 -0.7093
vn 0.8267 -0.0542 -0.5601
vn 0.5553 -0.1241 -0.8223
vn 0.4495 -0.1146 -0.8859
vn 0.8735 0.0533 -0.4839
vn 0.9424 0.2127 -0.2583
vn 0.8795 0.1488 -0.4521
vn 0.8522 -0.1397 -0.5042
vn 0.7007 -0.1658 -0.6939
vn 0.5471 -0.1720 -0.8192
vn 0.3720 -0.0965 -0.9232
vn 0.4375 -0.1682 -0.8833
vn 0.9200 -0.0739 -0.3848
vn 0.9197 -0.0002 -0.3925
vn 0.9311 -0.1873 -0.3130
vn 0.8434 -0.2028 -0.4976
vn 0.6969 -0.1935 -0.6906
vn 0.5440 -0.1997 -0.8150
vn 0.9325 -0.1435 -0.3315
vn 0.3505 -0.1551 -0.9236
vn 0.2922 -0.0670 -0.9540
vn 0.4322 -0.2082 -0.8774
vn 0.9311 -0.2218 -0.2895
vn 0.8228 -0.2203 -0.5239
vn 0.6880 -0.2025 -0.6969
vn 0.5484 -0.2068 -0.8102
vn 0.9450 -0.1835 -0.2706
vn 0.8066 -0.2044 -0.5546
vn 0.9282 -0.2194 -0.3005
vn 0.2617 -0.1296 -0.9564
vn 0.3326 -0.2049 -0.9206
vn 0.4383 -0.2244 -0.8704
vn 0.6823 -0.1927 -0.7052
vn 0.5570 -0.2038 -0.8051
vn 0.9570 -0.1990 -0.2113
vn 0.9620 -0.1475 -0.2298
vn 0.7951 -0.1716 -0.5817
vn 0.6843 -0.1765 -0.7075
vn 0.9039 -0.3890 0.1780
vn 0.4219 0.9064 0.0190
vn 0.5134 0.8580 -0.0186
vn 0.3785 -0.2917 0.8784
vn 0.4248 -0.4034 0.8104
vn 0.5355 -0.5317 0.6562
vn 0.5047 -0.6436 0.5754
vn 0.5666 -0.6889 0.4520
vn 0.6956 -0.6501 0.3058
vn 0.2058 -0.8813 0.4254
vn -0.4107 0.9035 -0.1221
vn -0.9741 0.2027 -0.1003
vn -0.0155 0.9972 0.0731
vn 0.3856 -0.4483 0.8064
vn 0.3322 -0.3210 0.8869
vn 0.4551 -0.5923 0.6649
vn 0.4013 -0.7125 0.5756
vn 0.5234 -0.7364 0.4286
vn 0.0838 -0.9027 0.4220
vn -0.9244 -0.3523 0.1461
vn 0.2605 -0.3620 0.8950
vn 0.3265 -0.5163 0.7917
vn 0.3029 -0.6678 0.6800
vn 0.2586 -0.7830 0.5657
vn 0.1883 -0.8689 0.4577
vn -0.5031 -0.7778 0.3767
vn 0.2255 -0.5852 0.7789
vn 0.1683 -0.4200 0.8918
vn 0.0652 -0.7405 0.6688
vn -0.0488 -0.8371 0.5448
vn -0.5363 -0.7206 0.4395
vn -0.2502 -0.7440 0.6196
vn -0.0138 -0.6489 0.7607
vn 0.0837 -0.4820 0.8722
vn -0.5761 -0.6363 0.5130
vn -0.3218 -0.6481 0.6903
vn -0.0594 -0.5205 0.8518
vn -0.0387 -0.3439 0.9382
vn 0.0712 -0.3105 0.9479
vn 0.1640 -0.2633 0.9507
vn -0.5917 -0.5598 0.5801
vn -0.3334 -0.5204 0.7861
vn -0.1371 -0.3455 0.9283
vn -0.0618 -0.1732 0.9829
vn -0.1179 -0.1890 0.9749
vn -0.0495 -0.1277 0.9906
vn -0.0922 -0.0775 0.9927
vn 0.1995 -0.2215 0.9545
vn -0.5789 -0.4494 0.6803
vn -0.3289 -0.3285 0.8854
vn -0.1824 -0.1537 0.9711
vn -0.2236 -0.0429 0.9737
vn -0.2326 -0.0289 0.9721
vn -0.2154 -0.0238 0.9762
vn -0.2379 -0.0169 0.9711
vn -0.1469 -0.0490 0.9879
vn -0.2082 -0.0107 0.9780
vn 0.1623 -0.1888 0.9685
vn -0.5288 -0.2589 0.8083
vn -0.3283 -0.1410 0.9340
vn -0.2167 0.0302 0.9758
vn -0.3505 0.0763 0.9335
vn -0.3369 0.0585 0.9397
vn -0.3008 0.0507 0.9523
vn -0.3207 0.1138 0.9403
vn -0.2525 0.0594 0.9658
vn -0.1281 -0.0036 0.9918
vn -0.1589 -0.0467 0.9862
vn -0.2180 0.0954 0.9713
vn 0.0660 -0.1879 0.9800
vn -0.4515 -0.1160 0.8847
vn -0.3659 -0.0071 0.9306
vn -0.2741 0.1630 0.9478
vn -0.4219 0.1784 0.8889
vn -0.4410 0.1754 0.8802
vn -0.4164 0.1881 0.8895
vn -0.4210 0.2145 0.8813
vn -0.0563 0.0088 0.9984
vn -0.2309 0.1254 0.9649
vn -0.0763 -0.0533 0.9957
vn -0.4329 0.2390 0.8692
vn 0.0151 -0.1838 0.9828
vn -0.4225 0.0029 0.9064
vn -0.4084 0.1160 0.9054
vn -0.5389 0.2800 0.7945
vn -0.5472 0.2731 0.7912
vn -0.2688 0.1355 0.9536
vn -0.0599 0.0113 0.9981
vn 0.0188 -0.0566 0.9982
vn 0.0764 -0.1677 0.9829
vn -0.4465 0.2491 0.8594
vn -0.5318 0.2948 0.7939
vn -0.6727 0.3888 0.6296
vn -0.2982 0.1168 0.9473
vn -0.1184 -0.0075 0.9929
vn 0.0120 -0.0701 0.9975
vn 0.1398 -0.1643 0.9765
vn -0.4768 0.2443 0.8444
vn -0.5456 0.2998 0.7826
vn -0.6659 0.3919 0.6348
vn -0.3329 0.0793 0.9396
vn -0.1668 -0.0410 0.9851
vn -0.0604 -0.0939 0.9937
vn 0.1209 -0.1899 0.9743
vn -0.5660 0.2952 0.7698
vn -0.5123 0.2204 0.8301
vn -0.6695 0.3839 0.6359
vn -0.3513 0.0571 0.9345
vn -0.1925 -0.0637 0.9792
vn -0.1141 -0.1049 0.9879
vn 0.0707 -0.2081 0.9756
vn -0.6545 0.3837 0.6514
vn -0.5564 0.2817 0.7817
vn -0.5088 0.2081 0.8353
vn -0.3193 0.0783 0.9444
vn -0.1815 -0.0486 0.9822
vn -0.1246 -0.0877 0.9883
vn 0.0524 -0.2056 0.9772
vn -0.1347 -0.0039 0.9909
vn -0.0955 -0.0466 0.9943
vn -0.5304 0.2641 0.8056
vn -0.6258 0.3859 0.6778
vn -0.4738 0.2304 0.8500
vn -0.2685 0.1191 0.9559
vn -0.1060 0.0233 0.9941
vn 0.0777 -0.1775 0.9810
vn -0.0594 -0.0132 0.9981
vn -0.6232 0.3645 0.6919
vn -0.5171 0.2671 0.8132
vn -0.4510 0.2656 0.8521
vn -0.2545 0.1356 0.9575
vn -0.0711 0.0738 0.9947
vn 0.1135 -0.1485 0.9824
vn -0.0117 0.0055 0.9999
vn -0.6346 0.3493 0.6894
vn -0.5160 0.2947 0.8043
vn -0.4568 0.2820 0.8437
vn 0.5730 -0.2065 -0.7931
vn 0.9696 -0.1654 -0.1802
vn 0.9251 -0.1819 -0.3332
vn 0.4518 -0.2282 -0.8624
vn 0.3213 -0.2322 -0.9181
vn 0.7855 -0.1599 -0.5979
vn 0.6930 -0.1674 -0.7012
vn 0.9187 -0.1550 -0.3633
vn 0.9737 -0.1267 -0.1896
vn 0.9773 -0.1306 -0.1668
vn 0.5945 -0.1936 -0.7804
vn 0.4634 -0.2329 -0.8550
vn 0.3155 -0.2399 -0.9181
vn 0.7833 -0.1481 -0.6038
vn 0.6971 -0.1604 -0.6988
vn 0.9091 -0.1437 -0.3910
vn 0.9827 -0.0931 -0.1601
vn 0.9793 -0.1306 -0.1549
vn 0.4702 -0.2166 -0.8556
vn 0.6076 -0.1740 -0.7750
vn 0.3098 -0.2373 -0.9207
vn 0.8959 -0.1302 -0.4248
vn 0.7856 -0.1366 -0.6035
vn 0.7018 -0.1593 -0.6943
vn 0.9900 -0.0886 -0.1096
vn 0.9800 -0.1222 -0.1573
vn 0.8866 -0.1435 -0.4398
vn 0.7887 -0.1620 -0.5931
vn 0.3064 -0.2184 -0.9265
vn 0.4763 -0.1937 -0.8577
vn 0.6125 -0.1740 -0.7711
vn 0.7040 -0.1817 -0.6866
vn 0.9940 -0.0903 -0.0625
vn 0.9775 -0.1248 -0.1702
vn 0.8813 -0.1732 -0.4396
vn 0.7918 -0.2007 -0.5769
vn 0.3087 -0.1991 -0.9301
vn 0.4801 -0.1858 -0.8573
vn 0.6073 -0.1920 -0.7709
vn 0.6962 -0.1995 -0.6896
vn 0.9955 -0.0923 -0.0201
vn 0.9702 -0.1566 -0.1848
vn 0.8833 -0.1668 -0.4381
vn 0.7919 -0.1706 -0.5863
vn 0.4804 -0.1956 -0.8550
vn 0.3147 -0.2019 -0.9275
vn 0.6002 -0.1967 -0.7753
vn 0.6798 -0.1683 -0.7138
vn 0.9917 -0.1273 0.0189
vn 0.9602 -0.1744 -0.2182
vn 0.9485 -0.1661 -0.2696
vn 0.8717 -0.1901 -0.4517
vn 0.7772 -0.1859 -0.6012
vn 0.3197 -0.2030 -0.9255
vn 0.4739 -0.1965 -0.8584
vn 0.5933 -0.1746 -0.7858
vn 0.6772 -0.2033 -0.7072
vn 0.9807 -0.1910 0.0409
vn 0.9883 -0.1497 -0.0308
vn 0.9906 -0.1263 -0.0533
vn 0.9490 -0.1705 -0.2653
vn 0.8662 -0.2189 -0.4492
vn 0.7577 -0.2482 -0.6035
vn 0.4692 -0.1892 -0.8626
vn 0.3115 -0.1980 -0.9294
vn 0.5859 -0.2078 -0.7833
vn 0.6600 -0.2658 -0.7027
vn 0.9908 -0.1154 -0.0704
vn 0.9504 -0.1519 -0.2715
vn 0.8819 -0.1680 -0.4406
vn 0.7898 -0.2287 -0.5692
vn 0.3043 -0.1963 -0.9321
vn 0.4551 -0.1996 -0.8678
vn 0.5537 -0.2477 -0.7950
vn 0.5074 -0.2722 -0.8176
vn 0.6646 -0.2806 -0.6925
vn 0.9956 -0.0559 -0.0746
vn 0.9601 -0.0792 -0.2682
vn 0.9082 -0.1084 -0.4043
vn 0.4121 -0.2053 -0.8877
vn 0.2839 -0.1841 -0.9410
vn 0.8453 -0.2164 -0.4885
vn 0.7604 -0.2866 -0.5827
vn 0.5758 -0.2536 -0.7772
vn 0.4515 -0.2218 -0.8643
vn 0.3565 -0.2195 -0.9081
vn 0.2630 -0.1650 -0.9506
vn 0.9948 -0.0152 -0.1005
vn 0.9648 -0.0576 -0.2565
vn 0.9023 -0.2412 -0.3574
vn 0.8064 -0.3720 -0.4596
vn 0.6558 -0.3239 -0.6819
vn 0.6609 -0.4542 -0.5974
vn 0.4498 -0.1284 -0.8839
vn 0.4041 -0.0701 -0.9120
vn 0.3180 -0.1898 -0.9289
vn 0.8484 -0.5144 -0.1252
vn 0.8061 -0.5085 -0.3027
vn 0.7075 -0.5937 -0.3834
vn 0.5744 -0.6011 -0.5557
vn 0.4666 -0.2541 -0.8472
vn 0.5399 -0.4805 -0.6911
vn 0.2052 -0.6312 -0.7479
vn 0.3338 0.0130 -0.9426
vn 0.3358 -0.0702 -0.9393
vn 0.4031 -0.3861 -0.8297
vn 0.3147 -0.1541 -0.9366
vn 0.1386 -0.5606 -0.8164
vn 0.2534 0.0767 -0.9643
vn 0.2456 0.0171 -0.9692
vn 0.1149 -0.4047 -0.9072
vn 0.2498 -0.2250 -0.9418
vn 0.2428 -0.0302 -0.9696
vn 0.2185 0.1685 -0.9612
vn 0.2057 0.1582 -0.9657
vn 0.2043 0.1467 -0.9679
vn 0.0718 -0.2011 -0.9769
vn 0.2026 -0.0446 -0.9782
vn 0.2252 0.1368 -0.9647
vn 0.2173 0.2828 -0.9342
vn 0.1011 -0.0084 -0.9948
vn 0.2070 0.1418 -0.9680
vn 0.2402 0.2868 -0.9274
vn 0.2495 0.4168 -0.8741
vn 0.1619 0.1715 -0.9718
vn 0.2317 0.2915 -0.9281
vn 0.2580 0.4188 -0.8706
vn 0.2393 0.3132 -0.9190
vn 0.2591 0.4134 -0.8729
vn 0.2811 0.5091 -0.8135
vn 0.2945 0.5151 -0.8049
vn 0.3087 0.4059 -0.8602
vn 0.3748 0.4962 -0.7832
vn 0.3502 0.6103 -0.7106
vn 0.4493 0.5830 -0.6769
vn 0.5260 0.6656 -0.5294
vn 0.5684 0.7351 -0.3695
vn 0.5925 0.7870 -0.1721
vn 0.5323 0.8307 -0.1632
vn -0.2553 0.1802 0.9499
vn -0.0691 0.0947 0.9931
vn -0.2877 0.2175 0.9327
vn 0.1338 -0.1380 0.9813
vn 0.0382 -0.0078 0.9992
vn -0.4608 0.2983 0.8358
vn -0.5205 0.3145 0.7938
vn -0.6265 0.3737 0.6840
vn -0.1763 -0.0095 0.9843
vn -0.3609 0.1359 0.9226
vn -0.4602 0.3128 0.8309
vn -0.5120 0.3340 0.7914
vn -0.6046 0.3947 0.6919
vn -0.5071 -0.1118 0.8546
vn -0.4678 0.2846 0.8368
vn -0.5097 0.3442 0.7885
vn -0.5859 0.4046 0.7022
vn -0.7271 0.4743 0.4964
vn -0.6997 0.5035 0.5069
vn -0.6610 -0.6336 0.4020
vn -0.6006 0.0429 0.7984
vn -0.5159 0.3526 0.7807
vn -0.5924 0.3975 0.7007
vn -0.6976 0.5041 0.5092
vn -0.7961 0.5496 0.2532
vn -0.7792 0.5766 0.2456
vn -0.7141 -0.5951 0.3687
vn -0.6619 0.1496 0.7345
vn -0.6132 0.3999 0.6812
vn -0.7176 0.4813 0.5034
vn -0.7865 0.5709 0.2353
vn -0.8216 0.5656 0.0706
vn -0.7983 0.5985 0.0670
vn -0.7801 -0.5389 0.3178
vn -0.7503 0.2128 0.6259
vn -0.7513 0.4494 0.4834
vn -0.8054 0.5439 0.2355
vn -0.8238 0.5015 0.2642
vn -0.8077 0.5850 0.0730
vn -0.8016 0.5966 -0.0380
vn -0.8351 0.5499 -0.0170
vn -0.8206 -0.5049 0.2678
vn -0.8605 0.2417 0.4484
vn -0.9231 0.2671 0.2765
vn -0.8307 0.5523 0.0691
vn -0.8351 0.5467 0.0609
vn -0.8501 -0.4759 0.2253
vn -0.8463 0.5291 -0.0624
vn -0.8125 0.5804 -0.0534
vn -0.8121 0.5611 -0.1603
vn -0.8419 0.5244 -0.1273
vn -0.8148 0.5766 -0.0603
vn -0.8788 -0.4493 0.1608
vn -0.9297 0.3569 0.0914
vn -0.9085 0.4137 -0.0580
vn -0.8068 0.5598 -0.1888
vn -0.8263 0.5340 -0.1790
vn -0.9137 -0.4052 0.0303
vn -0.8353 0.4974 -0.2343
vn -0.8145 0.5275 -0.2413
vn -0.8033 0.5426 -0.2456
vn -0.8862 0.4434 -0.1345
vn -0.7950 0.5867 -0.1543
vn -0.9237 -0.3796 -0.0519
vn -0.8007 0.5451 -0.2484
vn -0.8015 0.5162 -0.3018
vn -0.7927 0.5319 -0.2978
vn -0.7897 0.5389 -0.2933
vn -0.7700 0.5853 -0.2539
vn -0.8650 0.4392 -0.2427
vn -0.9229 -0.3793 -0.0671
vn -0.7154 0.4761 -0.5114
vn -0.7179 0.4677 -0.5157
vn -0.7703 0.5573 -0.3098
vn -0.7144 0.4897 -0.4999
vn -0.8732 0.3748 -0.3115
vn -0.9203 -0.3810 -0.0882
vn -0.8167 0.3264 -0.4759
vn -0.6195 0.4034 -0.6734
vn -0.6121 0.4349 -0.6605
vn -0.7247 0.2877 -0.6261
vn -0.9077 -0.3954 -0.1408
vn -0.8741 -0.4261 -0.2330
vn -0.8417 -0.4523 -0.2949
vn -0.5437 0.3872 -0.7446
vn -0.6571 0.2464 -0.7124
vn -0.8093 -0.4807 -0.3376
vn -0.5602 0.1567 -0.8134
vn -0.5524 0.3517 -0.7557
vn -0.4354 0.3008 -0.8485
vn -0.6170 0.3917 -0.6826
vn -0.7583 -0.5226 -0.3897
vn -0.7095 -0.5633 -0.4234
vn -0.4640 0.1027 -0.8799
vn -0.5486 0.3377 -0.7649
vn -0.4428 0.2591 -0.8583
vn -0.3348 0.2369 -0.9120
vn -0.7258 0.4471 -0.5228
vn -0.6163 0.3700 -0.6952
vn -0.6532 -0.6094 -0.4494
vn -0.3126 0.0238 -0.9496
vn -0.5467 0.3220 -0.7730
vn -0.4484 0.2401 -0.8610
vn -0.3468 0.1753 -0.9214
vn -0.1924 0.1254 -0.9733
vn -0.1732 -0.1276 -0.9766
vn -0.7319 0.4247 -0.5329
vn -0.8173 0.4854 -0.3105
vn -0.6171 0.3448 -0.7074
vn -0.5863 -0.6652 -0.4623
vn -0.5542 0.2961 -0.7779
vn -0.4545 0.2309 -0.8603
vn -0.3588 0.1437 -0.9223
vn -0.2203 0.0555 -0.9738
vn -0.0502 -0.0114 -0.9987
vn -0.0566 -0.2197 -0.9739
vn -0.7185 0.4268 -0.5492
vn -0.8050 0.4969 -0.3243
vn -0.8290 0.5073 -0.2353
vn -0.6115 0.3398 -0.7146
vn -0.5668 -0.6786 -0.4670
vn -0.4749 0.2083 -0.8551
vn -0.5658 0.2831 -0.7745
vn -0.3619 0.1279 -0.9234
vn -0.2358 0.0187 -0.9716
vn -0.0903 -0.0681 -0.9936
vn 0.0668 -0.1095 -0.9917
vn -0.6872 0.4597 -0.5625
vn -0.7734 0.5370 -0.3369
vn -0.7981 0.5508 -0.2444
vn -0.8486 0.5160 -0.1165
vn -0.6012 0.3657 -0.7105
vn -0.3697 0.0965 -0.9241
vn -0.4924 0.1894 -0.8495
vn -0.5635 0.3005 -0.7695
vn -0.2303 0.0013 -0.9731
vn -0.1065 -0.1037 -0.9889
vn 0.0340 -0.1760 -0.9838
vn -0.6811 0.4681 -0.5630
vn -0.7640 0.5368 -0.3580
vn -0.8009 0.5427 -0.2530
vn 0.6072 0.7934 0.0437
vn 0.4550 0.8789 -0.1434
vn 0.5383 0.8415 0.0459
vn 0.6074 0.7490 0.2647
vn 0.3894 0.9139 -0.1147
vn 0.4473 0.8924 0.0595
vn 0.5232 0.8124 0.2576
vn 0.5880 0.6708 0.4520
vn 0.3784 0.9227 0.0739
vn 0.4331 0.8632 0.2593
vn 0.4956 0.7433 0.4493
vn 0.3615 0.8942 0.2641
vn 0.4069 0.7941 0.4514
vn 0.4615 0.6712 0.5801
vn 0.3734 0.7138 0.5925
vn 0.5631 0.6040 0.5640
vn 0.3275 0.8234 0.4634
vn 0.2924 0.7451 0.5995
vn 0.4128 0.5935 0.6909
vn 0.3357 0.6215 0.7078
vn 0.2682 0.6488 0.7121
vn 0.5238 0.5305 0.6664
vn 0.2299 0.6696 0.7063
vn 0.3630 0.4949 0.7895
vn 0.3071 0.5232 0.7949
vn 0.2659 0.5579 0.7862
vn 0.2415 0.5945 0.7670
vn 0.4732 0.4162 0.7764
vn 0.3359 0.3767 0.8633
vn 0.2992 0.4844 0.8221
vn 0.3169 0.4243 0.8483
vn 0.2515 0.6164 0.7462
vn 0.2776 0.5373 0.7964
vn 0.3635 0.3986 0.8420
vn 0.4352 0.2885 0.8529
vn 0.3513 0.2548 0.9009
vn 0.3798 0.3162 0.8694
vn 0.2677 0.5597 0.7843
vn 0.3283 0.4703 0.8192
vn 0.4773 0.1933 0.8572
vn 0.4546 0.3029 0.8376
vn 0.4219 0.0989 0.9012
vn 0.4187 0.1639 0.8932
vn 0.3214 0.5021 0.8029
vn 0.3952 0.4015 0.8262
vn 0.6026 0.0988 0.7919
vn 0.5578 -0.0181 0.8298
vn 0.5657 0.2167 0.7957
vn 0.4642 -0.1062 0.8794
vn 0.4106 0.0097 0.9118
vn 0.3783 0.4433 0.8126
vn 0.4733 0.3277 0.8176
vn 0.7253 -0.0282 0.6879
vn 0.6918 -0.1460 0.7072
vn 0.5686 -0.2427 0.7860
vn 0.6710 0.0914 0.7358
vn 0.4358 0.3715 0.8198
vn 0.5421 0.2247 0.8097
vn 0.7410 -0.0079 0.6714
vn 0.8251 -0.1647 0.5404
vn 0.7802 -0.2941 0.5521
vn 0.6470 -0.4129 0.6410
vn 0.4532 0.2803 0.8462
vn 0.6007 0.1292 0.7889
vn 0.8810 -0.1445 0.4506
vn 0.8863 -0.2816 0.3676
vn 0.6708 -0.5168 0.5319
vn 0.4863 0.2338 0.8419
vn 0.3669 0.3285 0.8703
vn 0.2651 0.3763 0.8877
vn 0.3784 0.3072 0.8732
vn 0.1595 0.4000 0.9025
vn 0.2656 0.3502 0.8982
vn 0.1672 0.3775 0.9108
vn 0.0760 0.4244 0.9023
vn 0.2721 0.2792 0.9209
vn 0.0754 0.3976 0.9145
vn 0.1745 0.3089 0.9349
vn -0.0101 0.4254 0.9050
vn 0.2763 0.2095 0.9380
vn -0.0141 0.4044 0.9145
vn 0.0789 0.3301 0.9406
vn 0.1761 0.2360 0.9556
vn -0.0642 0.4171 0.9066
vn 0.2874 0.1496 0.9461
vn -0.0128 0.3476 0.9375
vn -0.0565 0.4049 0.9126
vn 0.0833 0.2543 0.9635
vn 0.1776 0.1761 0.9682
vn -0.0649 0.4095 0.9100
vn -0.0774 0.4185 0.9049
vn -0.8242 0.5511 -0.1305
vn -0.8483 0.5294 0.0049
vn -0.6041 0.3787 -0.7011
vn -0.5512 0.3188 -0.7711
vn -0.4806 0.2047 -0.8527
vn -0.7689 0.5151 -0.3787
vn -0.6939 0.4525 -0.5600
vn -0.6034 0.3770 -0.7027
vn -0.8218 0.5520 -0.1411
vn -0.8120 0.5139 -0.2768
vn -0.8405 0.5417 0.0091
vn -0.8376 0.5399 0.0831
vn -0.7007 0.4340 -0.5663
vn -0.7791 0.4873 -0.3944
vn -0.4743 0.2256 -0.8509
vn -0.5490 0.3242 -0.7704
vn -0.6101 0.3577 -0.7070
vn -0.8457 0.5148 -0.1407
vn -0.8354 0.5495 -0.0080
vn -0.8180 0.4857 -0.3082
vn -0.8391 0.5365 0.0905
vn -0.8188 0.5166 0.2505
vn -0.6065 0.3531 -0.7124
vn -0.7011 0.4242 -0.5732
vn -0.7782 0.4732 -0.4129
vn -0.5557 0.3133 -0.7701
vn -0.4807 0.2371 -0.8442
vn -0.8614 0.4847 -0.1521
vn -0.8500 0.5266 -0.0113
vn -0.8382 0.5371 0.0942
vn -0.8126 0.4798 -0.3308
vn -0.8159 0.5218 0.2490
vn -0.5346 0.3153 -0.7841
vn -0.5852 0.3537 -0.7297
vn -0.7032 0.4016 -0.5867
vn -0.7917 0.4421 -0.4216
vn -0.4610 0.2463 -0.8525
vn -0.8542 0.4908 -0.1716
vn -0.8687 0.4953 0.0093
vn -0.8390 0.5346 0.1013
vn -0.8066 0.5273 0.2671
vn -0.8222 0.4619 -0.3327
vn -0.5067 0.3203 -0.8004
vn -0.4211 0.2551 -0.8704
vn -0.5162 0.2989 -0.8026
vn -0.5793 0.3315 -0.7446
vn -0.6953 0.3773 -0.6117
vn -0.7987 0.4120 -0.4385
vn -0.8536 0.4892 -0.1790
vn -0.8687 0.4950 0.0200
vn -0.8486 0.5142 0.1243
vn -0.8002 0.5238 0.2921
vn -0.8440 0.4288 -0.3222
vn -0.4469 0.2261 -0.8655
vn -0.4126 0.2481 -0.8765
vn -0.5368 0.2736 -0.7981
vn -0.4744 0.2126 -0.8543
vn -0.5874 0.3132 -0.7462
vn -0.6826 0.3763 -0.6264
vn -0.7776 0.4201 -0.4677
vn -0.8703 0.4636 -0.1663
vn -0.8659 0.4998 0.0212
vn -0.8526 0.5000 0.1521
vn -0.8060 0.5071 0.3052
vn -0.8378 0.4398 -0.3234
vn -0.5455 0.2631 -0.7957
vn -0.4743 0.2134 -0.8541
vn -0.5976 0.3115 -0.7388
vn -0.6792 0.3794 -0.6283
vn -0.7587 0.4290 -0.4902
vn -0.8711 0.4694 -0.1445
vn -0.8689 0.4937 0.0362
vn -0.8442 0.5062 0.1762
vn -0.8076 0.4964 0.3183
vn -0.8245 0.4556 -0.3357
vn -0.5454 0.2612 -0.7965
vn -0.4549 0.2101 -0.8654
vn -0.6072 0.3125 -0.7305
vn -0.6846 0.3844 -0.6193
vn -0.7469 0.4353 -0.5026
vn -0.8696 0.4742 -0.1375
vn -0.8729 0.4857 0.0456
vn -0.8515 0.4916 0.1826
vn -0.8071 0.4905 0.3286
vn -0.8116 0.4638 -0.3551
vn -0.4241 0.2167 -0.8793
vn -0.5178 0.2750 -0.8101
vn -0.5976 0.3218 -0.7344
vn -0.6876 0.3935 -0.6102
vn -0.7392 0.4479 -0.5029
vn -0.8636 0.4840 -0.1413
vn -0.8773 0.4776 0.0470
vn -0.8596 0.4779 0.1808
vn -0.8214 0.4662 0.3285
vn -0.7891 0.4910 -0.3692
vn -0.4771 0.2990 -0.8264
vn -0.4009 0.2287 -0.8871
vn -0.5525 0.3605 -0.7515
vn -0.6451 0.4486 -0.6186
vn -0.6956 0.5112 -0.5048
vn -0.8395 0.5208 -0.1549
vn -0.8727 0.4859 0.0480
vn -0.8618 0.4728 0.1837
vn -0.8274 0.4561 0.3277
vn -0.7361 0.5617 -0.3776
vn -0.3377 0.2655 -0.9030
vn -0.4072 0.3465 -0.8451
vn -0.4737 0.4250 -0.7714
vn -0.5715 0.5121 -0.6412
vn -0.6412 0.5755 -0.5076
vn -0.7808 0.6005 -0.1727
vn -0.8505 0.5237 0.0494
vn -0.8559 0.4805 0.1914
vn -0.8260 0.4547 0.3331
vn -0.6772 0.6355 -0.3709
vn -0.2644 0.3007 -0.9163
vn -0.3367 0.3878 -0.8581
vn -0.4062 0.4745 -0.7809
vn -0.4818 0.5595 -0.6744
vn -0.5526 0.6449 -0.5279
vn -0.7021 0.6901 -0.1755
vn -0.7902 0.6108 0.0499
vn -0.8282 0.5193 0.2108
vn -0.8123 0.4658 0.3509
vn -0.6051 0.7059 -0.3682
vn -0.6364 0.7519 -0.1719
vn -0.7127 0.6999 0.0466
vn -0.7614 0.6014 0.2420
vn -0.7767 0.5053 0.3762
vn -0.6517 0.7574 0.0392
vn -0.7028 0.6644 0.2544
vn -0.7044 0.5772 0.4132
vn -0.7121 0.4702 0.5214
vn -0.6454 0.5375 0.5427
vn -0.7463 0.4347 0.5040
vn -0.6451 0.7189 0.2590
vn -0.6699 0.6043 0.4313
vn -0.6272 0.5527 0.5487
vn -0.6372 0.4123 0.6512
vn -0.5765 0.4736 0.6658
vn -0.5794 0.4823 0.6570
vn -0.6221 0.6409 0.4497
vn -0.5929 0.5729 0.5659
vn -0.0479 0.3597 0.9318
vn -0.0025 0.2742 0.9617
vn 0.0879 0.1881 0.9782
vn -0.0016 0.4129 0.9108
vn -0.0091 0.4077 0.9131
vn 0.0750 0.4206 0.9042
vn 0.0031 0.3801 0.9249
vn -0.0545 0.3736 0.9260
vn -0.0357 0.2886 0.9568
vn 0.0115 0.2013 0.9795
vn 0.0856 0.1264 0.9883
vn 0.0649 0.4119 0.9089
vn -0.0338 0.3003 0.9532
vn -0.0235 0.2227 0.9746
vn -0.0229 0.2144 0.9765
vn 0.0207 0.1372 0.9903
vn -0.0133 0.1471 0.9890
vn 0.0849 0.0732 0.9937
vn 0.0208 0.0871 0.9960
vn 0.0014 0.3078 0.9515
vn 0.0017 0.2275 0.9738
vn 0.0007 0.1443 0.9895
vn -0.0175 0.1465 0.9891
vn -0.0118 0.0958 0.9953
vn 0.0918 0.0497 0.9945
vn 0.0223 0.0834 0.9963
vn -0.0016 0.1021 0.9948
vn -0.0024 0.1057 0.9944
vn 0.0241 0.2221 0.9747
vn 0.0356 0.2989 0.9536
vn 0.0178 0.1455 0.9892
vn 0.0310 0.0800 0.9963
vn 0.0056 0.0893 0.9960
vn -0.0085 0.0899 0.9959
vn -0.0020 0.0955 0.9954
vn 0.0563 0.3753 0.9252
vn 0.0346 0.2882 0.9569
vn 0.0122 0.1468 0.9891
vn 0.0218 0.2131 0.9768
vn 0.0109 0.0930 0.9956
vn 0.0447 0.3614 0.9313
vn 0.0038 0.0803 0.9968
vn -0.0156 0.0754 0.9970
vn -0.0189 0.0759 0.9969
vn -0.0235 0.0674 0.9974
vn -0.0214 0.0836 0.9963
vn -0.0213 0.1371 0.9903
vn -0.0105 0.1987 0.9800
vn -0.0184 0.0582 0.9981
vn -0.0352 0.0712 0.9968
vn -0.0389 0.0540 0.9978
vn -0.0900 0.0334 0.9954
vn -0.1043 0.0211 0.9943
vn -0.0868 0.0698 0.9938
vn -0.0875 0.1250 0.9883
vn -0.0622 0.0609 0.9962
vn -0.0403 0.0550 0.9977
vn -0.1826 -0.0033 0.9832
vn -0.2003 -0.0187 0.9796
vn -0.1780 0.0476 0.9829
vn -0.1278 0.0424 0.9909
vn -0.2274 0.0153 0.9737
vn -0.0772 0.0470 0.9959
vn -0.1455 0.0317 0.9888
vn -0.2924 -0.0346 0.9557
vn -0.2960 -0.0590 0.9534
vn -0.3213 -0.0193 0.9468
vn -0.2440 0.0158 0.9696
vn -0.0863 0.0274 0.9959
vn -0.1587 0.0197 0.9871
vn -0.4179 -0.0493 0.9072
vn -0.4123 -0.0875 0.9068
vn -0.3399 0.0026 0.9405
vn -0.2520 0.0109 0.9677
vn -0.0868 0.0310 0.9957
vn -0.1653 0.0321 0.9857
vn -0.3466 0.0022 0.9380
vn -0.4256 -0.0071 0.9049
vn -0.2624 0.0214 0.9647
vn -0.5248 -0.0629 0.8489
vn -0.5215 -0.0140 0.8531
vn -0.5176 0.0085 0.8556
vn -0.4196 0.0034 0.9077
vn -0.4053 -0.0062 0.9142
vn -0.3592 -0.0004 0.9333
vn -0.6153 0.0022 0.7883
vn -0.6177 -0.0180 0.7862
vn -0.4984 0.0086 0.8669
vn -0.6172 0.0107 0.7867
vn -0.6318 -0.0592 0.7729
vn -0.5361 -0.0988 0.8384
vn -0.6548 -0.0946 0.7499
vn -0.5544 -0.0817 0.8282
vn -0.4258 -0.0599 0.9028
vn -0.6757 -0.1047 0.7297
vn -0.4346 -0.0159 0.9005
vn -0.5591 -0.0563 0.8272
vn -0.2990 0.0184 0.9541
vn -0.6786 -0.1042 0.7271
vn -0.2987 0.0847 0.9506
vn -0.4318 0.0395 0.9011
vn -0.5580 -0.0131 0.8298
vn -0.1797 0.1121 0.9773
vn -0.7823 -0.1420 0.6065
vn -0.6823 -0.0709 0.7276
vn -0.1822 0.1703 0.9684
vn -0.2903 0.1440 0.9460
vn -0.4200 0.0964 0.9024
vn -0.5510 0.0399 0.8335
vn -0.0883 0.1835 0.9790
vn -0.7947 -0.1200 0.5951
vn -0.8583 -0.1534 0.4897
vn -0.6825 -0.0187 0.7307
vn -0.0817 0.2529 0.9640
vn -0.1800 0.2315 0.9560
vn -0.2803 0.2031 0.9382
vn -0.6655 0.3799 0.6424
vn -0.7598 0.4283 0.4892
vn -0.5243 0.3132 0.7918
vn -0.4658 0.3656 0.8058
vn -0.4998 0.3573 0.7890
vn -0.5523 0.5022 0.6654
vn -0.4904 0.3951 0.7768
vn -0.5502 0.2806 0.7865
vn -0.6726 0.3720 0.6397
vn -0.7721 0.4184 0.4784
vn -0.4201 0.2161 0.8814
vn -0.3602 0.2640 0.8947
vn -0.4450 0.2360 0.8639
vn -0.4497 0.2698 0.8514
vn -0.4490 0.1831 0.8746
vn -0.5470 0.2745 0.7908
vn -0.6831 0.3675 0.6311
vn -0.4306 0.1477 0.8904
vn -0.5444 0.2752 0.7924
vn -0.6865 0.3734 0.6239
vn -0.7670 0.4281 0.4780
vn -0.7517 0.4561 0.4764
vn -0.7473 0.4614 0.4781
vn -0.7457 0.4580 0.4838
vn -0.7284 0.4715 0.4971
vn -0.7223 0.4812 0.4968
vn -0.7390 0.4630 0.4894
vn -0.7512 0.4444 0.4881
vn -0.5286 -0.7221 -0.4463
vn 0.0939 -0.3047 -0.9478
vn -0.4268 -0.8192 -0.3831
vn 0.2159 -0.2003 -0.9557
vn 0.2748 -0.4083 -0.8705
vn 0.3696 -0.2975 -0.8803
vn -0.3592 -0.8768 -0.3198
vn 0.1687 -0.2824 -0.9443
vn 0.2990 -0.3844 -0.8734
vn 0.3909 -0.5354 -0.7487
vn 0.4779 -0.4064 -0.7788
vn 0.4082 -0.4664 -0.7848
vn 0.1518 -0.3197 -0.9353
vn 0.0195 -0.2129 -0.9769
vn 0.2819 -0.4167 -0.8642
vn 0.4280 -0.6481 -0.6299
vn 0.5465 -0.5114 -0.6631
vn 0.5089 -0.5381 -0.6719
vn 0.5040 -0.5575 -0.6597
vn 0.3978 -0.4933 -0.7735
vn 0.0367 -0.2183 -0.9752
vn 0.1703 -0.3219 -0.9313
vn -0.0945 -0.1142 -0.9890
vn 0.2946 -0.4203 -0.8582
vn 0.6013 -0.6120 -0.5137
vn 0.6047 -0.6266 -0.4917
vn 0.4041 -0.5065 -0.7617
vn 0.5099 -0.5751 -0.6397
vn 0.6032 -0.6186 -0.5035
vn -0.0847 -0.1342 -0.9873
vn 0.0410 -0.2379 -0.9704
vn 0.1607 -0.3460 -0.9244
vn -0.2222 -0.0275 -0.9746
vn 0.2744 -0.4520 -0.8488
vn 0.3898 -0.5413 -0.7450
vn 0.5140 -0.6042 -0.6088
vn 0.6127 -0.6281 -0.4797
vn 0.6812 -0.6645 -0.3074
vn -0.2206 -0.0650 -0.9732
vn -0.1029 -0.1745 -0.9793
vn -0.0190 -0.2896 -0.9570
vn 0.0982 -0.4261 -0.8993
vn -0.3696 0.0661 -0.9268
vn 0.2693 -0.5109 -0.8164
vn 0.4288 -0.5485 -0.7178
vn 0.6212 -0.6429 -0.4481
vn 0.5676 -0.5915 -0.5727
vn -0.3599 0.0689 -0.9304
vn -0.2290 -0.0820 -0.9700
vn -0.1175 -0.1993 -0.9729
vn -0.0299 -0.2808 -0.9593
vn 0.1596 -0.4155 -0.8955
vn 0.3758 -0.5001 -0.7801
vn 0.5099 -0.5164 -0.6880
vn 0.6645 -0.6183 -0.4198
vn 0.6240 -0.5625 -0.5424
vn -0.3678 0.0811 -0.9264
vn -0.2155 -0.0757 -0.9736
vn -0.0648 -0.1792 -0.9817
vn 0.0487 -0.2246 -0.9732
vn 0.2610 -0.3745 -0.8897
vn 0.4468 -0.4914 -0.7476
vn 0.5223 -0.5309 -0.6674
vn 0.6926 -0.5984 -0.4028
vn 0.6071 -0.5942 -0.5277
vn -0.3431 0.1033 -0.9336
vn -0.1478 -0.0427 -0.9881
vn 0.0047 -0.1469 -0.9891
vn 0.0919 -0.2130 -0.9727
vn 0.2861 -0.3872 -0.8765
vn 0.4396 -0.5204 -0.7321
vn 0.4975 -0.5683 -0.6554
vn 0.6563 -0.6432 -0.3944
vn 0.5642 -0.6350 -0.5277
vn -0.2857 0.1232 -0.9504
vn -0.1031 -0.0271 -0.9943
vn 0.0112 -0.1489 -0.9888
vn 0.1186 -0.2262 -0.9668
vn 0.3181 -0.3683 -0.8736
vn 0.4562 -0.4996 -0.7364
vn 0.5052 -0.5595 -0.6570
vn 0.6238 -0.6824 -0.3810
vn 0.5677 -0.6305 -0.5293
vn -0.2656 0.1246 -0.9560
vn -0.1246 -0.0359 -0.9916
vn -0.4065 0.1602 0.8995
vn -0.5412 0.1038 0.8345
vn 0.0049 0.2744 0.9616
vn 0.0147 0.3498 0.9367
vn -0.0768 0.3335 0.9396
vn -0.1758 0.3105 0.9342
vn -0.2763 0.2780 0.9200
vn -0.3969 0.2334 0.8877
vn 0.0137 0.4053 0.9141
vn 0.0567 0.4054 0.9124
vn -0.0741 0.4004 0.9134
vn -0.1675 0.3803 0.9096
vn -0.2688 0.3515 0.8968
vn 0.0632 0.4195 0.9056
vn 0.0063 0.4290 0.9033
vn -0.0758 0.4273 0.9009
vn -0.1604 0.3947 0.9047
vn 0.9194 0.0959 -0.3814
vn 0.9105 0.1403 -0.3891
vn 0.7393 -0.1572 0.6548
vn 0.5786 0.0208 0.8154
vn 0.5869 -0.1748 0.7906
vn 0.4471 -0.0208 0.8942
vn 0.4529 0.0482 0.8902
vn 0.5756 0.0889 0.8129
vn 0.4443 -0.1996 0.8734
vn 0.5844 0.1023 0.8050
vn 0.3706 0.0148 0.9287
vn 0.3606 -0.0634 0.9306
vn 0.4632 0.0702 0.8835
vn 0.3792 0.0522 0.9239
vn 0.3526 -0.2308 0.9069
vn 0.4801 0.0871 0.8729
vn 0.3848 0.0707 0.9203
vn 0.3284 -0.0049 0.9445
vn 0.3283 0.0449 0.9435
vn 0.3282 -0.0924 0.9401
vn 0.3264 0.0679 0.9428
vn 0.3296 -0.2563 0.9087
vn 0.3868 0.0809 0.9186
vn 0.3269 0.0758 0.9420
vn 0.2878 -0.0158 0.9576
vn 0.2927 0.0371 0.9555
vn 0.2979 0.0680 0.9522
vn 0.2896 -0.1048 0.9514
vn 0.3013 0.0717 0.9508
vn 0.2951 -0.2668 0.9174
vn 0.3328 0.0536 0.9415
vn 0.3052 0.0547 0.9507
vn 0.2194 -0.0224 0.9754
vn 0.2251 0.0225 0.9741
vn 0.2451 0.0602 0.9676
vn 0.2605 0.0662 0.9632
vn 0.2272 -0.1016 0.9685
vn 0.2676 0.0560 0.9619
vn 0.2425 -0.2592 0.9349
vn 0.3353 -0.0066 0.9421
vn 0.2968 0.0040 0.9549
vn 0.2585 0.0216 0.9658
vn 0.1694 -0.0148 0.9854
vn 0.1552 0.0122 0.9878
vn 0.1684 0.0439 0.9847
vn 0.1889 0.0576 0.9803
vn 0.1969 0.0584 0.9787
vn 0.1942 -0.0794 0.9777
vn 0.1885 0.0351 0.9814
vn 0.2218 -0.2335 0.9467
vn 0.2922 -0.0054 0.9563
vn 0.2464 -0.0064 0.9691
vn 0.1823 -0.0013 0.9832
vn 0.1194 0.0162 0.9927
vn 0.1139 0.0323 0.9930
vn 0.1202 0.0500 0.9915
vn 0.1215 0.0632 0.9906
vn 0.1145 0.0429 0.9925
vn 0.1110 0.0024 0.9938
vn 0.2480 0.0182 0.9686
vn 0.1810 0.0096 0.9834
vn 0.1079 0.0078 0.9941
vn 0.0616 0.0311 0.9976
vn 0.0600 0.0472 0.9971
vn 0.0615 0.0653 0.9960
vn 0.0587 0.0487 0.9971
vn 0.0490 0.0084 0.9988
vn 0.0365 0.0121 0.9993
vn 0.1083 0.0308 0.9936
vn 0.1875 0.0366 0.9816
vn 0.0281 0.0303 0.9991
vn 0.0057 0.0463 0.9989
vn 0.0076 0.0649 0.9979
vn 0.0027 0.0553 0.9985
vn -0.0111 0.0191 0.9998
vn -0.0273 0.0208 0.9994
vn -0.0380 0.0330 0.9987
vn 0.1139 0.0397 0.9927
vn 0.0248 0.0374 0.9990
vn -0.0416 0.0380 0.9984
vn -0.0556 0.0475 0.9973
vn -0.0624 0.0690 0.9957
vn -0.0718 0.0616 0.9955
vn -0.0774 0.0269 0.9966
vn -0.0830 0.0277 0.9962
vn -0.0852 0.0337 0.9958
vn -0.0079 -0.1689 -0.9856
vn 0.1530 -0.2697 -0.9507
vn 0.3550 -0.3784 -0.8548
vn 0.4610 -0.4758 -0.7490
vn 0.5098 -0.5499 -0.6616
vn 0.6920 -0.6961 -0.1914
vn 0.6544 -0.6693 -0.3518
vn 0.5944 -0.6134 -0.5201
vn -0.2950 0.1155 -0.9485
vn -0.1644 -0.0453 -0.9854
vn -0.0029 -0.1829 -0.9831
vn 0.1983 -0.3061 -0.9311
vn 0.3490 -0.4068 -0.8442
vn 0.4273 -0.4964 -0.7556
vn 0.5052 -0.5631 -0.6540
vn 0.7268 -0.6704 -0.1494
vn 0.6876 -0.6518 -0.3199
vn 0.6163 -0.6118 -0.4958
vn -0.3362 0.1021 -0.9362
vn -0.1658 -0.0471 -0.9850
vn 0.0510 -0.1834 -0.9817
vn 0.2343 -0.3015 -0.9242
vn 0.3353 -0.4148 -0.8459
vn 0.4134 -0.5051 -0.7576
vn 0.5264 -0.5663 -0.6342
vn -0.3384 0.0982 -0.9359
vn -0.1197 -0.0503 -0.9915
vn 0.7529 -0.6489 -0.1098
vn 0.7223 -0.6292 -0.2870
vn 0.6552 -0.5983 -0.4613
vn 0.0812 -0.1885 -0.9787
vn 0.2108 -0.3156 -0.9252
vn 0.3023 -0.4313 -0.8500
vn 0.4061 -0.5248 -0.7481
vn 0.5367 -0.5822 -0.6108
vn 0.0626 -0.2031 -0.9772
vn -0.0965 -0.0542 -0.9939
vn 0.1686 -0.3366 -0.9264
vn 0.2777 -0.4508 -0.8483
vn 0.7922 -0.6062 -0.0709
vn 0.7743 -0.5852 -0.2409
vn 0.6779 -0.6040 -0.4191
vn 0.4146 -0.5387 -0.7334
vn 0.5491 -0.6001 -0.5817
vn 0.1382 -0.3554 -0.9244
vn 0.0160 -0.2191 -0.9756
vn 0.2722 -0.4703 -0.8395
vn 0.4147 -0.5580 -0.7187
vn 0.8423 -0.5384 -0.0268
vn 0.7936 -0.5776 -0.1911
vn 0.6994 -0.6091 -0.3740
vn 0.5690 -0.6105 -0.5509
vn 0.4183 -0.5788 -0.7000
vn 0.2700 -0.4895 -0.8291
vn 0.1170 -0.3724 -0.9207
vn 0.8431 -0.5377 0.0066
vn 0.7800 -0.6042 -0.1626
vn 0.6960 -0.6275 -0.3491
vn 0.5762 -0.6329 -0.5170
vn 0.3970 -0.6054 -0.6898
vn 0.5646 -0.6581 -0.4980
vn 0.2618 -0.5062 -0.8217
vn 0.8284 -0.5586 0.0406
vn 0.7890 -0.6000 -0.1321
vn 0.7257 -0.6107 -0.3168
vn 0.7102 -0.6415 -0.2900
vn 0.0425 -0.7157 -0.6971
vn 0.1706 -0.8091 -0.5624
vn 0.0252 -0.9130 -0.4072
vn 0.8476 -0.5237 0.0853
vn 0.8211 -0.5618 -0.1005
vn 0.8244 -0.5593 -0.0867
vn 0.7522 0.6573 0.0457
vn -0.8160 -0.5040 -0.2833
vn -0.4459 -0.7297 -0.5184
vn 0.8479 -0.5201 0.1028
vn 0.9708 0.1255 0.2044
vn 0.8630 -0.4909 0.1195
vn -0.2340 0.9230 0.3056
vn -0.1876 0.9616 0.2005
vn -0.3879 -0.6644 -0.6388
vn -0.2233 -0.5579 -0.7993
vn 0.0535 -0.5661 -0.8226
vn 0.0336 -0.3834 -0.9230
vn 0.1165 -0.3802 -0.9175
vn -0.1379 -0.3235 -0.9361
vn -0.0138 -0.1625 -0.9866
vn -0.0313 -0.2095 -0.9773
vn -0.0142 -0.2221 -0.9749
vn -0.0858 -0.1513 -0.9848
vn -0.1004 -0.0217 -0.9947
vn -0.1511 -0.0496 -0.9873
vn -0.1284 -0.0579 -0.9900
vn -0.1109 -0.0647 -0.9917
vn -0.1273 -0.0045 -0.9919
vn -0.2233 0.1297 -0.9661
vn -0.2758 0.0976 -0.9563
vn -0.2722 0.0961 -0.9574
vn -0.2869 0.0947 -0.9533
vn -0.3097 0.1004 -0.9455
vn -0.1850 0.1699 -0.9679
vn -0.2970 -0.9369 -0.1845
vn 0.4673 -0.7605 -0.4509
vn -0.3366 -0.8966 -0.2877
vn -0.3661 0.1316 -0.9212
vn -0.4443 0.1503 -0.8832
vn -0.3679 0.1516 -0.9174
vn -0.4277 0.2073 -0.8798
vn -0.3638 0.2107 -0.9073
vn -0.4208 0.2568 -0.8701
vn -0.3572 0.2568 -0.8980
vn -0.4226 0.2937 -0.8574
vn -0.3565 0.2896 -0.8883
vn -0.3585 0.3073 -0.8815
vn -0.4273 0.3047 -0.8512
vn -0.3555 0.2556 -0.8990
vn -0.4308 0.2382 -0.8704
vn -0.3462 0.2010 -0.9164
vn -0.4201 0.1747 -0.8905
vn -0.3320 0.1361 -0.9334
vn -0.3980 0.1070 -0.9111
vn -0.0786 0.0341 0.9963
vn -0.1279 0.0555 0.9902
vn -0.1419 0.0783 0.9868
vn -0.1411 0.0582 0.9883
vn -0.1311 0.0261 0.9910
vn -0.1295 0.0313 0.9911
vn -0.1292 0.0300 0.9912
vn -0.1160 0.0221 0.9930
vn -0.1973 0.0719 0.9777
vn -0.2083 0.0811 0.9747
vn -0.1892 0.0413 0.9811
vn -0.1729 0.0222 0.9847
vn -0.1704 0.0338 0.9848
vn -0.1638 0.0209 0.9863
vn -0.1469 0.0072 0.9891
vn -0.2486 0.0884 0.9646
vn -0.2520 0.0718 0.9651
vn -0.2302 0.0202 0.9729
vn -0.2143 0.0184 0.9766
vn -0.1975 0.0259 0.9800
vn -0.1750 0.0053 0.9846
vn -0.1706 0.0072 0.9853
vn -0.2817 0.0981 0.9545
vn -0.2835 0.0585 0.9572
vn -0.2707 0.0048 0.9626
vn -0.2513 0.0072 0.9679
vn -0.2243 0.0061 0.9745
vn -0.2256 0.0095 0.9742
vn -0.2844 0.0499 0.9574
vn -0.3194 0.1026 0.9420
vn -0.3232 0.0460 0.9452
vn -0.3095 -0.0099 0.9509
vn -0.2934 -0.0053 0.9560
vn -0.3067 0.0116 0.9517
vn -0.3721 0.0673 0.9258
vn -0.4488 0.1099 0.8869
vn -0.3730 0.1028 0.9221
vn -0.3728 0.0313 0.9274
vn -0.3681 -0.0165 0.9296
vn -0.3842 0.0099 0.9232
vn -0.4401 0.0683 0.8953
vn -0.4971 0.1334 0.8574
vn -0.4959 0.1053 0.8619
vn -0.4487 0.0945 0.8887
vn -0.4585 0.0402 0.8878
vn -0.4968 0.0126 0.8678
vn -0.5219 0.0423 0.8519
vn -0.5358 0.1240 0.8352
vn -0.5317 0.1359 0.8359
vn -0.5049 0.0565 0.8613
vn -0.5741 0.0943 0.8133
vn -0.5868 0.0817 0.8056
vn -0.6154 0.0482 0.7868
vn -0.6215 0.0587 0.7812
vn -0.6084 0.1368 0.7818
vn -0.6001 0.1048 0.7930
vn -0.6027 0.0384 0.7971
vn -0.6986 0.0972 0.7089
vn -0.6857 0.1010 0.7209
vn -0.6821 0.0583 0.7290
vn -0.6827 0.0675 0.7276
vn -0.6771 0.1347 0.7235
vn -0.6845 0.0970 0.7226
vn -0.7035 0.0567 0.7084
vn -0.8105 0.0948 0.5781
vn -0.7964 0.0950 0.5972
vn -0.7900 0.0632 0.6098
vn -0.7860 0.0710 0.6141
vn -0.7758 0.1296 0.6176
vn -0.7875 0.1130 0.6059
vn -0.8224 0.1046 0.5592
vn -0.9183 0.0928 0.3849
vn -0.9133 0.0913 0.3970
vn -0.9123 0.0681 0.4039
vn -0.9095 0.0577 0.4116
vn -0.8998 0.1378 0.4140
vn -0.9165 0.1385 0.3754
vn -0.9789 0.0910 0.1829
vn -0.9791 0.0925 0.1811
vn -0.9798 0.0462 0.1948
vn -0.9775 0.0740 0.1974
vn -0.9706 0.1627 0.1772
vn -0.9316 0.1590 0.3269
vn -0.9747 0.1523 0.1638
vn -0.9958 0.0911 0.0123
vn -0.9973 0.0563 0.0465
vn -0.9968 0.0415 0.0681
vn -0.9889 0.1447 0.0325
vn -0.9892 0.1448 0.0244
vn -0.9674 0.1968 0.1594
vn -0.9873 0.1524 0.0458
vn -0.9960 0.0597 -0.0671
vn -0.9997 0.0066 -0.0222
vn -0.9952 0.0960 -0.0210
vn -0.9785 0.1998 -0.0508
vn -0.9933 0.1015 -0.0550
vn -0.9870 0.0282 -0.1582
vn -0.9875 -0.0017 -0.1577
vn -0.9836 0.1205 -0.1342
vn -0.9758 0.2109 0.0571
vn -0.9843 0.1758 0.0179
vn -0.9889 0.1455 -0.0289
vn -0.9915 0.0837 -0.0993
vn -0.9732 0.2096 -0.0950
vn -0.9711 0.1015 -0.2160
vn -0.9888 0.1236 -0.0833
vn -0.9941 0.1037 -0.0322
vn -0.9883 0.1235 0.0900
vn -0.9945 0.0520 0.0905
vn -0.9985 0.0422 -0.0337
vn -0.3143 0.0540 -0.9478
vn -0.3713 0.0214 -0.9283
vn -0.2912 -0.0220 -0.9564
vn -0.3423 -0.0517 -0.9382
vn -0.3167 -0.1105 -0.9421
vn -0.2946 -0.1598 -0.9421
vn -0.2775 -0.1947 -0.9408
vn 0.5071 -0.1118 0.8546
vn 0.6610 -0.6335 0.4021
vn 0.1763 -0.0095 0.9843
vn 0.6007 0.0429 0.7983
vn 0.3609 0.1359 0.9226
vn 0.4678 0.2846 0.8368
vn 0.7141 -0.5951 0.3687
vn -0.0382 -0.0078 0.9992
vn 0.0691 0.0947 0.9931
vn 0.6619 0.1496 0.7345
vn 0.5159 0.3526 0.7807
vn 0.4601 0.3128 0.8309
vn 0.2877 0.2175 0.9327
vn 0.5097 0.3442 0.7885
vn 0.7802 -0.5389 0.3177
vn 0.0117 0.0055 0.9999
vn -0.1339 -0.1379 0.9814
vn 0.0710 0.0738 0.9947
vn 0.7503 0.2127 0.6259
vn 0.6132 0.3999 0.6812
vn 0.5924 0.3975 0.7007
vn 0.4608 0.2983 0.8358
vn 0.5120 0.3340 0.7914
vn 0.2553 0.1802 0.9499
vn 0.5858 0.4047 0.7022
vn 0.8206 -0.5049 0.2678
vn -0.1135 -0.1486 0.9824
vn 0.0594 -0.0132 0.9981
vn 0.8605 0.2417 0.4484
vn 0.7513 0.4494 0.4834
vn 0.7176 0.4813 0.5034
vn 0.6975 0.5041 0.5092
vn 0.8501 -0.4760 0.2254
vn 0.9231 0.2671 0.2765
vn 0.8238 0.5015 0.2642
vn 0.7865 0.5709 0.2353
vn 0.8054 0.5439 0.2355
vn 0.8308 0.5523 0.0691
vn 0.8788 -0.4493 0.1607
vn 0.9297 0.3569 0.0914
vn 0.8077 0.5850 0.0730
vn 0.8351 0.5467 0.0609
vn 0.9086 0.4137 -0.0580
vn 0.8148 0.5766 -0.0603
vn 0.9137 -0.4052 0.0303
vn 0.8463 0.5291 -0.0624
vn 0.8125 0.5804 -0.0534
vn 0.8862 0.4433 -0.1345
vn 0.9237 -0.3797 -0.0519
vn 0.7950 0.5867 -0.1543
vn 0.8263 0.5340 -0.1790
vn 0.8068 0.5598 -0.1888
vn 0.8650 0.4392 -0.2427
vn 0.9228 -0.3793 -0.0672
vn 0.8007 0.5452 -0.2484
vn 0.7700 0.5853 -0.2539
vn 0.8033 0.5426 -0.2456
vn 0.8145 0.5276 -0.2412
vn 0.7897 0.5389 -0.2933
vn 0.7927 0.5319 -0.2979
vn 0.9203 -0.3811 -0.0881
vn 0.8732 0.3748 -0.3115
vn 0.7703 0.5573 -0.3099
vn 0.8016 0.5162 -0.3018
vn 0.7144 0.4897 -0.4999
vn 0.7154 0.4761 -0.5114
vn 0.8167 0.3263 -0.4759
vn 0.9077 -0.3953 -0.1408
vn 0.8741 -0.4261 -0.2331
vn 0.8173 0.4854 -0.3105
vn 0.6120 0.4349 -0.6605
vn 0.7247 0.2877 -0.6261
vn 0.8417 -0.4523 -0.2949
vn 0.8050 0.4969 -0.3243
vn 0.7318 0.4248 -0.5329
vn 0.6571 0.2464 -0.7124
vn 0.7733 0.5370 -0.3370
vn 0.7185 0.4268 -0.5492
vn 0.6171 0.3448 -0.7074
vn 0.7640 0.5368 -0.3580
vn 0.6872 0.4597 -0.5625
vn 0.6115 0.3398 -0.7146
vn 0.5542 0.2961 -0.7779
vn 0.6809 0.4680 -0.5633
vn 0.6013 0.3657 -0.7104
vn 0.5658 0.2831 -0.7745
vn 0.6041 0.3787 -0.7011
vn 0.6939 0.4525 -0.5600
vn 0.5635 0.3005 -0.7695
vn 0.6034 0.3770 -0.7027
vn 0.5512 0.3188 -0.7711
vn -0.1639 -0.2633 0.9507
vn 0.0927 -0.0778 0.9927
vn -0.1992 -0.2213 0.9546
vn 0.1483 -0.0491 0.9877
vn 0.2084 -0.0106 0.9780
vn -0.1608 -0.1882 0.9689
vn 0.1276 -0.0035 0.9918
vn 0.1584 -0.0467 0.9863
vn 0.2180 0.0953 0.9713
vn -0.0664 -0.1875 0.9800
vn 0.0556 0.0090 0.9984
vn -0.9956 0.0156 0.0929
vn -0.9877 0.0173 0.1555
vn -0.9315 0.1466 -0.3329
vn -0.9810 0.1395 -0.1345
vn -0.9847 0.0055 0.1742
vn -0.9972 0.0742 -0.0055
vn -0.9739 0.0763 0.2138
vn -0.9622 0.0223 0.2714
vn -0.9756 0.1060 -0.1923
vn -0.9915 0.0441 0.1224
vn -0.9997 0.0221 -0.0074
vn -0.9884 -0.1003 -0.1137
vn -0.9325 0.1129 0.3432
vn -0.9905 -0.0644 0.1216
vn -0.9860 -0.1628 -0.0352
vn -0.9859 -0.1655 -0.0239
vn -0.8554 0.1391 0.4990
vn -0.9712 -0.1710 -0.1661
vn -0.9311 0.1811 0.3166
vn -0.9713 0.1672 0.1690
vn 0.1331 -0.1663 -0.9771
vn 0.1510 -0.1913 -0.9699
vn 0.0290 -0.1787 -0.9835
vn 0.1492 -0.1999 -0.9684
vn 0.0394 -0.1989 -0.9792
vn -0.0137 -0.1878 -0.9821
vn 0.0433 -0.1928 -0.9803
vn 0.1473 -0.1969 -0.9693
vn -0.0031 -0.1852 -0.9827
vn -0.0233 -0.1717 -0.9849
vn 0.0492 -0.1873 -0.9811
vn 0.0067 -0.1753 -0.9845
vn 0.1543 -0.2024 -0.9671
vn -0.0109 -0.1639 -0.9864
vn 0.0612 -0.1898 -0.9799
vn 0.0164 -0.1739 -0.9846
vn -0.0016 -0.1618 -0.9868
vn 0.1600 -0.2019 -0.9662
vn 0.0088 -0.1608 -0.9870
vn 0.0301 -0.1785 -0.9835
vn 0.1626 -0.2126 -0.9635
vn 0.0751 -0.1990 -0.9771
vn 0.0213 -0.1553 -0.9876
vn 0.0495 -0.1769 -0.9830
vn 0.0910 -0.2018 -0.9752
vn 0.1707 -0.2231 -0.9597
vn 0.0352 -0.1487 -0.9883
vn 0.0717 -0.1709 -0.9827
vn 0.1874 -0.2249 -0.9562
vn 0.1108 -0.1981 -0.9739
vn 0.2089 -0.2163 -0.9537
vn 0.1356 -0.1861 -0.9731
vn 0.0954 -0.1561 -0.9831
vn 0.0519 -0.1306 -0.9901
vn 0.1643 -0.1533 -0.9744
vn 0.1193 -0.1220 -0.9853
vn 0.2339 -0.1847 -0.9546
vn 0.1931 -0.0977 -0.9763
vn 0.8493 -0.5115 -0.1307
vn 0.8927 -0.4505 -0.0128
vn 0.9883 -0.0169 -0.1515
vn 0.9984 -0.0047 -0.0564
vn 0.8769 -0.4544 0.1570
vn 0.9863 -0.0431 -0.1593
vn 0.9993 -0.0341 -0.0136
vn 0.9977 -0.0354 0.0584
vn 0.8942 -0.3827 0.2323
vn 0.9819 -0.1387 -0.1287
vn 0.9903 -0.1299 0.0490
vn 0.9929 -0.0465 0.1095
vn 0.9821 -0.0705 0.1749
vn 0.7337 -0.5643 0.3785
vn 0.9889 -0.1240 -0.0814
vn 0.9885 -0.1291 0.0785
vn 0.9789 -0.1127 0.1704
vn 0.9632 -0.0741 0.2585
vn 0.9262 -0.2449 0.2866
vn 0.9843 -0.1758 -0.0135
vn 0.9729 -0.1260 0.1940
vn 0.9780 -0.1767 0.1112
vn 0.9532 -0.0909 0.2884
vn 0.9515 -0.1166 0.2848
vn 0.8663 -0.4069 0.2898
vn 0.9475 -0.2014 0.2485
vn 0.5827 -0.6932 0.4242
vn 0.9508 -0.1028 0.2923
vn 0.9485 -0.0936 0.3026
vn 0.9690 -0.1494 0.1967
vn 0.9807 -0.1951 0.0145
vn 0.9837 -0.1609 0.0804
vn 0.8391 -0.4283 0.3353
vn 0.9201 -0.2684 0.2851
vn 0.9520 -0.1465 0.2689
vn 0.9568 -0.0717 0.2817
vn 0.9643 -0.0741 0.2542
vn 0.9873 -0.0884 0.1322
vn 0.6226 -0.6219 0.4750
vn 0.8243 -0.3896 0.4107
vn 0.9911 -0.1334 0.0006
vn 0.9956 -0.0922 0.0173
vn 0.9365 -0.1901 0.2948
vn 0.9547 -0.0943 0.2824
vn 0.9624 -0.0450 0.2678
vn 0.2309 0.1254 0.9649
vn 0.0763 -0.0533 0.9957
vn -0.0169 -0.1848 0.9826
vn 0.2686 0.1355 0.9537
vn 0.0599 0.0113 0.9981
vn -0.0187 -0.0565 0.9982
vn -0.0781 -0.1676 0.9828
vn 0.2983 0.1169 0.9473
vn 0.1184 -0.0075 0.9929
vn -0.0120 -0.0701 0.9975
vn -0.1398 -0.1643 0.9764
vn 0.3329 0.0793 0.9396
vn 0.1668 -0.0410 0.9851
vn 0.0604 -0.0939 0.9937
vn -0.1209 -0.1899 0.9743
vn 0.3513 0.0571 0.9345
vn 0.1925 -0.0636 0.9792
vn 0.1141 -0.1049 0.9879
vn -0.0707 -0.2081 0.9756
vn 0.3192 0.0783 0.9444
vn 0.1815 -0.0486 0.9822
vn 0.1246 -0.0877 0.9883
vn 0.1347 -0.0039 0.9909
vn -0.0525 -0.2057 0.9772
vn 0.0955 -0.0466 0.9943
vn 0.2686 0.1191 0.9559
vn 0.1060 0.0233 0.9941
vn -0.0777 -0.1775 0.9810
vn 0.2545 0.1356 0.9575
s 1
f 1/1/1 2/2/2 3/3/3
f 4/4/4 1/1/1 3/3/3
f 5/5/5 6/6/6 4/4/4
f 3/3/3 5/5/5 4/4/4
f 7/7/7 6/6/6 5/5/5
f 8/8/8 6/6/6 7/7/7
f 8/8/8 9/9/9 6/6/6
f 3/3/3 2/2/2 10/10/10
f 11/11/11 10/10/10 2/2/2
f 12/12/12 5/5/5 3/3/3
f 10/10/10 12/12/12 3/3/3
f 5/5/5 12/12/12 7/7/7
f 13/13/13 9/9/9 8/8/8
f 14/14/14 15/15/15 16/16/16
f 16/16/16 15/15/15 17/17/17
f 17/17/17 18/18/18 16/16/16
f 19/19/19 13/13/13 8/8/8
f 8/8/8 20/20/20 19/19/19
f 7/7/7 20/20/20 8/8/8
f 7/7/7 12/12/12 21/21/21
f 7/7/7 22/22/22 20/20/20
f 21/21/21 22/22/22 7/7/7
f 12/12/12 23/23/23 21/21/21
f 23/23/23 12/12/12 10/10/10
f 20/20/20 24/24/24 19/19/19
f 20/20/20 22/22/22 24/24/24
f 25/25/25 13/13/13 19/19/19
f 26/26/26 25/25/25 19/19/19
f 19/19/19 24/24/24 26/26/26
f 21/21/21 23/23/23 27/27/27
f 21/21/21 28/28/28 22/22/22
f 27/27/27 28/28/28 21/21/21
f 22/22/22 28/28/28 29/29/29
f 24/24/24 22/22/22 29/29/29
f 30/30/30 26/26/26 24/24/24
f 29/29/29 30/30/30 24/24/24
f 31/31/31 25/25/25 26/26/26
f 32/32/32 31/31/31 26/26/26
f 32/32/32 26/26/26 30/30/30
f 27/27/27 23/23/23 33/33/33
f 27/27/27 34/34/34 28/28/28
f 33/33/33 34/34/34 27/27/27
f 34/34/34 35/35/35 28/28/28
f 29/29/29 28/28/28 36/36/36
f 28/28/28 35/35/35 36/36/36
f 37/37/37 30/30/30 29/29/29
f 36/36/36 37/37/37 29/29/29
f 30/30/30 37/37/37 38/38/38
f 39/39/39 30/30/30 38/38/38
f 32/32/32 30/30/30 39/39/39
f 40/40/40 31/31/31 32/32/32
f 32/32/32 39/39/39 40/40/40
f 34/34/34 41/41/41 35/35/35
f 42/42/42 41/41/41 34/34/34
f 33/33/33 42/42/42 34/34/34
f 43/43/43 36/36/36 35/35/35
f 41/41/41 43/43/43 35/35/35
f 44/44/44 36/36/36 43/43/43
f 44/44/44 37/37/37 36/36/36
f 44/44/44 45/45/45 37/37/37
f 38/38/38 37/37/37 46/46/46
f 37/37/37 45/45/45 46/46/46
f 47/47/47 39/39/39 38/38/38
f 48/48/48 38/38/38 46/46/46
f 47/47/47 38/38/38 48/48/48
f 49/49/49 39/39/39 47/47/47
f 49/49/49 50/50/50 39/39/39
f 40/40/40 39/39/39 50/50/50
f 43/43/43 51/51/51 44/44/44
f 44/44/44 51/51/51 45/45/45
f 52/52/52 43/43/43 41/41/41
f 43/43/43 52/52/52 51/51/51
f 53/53/53 46/46/46 45/45/45
f 51/51/51 53/53/53 45/45/45
f 48/48/48 46/46/46 53/53/53
f 54/54/54 47/47/47 48/48/48
f 53/53/53 54/54/54 48/48/48
f 47/47/47 55/55/55 49/49/49
f 56/56/56 55/55/55 47/47/47
f 56/56/56 47/47/47 54/54/54
f 55/55/55 57/57/57 49/49/49
f 58/58/58 50/50/50 49/49/49
f 49/49/49 57/57/57 58/58/58
f 59/59/59 53/53/53 51/51/51
f 51/51/51 52/52/52 60/60/60
f 60/60/60 59/59/59 51/51/51
f 59/59/59 61/61/61 53/53/53
f 61/61/61 54/54/54 53/53/53
f 56/56/56 62/62/62 55/55/55
f 54/54/54 62/62/62 56/56/56
f 63/63/63 54/54/54 61/61/61
f 64/64/64 54/54/54 63/63/63
f 64/64/64 62/62/62 54/54/54
f 55/55/55 65/65/65 57/57/57
f 66/66/66 65/65/65 55/55/55
f 55/55/55 62/62/62 66/66/66
f 67/67/67 61/61/61 59/59/59
f 67/67/67 63/63/63 61/61/61
f 68/68/68 67/67/67 59/59/59
f 68/68/68 59/59/59 60/60/60
f 62/62/62 69/69/69 66/66/66
f 66/66/66 69/69/69 65/65/65
f 64/64/64 70/70/70 62/62/62
f 70/70/70 69/69/69 62/62/62
f 71/71/71 70/70/70 64/64/64
f 64/64/64 63/63/63 71/71/71
f 71/71/71 63/63/63 72/72/72
f 63/63/63 73/73/73 72/72/72
f 73/73/73 63/63/63 67/67/67
f 74/74/74 67/67/67 68/68/68
f 67/67/67 74/74/74 73/73/73
f 65/65/65 69/69/69 75/75/75
f 69/69/69 70/70/70 76/76/76
f 77/77/77 69/69/69 76/76/76
f 75/75/75 69/69/69 77/77/77
f 70/70/70 71/71/71 78/78/78
f 76/76/76 70/70/70 78/78/78
f 71/71/71 72/72/72 79/79/79
f 78/78/78 71/71/71 79/79/79
f 72/72/72 73/73/73 80/80/80
f 79/79/79 72/72/72 81/81/81
f 72/72/72 80/80/80 81/81/81
f 73/73/73 82/82/82 80/80/80
f 73/73/73 74/74/74 82/82/82
f 76/76/76 83/83/83 77/77/77
f 84/84/84 83/83/83 76/76/76
f 78/78/78 84/84/84 76/76/76
f 85/85/85 84/84/84 78/78/78
f 79/79/79 85/85/85 78/78/78
f 86/86/86 85/85/85 79/79/79
f 81/81/81 86/86/86 79/79/79
f 80/80/80 82/82/82 87/87/87
f 81/81/81 80/80/80 88/88/88
f 80/80/80 87/87/87 88/88/88
f 89/89/89 86/86/86 81/81/81
f 88/88/88 89/89/89 81/81/81
f 83/83/83 84/84/84 90/90/90
f 84/84/84 85/85/85 91/91/91
f 90/90/90 84/84/84 91/91/91
f 92/92/92 85/85/85 86/86/86
f 93/93/93 85/85/85 92/92/92
f 91/91/91 85/85/85 93/93/93
f 89/89/89 94/94/94 86/86/86
f 86/86/86 94/94/94 92/92/92
f 95/95/95 94/94/94 89/89/89
f 95/95/95 89/89/89 88/88/88
f 96/96/96 95/95/95 88/88/88
f 88/88/88 87/87/87 96/96/96
f 97/97/97 91/91/91 93/93/93
f 98/98/98 91/91/91 97/97/97
f 91/91/91 98/98/98 90/90/90
f 97/97/97 93/93/93 99/99/99
f 99/99/99 93/93/93 92/92/92
f 94/94/94 100/100/100 92/92/92
f 92/92/92 100/100/100 99/99/99
f 94/94/94 101/101/101 100/100/100
f 101/101/101 94/94/94 95/95/95
f 95/95/95 102/102/102 101/101/101
f 102/102/102 95/95/95 96/96/96
f 90/90/90 98/98/98 103/103/103
f 97/97/97 99/99/99 104/104/104
f 104/104/104 98/98/98 97/97/97
f 105/105/105 98/98/98 104/104/104
f 98/98/98 105/105/105 103/103/103
f 101/101/101 102/102/102 106/106/106
f 102/102/102 107/107/107 106/106/106
f 108/108/108 102/102/102 96/96/96
f 107/107/107 102/102/102 108/108/108
f 103/103/103 105/105/105 109/109/109
f 106/106/106 107/107/107 110/110/110
f 107/107/107 111/111/111 110/110/110
f 112/112/112 107/107/107 108/108/108
f 111/111/111 107/107/107 112/112/112
f 113/113/113 111/111/111 112/112/112
f 112/112/112 114/114/114 113/113/113
f 115/115/115 114/114/114 112/112/112
f 108/108/108 115/115/115 112/112/112
f 116/116/116 115/115/115 108/108/108
f 96/96/96 116/116/116 108/108/108
f 114/114/114 117/117/117 113/113/113
f 114/114/114 118/118/118 117/117/117
f 119/119/119 118/118/118 114/114/114
f 115/115/115 119/119/119 114/114/114
f 120/120/120 119/119/119 115/115/115
f 116/116/116 120/120/120 115/115/115
f 121/121/121 120/120/120 116/116/116
f 87/87/87 116/116/116 96/96/96
f 87/87/87 121/121/121 116/116/116
f 118/118/118 122/122/122 117/117/117
f 118/118/118 123/123/123 122/122/122
f 124/124/124 123/123/123 118/118/118
f 119/119/119 124/124/124 118/118/118
f 125/125/125 124/124/124 119/119/119
f 120/120/120 125/125/125 119/119/119
f 126/126/126 125/125/125 120/120/120
f 121/121/121 126/126/126 120/120/120
f 82/82/82 121/121/121 87/87/87
f 82/82/82 127/127/127 121/121/121
f 127/127/127 126/126/126 121/121/121
f 128/128/128 122/122/122 123/123/123
f 128/128/128 123/123/123 129/129/129
f 123/123/123 124/124/124 130/130/130
f 129/129/129 123/123/123 130/130/130
f 130/130/130 124/124/124 131/131/131
f 124/124/124 125/125/125 131/131/131
f 131/131/131 125/125/125 132/132/132
f 125/125/125 126/126/126 132/132/132
f 132/132/132 126/126/126 133/133/133
f 126/126/126 127/127/127 133/133/133
f 74/74/74 127/127/127 82/82/82
f 133/133/133 127/127/127 134/134/134
f 127/127/127 74/74/74 134/134/134
f 135/135/135 128/128/128 129/129/129
f 129/129/129 130/130/130 136/136/136
f 137/137/137 129/129/129 136/136/136
f 135/135/135 129/129/129 137/137/137
f 130/130/130 131/131/131 138/138/138
f 136/136/136 130/130/130 138/138/138
f 131/131/131 132/132/132 139/139/139
f 138/138/138 131/131/131 139/139/139
f 132/132/132 133/133/133 140/140/140
f 139/139/139 132/132/132 140/140/140
f 133/133/133 134/134/134 141/141/141
f 140/140/140 133/133/133 141/141/141
f 142/142/142 137/137/137 136/136/136
f 138/138/138 142/142/142 136/136/136
f 143/143/143 142/142/142 138/138/138
f 139/139/139 143/143/143 138/138/138
f 134/134/134 74/74/74 68/68/68
f 68/68/68 60/60/60 134/134/134
f 141/141/141 134/134/134 144/144/144
f 134/134/134 60/60/60 144/144/144
f 145/145/145 143/143/143 139/139/139
f 140/140/140 145/145/145 139/139/139
f 146/146/146 145/145/145 140/140/140
f 141/141/141 146/146/146 140/140/140
f 147/147/147 146/146/146 141/141/141
f 144/144/144 147/147/147 141/141/141
f 148/148/148 147/147/147 144/144/144
f 60/60/60 148/148/148 144/144/144
f 142/142/142 143/143/143 149/149/149
f 143/143/143 145/145/145 150/150/150
f 149/149/149 143/143/143 150/150/150
f 150/150/150 145/145/145 151/151/151
f 145/145/145 146/146/146 151/151/151
f 151/151/151 146/146/146 152/152/152
f 146/146/146 147/147/147 152/152/152
f 152/152/152 147/147/147 153/153/153
f 147/147/147 148/148/148 153/153/153
f 52/52/52 148/148/148 60/60/60
f 153/153/153 148/148/148 154/154/154
f 148/148/148 52/52/52 154/154/154
f 155/155/155 150/150/150 151/151/151
f 152/152/152 155/155/155 151/151/151
f 156/156/156 150/150/150 155/155/155
f 156/156/156 149/149/149 150/150/150
f 157/157/157 158/158/158 159/159/159
f 159/159/159 158/158/158 160/160/160
f 158/158/158 161/161/161 160/160/160
f 159/159/159 160/160/160 162/162/162
f 160/160/160 161/161/161 163/163/163
f 162/162/162 160/160/160 164/164/164
f 160/160/160 163/163/163 164/164/164
f 162/162/162 164/164/164 165/165/165
f 163/163/163 161/161/161 166/166/166
f 166/166/166 161/161/161 167/167/167
f 164/164/164 163/163/163 168/168/168
f 169/169/169 163/163/163 166/166/166
f 168/168/168 163/163/163 169/169/169
f 170/170/170 164/164/164 168/168/168
f 171/171/171 164/164/164 170/170/170
f 165/165/165 164/164/164 171/171/171
f 170/170/170 168/168/168 172/172/172
f 172/172/172 168/168/168 169/169/169
f 165/165/165 171/171/171 173/173/173
f 171/171/171 170/170/170 174/174/174
f 173/173/173 171/171/171 174/174/174
f 175/175/175 166/166/166 167/167/167
f 166/166/166 176/176/176 169/169/169
f 177/177/177 176/176/176 166/166/166
f 177/177/177 166/166/166 175/175/175
f 176/176/176 178/178/178 169/169/169
f 169/169/169 178/178/178 172/172/172
f 174/174/174 170/170/170 179/179/179
f 180/180/180 170/170/170 172/172/172
f 179/179/179 170/170/170 180/180/180
f 178/178/178 181/181/181 172/172/172
f 172/172/172 181/181/181 180/180/180
f 174/174/174 182/182/182 173/173/173
f 183/183/183 182/182/182 174/174/174
f 174/174/174 179/179/179 183/183/183
f 176/176/176 177/177/177 184/184/184
f 185/185/185 176/176/176 184/184/184
f 178/178/178 176/176/176 185/185/185
f 177/177/177 175/175/175 186/186/186
f 184/184/184 177/177/177 186/186/186
f 185/185/185 187/187/187 178/178/178
f 178/178/178 187/187/187 181/181/181
f 186/186/186 175/175/175 188/188/188
f 183/183/183 179/179/179 189/189/189
f 190/190/190 179/179/179 180/180/180
f 189/189/189 179/179/179 190/190/190
f 181/181/181 191/191/191 180/180/180
f 180/180/180 191/191/191 190/190/190
f 191/191/191 181/181/181 192/192/192
f 192/192/192 181/181/181 187/187/187
f 183/183/183 189/189/189 193/193/193
f 193/193/193 182/182/182 183/183/183
f 194/194/194 182/182/182 193/193/193
f 184/184/184 186/186/186 195/195/195
f 196/196/196 184/184/184 195/195/195
f 185/185/185 184/184/184 196/196/196
f 187/187/187 185/185/185 197/197/197
f 197/197/197 185/185/185 196/196/196
f 186/186/186 188/188/188 198/198/198
f 195/195/195 186/186/186 198/198/198
f 192/192/192 187/187/187 199/199/199
f 199/199/199 187/187/187 197/197/197
f 198/198/198 188/188/188 200/200/200
f 193/193/193 189/189/189 201/201/201
f 202/202/202 189/189/189 190/190/190
f 201/201/201 189/189/189 202/202/202
f 191/191/191 203/203/203 190/190/190
f 190/190/190 203/203/203 202/202/202
f 192/192/192 204/204/204 191/191/191
f 191/191/191 204/204/204 203/203/203
f 204/204/204 192/192/192 205/205/205
f 205/205/205 192/192/192 199/199/199
f 193/193/193 201/201/201 206/206/206
f 206/206/206 194/194/194 193/193/193
f 195/195/195 198/198/198 207/207/207
f 195/195/195 207/207/207 196/196/196
f 196/196/196 207/207/207 208/208/208
f 208/208/208 197/197/197 196/196/196
f 209/209/209 197/197/197 208/208/208
f 197/197/197 209/209/209 199/199/199
f 198/198/198 200/200/200 210/210/210
f 207/207/207 198/198/198 210/210/210
f 199/199/199 209/209/209 211/211/211
f 211/211/211 205/205/205 199/199/199
f 210/210/210 200/200/200 212/212/212
f 206/206/206 201/201/201 213/213/213
f 214/214/214 201/201/201 202/202/202
f 213/213/213 201/201/201 214/214/214
f 203/203/203 215/215/215 202/202/202
f 202/202/202 215/215/215 214/214/214
f 204/204/204 216/216/216 203/203/203
f 203/203/203 216/216/216 215/215/215
f 216/216/216 204/204/204 217/217/217
f 217/217/217 204/204/204 205/205/205
f 218/218/218 205/205/205 211/211/211
f 218/218/218 217/217/217 205/205/205
f 207/207/207 219/219/219 208/208/208
f 210/210/210 219/219/219 207/207/207
f 208/208/208 219/219/219 220/220/220
f 220/220/220 209/209/209 208/208/208
f 209/209/209 221/221/221 211/211/211
f 221/221/221 209/209/209 220/220/220
f 222/222/222 219/219/219 210/210/210
f 212/212/212 222/222/222 210/210/210
f 211/211/211 221/221/221 223/223/223
f 223/223/223 218/218/218 211/211/211
f 224/224/224 222/222/222 212/212/212
f 216/216/216 225/225/225 215/215/215
f 215/215/215 226/226/226 214/214/214
f 215/215/215 225/225/225 226/226/226
f 225/225/225 216/216/216 227/227/227
f 227/227/227 216/216/216 217/217/217
f 228/228/228 217/217/217 218/218/218
f 229/229/229 217/217/217 228/228/228
f 227/227/227 217/217/217 229/229/229
f 230/230/230 228/228/228 218/218/218
f 230/230/230 218/218/218 223/223/223
f 222/222/222 224/224/224 105/105/105
f 105/105/105 219/219/219 222/222/222
f 104/104/104 219/219/219 105/105/105
f 219/219/219 104/104/104 220/220/220
f 220/220/220 104/104/104 231/231/231
f 231/231/231 221/221/221 220/220/220
f 232/232/232 221/221/221 231/231/231
f 221/221/221 232/232/232 223/223/223
f 223/223/223 232/232/232 233/233/233
f 233/233/233 230/230/230 223/223/223
f 105/105/105 224/224/224 109/109/109
f 225/225/225 234/234/234 226/226/226
f 235/235/235 225/225/225 227/227/227
f 234/234/234 225/225/225 235/235/235
f 235/235/235 227/227/227 236/236/236
f 236/236/236 227/227/227 229/229/229
f 228/228/228 237/237/237 229/229/229
f 238/238/238 237/237/237 228/228/228
f 238/238/238 228/228/228 230/230/230
f 237/237/237 239/239/239 229/229/229
f 229/229/229 239/239/239 236/236/236
f 240/240/240 230/230/230 233/233/233
f 240/240/240 238/238/238 230/230/230
f 99/99/99 232/232/232 231/231/231
f 104/104/104 99/99/99 231/231/231
f 100/100/100 233/233/233 232/232/232
f 100/100/100 232/232/232 99/99/99
f 241/241/241 240/240/240 233/233/233
f 241/241/241 233/233/233 100/100/100
f 242/242/242 234/234/234 235/235/235
f 243/243/243 235/235/235 236/236/236
f 242/242/242 235/235/235 243/243/243
f 239/239/239 244/244/244 236/236/236
f 236/236/236 244/244/244 243/243/243
f 237/237/237 238/238/238 245/245/245
f 246/246/246 237/237/237 245/245/245
f 239/239/239 237/237/237 246/246/246
f 247/247/247 238/238/238 240/240/240
f 245/245/245 238/238/238 247/247/247
f 244/244/244 239/239/239 248/248/248
f 248/248/248 239/239/239 246/246/246
f 240/240/240 249/249/249 247/247/247
f 250/250/250 249/249/249 240/240/240
f 250/250/250 240/240/240 241/241/241
f 100/100/100 101/101/101 241/241/241
f 106/106/106 241/241/241 101/101/101
f 250/250/250 241/241/241 106/106/106
f 249/249/249 251/251/251 247/247/247
f 247/247/247 251/251/251 245/245/245
f 251/251/251 252/252/252 245/245/245
f 245/245/245 252/252/252 246/246/246
f 252/252/252 253/253/253 246/246/246
f 246/246/246 253/253/253 248/248/248
f 244/244/244 254/254/254 243/243/243
f 255/255/255 244/244/244 248/248/248
f 254/254/254 244/244/244 255/255/255
f 253/253/253 256/256/256 248/248/248
f 248/248/248 256/256/256 255/255/255
f 249/249/249 250/250/250 110/110/110
f 110/110/110 250/250/250 106/106/106
f 251/251/251 249/249/249 257/257/257
f 257/257/257 249/249/249 110/110/110
f 252/252/252 251/251/251 258/258/258
f 258/258/258 251/251/251 257/257/257
f 253/253/253 252/252/252 259/259/259
f 259/259/259 252/252/252 258/258/258
f 256/256/256 253/253/253 260/260/260
f 260/260/260 253/253/253 259/259/259
f 261/261/261 254/254/254 255/255/255
f 255/255/255 262/262/262 261/261/261
f 256/256/256 262/262/262 255/255/255
f 260/260/260 263/263/263 256/256/256
f 256/256/256 263/263/263 262/262/262
f 257/257/257 264/264/264 258/258/258
f 111/111/111 264/264/264 257/257/257
f 110/110/110 111/111/111 257/257/257
f 264/264/264 265/265/265 258/258/258
f 258/258/258 265/265/265 259/259/259
f 265/265/265 266/266/266 259/259/259
f 259/259/259 266/266/266 260/260/260
f 263/263/263 260/260/260 267/267/267
f 267/267/267 260/260/260 266/266/266
f 268/268/268 262/262/262 263/263/263
f 269/269/269 262/262/262 268/268/268
f 262/262/262 269/269/269 261/261/261
f 267/267/267 270/270/270 263/263/263
f 263/263/263 270/270/270 268/268/268
f 264/264/264 111/111/111 113/113/113
f 271/271/271 264/264/264 113/113/113
f 265/265/265 264/264/264 271/271/271
f 266/266/266 265/265/265 272/272/272
f 272/272/272 265/265/265 271/271/271
f 267/267/267 266/266/266 273/273/273
f 273/273/273 266/266/266 272/272/272
f 270/270/270 267/267/267 274/274/274
f 274/274/274 267/267/267 273/273/273
f 268/268/268 275/275/275 269/269/269
f 268/268/268 276/276/276 275/275/275
f 270/270/270 276/276/276 268/268/268
f 276/276/276 270/270/270 277/277/277
f 277/277/277 270/270/270 274/274/274
f 271/271/271 278/278/278 272/272/272
f 117/117/117 278/278/278 271/271/271
f 113/113/113 117/117/117 271/271/271
f 278/278/278 279/279/279 272/272/272
f 272/272/272 279/279/279 273/273/273
f 279/279/279 280/280/280 273/273/273
f 273/273/273 280/280/280 274/274/274
f 280/280/280 281/281/281 274/274/274
f 274/274/274 281/281/281 277/277/277
f 282/282/282 276/276/276 277/277/277
f 277/277/277 281/281/281 282/282/282
f 283/283/283 275/275/275 276/276/276
f 283/283/283 276/276/276 282/282/282
f 278/278/278 284/284/284 279/279/279
f 122/122/122 284/284/284 278/278/278
f 117/117/117 122/122/122 278/278/278
f 284/284/284 285/285/285 279/279/279
f 279/279/279 285/285/285 280/280/280
f 285/285/285 286/286/286 280/280/280
f 280/280/280 286/286/286 281/281/281
f 287/287/287 281/281/281 286/286/286
f 288/288/288 281/281/281 287/287/287
f 282/282/282 281/281/281 288/288/288
f 282/282/282 289/289/289 283/283/283
f 290/290/290 289/289/289 282/282/282
f 288/288/288 290/290/290 282/282/282
f 284/284/284 291/291/291 285/285/285
f 128/128/128 291/291/291 284/284/284
f 284/284/284 122/122/122 128/128/128
f 286/286/286 285/285/285 292/292/292
f 292/292/292 285/285/285 291/291/291
f 287/287/287 286/286/286 293/293/293
f 293/293/293 286/286/286 292/292/292
f 287/287/287 294/294/294 288/288/288
f 294/294/294 290/290/290 288/288/288
f 295/295/295 294/294/294 287/287/287
f 287/287/287 293/293/293 295/295/295
f 290/290/290 296/296/296 289/289/289
f 152/152/152 153/153/153 297/297/297
f 297/297/297 155/155/155 152/152/152
f 154/154/154 298/298/298 153/153/153
f 297/297/297 153/153/153 298/298/298
f 154/154/154 52/52/52 41/41/41
f 41/41/41 299/299/299 154/154/154
f 299/299/299 298/298/298 154/154/154
f 155/155/155 297/297/297 300/300/300
f 301/301/301 155/155/155 300/300/300
f 156/156/156 155/155/155 301/301/301
f 297/297/297 298/298/298 302/302/302
f 300/300/300 297/297/297 302/302/302
f 298/298/298 299/299/299 303/303/303
f 302/302/302 298/298/298 303/303/303
f 42/42/42 299/299/299 41/41/41
f 299/299/299 42/42/42 304/304/304
f 303/303/303 299/299/299 304/304/304
f 300/300/300 305/305/305 301/301/301
f 306/306/306 305/305/305 300/300/300
f 302/302/302 306/306/306 300/300/300
f 307/307/307 306/306/306 302/302/302
f 302/302/302 303/303/303 307/307/307
f 307/307/307 303/303/303 308/308/308
f 304/304/304 308/308/308 303/303/303
f 309/309/309 308/308/308 304/304/304
f 310/310/310 309/309/309 304/304/304
f 304/304/304 42/42/42 310/310/310
f 310/310/310 42/42/42 33/33/33
f 307/307/307 311/311/311 306/306/306
f 306/306/306 312/312/312 305/305/305
f 311/311/311 312/312/312 306/306/306
f 307/307/307 308/308/308 313/313/313
f 313/313/313 311/311/311 307/307/307
f 308/308/308 309/309/309 314/314/314
f 313/313/313 308/308/308 314/314/314
f 315/315/315 309/309/309 310/310/310
f 314/314/314 309/309/309 316/316/316
f 309/309/309 315/315/315 316/316/316
f 33/33/33 317/317/317 310/310/310
f 310/310/310 317/317/317 315/315/315
f 33/33/33 23/23/23 317/317/317
f 311/311/311 318/318/318 312/312/312
f 319/319/319 318/318/318 311/311/311
f 311/311/311 313/313/313 319/319/319
f 313/313/313 314/314/314 320/320/320
f 319/319/319 313/313/313 320/320/320
f 320/320/320 314/314/314 321/321/321
f 314/314/314 316/316/316 321/321/321
f 317/317/317 322/322/322 315/315/315
f 316/316/316 315/315/315 323/323/323
f 315/315/315 322/322/322 323/323/323
f 23/23/23 10/10/10 317/317/317
f 317/317/317 10/10/10 322/322/322
f 321/321/321 316/316/316 324/324/324
f 316/316/316 325/325/325 324/324/324
f 323/323/323 325/325/325 316/316/316
f 323/323/323 322/322/322 326/326/326
f 326/326/326 325/325/325 323/323/323
f 326/326/326 322/322/322 11/11/11
f 322/322/322 10/10/10 11/11/11
f 318/318/318 319/319/319 327/327/327
f 319/319/319 320/320/320 328/328/328
f 327/327/327 319/319/319 328/328/328
f 321/321/321 329/329/329 320/320/320
f 328/328/328 320/320/320 329/329/329
f 330/330/330 329/329/329 321/321/321
f 321/321/321 324/324/324 330/330/330
f 324/324/324 325/325/325 331/331/331
f 330/330/330 324/324/324 331/331/331
f 331/331/331 325/325/325 332/332/332
f 332/332/332 325/325/325 326/326/326
f 326/326/326 333/333/333 332/332/332
f 334/334/334 326/326/326 11/11/11
f 333/333/333 326/326/326 334/334/334
f 328/328/328 335/335/335 327/327/327
f 336/336/336 335/335/335 328/328/328
f 329/329/329 336/336/336 328/328/328
f 337/337/337 336/336/336 329/329/329
f 330/330/330 337/337/337 329/329/329
f 338/338/338 337/337/337 330/330/330
f 331/331/331 338/338/338 330/330/330
f 339/339/339 338/338/338 331/331/331
f 332/332/332 339/339/339 331/331/331
f 17/17/17 339/339/339 332/332/332
f 332/332/332 333/333/333 17/17/17
f 333/333/333 18/18/18 17/17/17
f 334/334/334 18/18/18 333/333/333
f 336/336/336 340/340/340 335/335/335
f 341/341/341 340/340/340 336/336/336
f 336/336/336 337/337/337 341/341/341
f 341/341/341 337/337/337 342/342/342
f 337/337/337 338/338/338 342/342/342
f 342/342/342 338/338/338 343/343/343
f 338/338/338 339/339/339 343/343/343
f 343/343/343 339/339/339 15/15/15
f 17/17/17 15/15/15 339/339/339
f 341/341/341 344/344/344 340/340/340
f 345/345/345 344/344/344 341/341/341
f 341/341/341 342/342/342 345/345/345
f 345/345/345 342/342/342 346/346/346
f 342/342/342 343/343/343 346/346/346
f 346/346/346 343/343/343 347/347/347
f 343/343/343 15/15/15 347/347/347
f 348/348/348 135/135/135 137/137/137
f 349/349/349 348/348/348 137/137/137
f 349/349/349 137/137/137 142/142/142
f 149/149/149 349/349/349 142/142/142
f 350/350/350 349/349/349 149/149/149
f 349/349/349 350/350/350 351/351/351
f 351/351/351 348/348/348 349/349/349
f 351/351/351 352/352/352 348/348/348
f 348/348/348 352/352/352 353/353/353
f 351/351/351 350/350/350 354/354/354
f 351/351/351 354/354/354 352/352/352
f 149/149/149 355/355/355 350/350/350
f 350/350/350 356/356/356 354/354/354
f 350/350/350 355/355/355 356/356/356
f 355/355/355 149/149/149 156/156/156
f 352/352/352 354/354/354 357/357/357
f 352/352/352 358/358/358 353/353/353
f 357/357/357 358/358/358 352/352/352
f 354/354/354 359/359/359 357/357/357
f 354/354/354 356/356/356 359/359/359
f 353/353/353 358/358/358 360/360/360
f 301/301/301 355/355/355 156/156/156
f 361/361/361 355/355/355 301/301/301
f 355/355/355 361/361/361 356/356/356
f 356/356/356 361/361/361 362/362/362
f 356/356/356 362/362/362 359/359/359
f 363/363/363 358/358/358 357/357/357
f 364/364/364 363/363/363 357/357/357
f 357/357/357 359/359/359 364/364/364
f 358/358/358 363/363/363 365/365/365
f 358/358/358 365/365/365 360/360/360
f 359/359/359 362/362/362 366/366/366
f 359/359/359 366/366/366 364/364/364
f 360/360/360 365/365/365 367/367/367
f 361/361/361 368/368/368 362/362/362
f 369/369/369 368/368/368 361/361/361
f 301/301/301 369/369/369 361/361/361
f 368/368/368 370/370/370 362/362/362
f 362/362/362 370/370/370 366/366/366
f 305/305/305 369/369/369 301/301/301
f 370/370/370 371/371/371 366/366/366
f 364/364/364 366/366/366 371/371/371
f 372/372/372 363/363/363 364/364/364
f 371/371/371 372/372/372 364/364/364
f 365/365/365 363/363/363 373/373/373
f 372/372/372 373/373/373 363/363/363
f 367/367/367 365/365/365 374/374/374
f 375/375/375 365/365/365 373/373/373
f 376/376/376 365/365/365 375/375/375
f 374/374/374 365/365/365 376/376/376
f 368/368/368 369/369/369 377/377/377
f 369/369/369 305/305/305 378/378/378
f 377/377/377 369/369/369 378/378/378
f 378/378/378 305/305/305 312/312/312
f 374/374/374 376/376/376 379/379/379
f 377/377/377 378/378/378 380/380/380
f 378/378/378 312/312/312 381/381/381
f 380/380/380 378/378/378 381/381/381
f 381/381/381 312/312/312 318/318/318
f 380/380/380 381/381/381 382/382/382
f 381/381/381 318/318/318 383/383/383
f 382/382/382 381/381/381 383/383/383
f 383/383/383 318/318/318 327/327/327
f 384/384/384 385/385/385 386/386/386
f 387/387/387 385/385/385 384/384/384
f 384/384/384 388/388/388 387/387/387
f 389/389/389 388/388/388 384/384/384
f 387/387/387 390/390/390 385/385/385
f 387/387/387 391/391/391 390/390/390
f 388/388/388 391/391/391 387/387/387
f 385/385/385 390/390/390 392/392/392
f 388/388/388 393/393/393 391/391/391
f 394/394/394 393/393/393 388/388/388
f 389/389/389 394/394/394 388/388/388
f 395/395/395 394/394/394 389/389/389
f 390/390/390 396/396/396 392/392/392
f 390/390/390 397/397/397 396/396/396
f 391/391/391 397/397/397 390/390/390
f 393/393/393 398/398/398 391/391/391
f 391/391/391 398/398/398 397/397/397
f 392/392/392 396/396/396 399/399/399
f 394/394/394 400/400/400 393/393/393
f 393/393/393 401/401/401 398/398/398
f 400/400/400 401/401/401 393/393/393
f 402/402/402 400/400/400 394/394/394
f 395/395/395 402/402/402 394/394/394
f 403/403/403 402/402/402 395/395/395
f 397/397/397 404/404/404 396/396/396
f 396/396/396 405/405/405 399/399/399
f 396/396/396 404/404/404 405/405/405
f 404/404/404 397/397/397 406/406/406
f 406/406/406 397/397/397 398/398/398
f 401/401/401 407/407/407 398/398/398
f 398/398/398 407/407/407 406/406/406
f 399/399/399 405/405/405 408/408/408
f 402/402/402 409/409/409 400/400/400
f 400/400/400 410/410/410 401/401/401
f 409/409/409 410/410/410 400/400/400
f 407/407/407 401/401/401 411/411/411
f 411/411/411 401/401/401 410/410/410
f 402/402/402 403/403/403 412/412/412
f 412/412/412 409/409/409 402/402/402
f 412/412/412 403/403/403 413/413/413
f 412/412/412 414/414/414 409/409/409
f 409/409/409 415/415/415 410/410/410
f 414/414/414 415/415/415 409/409/409
f 415/415/415 416/416/416 410/410/410
f 410/410/410 416/416/416 411/411/411
f 417/417/417 414/414/414 412/412/412
f 413/413/413 417/417/417 412/412/412
f 418/418/418 417/417/417 413/413/413
f 417/417/417 419/419/419 414/414/414
f 418/418/418 419/419/419 417/417/417
f 414/414/414 419/419/419 420/420/420
f 414/414/414 420/420/420 415/415/415
f 415/415/415 421/421/421 416/416/416
f 422/422/422 421/421/421 415/415/415
f 415/415/415 420/420/420 422/422/422
f 423/423/423 419/419/419 418/418/418
f 419/419/419 423/423/423 424/424/424
f 419/419/419 424/424/424 420/420/420
f 420/420/420 424/424/424 425/425/425
f 420/420/420 425/425/425 422/422/422
f 422/422/422 426/426/426 421/421/421
f 427/427/427 426/426/426 422/422/422
f 422/422/422 425/425/425 427/427/427
f 424/424/424 423/423/423 428/428/428
f 424/424/424 429/429/429 425/425/425
f 424/424/424 428/428/428 429/429/429
f 425/425/425 429/429/429 430/430/430
f 425/425/425 430/430/430 427/427/427
f 427/427/427 431/431/431 426/426/426
f 432/432/432 431/431/431 427/427/427
f 427/427/427 430/430/430 432/432/432
f 429/429/429 433/433/433 430/430/430
f 430/430/430 433/433/433 432/432/432
f 429/429/429 428/428/428 434/434/434
f 435/435/435 433/433/433 429/429/429
f 434/434/434 435/435/435 429/429/429
f 432/432/432 436/436/436 431/431/431
f 437/437/437 436/436/436 432/432/432
f 432/432/432 433/433/433 437/437/437
f 435/435/435 438/438/438 433/433/433
f 433/433/433 438/438/438 437/437/437
f 439/439/439 435/435/435 434/434/434
f 440/440/440 438/438/438 435/435/435
f 439/439/439 440/440/440 435/435/435
f 437/437/437 441/441/441 436/436/436
f 442/442/442 441/441/441 437/437/437
f 437/437/437 438/438/438 442/442/442
f 440/440/440 443/443/443 438/438/438
f 438/438/438 444/444/444 442/442/442
f 443/443/443 444/444/444 438/438/438
f 445/445/445 296/296/296 290/290/290
f 294/294/294 445/445/445 290/290/290
f 295/295/295 446/446/446 294/294/294
f 446/446/446 445/445/445 294/294/294
f 292/292/292 291/291/291 447/447/447
f 291/291/291 128/128/128 135/135/135
f 447/447/447 291/291/291 135/135/135
f 293/293/293 292/292/292 448/448/448
f 448/448/448 292/292/292 447/447/447
f 448/448/448 449/449/449 293/293/293
f 295/295/295 293/293/293 449/449/449
f 450/450/450 446/446/446 295/295/295
f 295/295/295 449/449/449 450/450/450
f 445/445/445 451/451/451 296/296/296
f 452/452/452 451/451/451 445/445/445
f 446/446/446 452/452/452 445/445/445
f 450/450/450 453/453/453 446/446/446
f 454/454/454 452/452/452 446/446/446
f 446/446/446 453/453/453 454/454/454
f 447/447/447 135/135/135 348/348/348
f 353/353/353 447/447/447 348/348/348
f 448/448/448 447/447/447 353/353/353
f 455/455/455 449/449/449 448/448/448
f 360/360/360 448/448/448 353/353/353
f 455/455/455 448/448/448 360/360/360
f 449/449/449 455/455/455 456/456/456
f 450/450/450 449/449/449 456/456/456
f 453/453/453 450/450/450 457/457/457
f 457/457/457 450/450/450 456/456/456
f 453/453/453 458/458/458 454/454/454
f 453/453/453 459/459/459 458/458/458
f 457/457/457 459/459/459 453/453/453
f 454/454/454 458/458/458 460/460/460
f 460/460/460 452/452/452 454/454/454
f 452/452/452 461/461/461 451/451/451
f 462/462/462 461/461/461 452/452/452
f 462/462/462 452/452/452 460/460/460
f 456/456/456 455/455/455 463/463/463
f 456/456/456 463/463/463 457/457/457
f 463/463/463 455/455/455 367/367/367
f 367/367/367 455/455/455 360/360/360
f 457/457/457 463/463/463 464/464/464
f 464/464/464 459/459/459 457/457/457
f 367/367/367 464/464/464 463/463/463
f 460/460/460 458/458/458 465/465/465
f 458/458/458 459/459/459 466/466/466
f 465/465/465 458/458/458 466/466/466
f 462/462/462 460/460/460 467/467/467
f 467/467/467 460/460/460 465/465/465
f 461/461/461 462/462/462 468/468/468
f 468/468/468 462/462/462 467/467/467
f 469/469/469 459/459/459 464/464/464
f 469/469/469 470/470/470 459/459/459
f 466/466/466 459/459/459 470/470/470
f 374/374/374 469/469/469 464/464/464
f 374/374/374 464/464/464 367/367/367
f 466/466/466 471/471/471 465/465/465
f 465/465/465 472/472/472 467/467/467
f 471/471/471 472/472/472 465/465/465
f 473/473/473 471/471/471 466/466/466
f 466/466/466 470/470/470 473/473/473
f 472/472/472 474/474/474 467/467/467
f 467/467/467 474/474/474 468/468/468
f 475/475/475 470/470/470 469/469/469
f 379/379/379 469/469/469 374/374/374
f 379/379/379 475/475/475 469/469/469
f 470/470/470 475/475/475 476/476/476
f 473/473/473 470/470/470 476/476/476
f 473/473/473 477/477/477 471/471/471
f 471/471/471 478/478/478 472/472/472
f 477/477/477 478/478/478 471/471/471
f 478/478/478 479/479/479 472/472/472
f 472/472/472 479/479/479 474/474/474
f 480/480/480 477/477/477 473/473/473
f 473/473/473 476/476/476 480/480/480
f 476/476/476 475/475/475 481/481/481
f 482/482/482 475/475/475 379/379/379
f 482/482/482 481/481/481 475/475/475
f 481/481/481 483/483/483 476/476/476
f 480/480/480 476/476/476 483/483/483
f 480/480/480 484/484/484 477/477/477
f 477/477/477 485/485/485 478/478/478
f 484/484/484 485/485/485 477/477/477
f 479/479/479 478/478/478 486/486/486
f 486/486/486 478/478/478 485/485/485
f 487/487/487 484/484/484 480/480/480
f 480/480/480 483/483/483 487/487/487
f 488/488/488 483/483/483 481/481/481
f 489/489/489 481/481/481 482/482/482
f 489/489/489 488/488/488 481/481/481
f 483/483/483 488/488/488 490/490/490
f 487/487/487 483/483/483 490/490/490
f 487/487/487 491/491/491 484/484/484
f 484/484/484 492/492/492 485/485/485
f 491/491/491 492/492/492 484/484/484
f 492/492/492 493/493/493 485/485/485
f 485/485/485 493/493/493 486/486/486
f 494/494/494 491/491/491 487/487/487
f 487/487/487 490/490/490 494/494/494
f 490/490/490 488/488/488 495/495/495
f 496/496/496 488/488/488 489/489/489
f 496/496/496 495/495/495 488/488/488
f 490/490/490 495/495/495 497/497/497
f 494/494/494 490/490/490 497/497/497
f 494/494/494 498/498/498 491/491/491
f 491/491/491 499/499/499 492/492/492
f 498/498/498 499/499/499 491/491/491
f 499/499/499 500/500/500 492/492/492
f 492/492/492 500/500/500 493/493/493
f 501/501/501 498/498/498 494/494/494
f 494/494/494 497/497/497 501/501/501
f 497/497/497 495/495/495 502/502/502
f 503/503/503 495/495/495 496/496/496
f 503/503/503 502/502/502 495/495/495
f 497/497/497 502/502/502 504/504/504
f 501/501/501 497/497/497 504/504/504
f 501/501/501 505/505/505 498/498/498
f 498/498/498 506/506/506 499/499/499
f 505/505/505 506/506/506 498/498/498
f 506/506/506 507/507/507 499/499/499
f 499/499/499 507/507/507 500/500/500
f 508/508/508 505/505/505 501/501/501
f 501/501/501 504/504/504 508/508/508
f 504/504/504 502/502/502 509/509/509
f 510/510/510 502/502/502 503/503/503
f 510/510/510 509/509/509 502/502/502
f 504/504/504 509/509/509 511/511/511
f 508/508/508 504/504/504 511/511/511
f 508/508/508 512/512/512 505/505/505
f 505/505/505 513/513/513 506/506/506
f 512/512/512 513/513/513 505/505/505
f 513/513/513 514/514/514 506/506/506
f 506/506/506 514/514/514 507/507/507
f 515/515/515 512/512/512 508/508/508
f 508/508/508 516/516/516 515/515/515
f 511/511/511 516/516/516 508/508/508
f 511/511/511 509/509/509 517/517/517
f 511/511/511 517/517/517 516/516/516
f 518/518/518 517/517/517 509/509/509
f 518/518/518 509/509/509 510/510/510
f 515/515/515 519/519/519 512/512/512
f 520/520/520 513/513/513 512/512/512
f 512/512/512 519/519/519 520/520/520
f 513/513/513 521/521/521 514/514/514
f 521/521/521 513/513/513 520/520/520
f 516/516/516 522/522/522 515/515/515
f 515/515/515 522/522/522 519/519/519
f 516/516/516 517/517/517 523/523/523
f 524/524/524 516/516/516 523/523/523
f 522/522/522 516/516/516 524/524/524
f 523/523/523 517/517/517 525/525/525
f 526/526/526 517/517/517 518/518/518
f 525/525/525 517/517/517 526/526/526
f 524/524/524 523/523/523 527/527/527
f 527/527/527 523/523/523 525/525/525
f 519/519/519 528/528/528 520/520/520
f 519/519/519 529/529/529 528/528/528
f 522/522/522 529/529/529 519/519/519
f 520/520/520 528/528/528 530/530/530
f 530/530/530 521/521/521 520/520/520
f 529/529/529 522/522/522 531/531/531
f 531/531/531 522/522/522 524/524/524
f 531/531/531 524/524/524 532/532/532
f 532/532/532 524/524/524 527/527/527
f 525/525/525 533/533/533 527/527/527
f 525/525/525 534/534/534 533/533/533
f 526/526/526 534/534/534 525/525/525
f 527/527/527 535/535/535 532/532/532
f 536/536/536 535/535/535 527/527/527
f 527/527/527 533/533/533 536/536/536
f 528/528/528 537/537/537 530/530/530
f 538/538/538 528/528/528 529/529/529
f 537/537/537 528/528/528 538/538/538
f 538/538/538 529/529/529 539/539/539
f 539/539/539 529/529/529 531/531/531
f 539/539/539 531/531/531 540/540/540
f 540/540/540 531/531/531 532/532/532
f 535/535/535 541/541/541 532/532/532
f 532/532/532 541/541/541 540/540/540
f 534/534/534 542/542/542 533/533/533
f 533/533/533 543/543/543 536/536/536
f 533/533/533 542/542/542 543/543/543
f 541/541/541 535/535/535 544/544/544
f 535/535/535 536/536/536 545/545/545
f 544/544/544 535/535/535 545/545/545
f 536/536/536 543/543/543 546/546/546
f 545/545/545 536/536/536 546/546/546
f 547/547/547 538/538/538 539/539/539
f 548/548/548 538/538/538 547/547/547
f 538/538/538 548/548/548 537/537/537
f 547/547/547 539/539/539 549/549/549
f 549/549/549 539/539/539 540/540/540
f 541/541/541 550/550/550 540/540/540
f 540/540/540 550/550/550 549/549/549
f 550/550/550 541/541/541 551/551/551
f 551/551/551 541/541/541 544/544/544
f 552/552/552 546/546/546 543/543/543
f 553/553/553 543/543/543 542/542/542
f 552/552/552 543/543/543 553/553/553
f 544/544/544 545/545/545 554/554/554
f 555/555/555 544/544/544 554/554/554
f 551/551/551 544/544/544 555/555/555
f 554/554/554 545/545/545 556/556/556
f 545/545/545 546/546/546 556/556/556
f 557/557/557 546/546/546 552/552/552
f 556/556/556 546/546/546 557/557/557
f 558/558/558 548/548/548 547/547/547
f 559/559/559 547/547/547 549/549/549
f 558/558/558 547/547/547 559/559/559
f 550/550/550 560/560/560 549/549/549
f 549/549/549 560/560/560 559/559/559
f 560/560/560 550/550/550 561/561/561
f 561/561/561 550/550/550 551/551/551
f 561/561/561 551/551/551 562/562/562
f 562/562/562 551/551/551 555/555/555
f 563/563/563 557/557/557 552/552/552
f 564/564/564 552/552/552 553/553/553
f 563/563/563 552/552/552 564/564/564
f 565/565/565 556/556/556 557/557/557
f 565/565/565 557/557/557 563/563/563
f 554/554/554 566/566/566 555/555/555
f 567/567/567 566/566/566 554/554/554
f 554/554/554 556/556/556 567/567/567
f 566/566/566 568/568/568 555/555/555
f 555/555/555 568/568/568 562/562/562
f 567/567/567 556/556/556 569/569/569
f 569/569/569 556/556/556 565/565/565
f 570/570/570 558/558/558 559/559/559
f 559/559/559 571/571/571 570/570/570
f 560/560/560 571/571/571 559/559/559
f 571/571/571 560/560/560 572/572/572
f 572/572/572 560/560/560 561/561/561
f 572/572/572 561/561/561 573/573/573
f 573/573/573 561/561/561 562/562/562
f 568/568/568 574/574/574 562/562/562
f 562/562/562 574/574/574 573/573/573
f 563/563/563 575/575/575 565/565/565
f 563/563/563 576/576/576 575/575/575
f 564/564/564 576/576/576 563/563/563
f 565/565/565 575/575/575 577/577/577
f 565/565/565 577/577/577 569/569/569
f 566/566/566 567/567/567 578/578/578
f 579/579/579 566/566/566 578/578/578
f 568/568/568 566/566/566 579/579/579
f 578/578/578 567/567/567 580/580/580
f 567/567/567 569/569/569 580/580/580
f 574/574/574 568/568/568 581/581/581
f 581/581/581 568/568/568 579/579/579
f 580/580/580 569/569/569 582/582/582
f 569/569/569 577/577/577 582/582/582
f 583/583/583 571/571/571 572/572/572
f 584/584/584 572/572/572 573/573/573
f 583/583/583 572/572/572 584/584/584
f 574/574/574 585/585/585 573/573/573
f 573/573/573 585/585/585 584/584/584
f 585/585/585 574/574/574 586/586/586
f 441/441/441 442/442/442 587/587/587
f 587/587/587 442/442/442 444/444/444
f 588/588/588 440/440/440 439/439/439
f 440/440/440 588/588/588 589/589/589
f 589/589/589 443/443/443 440/440/440
f 589/589/589 590/590/590 443/443/443
f 443/443/443 591/591/591 444/444/444
f 590/590/590 591/591/591 443/443/443
f 591/591/591 592/592/592 444/444/444
f 444/444/444 592/592/592 587/587/587
f 589/589/589 588/588/588 593/593/593
f 594/594/594 590/590/590 589/589/589
f 589/589/589 593/593/593 594/594/594
f 594/594/594 595/595/595 590/590/590
f 590/590/590 596/596/596 591/591/591
f 595/595/595 596/596/596 590/590/590
f 596/596/596 597/597/597 591/591/591
f 591/591/591 597/597/597 592/592/592
f 594/594/594 593/593/593 598/598/598
f 599/599/599 595/595/595 594/594/594
f 598/598/598 599/599/599 594/594/594
f 599/599/599 600/600/600 595/595/595
f 595/595/595 601/601/601 596/596/596
f 600/600/600 601/601/601 595/595/595
f 597/597/597 596/596/596 602/602/602
f 602/602/602 596/596/596 601/601/601
f 603/603/603 599/599/599 598/598/598
f 603/603/603 604/604/604 599/599/599
f 604/604/604 600/600/600 599/599/599
f 604/604/604 605/605/605 600/600/600
f 600/600/600 606/606/606 601/601/601
f 605/605/605 606/606/606 600/600/600
f 606/606/606 607/607/607 601/601/601
f 601/601/601 607/607/607 602/602/602
f 608/608/608 604/604/604 603/603/603
f 609/609/609 605/605/605 604/604/604
f 608/608/608 609/609/609 604/604/604
f 609/609/609 610/610/610 605/605/605
f 605/605/605 611/611/611 606/606/606
f 610/610/610 611/611/611 605/605/605
f 611/611/611 612/612/612 606/606/606
f 606/606/606 612/612/612 607/607/607
f 613/613/613 609/609/609 608/608/608
f 614/614/614 610/610/610 609/609/609
f 615/615/615 609/609/609 613/613/613
f 614/614/614 609/609/609 615/615/615
f 614/614/614 616/616/616 610/610/610
f 610/610/610 617/617/617 611/611/611
f 610/610/610 616/616/616 617/617/617
f 618/618/618 612/612/612 611/611/611
f 611/611/611 617/617/617 618/618/618
f 615/615/615 619/619/619 614/614/614
f 614/614/614 619/619/619 616/616/616
f 616/616/616 620/620/620 617/617/617
f 616/616/616 621/621/621 620/620/620
f 619/619/619 621/621/621 616/616/616
f 617/617/617 620/620/620 622/622/622
f 617/617/617 622/622/622 618/618/618
f 623/623/623 624/624/624 625/625/625
f 626/626/626 624/624/624 623/623/623
f 626/626/626 627/627/627 624/624/624
f 624/624/624 627/627/627 628/628/628
f 627/627/627 629/629/629 628/628/628
f 628/628/628 629/629/629 630/630/630
f 631/631/631 630/630/630 629/629/629
f 632/632/408 630/630/630 631/631/631
f 633/633/632 634/634/633 635/635/634
f 636/636/635 634/634/633 633/633/632
f 633/633/632 637/637/636 636/636/635
f 636/636/635 638/638/637 634/634/633
f 636/636/635 637/637/636 639/639/638
f 639/639/638 640/640/639 636/636/635
f 640/640/639 638/638/637 636/636/635
f 637/637/636 641/641/640 639/639/638
f 638/638/637 640/640/639 642/642/641
f 639/639/638 641/641/640 643/643/642
f 639/639/638 643/643/642 644/644/643
f 644/644/643 640/640/639 639/639/638
f 640/640/639 644/644/643 645/645/644
f 642/642/641 640/640/639 645/645/644
f 641/641/640 646/646/645 643/643/642
f 645/645/644 647/647/646 642/642/641
f 643/643/642 646/646/645 648/648/647
f 648/648/647 649/649/648 643/643/642
f 644/644/643 643/643/642 649/649/648
f 645/645/644 644/644/643 650/650/649
f 644/644/643 649/649/648 650/650/649
f 651/651/650 647/647/646 645/645/644
f 650/650/649 651/651/650 645/645/644
f 646/646/645 652/652/651 648/648/647
f 647/647/646 651/651/650 653/653/652
f 654/654/653 649/649/648 648/648/647
f 648/648/647 652/652/651 655/655/654
f 655/655/654 654/654/653 648/648/647
f 650/650/649 649/649/648 656/656/655
f 649/649/648 654/654/653 656/656/655
f 657/657/656 651/651/650 650/650/649
f 650/650/649 656/656/655 657/657/656
f 653/653/652 651/651/650 658/658/657
f 651/651/650 657/657/656 658/658/657
f 652/652/651 659/659/658 655/655/654
f 660/660/659 661/661/660 662/662/661
f 661/661/660 663/663/662 662/662/661
f 664/664/663 663/663/662 661/661/660
f 665/665/664 663/663/662 664/664/663
f 665/665/664 664/664/663 666/666/665
f 666/666/665 667/667/666 665/665/664
f 667/667/666 666/666/665 668/668/667
f 668/668/667 669/669/668 667/667/666
f 668/668/667 670/670/669 669/669/668
f 669/669/668 670/670/669 671/671/670
f 671/671/670 672/672/671 669/669/668
f 670/670/669 673/673/672 671/671/670
f 674/674/673 672/672/671 671/671/670
f 675/675/674 674/674/673 671/671/670
f 671/671/670 673/673/672 675/675/674
f 674/674/673 676/676/675 672/672/671
f 673/673/672 677/677/676 675/675/674
f 678/678/677 674/674/673 675/675/674
f 678/678/677 679/679/678 674/674/673
f 679/679/678 676/676/675 674/674/673
f 680/680/679 678/678/677 675/675/674
f 675/675/674 677/677/676 680/680/679
f 676/676/675 679/679/678 681/681/680
f 682/682/681 678/678/677 680/680/679
f 682/682/681 683/683/682 678/678/677
f 683/683/682 679/679/678 678/678/677
f 679/679/678 683/683/682 684/684/683
f 681/681/680 679/679/678 684/684/683
f 680/680/679 685/685/684 682/682/681
f 680/680/679 677/677/676 685/685/684
f 685/685/684 677/677/676 686/686/685
f 681/681/680 684/684/683 687/687/686
f 688/688/687 683/683/682 682/682/681
f 689/689/688 688/688/687 682/682/681
f 682/682/681 685/685/684 689/689/688
f 683/683/682 688/688/687 690/690/689
f 684/684/683 683/683/682 690/690/689
f 684/684/683 690/690/689 691/691/690
f 687/687/686 684/684/683 691/691/690
f 685/685/684 692/692/691 689/689/688
f 693/693/692 692/692/691 685/685/684
f 686/686/685 693/693/692 685/685/684
f 692/692/691 694/694/693 689/689/688
f 694/694/693 688/688/687 689/689/688
f 690/690/689 688/688/687 695/695/694
f 694/694/693 695/695/694 688/688/687
f 690/690/689 695/695/694 696/696/695
f 691/691/690 690/690/689 696/696/695
f 586/586/586 574/574/574 581/581/581
f 575/575/575 697/697/696 577/577/577
f 575/575/575 698/698/697 697/697/696
f 576/576/576 698/698/697 575/575/575
f 580/580/580 699/699/698 578/578/578
f 582/582/582 699/699/698 580/580/580
f 578/578/578 700/700/699 579/579/579
f 578/578/578 699/699/698 700/700/699
f 579/579/579 701/701/700 581/581/581
f 579/579/579 700/700/699 701/701/700
f 581/581/581 702/702/701 586/586/586
f 581/581/581 701/701/700 702/702/701
f 586/586/586 702/702/701 703/703/702
f 704/704/703 699/699/698 582/582/582
f 577/577/577 704/704/703 582/582/582
f 699/699/698 705/705/704 700/700/699
f 706/706/705 699/699/698 704/704/703
f 705/705/704 699/699/698 706/706/705
f 700/700/699 705/705/704 707/707/706
f 707/707/706 701/701/700 700/700/699
f 701/701/700 708/708/707 702/702/701
f 708/708/707 701/701/700 707/707/706
f 702/702/701 708/708/707 709/709/708
f 709/709/708 703/703/702 702/702/701
f 659/659/658 703/703/702 709/709/708
f 706/706/705 704/704/703 710/710/709
f 711/711/710 704/704/703 577/577/577
f 710/710/709 704/704/703 711/711/710
f 577/577/577 697/697/696 711/711/710
f 712/712/711 705/705/704 706/706/705
f 713/713/712 705/705/704 712/712/711
f 705/705/704 713/713/712 707/707/706
f 712/712/711 706/706/705 714/714/713
f 714/714/713 706/706/705 710/710/709
f 707/707/706 713/713/712 715/715/714
f 715/715/714 708/708/707 707/707/706
f 716/716/715 708/708/707 715/715/714
f 708/708/707 716/716/715 709/709/708
f 709/709/708 716/716/715 655/655/654
f 655/655/654 659/659/658 709/709/708
f 711/711/710 717/717/716 710/710/709
f 697/697/696 717/717/716 711/711/710
f 710/710/709 717/717/716 718/718/717
f 718/718/717 714/714/713 710/710/709
f 712/712/711 714/714/713 719/719/718
f 719/719/718 713/713/712 712/712/711
f 720/720/719 713/713/712 719/719/718
f 713/713/712 720/720/719 715/715/714
f 715/715/714 720/720/719 721/721/720
f 721/721/720 716/716/715 715/715/714
f 654/654/653 716/716/715 721/721/720
f 716/716/715 654/654/653 655/655/654
f 722/722/721 714/714/713 718/718/717
f 719/719/718 714/714/713 723/723/722
f 722/722/721 723/723/722 714/714/713
f 717/717/716 724/724/723 718/718/717
f 725/725/724 718/718/717 724/724/723
f 722/722/721 718/718/717 725/725/724
f 726/726/725 720/720/719 719/719/718
f 727/727/726 719/719/718 723/723/722
f 726/726/725 719/719/718 727/727/726
f 728/728/727 720/720/719 726/726/725
f 720/720/719 728/728/727 721/721/720
f 656/656/655 654/654/653 721/721/720
f 721/721/720 728/728/727 656/656/655
f 729/729/728 722/722/721 725/725/724
f 730/730/729 722/722/721 729/729/728
f 730/730/729 723/723/722 722/722/721
f 730/730/729 731/731/730 723/723/722
f 723/723/722 731/731/730 727/727/726
f 730/730/729 729/729/728 731/731/730
f 724/724/723 732/732/731 725/725/724
f 725/725/724 733/733/732 729/729/728
f 732/732/731 733/733/732 725/725/724
f 734/734/733 728/728/727 726/726/725
f 735/735/734 726/726/725 727/727/726
f 734/734/733 726/726/725 735/735/734
f 735/735/734 727/727/726 736/736/735
f 736/736/735 727/727/726 731/731/730
f 657/657/656 728/728/727 734/734/733
f 657/657/656 656/656/655 728/728/727
f 731/731/730 729/729/728 737/737/736
f 731/731/730 737/737/736 736/736/735
f 733/733/732 738/738/737 729/729/728
f 729/729/728 738/738/737 737/737/736
f 733/733/732 739/739/738 738/738/737
f 740/740/739 739/739/738 733/733/732
f 732/732/731 740/740/739 733/733/732
f 658/658/657 657/657/656 734/734/733
f 741/741/740 734/734/733 735/735/734
f 658/658/657 734/734/733 741/741/740
f 741/741/740 735/735/734 742/742/741
f 742/742/741 735/735/734 736/736/735
f 736/736/735 737/737/736 743/743/742
f 744/744/743 736/736/735 743/743/742
f 742/742/741 736/736/735 744/744/743
f 738/738/737 745/745/744 737/737/736
f 737/737/736 745/745/744 743/743/742
f 745/745/744 738/738/737 746/746/745
f 746/746/745 738/738/737 739/739/738
f 740/740/739 747/747/746 739/739/738
f 748/748/747 739/739/738 747/747/746
f 746/746/745 739/739/738 748/748/747
f 745/745/744 749/749/748 743/743/742
f 743/743/742 749/749/748 744/744/743
f 741/741/740 742/742/741 750/750/749
f 653/653/652 741/741/740 750/750/749
f 658/658/657 741/741/740 653/653/652
f 750/750/749 742/742/741 751/751/750
f 744/744/743 751/751/750 742/742/741
f 752/752/751 751/751/750 744/744/743
f 744/744/743 753/753/752 752/752/751
f 744/744/743 749/749/748 753/753/752
f 754/754/753 745/745/744 746/746/745
f 755/755/754 745/745/744 754/754/753
f 755/755/754 749/749/748 745/745/744
f 748/748/747 756/756/755 746/746/745
f 746/746/745 756/756/755 754/754/753
f 748/748/747 747/747/746 757/757/756
f 748/748/747 758/758/757 756/756/755
f 757/757/756 758/758/757 748/748/747
f 755/755/754 759/759/758 749/749/748
f 749/749/748 760/760/759 753/753/752
f 749/749/748 759/759/758 760/760/759
f 754/754/753 761/761/760 755/755/754
f 755/755/754 761/761/760 759/759/758
f 756/756/755 762/762/761 754/754/753
f 754/754/753 762/762/761 761/761/760
f 752/752/751 753/753/752 763/763/762
f 753/753/752 760/760/759 764/764/763
f 753/753/752 764/764/763 763/763/762
f 757/757/756 765/765/764 758/758/757
f 761/761/760 766/766/765 759/759/758
f 759/759/758 767/767/766 760/760/759
f 759/759/758 766/766/765 767/767/766
f 760/760/759 767/767/766 768/768/767
f 768/768/767 764/764/763 760/760/759
f 762/762/761 769/769/768 761/761/760
f 761/761/760 769/769/768 766/766/765
f 763/763/762 764/764/763 770/770/769
f 764/764/763 771/771/770 770/770/769
f 771/771/770 764/764/763 768/768/767
f 772/772/771 766/766/765 769/769/768
f 773/773/772 766/766/765 772/772/771
f 773/773/772 767/767/766 766/766/765
f 767/767/766 774/774/773 768/768/767
f 774/774/773 767/767/766 773/773/772
f 768/768/767 774/774/773 775/775/774
f 768/768/767 775/775/774 771/771/770
f 770/770/769 771/771/770 776/776/775
f 776/776/775 771/771/770 777/777/776
f 771/771/770 775/775/774 778/778/777
f 777/777/776 771/771/770 778/778/777
f 774/774/773 779/779/778 775/775/774
f 779/779/778 778/778/777 775/775/774
f 780/780/779 774/774/773 773/773/772
f 781/781/780 773/773/772 772/772/771
f 780/780/779 773/773/772 781/781/780
f 782/782/781 779/779/778 774/774/773
f 782/782/781 774/774/773 780/780/779
f 778/778/777 783/783/782 777/777/776
f 784/784/783 783/783/782 778/778/777
f 784/784/783 778/778/777 779/779/778
f 779/779/778 782/782/781 785/785/784
f 786/786/785 779/779/778 785/785/784
f 784/784/783 779/779/778 786/786/785
f 787/787/786 782/782/781 780/780/779
f 788/788/787 780/780/779 781/781/780
f 787/787/786 780/780/779 788/788/787
f 789/789/788 782/782/781 787/787/786
f 785/785/784 782/782/781 789/789/788
f 786/786/785 790/790/789 784/784/783
f 784/784/783 790/790/789 783/783/782
f 789/789/788 791/791/790 785/785/784
f 785/785/784 792/792/791 786/786/785
f 791/791/790 792/792/791 785/785/784
f 792/792/791 793/793/792 786/786/785
f 786/786/785 793/793/792 790/790/789
f 787/787/786 794/794/793 789/789/788
f 794/794/793 791/791/790 789/789/788
f 794/794/793 795/795/794 791/791/790
f 791/791/790 796/796/795 792/792/791
f 795/795/794 796/796/795 791/791/790
f 796/796/795 797/797/796 792/792/791
f 792/792/791 797/797/796 793/793/792
f 796/796/795 798/798/797 797/797/796
f 799/799/798 798/798/797 796/796/795
f 795/795/794 799/799/798 796/796/795
f 800/800/799 795/795/794 794/794/793
f 800/800/799 801/801/800 795/795/794
f 801/801/800 799/799/798 795/795/794
f 799/799/798 802/802/801 798/798/797
f 803/803/802 799/799/798 801/801/800
f 802/802/801 799/799/798 803/803/802
f 798/798/797 802/802/801 804/804/803
f 801/801/800 805/805/804 803/803/802
f 806/806/805 805/805/804 801/801/800
f 806/806/805 801/801/800 800/800/799
f 807/807/806 808/808/807 809/809/808
f 808/808/807 810/810/809 809/809/808
f 809/809/808 810/810/809 811/811/810
f 808/808/807 806/806/805 810/810/809
f 806/806/805 812/812/811 810/810/809
f 810/810/809 812/812/811 811/811/810
f 811/811/810 812/812/811 813/813/812
f 813/813/812 812/812/811 814/814/813
f 800/800/799 812/812/811 806/806/805
f 812/812/811 800/800/799 815/815/814
f 814/814/813 812/812/811 815/815/814
f 815/815/814 787/787/786 814/814/813
f 814/814/813 787/787/786 788/788/787
f 815/815/814 794/794/793 787/787/786
f 815/815/814 800/800/799 794/794/793
f 816/816/815 804/804/803 802/802/801
f 817/817/816 802/802/801 803/803/802
f 816/816/815 802/802/801 817/817/816
f 817/817/816 803/803/802 818/818/817
f 818/818/817 803/803/802 805/805/804
f 819/819/818 804/804/803 816/816/815
f 805/805/804 806/806/805 808/808/807
f 820/820/819 805/805/804 808/808/807
f 818/818/817 805/805/804 820/820/819
f 821/821/820 819/819/818 816/816/815
f 822/822/821 816/816/815 817/817/816
f 821/821/820 816/816/815 822/822/821
f 822/822/821 817/817/816 823/823/822
f 823/823/822 817/817/816 818/818/817
f 823/823/822 818/818/817 824/824/823
f 824/824/823 818/818/817 820/820/819
f 825/825/824 819/819/818 821/821/820
f 820/820/819 808/808/807 807/807/806
f 826/826/825 820/820/819 807/807/806
f 824/824/823 820/820/819 826/826/825
f 827/827/826 825/825/824 821/821/820
f 828/828/827 821/821/820 822/822/821
f 827/827/826 821/821/820 828/828/827
f 828/828/827 822/822/821 829/829/828
f 829/829/828 822/822/821 823/823/822
f 829/829/828 823/823/822 830/830/829
f 830/830/829 823/823/822 824/824/823
f 830/830/829 824/824/823 831/831/830
f 831/831/830 824/824/823 826/826/825
f 832/832/831 825/825/824 827/827/826
f 833/833/832 830/830/829 831/831/830
f 830/830/829 834/834/833 829/829/828
f 834/834/833 830/830/829 833/833/832
f 829/829/828 834/834/833 835/835/834
f 835/835/834 828/828/827 829/829/828
f 834/834/833 836/836/835 835/835/834
f 837/837/836 836/836/835 834/834/833
f 833/833/832 837/837/836 834/834/833
f 838/838/837 839/839/838 840/840/839
f 838/838/837 840/840/839 841/841/840
f 842/842/841 843/843/842 841/841/840
f 841/841/840 840/840/839 842/842/841
f 844/844/843 843/843/842 842/842/841
f 844/844/843 845/845/844 843/843/842
f 846/846/845 845/845/844 844/844/843
f 845/845/844 846/846/845 847/847/846
f 847/847/846 848/848/847 849/849/848
f 847/847/846 846/846/845 848/848/847
f 849/849/848 848/848/847 850/850/849
f 850/850/849 851/851/850 849/849/848
f 852/852/851 851/851/850 850/850/849
f 851/851/850 852/852/851 853/853/852
f 853/853/852 854/854/853 855/855/854
f 853/853/852 852/852/851 854/854/853
f 856/856/855 857/857/856 858/858/857
f 859/859/858 857/857/856 856/856/855
f 860/860/859 859/859/858 856/856/855
f 859/859/858 861/861/860 857/857/856
f 862/862/861 859/859/858 860/860/859
f 862/862/861 863/863/862 859/859/858
f 863/863/862 861/861/860 859/859/858
f 864/864/863 862/862/861 860/860/859
f 861/861/860 863/863/862 865/865/864
f 866/866/865 862/862/861 864/864/863
f 866/866/865 867/867/866 862/862/861
f 867/867/866 863/863/862 862/862/861
f 865/865/864 863/863/862 868/868/867
f 863/863/862 867/867/866 868/868/867
f 869/869/868 866/866/865 864/864/863
f 865/865/864 868/868/867 870/870/869
f 871/871/870 866/866/865 869/869/868
f 871/871/870 872/872/871 866/866/865
f 872/872/871 867/867/866 866/866/865
f 868/868/867 867/867/866 873/873/872
f 867/867/866 872/872/871 873/873/872
f 870/870/869 868/868/867 874/874/873
f 868/868/867 873/873/872 874/874/873
f 875/875/874 871/871/870 869/869/868
f 874/874/873 876/876/875 870/870/869
f 877/877/876 871/871/870 875/875/874
f 877/877/876 878/878/877 871/871/870
f 878/878/877 872/872/871 871/871/870
f 872/872/871 878/878/877 879/879/878
f 873/873/872 872/872/871 879/879/878
f 874/874/873 873/873/872 880/880/879
f 873/873/872 879/879/878 880/880/879
f 881/881/880 876/876/875 874/874/873
f 880/880/879 881/881/880 874/874/873
f 882/882/881 877/877/876 875/875/874
f 876/876/875 881/881/880 883/883/882
f 879/879/878 878/878/877 884/884/883
f 885/885/884 878/878/877 877/877/876
f 878/878/877 885/885/884 884/884/883
f 879/879/878 884/884/883 886/886/885
f 880/880/879 879/879/878 886/886/885
f 887/887/886 881/881/880 880/880/879
f 886/886/885 887/887/886 880/880/879
f 883/883/882 881/881/880 888/888/887
f 881/881/880 887/887/886 888/888/887
f 889/889/888 877/877/876 882/882/881
f 877/877/876 890/890/889 885/885/884
f 889/889/888 890/890/889 877/877/876
f 885/885/884 890/890/889 891/891/890
f 884/884/883 885/885/884 891/891/890
f 886/886/885 884/884/883 892/892/891
f 884/884/883 891/891/890 892/892/891
f 892/892/891 893/893/892 886/886/885
f 893/893/892 887/887/886 886/886/885
f 888/888/887 887/887/886 894/894/893
f 887/887/886 893/893/892 894/894/893
f 895/895/894 889/889/888 882/882/881
f 883/883/882 888/888/887 896/896/895
f 896/896/895 888/888/887 897/897/896
f 894/894/893 897/897/896 888/888/887
f 898/898/897 889/889/888 895/895/894
f 898/898/897 890/890/889 889/889/888
f 891/891/890 890/890/889 899/899/898
f 900/900/899 890/890/889 898/898/897
f 900/900/899 899/899/898 890/890/889
f 891/891/890 899/899/898 901/901/900
f 892/892/891 891/891/890 901/901/900
f 902/902/901 893/893/892 892/892/891
f 901/901/900 902/902/901 892/892/891
f 893/893/892 902/902/901 903/903/902
f 894/894/893 893/893/892 903/903/902
f 904/904/903 897/897/896 894/894/893
f 903/903/902 904/904/903 894/894/893
f 905/905/904 898/898/897 895/895/894
f 906/906/905 898/898/897 905/905/904
f 906/906/905 900/900/899 898/898/897
f 896/896/895 897/897/896 907/907/906
f 907/907/906 897/897/896 908/908/907
f 897/897/896 904/904/903 908/908/907
f 901/901/900 899/899/898 909/909/908
f 899/899/898 910/910/909 909/909/908
f 910/910/909 899/899/898 900/900/899
f 900/900/899 911/911/910 910/910/909
f 911/911/910 900/900/899 906/906/905
f 909/909/908 912/912/911 901/901/900
f 912/912/911 902/902/901 901/901/900
f 903/903/902 902/902/901 913/913/912
f 902/902/901 912/912/911 913/913/912
f 914/914/913 904/904/903 903/903/902
f 913/913/912 914/914/913 903/903/902
f 908/908/907 904/904/903 915/915/914
f 904/904/903 914/914/913 915/915/914
f 916/916/915 906/906/905 905/905/904
f 917/917/916 911/911/910 906/906/905
f 917/917/916 906/906/905 916/916/915
f 907/907/906 908/908/907 918/918/917
f 918/918/917 908/908/907 919/919/918
f 915/915/914 919/919/918 908/908/907
f 909/909/908 910/910/909 920/920/919
f 920/920/919 921/921/920 909/909/908
f 921/921/920 912/912/911 909/909/908
f 910/910/909 922/922/921 920/920/919
f 910/910/909 911/911/910 922/922/921
f 911/911/910 923/923/922 922/922/921
f 923/923/922 911/911/910 917/917/916
f 912/912/911 921/921/920 924/924/923
f 913/913/912 912/912/911 924/924/923
f 925/925/924 914/914/913 913/913/912
f 924/924/923 925/925/924 913/913/912
f 925/925/924 926/926/925 914/914/913
f 915/915/914 914/914/913 926/926/925
f 927/927/926 919/919/918 915/915/914
f 926/926/925 927/927/926 915/915/914
f 917/917/916 916/916/915 928/928/927
f 928/928/927 923/923/922 917/917/916
f 928/928/927 916/916/915 929/929/928
f 918/918/917 919/919/918 930/930/929
f 919/919/918 927/927/926 931/931/930
f 930/930/929 919/919/918 931/931/930
f 920/920/919 922/922/921 932/932/931
f 920/920/919 932/932/931 933/933/932
f 933/933/932 921/921/920 920/920/919
f 924/924/923 921/921/920 934/934/933
f 921/921/920 933/933/932 934/934/933
f 922/922/921 935/935/934 932/932/931
f 922/922/921 923/923/922 935/935/934
f 923/923/922 936/936/935 935/935/934
f 936/936/935 923/923/922 928/928/927
f 937/937/911 925/925/924 924/924/923
f 934/934/933 937/937/911 924/924/923
f 938/938/936 926/926/925 925/925/924
f 925/925/924 937/937/911 938/938/936
f 938/938/936 939/939/937 926/926/925
f 939/939/937 927/927/926 926/926/925
f 927/927/926 939/939/937 940/940/938
f 931/931/930 927/927/926 940/940/938
f 928/928/927 929/929/928 941/941/939
f 941/941/939 936/936/935 928/928/927
f 941/941/939 929/929/928 942/942/940
f 931/931/930 943/943/941 930/930/929
f 944/944/942 943/943/941 931/931/930
f 940/940/938 944/944/942 931/931/930
f 934/934/933 933/933/932 945/945/943
f 933/933/932 932/932/931 946/946/944
f 933/933/932 946/946/944 945/945/943
f 947/947/945 937/937/911 934/934/933
f 934/934/933 945/945/943 947/947/945
f 947/947/945 948/948/946 937/937/911
f 938/938/936 937/937/911 948/948/946
f 949/949/947 939/939/937 938/938/936
f 948/948/946 949/949/947 938/938/936
f 939/939/937 949/949/947 950/950/948
f 940/940/938 939/939/937 950/950/948
f 951/951/949 944/944/942 940/940/938
f 950/950/948 951/951/949 940/940/938
f 944/944/942 952/952/950 943/943/941
f 953/953/951 952/952/950 944/944/942
f 951/951/949 953/953/951 944/944/942
f 945/945/943 946/946/944 954/954/952
f 945/945/943 954/954/952 955/955/953
f 947/947/945 945/945/943 955/955/953
f 956/956/954 948/948/946 947/947/945
f 947/947/945 955/955/953 956/956/954
f 956/956/954 957/957/955 948/948/946
f 957/957/955 949/949/947 948/948/946
f 949/949/947 957/957/955 958/958/956
f 950/950/948 949/949/947 958/958/956
f 958/958/956 959/959/957 950/950/948
f 959/959/957 951/951/949 950/950/948
f 960/960/958 953/953/951 951/951/949
f 959/959/957 960/960/958 951/951/949
f 953/953/951 961/961/959 952/952/950
f 962/962/960 961/961/959 953/953/951
f 960/960/958 962/962/960 953/953/951
f 956/956/954 955/955/953 963/963/961
f 955/955/953 954/954/952 964/964/962
f 955/955/953 964/964/962 963/963/961
f 965/965/963 957/957/955 956/956/954
f 956/956/954 963/963/961 965/965/963
f 957/957/955 965/965/963 966/966/964
f 958/958/956 957/957/955 966/966/964
f 967/967/965 959/959/957 958/958/956
f 966/966/964 967/967/965 958/958/956
f 967/967/965 968/968/966 959/959/957
f 968/968/966 960/960/958 959/959/957
f 969/969/967 962/962/960 960/960/958
f 968/968/966 969/969/967 960/960/958
f 961/961/959 962/962/960 970/970/968
f 970/970/968 962/962/960 971/971/969
f 962/962/960 969/969/967 971/971/969
f 965/965/963 963/963/961 972/972/970
f 963/963/961 973/973/971 972/972/970
f 963/963/961 964/964/962 973/973/971
f 965/965/963 972/972/970 974/974/972
f 966/966/964 965/965/963 974/974/972
f 974/974/972 975/975/973 966/966/964
f 975/975/973 967/967/965 966/966/964
f 976/976/974 968/968/966 967/967/965
f 975/975/973 976/976/974 967/967/965
f 976/976/974 977/977/975 968/968/966
f 977/977/975 969/969/967 968/968/966
f 971/971/969 969/969/967 978/978/976
f 969/969/967 977/977/975 978/978/976
f 971/971/969 979/979/977 970/970/968
f 980/980/978 979/979/977 971/971/969
f 978/978/976 980/980/978 971/971/969
f 981/981/979 852/852/851 850/850/849
f 982/982/980 852/852/851 981/981/979
f 852/852/851 982/982/980 854/854/853
f 855/855/854 854/854/853 983/983/981
f 855/855/854 984/984/982 985/985/983
f 983/983/981 984/984/982 855/855/854
f 986/986/984 983/983/981 854/854/853
f 854/854/853 982/982/980 986/986/984
f 987/987/985 982/982/980 981/981/979
f 988/988/986 982/982/980 987/987/985
f 988/988/986 986/986/984 982/982/980
f 989/989/987 985/985/983 990/990/988
f 990/990/988 985/985/983 984/984/982
f 991/991/989 983/983/981 986/986/984
f 992/992/990 991/991/989 986/986/984
f 992/992/990 986/986/984 988/988/986
f 993/993/991 988/988/986 987/987/985
f 994/994/992 988/988/986 993/993/991
f 994/994/992 992/992/990 988/988/986
f 995/995/993 996/996/994 997/997/995
f 998/998/996 999/999/997 997/997/995
f 997/997/995 996/996/994 998/998/996
f 1000/1000/998 999/999/997 998/998/996
f 999/999/997 1000/1000/998 1001/1001/999
f 1001/1001/999 1000/1000/998 1002/1002/1000
f 1001/1001/999 1002/1002/1000 1003/1003/1001
f 998/998/996 1004/1004/1002 1000/1000/998
f 1000/1000/998 1004/1004/1002 1002/1002/1000
f 996/996/994 1005/1005/1003 998/998/996
f 1006/1006/1004 1004/1004/1002 998/998/996
f 998/998/996 1005/1005/1003 1006/1006/1004
f 1002/1002/1000 1004/1004/1002 1007/1007/1005
f 1003/1003/1001 1002/1002/1000 1008/1008/1006
f 1002/1002/1000 1007/1007/1005 1008/1008/1006
f 1003/1003/1001 1008/1008/1006 1009/1009/1007
f 1004/1004/1002 1006/1006/1004 1010/1010/1008
f 1011/1011/1009 1004/1004/1002 1010/1010/1008
f 1007/1007/1005 1004/1004/1002 1011/1011/1009
f 1010/1010/1008 1006/1006/1004 1012/1012/1010
f 1005/1005/1003 1012/1012/1010 1006/1006/1004
f 1011/1011/1009 1013/1013/1011 1007/1007/1005
f 1008/1008/1006 1007/1007/1005 1013/1013/1011
f 1008/1008/1006 1013/1013/1011 1014/1014/1012
f 1009/1009/1007 1008/1008/1006 1014/1014/1012
f 1009/1009/1007 1014/1014/1012 1015/1015/1013
f 1010/1010/1008 1012/1012/1010 1016/1016/1014
f 1016/1016/1014 1011/1011/1009 1010/1010/1008
f 1017/1017/1015 1011/1011/1009 1016/1016/1014
f 1018/1018/1016 1013/1013/1011 1011/1011/1009
f 1017/1017/1015 1018/1018/1016 1011/1011/1009
f 1013/1013/1011 1018/1018/1016 1019/1019/1017
f 1014/1014/1012 1013/1013/1011 1019/1019/1017
f 1020/1020/1018 1014/1014/1012 1019/1019/1017
f 1021/1021/1019 1014/1014/1012 1020/1020/1018
f 1015/1015/1013 1014/1014/1012 1021/1021/1019
f 1021/1021/1019 1022/1022/1020 1015/1015/1013
f 1016/1016/1014 1012/1012/1010 1023/1023/1021
f 1023/1023/1021 1024/1024/1022 1016/1016/1014
f 1024/1024/1022 1017/1017/1015 1016/1016/1014
f 1025/1025/1023 1017/1017/1015 1024/1024/1022
f 1026/1026/1024 1018/1018/1016 1017/1017/1015
f 1017/1017/1015 1025/1025/1023 1026/1026/1024
f 1019/1019/1017 1018/1018/1016 1027/1027/1025
f 1018/1018/1016 1026/1026/1024 1027/1027/1025
f 1027/1027/1025 1028/1028/1026 1019/1019/1017
f 1019/1019/1017 1028/1028/1026 1020/1020/1018
f 1029/1029/1027 1020/1020/1018 1028/1028/1026
f 1030/1030/1028 1020/1020/1018 1029/1029/1027
f 1030/1030/1028 1021/1021/1019 1020/1020/1018
f 660/660/659 1021/1021/1019 1030/1030/1028
f 660/660/659 1022/1022/1020 1021/1021/1019
f 1027/1027/1025 1026/1026/1024 1031/1031/1029
f 1026/1026/1024 1025/1025/1023 1032/1032/1030
f 1026/1026/1024 1032/1032/1030 1031/1031/1029
f 1031/1031/1029 1033/1033/1031 1027/1027/1025
f 1027/1027/1025 1033/1033/1031 1028/1028/1026
f 1029/1029/1027 1028/1028/1026 1034/1034/1032
f 1034/1034/1032 1028/1028/1026 1033/1033/1031
f 1025/1025/1023 1024/1024/1022 1035/1035/1033
f 1036/1036/1034 1025/1025/1023 1035/1035/1033
f 1032/1032/1030 1025/1025/1023 1036/1036/1034
f 1031/1031/1029 1037/1037/1035 1033/1033/1031
f 1031/1031/1029 1032/1032/1030 1037/1037/1035
f 1037/1037/1035 1032/1032/1030 1038/1038/1036
f 1038/1038/1036 1032/1032/1030 1036/1036/1034
f 1029/1029/1027 664/664/663 1030/1030/1028
f 1029/1029/1027 1039/1039/1037 664/664/663
f 1034/1034/1032 1039/1039/1037 1029/1029/1027
f 1030/1030/1028 664/664/663 661/661/660
f 1030/1030/1028 661/661/660 660/660/659
f 1033/1033/1031 1040/1040/1038 1034/1034/1032
f 1033/1033/1031 1037/1037/1035 1040/1040/1038
f 1040/1040/1038 1037/1037/1035 1041/1041/1039
f 1041/1041/1039 1037/1037/1035 1038/1038/1036
f 1034/1034/1032 1040/1040/1038 1042/1042/1040
f 1043/1043/1041 1034/1034/1032 1042/1042/1040
f 1039/1039/1037 1034/1034/1032 1043/1043/1041
f 1040/1040/1038 1041/1041/1039 1042/1042/1040
f 1038/1038/1036 1036/1036/1034 1044/1044/1042
f 1036/1036/1034 1035/1035/1033 1045/1045/1043
f 1044/1044/1042 1036/1036/1034 1045/1045/1043
f 1041/1041/1039 1038/1038/1036 1046/1046/1044
f 1046/1046/1044 1038/1038/1036 1044/1044/1042
f 1042/1042/1040 1041/1041/1039 1047/1047/1045
f 1042/1042/1040 1047/1047/1045 1043/1043/1041
f 1047/1047/1045 1041/1041/1039 1048/1048/1046
f 1048/1048/1046 1041/1041/1039 1046/1046/1044
f 666/666/665 664/664/663 1039/1039/1037
f 1049/1049/1047 1039/1039/1037 1043/1043/1041
f 666/666/665 1039/1039/1037 1049/1049/1047
f 1043/1043/1041 1050/1050/1048 1049/1049/1047
f 1043/1043/1041 1047/1047/1045 1050/1050/1048
f 1047/1047/1045 1048/1048/1046 1050/1050/1048
f 1046/1046/1044 1044/1044/1042 1051/1051/1049
f 1044/1044/1042 1045/1045/1043 1052/1052/1050
f 1051/1051/1049 1044/1044/1042 1052/1052/1050
f 1048/1048/1046 1046/1046/1044 1053/1053/1051
f 1053/1053/1051 1046/1046/1044 1051/1051/1049
f 1048/1048/1046 1053/1053/1051 1054/1054/1052
f 1050/1050/1048 1048/1048/1046 1054/1054/1052
f 1050/1050/1048 1054/1054/1052 1055/1055/1053
f 1049/1049/1047 1050/1050/1048 1055/1055/1053
f 668/668/667 666/666/665 1049/1049/1047
f 1049/1049/1047 1055/1055/1053 668/668/667
f 1051/1051/1049 1056/1056/1054 1053/1053/1051
f 1057/1057/1055 1056/1056/1054 1051/1051/1049
f 1052/1052/1050 1057/1057/1055 1051/1051/1049
f 1054/1054/1052 1053/1053/1051 1058/1058/1056
f 1059/1059/1057 1053/1053/1051 1056/1056/1054
f 1058/1058/1056 1053/1053/1051 1059/1059/1057
f 1054/1054/1052 1058/1058/1056 1060/1060/1058
f 1055/1055/1053 1054/1054/1052 1060/1060/1058
f 1055/1055/1053 1060/1060/1058 670/670/669
f 668/668/667 1055/1055/1053 670/670/669
f 1056/1056/1054 1057/1057/1055 1061/1061/1059
f 1056/1056/1054 1062/1062/1060 1059/1059/1057
f 1061/1061/1059 1062/1062/1060 1056/1056/1054
f 1060/1060/1058 1058/1058/1056 1063/1063/1061
f 1064/1064/1062 1058/1058/1056 1059/1059/1057
f 1063/1063/1061 1058/1058/1056 1064/1064/1062
f 1062/1062/1060 1065/1065/1063 1059/1059/1057
f 1059/1059/1057 1065/1065/1063 1064/1064/1062
f 1060/1060/1058 1063/1063/1061 673/673/672
f 670/670/669 1060/1060/1058 673/673/672
f 673/673/672 1063/1063/1061 677/677/676
f 1064/1064/1062 677/677/676 1063/1063/1061
f 1062/1062/1060 1061/1061/1059 1066/1066/1064
f 1067/1067/1065 1062/1062/1060 1066/1066/1064
f 1065/1065/1063 1062/1062/1060 1067/1067/1065
f 1061/1061/1059 1057/1057/1055 1068/1068/1066
f 1066/1066/1064 1061/1061/1059 1069/1069/1067
f 1068/1068/1066 1069/1069/1067 1061/1061/1059
f 1065/1065/1063 1070/1070/1068 1064/1064/1062
f 686/686/685 677/677/676 1064/1064/1062
f 1064/1064/1062 1070/1070/1068 686/686/685
f 1070/1070/1068 1065/1065/1063 1071/1071/1069
f 1071/1071/1069 1065/1065/1063 1067/1067/1065
f 1069/1069/1067 1072/1072/1070 1066/1066/1064
f 1066/1066/1064 1073/1073/1071 1067/1067/1065
f 1072/1072/1070 1073/1073/1071 1066/1066/1064
f 1073/1073/1071 1074/1074/1072 1067/1067/1065
f 1067/1067/1065 1074/1074/1072 1071/1071/1069
f 1075/1075/1073 1069/1069/1067 1068/1068/1066
f 1069/1069/1067 1075/1075/1073 1076/1076/1074
f 1076/1076/1074 1072/1072/1070 1069/1069/1067
f 1077/1077/1075 1070/1070/1068 1071/1071/1069
f 693/693/692 1070/1070/1068 1077/1077/1075
f 1070/1070/1068 693/693/692 686/686/685
f 1074/1074/1072 1078/1078/1076 1071/1071/1069
f 1071/1071/1069 1078/1078/1076 1077/1077/1075
f 1076/1076/1074 1079/1079/1077 1072/1072/1070
f 1072/1072/1070 1080/1080/1078 1073/1073/1071
f 1079/1079/1077 1080/1080/1078 1072/1072/1070
f 1080/1080/1078 1081/1081/1079 1073/1073/1071
f 1073/1073/1071 1081/1081/1079 1074/1074/1072
f 1081/1081/1079 1082/1082/1080 1074/1074/1072
f 1074/1074/1072 1082/1082/1080 1078/1078/1076
f 1076/1076/1074 1075/1075/1073 1083/1083/1081
f 1083/1083/1081 1084/1084/1082 1076/1076/1074
f 1084/1084/1082 1079/1079/1077 1076/1076/1074
f 1078/1078/1076 1085/1085/1083 1077/1077/1075
f 1086/1086/1084 693/693/692 1077/1077/1075
f 1077/1077/1075 1085/1085/1083 1086/1086/1084
f 1082/1082/1080 1087/1087/1085 1078/1078/1076
f 1078/1078/1076 1087/1087/1085 1085/1085/1083
f 1088/1088/1086 1087/1087/1085 1082/1082/1080
f 1081/1081/1079 1088/1088/1086 1082/1082/1080
f 972/972/970 973/973/971 1089/1089/1087
f 974/974/972 972/972/970 1090/1090/1088
f 972/972/970 1089/1089/1087 1090/1090/1088
f 1091/1091/1089 975/975/973 974/974/972
f 1090/1090/1088 1091/1091/1089 974/974/972
f 1091/1091/1089 1092/1092/1090 975/975/973
f 1092/1092/1090 976/976/974 975/975/973
f 1093/1093/1091 977/977/975 976/976/974
f 1092/1092/1090 1093/1093/1091 976/976/974
f 977/977/975 1093/1093/1091 1094/1094/1092
f 978/978/976 977/977/975 1094/1094/1092
f 1095/1095/1093 980/980/978 978/978/976
f 1094/1094/1092 1095/1095/1093 978/978/976
f 979/979/977 980/980/978 1096/1096/1094
f 1096/1096/1094 980/980/978 1097/1097/1095
f 1095/1095/1093 1097/1097/1095 980/980/978
f 1098/1098/1096 1091/1091/1089 1090/1090/1088
f 1090/1090/1088 1089/1089/1087 1099/1099/1097
f 1090/1090/1088 1099/1099/1097 1098/1098/1096
f 1100/1100/1098 1092/1092/1090 1091/1091/1089
f 1098/1098/1096 1100/1100/1098 1091/1091/1089
f 1100/1100/1098 1101/1101/1099 1092/1092/1090
f 1101/1101/1099 1093/1093/1091 1092/1092/1090
f 1094/1094/1092 1093/1093/1091 1102/1102/1100
f 1093/1093/1091 1101/1101/1099 1102/1102/1100
f 1103/1103/1101 1095/1095/1093 1094/1094/1092
f 1102/1102/1100 1103/1103/1101 1094/1094/1092
f 1104/1104/1102 1097/1097/1095 1095/1095/1093
f 1095/1095/1093 1103/1103/1101 1104/1104/1102
f 1097/1097/1095 1105/1105/1103 1096/1096/1094
f 1106/1106/1104 1105/1105/1103 1097/1097/1095
f 1104/1104/1102 1106/1106/1104 1097/1097/1095
f 1107/1107/1105 1100/1100/1098 1098/1098/1096
f 1098/1098/1096 1108/1108/1106 1107/1107/1105
f 1098/1098/1096 1099/1099/1097 1108/1108/1106
f 1109/1109/1107 1101/1101/1099 1100/1100/1098
f 1100/1100/1098 1107/1107/1105 1109/1109/1107
f 1101/1101/1099 1109/1109/1107 1110/1110/1108
f 1102/1102/1100 1101/1101/1099 1110/1110/1108
f 1111/1111/1109 1103/1103/1101 1102/1102/1100
f 1110/1110/1108 1111/1111/1109 1102/1102/1100
f 1111/1111/1109 1112/1112/1110 1103/1103/1101
f 1104/1104/1102 1103/1103/1101 1112/1112/1110
f 1113/1113/1111 1106/1106/1104 1104/1104/1102
f 1112/1112/1110 1113/1113/1111 1104/1104/1102
f 1105/1105/1103 1106/1106/1104 1114/1114/1112
f 1114/1114/1112 1106/1106/1104 1115/1115/1113
f 1113/1113/1111 1115/1115/1113 1106/1106/1104
f 1107/1107/1105 1108/1108/1106 1116/1116/1114
f 1109/1109/1107 1107/1107/1105 1117/1117/1115
f 1116/1116/1114 1117/1117/1115 1107/1107/1105
f 1109/1109/1107 1117/1117/1115 1118/1118/1116
f 1110/1110/1108 1109/1109/1107 1118/1118/1116
f 1119/1119/1117 1111/1111/1109 1110/1110/1108
f 1118/1118/1116 1119/1119/1117 1110/1110/1108
f 1120/1120/1118 1112/1112/1110 1111/1111/1109
f 1111/1111/1109 1119/1119/1117 1120/1120/1118
f 1121/1121/1119 1113/1113/1111 1112/1112/1110
f 1120/1120/1118 1121/1121/1119 1112/1112/1110
f 1122/1122/1120 1115/1115/1113 1113/1113/1111
f 1113/1113/1111 1121/1121/1119 1122/1122/1120
f 1115/1115/1113 1123/1123/1121 1114/1114/1112
f 1124/1124/1122 1123/1123/1121 1115/1115/1113
f 1122/1122/1120 1124/1124/1122 1115/1115/1113
f 1125/1125/1123 1117/1117/1115 1116/1116/1114
f 1118/1118/1116 1117/1117/1115 1126/1126/1124
f 1117/1117/1115 1125/1125/1123 1126/1126/1124
f 1127/1127/1125 1119/1119/1117 1118/1118/1116
f 1126/1126/1124 1127/1127/1125 1118/1118/1116
f 1127/1127/1125 1128/1128/1126 1119/1119/1117
f 1120/1120/1118 1119/1119/1117 1128/1128/1126
f 1129/1129/1127 1121/1121/1119 1120/1120/1118
f 1128/1128/1126 1129/1129/1127 1120/1120/1118
f 1129/1129/1127 1130/1130/1128 1121/1121/1119
f 1122/1122/1120 1121/1121/1119 1130/1130/1128
f 1131/1131/1129 1124/1124/1122 1122/1122/1120
f 1130/1130/1128 1131/1131/1129 1122/1122/1120
f 1124/1124/1122 1132/1132/1130 1123/1123/1121
f 1133/1133/1131 1132/1132/1130 1124/1124/1122
f 1131/1131/1129 1133/1133/1131 1124/1124/1122
f 1126/1126/1124 1125/1125/1123 1134/1134/1132
f 1134/1134/1132 1135/1135/1133 1126/1126/1124
f 1135/1135/1133 1127/1127/1125 1126/1126/1124
f 1127/1127/1125 1135/1135/1133 1136/1136/1134
f 1136/1136/1134 1128/1128/1126 1127/1127/1125
f 1137/1137/1135 1129/1129/1127 1128/1128/1126
f 1136/1136/1134 1137/1137/1135 1128/1128/1126
f 1138/1138/1136 1130/1130/1128 1129/1129/1127
f 1129/1129/1127 1137/1137/1135 1138/1138/1136
f 1138/1138/1136 1139/1139/1137 1130/1130/1128
f 1139/1139/1137 1131/1131/1129 1130/1130/1128
f 1140/1140/1138 1133/1133/1131 1131/1131/1129
f 1139/1139/1137 1140/1140/1138 1131/1131/1129
f 1132/1132/1130 1133/1133/1131 1141/1141/1139
f 1141/1141/1139 1133/1133/1131 1142/1142/1140
f 1133/1133/1131 1140/1140/1138 1142/1142/1140
f 1136/1136/1134 1135/1135/1133 1143/1143/1141
f 1144/1144/1142 1135/1135/1133 1134/1134/1132
f 1135/1135/1133 1144/1144/1142 1143/1143/1141
f 1145/1145/1143 1137/1137/1135 1136/1136/1134
f 1136/1136/1134 1143/1143/1141 1145/1145/1143
f 1145/1145/1143 1146/1146/1144 1137/1137/1135
f 1138/1138/1136 1137/1137/1135 1146/1146/1144
f 1147/1147/1145 1139/1139/1137 1138/1138/1136
f 1146/1146/1144 1147/1147/1145 1138/1138/1136
f 1147/1147/1145 1148/1148/1146 1139/1139/1137
f 1148/1148/1146 1140/1140/1138 1139/1139/1137
f 1142/1142/1140 1140/1140/1138 1149/1149/1147
f 1140/1140/1138 1148/1148/1146 1149/1149/1147
f 1143/1143/1141 1144/1144/1142 1150/1150/1148
f 1143/1143/1141 1150/1150/1148 1151/1151/1149
f 1145/1145/1143 1143/1143/1141 1151/1151/1149
f 1145/1145/1143 1151/1151/1149 1152/1152/1150
f 1152/1152/1150 1146/1146/1144 1145/1145/1143
f 1152/1152/1150 1153/1153/1151 1146/1146/1144
f 1153/1153/1151 1147/1147/1145 1146/1146/1144
f 1154/1154/1152 1148/1148/1146 1147/1147/1145
f 1153/1153/1151 1154/1154/1152 1147/1147/1145
f 1148/1148/1146 1154/1154/1152 1155/1155/1153
f 1149/1149/1147 1148/1148/1146 1155/1155/1153
f 1152/1152/1150 1151/1151/1149 1156/1156/1154
f 1151/1151/1149 1150/1150/1148 1157/1157/1155
f 1151/1151/1149 1157/1157/1155 1156/1156/1154
f 1152/1152/1150 1156/1156/1154 1158/1158/1156
f 1158/1158/1156 1153/1153/1151 1152/1152/1150
f 1158/1158/1156 1159/1159/1157 1153/1153/1151
f 1159/1159/1157 1154/1154/1152 1153/1153/1151
f 1155/1155/1153 1154/1154/1152 1160/1160/1158
f 1154/1154/1152 1159/1159/1157 1160/1160/1158
f 1156/1156/1154 1157/1157/1155 1161/1161/1159
f 1156/1156/1154 1161/1161/1159 1162/1162/1160
f 1158/1158/1156 1156/1156/1154 1162/1162/1160
f 1158/1158/1156 1162/1162/1160 1163/1163/1161
f 1163/1163/1161 1159/1159/1157 1158/1158/1156
f 1159/1159/1157 1163/1163/1161 1164/1164/1162
f 1160/1160/1158 1159/1159/1157 1164/1164/1162
f 1163/1163/1161 1162/1162/1160 1165/1165/1163
f 1162/1162/1160 1166/1166/1164 1165/1165/1163
f 1162/1162/1160 1161/1161/1159 1166/1166/1164
f 1164/1164/1162 1163/1163/1161 1167/1167/1165
f 1163/1163/1161 1165/1165/1163 1167/1167/1165
f 1161/1161/1159 1168/1168/1166 1166/1166/1164
f 1161/1161/1159 1169/1169/1167 1168/1168/1166
f 1157/1157/1155 1169/1169/1167 1161/1161/1159
f 1167/1167/1165 1165/1165/1163 1170/1170/1168
f 1165/1165/1163 1166/1166/1164 1171/1171/1169
f 1165/1165/1163 1171/1171/1169 1170/1170/1168
f 1166/1166/1164 1172/1172/1170 1171/1171/1169
f 1166/1166/1164 1168/1168/1166 1172/1172/1170
f 1169/1169/1167 1173/1173/1171 1168/1168/1166
f 1168/1168/1166 1174/1174/1172 1172/1172/1170
f 1168/1168/1166 1173/1173/1171 1174/1174/1172
f 1170/1170/1168 1171/1171/1169 1175/1175/1173
f 1171/1171/1169 1176/1176/1174 1175/1175/1173
f 1171/1171/1169 1172/1172/1170 1176/1176/1174
f 1172/1172/1170 1177/1177/1175 1176/1176/1174
f 1172/1172/1170 1174/1174/1172 1177/1177/1175
f 1173/1173/1171 1178/1178/1176 1174/1174/1172
f 1174/1174/1172 1179/1179/1177 1177/1177/1175
f 1174/1174/1172 1178/1178/1176 1179/1179/1177
f 1169/1169/1167 1180/1180/1178 1173/1173/1171
f 1173/1173/1171 1181/1181/1179 1178/1178/1176
f 1180/1180/1178 1181/1181/1179 1173/1173/1171
f 1175/1175/1173 1176/1176/1174 1182/1182/1180
f 1176/1176/1174 1183/1183/1181 1182/1182/1180
f 1176/1176/1174 1177/1177/1175 1183/1183/1181
f 1177/1177/1175 1184/1184/1182 1183/1183/1181
f 1177/1177/1175 1179/1179/1177 1184/1184/1182
f 1178/1178/1176 1185/1185/1183 1179/1179/1177
f 1186/1186/1184 1178/1178/1176 1181/1181/1179
f 1185/1185/1183 1178/1178/1176 1186/1186/1184
f 1187/1187/1185 1184/1184/1182 1179/1179/1177
f 1179/1179/1177 1185/1185/1183 1187/1187/1185
f 1180/1180/1178 1188/1188/1186 1181/1181/1179
f 1181/1181/1179 1189/1189/1187 1186/1186/1184
f 1188/1188/1186 1189/1189/1187 1181/1181/1179
f 1182/1182/1180 1183/1183/1181 1190/1190/1188
f 1183/1183/1181 1191/1191/1189 1190/1190/1188
f 1183/1183/1181 1184/1184/1182 1191/1191/1189
f 1184/1184/1182 1192/1192/1190 1191/1191/1189
f 1192/1192/1190 1184/1184/1182 1187/1187/1185
f 1185/1185/1183 1193/1193/1191 1187/1187/1185
f 1194/1194/1192 1185/1185/1183 1186/1186/1184
f 1193/1193/1191 1185/1185/1183 1194/1194/1192
f 1189/1189/1187 1195/1195/1193 1186/1186/1184
f 1186/1186/1184 1195/1195/1193 1194/1194/1192
f 1187/1187/1185 1193/1193/1191 1196/1196/1194
f 1196/1196/1194 1192/1192/1190 1187/1187/1185
f 1188/1188/1186 1197/1197/1195 1189/1189/1187
f 1189/1189/1187 1198/1198/1196 1195/1195/1193
f 1197/1197/1195 1198/1198/1196 1189/1189/1187
f 1190/1190/1188 1191/1191/1189 1199/1199/1197
f 1191/1191/1189 1200/1200/1198 1199/1199/1197
f 1191/1191/1189 1192/1192/1190 1200/1200/1198
f 1201/1201/1199 1200/1200/1198 1192/1192/1190
f 1201/1201/1199 1192/1192/1190 1196/1196/1194
f 1193/1193/1191 1202/1202/1200 1196/1196/1194
f 1203/1203/1201 1193/1193/1191 1194/1194/1192
f 1202/1202/1200 1193/1193/1191 1203/1203/1201
f 1195/1195/1193 1204/1204/1202 1194/1194/1192
f 1194/1194/1192 1204/1204/1202 1203/1203/1201
f 1204/1204/1202 1195/1195/1193 1205/1205/1203
f 1205/1205/1203 1195/1195/1193 1198/1198/1196
f 1196/1196/1194 1202/1202/1200 1206/1206/1204
f 1196/1196/1194 1206/1206/1204 1201/1201/1199
f 1197/1197/1195 1207/1207/1205 1198/1198/1196
f 1198/1198/1196 1208/1208/1206 1205/1205/1203
f 1207/1207/1205 1208/1208/1206 1198/1198/1196
f 1199/1199/1197 1200/1200/1198 1209/1209/1207
f 1210/1210/1208 1200/1200/1198 1201/1201/1199
f 1200/1200/1198 1210/1210/1208 1209/1209/1207
f 1201/1201/1199 1206/1206/1204 1211/1211/1209
f 1201/1201/1199 1211/1211/1209 1210/1210/1208
f 1202/1202/1200 1212/1212/1210 1206/1206/1204
f 1202/1202/1200 1213/1213/1211 1212/1212/1210
f 1203/1203/1201 1213/1213/1211 1202/1202/1200
f 1204/1204/1202 1214/1214/1212 1203/1203/1201
f 1203/1203/1201 1214/1214/1212 1213/1213/1211
f 1214/1214/1212 1204/1204/1202 1215/1215/1213
f 1215/1215/1213 1204/1204/1202 1205/1205/1203
f 1208/1208/1206 1216/1216/1214 1205/1205/1203
f 1205/1205/1203 1216/1216/1214 1215/1215/1213
f 1206/1206/1204 1212/1212/1210 1217/1217/1215
f 1217/1217/1215 1211/1211/1209 1206/1206/1204
f 1218/1218/1216 1216/1216/1214 1208/1208/1206
f 1208/1208/1206 1219/1219/1217 1218/1218/1216
f 1207/1207/1205 1219/1219/1217 1208/1208/1206
f 1209/1209/1207 1210/1210/1208 1220/1220/1218
f 1210/1210/1208 1211/1211/1209 1221/1221/1219
f 1210/1210/1208 1221/1221/1219 1220/1220/1218
f 1211/1211/1209 1222/1222/1220 1221/1221/1219
f 1222/1222/1220 1211/1211/1209 1217/1217/1215
f 1215/1215/1213 1216/1216/1214 1223/1223/1221
f 1223/1223/1221 1214/1214/1212 1215/1215/1213
f 1214/1214/1212 1224/1224/1222 1213/1213/1211
f 1224/1224/1222 1214/1214/1212 1223/1223/1221
f 1213/1213/1211 1224/1224/1222 1225/1225/1223
f 1213/1213/1211 1225/1225/1223 1212/1212/1210
f 1226/1226/1224 1216/1216/1214 1218/1218/1216
f 1216/1216/1214 1226/1226/1224 1227/1227/1225
f 1223/1223/1221 1216/1216/1214 1227/1227/1225
f 1228/1228/1226 1226/1226/1224 1218/1218/1216
f 1218/1218/1216 1229/1229/1227 1228/1228/1226
f 1219/1219/1217 1229/1229/1227 1218/1218/1216
f 1224/1224/1222 1230/1230/1228 1225/1225/1223
f 1223/1223/1221 1230/1230/1228 1224/1224/1222
f 1227/1227/1225 1231/1231/1229 1223/1223/1221
f 1231/1231/1229 1230/1230/1228 1223/1223/1221
f 1220/1220/1218 1221/1221/1219 1232/1232/1230
f 1221/1221/1219 1222/1222/1220 1233/1233/1231
f 1221/1221/1219 1233/1233/1231 1232/1232/1230
f 1234/1234/1232 1226/1226/1224 1228/1228/1226
f 1227/1227/1225 1226/1226/1224 1235/1235/1233
f 1226/1226/1224 1234/1234/1232 1235/1235/1233
f 1235/1235/1233 1236/1236/1234 1227/1227/1225
f 1236/1236/1234 1231/1231/1229 1227/1227/1225
f 1081/1081/1079 1080/1080/1078 1237/1237/1235
f 1237/1237/1235 1088/1088/1086 1081/1081/1079
f 1080/1080/1078 1079/1079/1077 1238/1238/1236
f 1237/1237/1235 1080/1080/1078 1238/1238/1236
f 1079/1079/1077 1084/1084/1082 1239/1239/1237
f 1238/1238/1236 1079/1079/1077 1239/1239/1237
f 1240/1240/1238 1084/1084/1082 1083/1083/1081
f 1084/1084/1082 1240/1240/1238 1241/1241/1239
f 1239/1239/1237 1084/1084/1082 1241/1241/1239
f 1087/1087/1085 1242/1242/1240 1085/1085/1083
f 1085/1085/1083 1243/1243/1241 1086/1086/1084
f 1085/1085/1083 1242/1242/1240 1243/1243/1241
f 1244/1244/1242 1087/1087/1085 1088/1088/1086
f 1087/1087/1085 1244/1244/1242 1242/1242/1240
f 1088/1088/1086 1245/1245/1243 1244/1244/1242
f 1246/1246/1244 1245/1245/1243 1088/1088/1086
f 1237/1237/1235 1246/1246/1244 1088/1088/1086
f 1238/1238/1236 1247/1247/1245 1237/1237/1235
f 1247/1247/1245 1246/1246/1244 1237/1237/1235
f 1239/1239/1237 1248/1248/1246 1238/1238/1236
f 1248/1248/1246 1247/1247/1245 1238/1238/1236
f 1241/1241/1239 1249/1249/1247 1239/1239/1237
f 1249/1249/1247 1248/1248/1246 1239/1239/1237
f 1244/1244/1242 1245/1245/1243 1250/1250/1248
f 1242/1242/1240 1244/1244/1242 1250/1250/1248
f 1251/1251/1249 1249/1249/1247 1241/1241/1239
f 1252/1252/1250 1251/1251/1249 1241/1241/1239
f 1241/1241/1239 1240/1240/1238 1252/1252/1250
f 1242/1242/1240 1253/1253/1251 1243/1243/1241
f 1254/1254/1252 1242/1242/1240 1250/1250/1248
f 1253/1253/1251 1242/1242/1240 1254/1254/1252
f 1248/1248/1246 1255/1255/1253 1247/1247/1245
f 1247/1247/1245 1255/1255/1253 1246/1246/1244
f 1249/1249/1247 1256/1256/1254 1248/1248/1246
f 1256/1256/1254 1255/1255/1253 1248/1248/1246
f 1251/1251/1249 1257/1257/1255 1249/1249/1247
f 1257/1257/1255 1256/1256/1254 1249/1249/1247
f 1250/1250/1248 1245/1245/1243 1258/1258/1256
f 1250/1250/1248 1258/1258/1256 1254/1254/1252
f 1254/1254/1252 1258/1258/1256 1259/1259/1257
f 1260/1260/1258 1253/1253/1251 1254/1254/1252
f 1254/1254/1252 1259/1259/1257 1260/1260/1258
f 1261/1261/1259 1251/1251/1249 1252/1252/1250
f 1262/1262/1260 1251/1251/1249 1261/1261/1259
f 1263/1263/1261 1251/1251/1249 1262/1262/1260
f 1263/1263/1261 1257/1257/1255 1251/1251/1249
f 1255/1255/1253 1256/1256/1254 1264/1264/1262
f 1257/1257/1255 1265/1265/1263 1256/1256/1254
f 1264/1264/1262 1256/1256/1254 1265/1265/1263
f 1266/1266/1264 1265/1265/1263 1257/1257/1255
f 1263/1263/1261 1266/1266/1264 1257/1257/1255
f 1255/1255/1253 1264/1264/1262 1267/1267/1265
f 1246/1246/1244 1255/1255/1253 1267/1267/1265
f 1268/1268/1266 1266/1266/1264 1263/1263/1261
f 1263/1263/1261 1269/1269/1267 1268/1268/1266
f 1262/1262/1260 1269/1269/1267 1263/1263/1261
f 1262/1262/1260 1261/1261/1259 1270/1270/1268
f 1271/1271/1269 1262/1262/1260 1270/1270/1268
f 1269/1269/1267 1262/1262/1260 1271/1271/1269
f 1265/1265/1263 1266/1266/1264 1272/1272/1270
f 1273/1273/1271 1265/1265/1263 1272/1272/1270
f 1264/1264/1262 1265/1265/1263 1273/1273/1271
f 1272/1272/1270 1266/1266/1264 1274/1274/1272
f 1266/1266/1264 1268/1268/1266 1274/1274/1272
f 1275/1275/1273 1264/1264/1262 1273/1273/1271
f 1276/1276/1274 1264/1264/1262 1275/1275/1273
f 1267/1267/1265 1264/1264/1262 1276/1276/1274
f 1267/1267/1265 1277/1277/1275 1246/1246/1244
f 1276/1276/1274 1277/1277/1275 1267/1267/1265
f 1246/1246/1244 1277/1277/1275 1245/1245/1243
f 1278/1278/1276 1268/1268/1266 1269/1269/1267
f 1279/1279/1277 1268/1268/1266 1278/1278/1276
f 1274/1274/1272 1268/1268/1266 1279/1279/1277
f 1278/1278/1276 1269/1269/1267 1280/1280/1278
f 1280/1280/1278 1269/1269/1267 1271/1271/1269
f 1271/1271/1269 1281/1281/1279 1280/1280/1278
f 1282/1282/1280 1281/1281/1279 1271/1271/1269
f 1271/1271/1269 1270/1270/1268 1282/1282/1280
f 1272/1272/1270 1283/1283/1281 1273/1273/1271
f 1284/1284/1282 1283/1283/1281 1272/1272/1270
f 1274/1274/1272 1284/1284/1282 1272/1272/1270
f 1283/1283/1281 1285/1285/1283 1273/1273/1271
f 1273/1273/1271 1285/1285/1283 1275/1275/1273
f 1286/1286/1284 1284/1284/1282 1274/1274/1272
f 1279/1279/1277 1286/1286/1284 1274/1274/1272
f 1287/1287/1285 1276/1276/1274 1275/1275/1273
f 1288/1288/1286 1276/1276/1274 1287/1287/1285
f 1288/1288/1286 1277/1277/1275 1276/1276/1274
f 1289/1289/1287 1278/1278/1276 1280/1280/1278
f 1290/1290/1288 1278/1278/1276 1289/1289/1287
f 1290/1290/1288 1279/1279/1277 1278/1278/1276
f 1291/1291/1289 1279/1279/1277 1290/1290/1288
f 1291/1291/1289 1286/1286/1284 1279/1279/1277
f 1281/1281/1279 1292/1292/1290 1280/1280/1278
f 1280/1280/1278 1292/1292/1290 1289/1289/1287
f 1292/1292/1290 1281/1281/1279 1293/1293/1291
f 1282/1282/1280 1294/1294/1292 1281/1281/1279
f 1293/1293/1291 1281/1281/1279 1294/1294/1292
f 1283/1283/1281 1284/1284/1282 1295/1295/1293
f 1296/1296/1294 1283/1283/1281 1295/1295/1293
f 1285/1285/1283 1283/1283/1281 1296/1296/1294
f 1284/1284/1282 1286/1286/1284 1297/1297/1295
f 1295/1295/1293 1284/1284/1282 1297/1297/1295
f 1286/1286/1284 1291/1291/1289 1298/1298/1296
f 1297/1297/1295 1286/1286/1284 1298/1298/1296
f 1299/1299/1297 1290/1290/1288 1289/1289/1287
f 1289/1289/1287 1300/1300/1298 1299/1299/1297
f 1292/1292/1290 1300/1300/1298 1289/1289/1287
f 1290/1290/1288 1301/1301/1299 1291/1291/1289
f 1301/1301/1299 1290/1290/1288 1299/1299/1297
f 1291/1291/1289 1301/1301/1299 1302/1302/1300
f 1298/1298/1296 1291/1291/1289 1302/1302/1300
f 1293/1293/1291 1303/1303/1301 1292/1292/1290
f 1292/1292/1290 1303/1303/1301 1300/1300/1298
f 1293/1293/1291 1304/1304/1302 1303/1303/1301
f 1305/1305/1303 1304/1304/1302 1293/1293/1291
f 1293/1293/1291 1294/1294/1292 1305/1305/1303
f 1297/1297/1295 1306/1306/1304 1295/1295/1293
f 1295/1295/1293 1307/1307/1305 1296/1296/1294
f 1306/1306/1304 1307/1307/1305 1295/1295/1293
f 1308/1308/1306 1297/1297/1295 1298/1298/1296
f 1309/1309/1307 1297/1297/1295 1308/1308/1306
f 1309/1309/1307 1306/1306/1304 1297/1297/1295
f 1302/1302/1300 1310/1310/1308 1298/1298/1296
f 1298/1298/1296 1310/1310/1308 1308/1308/1306
f 1302/1302/1300 1301/1301/1299 1310/1310/1308
f 1311/1311/1309 1301/1301/1299 1299/1299/1297
f 1299/1299/1297 1312/1312/1310 1311/1311/1309
f 1300/1300/1298 1312/1312/1310 1299/1299/1297
f 1303/1303/1301 1313/1313/1311 1300/1300/1298
f 1300/1300/1298 1313/1313/1311 1312/1312/1310
f 1314/1314/1312 1301/1301/1299 1311/1311/1309
f 1310/1310/1308 1301/1301/1299 1314/1314/1312
f 1313/1313/1311 1303/1303/1301 1315/1315/1313
f 1315/1315/1313 1303/1303/1301 1304/1304/1302
f 1315/1315/1313 1304/1304/1302 1316/1316/1314
f 1304/1304/1302 1305/1305/1303 1317/1317/1315
f 1316/1316/1314 1304/1304/1302 1317/1317/1315
f 1306/1306/1304 1309/1309/1307 1318/1318/1316
f 1319/1319/1317 1306/1306/1304 1318/1318/1316
f 1307/1307/1305 1306/1306/1304 1319/1319/1317
f 1320/1320/1318 1309/1309/1307 1308/1308/1306
f 1321/1321/1319 1308/1308/1306 1310/1310/1308
f 1320/1320/1318 1308/1308/1306 1321/1321/1319
f 1322/1322/1320 1309/1309/1307 1320/1320/1318
f 1318/1318/1316 1309/1309/1307 1322/1322/1320
f 1321/1321/1319 1310/1310/1308 1323/1323/1321
f 1323/1323/1321 1310/1310/1308 1314/1314/1312
f 1323/1323/1321 1314/1314/1312 1324/1324/1322
f 1324/1324/1322 1314/1314/1312 1311/1311/1309
f 1325/1325/1323 1315/1315/1313 1316/1316/1314
f 1326/1326/1324 1315/1315/1313 1325/1325/1323
f 1326/1326/1324 1313/1313/1311 1315/1315/1313
f 1316/1316/1314 1317/1317/1315 1327/1327/1325
f 1328/1328/1326 1316/1316/1314 1327/1327/1325
f 1325/1325/1323 1316/1316/1314 1328/1328/1326
f 1322/1322/1320 1329/1329/1327 1318/1318/1316
f 1318/1318/1316 1330/1330/1328 1319/1319/1317
f 1329/1329/1327 1330/1330/1328 1318/1318/1316
f 1331/1331/1329 1322/1322/1320 1320/1320/1318
f 1332/1332/1330 1320/1320/1318 1321/1321/1319
f 1331/1331/1329 1320/1320/1318 1332/1332/1330
f 1332/1332/1330 1321/1321/1319 1333/1333/1331
f 1333/1333/1331 1321/1321/1319 1323/1323/1321
f 1334/1334/1332 1329/1329/1327 1322/1322/1320
f 1334/1334/1332 1322/1322/1320 1331/1331/1329
f 1333/1333/1331 1323/1323/1321 1335/1335/1333
f 1335/1335/1333 1323/1323/1321 1324/1324/1322
f 1336/1336/1334 1325/1325/1323 1328/1328/1326
f 1337/1337/1335 1325/1325/1323 1336/1336/1334
f 1337/1337/1335 1326/1326/1324 1325/1325/1323
f 1327/1327/1325 1338/1338/1336 1328/1328/1326
f 1328/1328/1326 1339/1339/1337 1336/1336/1334
f 1338/1338/1336 1339/1339/1337 1328/1328/1326
f 1329/1329/1327 1334/1334/1332 1340/1340/1338
f 1341/1341/1339 1329/1329/1327 1340/1340/1338
f 1330/1330/1328 1329/1329/1327 1341/1341/1339
f 1334/1334/1332 1331/1331/1329 1342/1342/1340
f 1340/1340/1338 1334/1334/1332 1342/1342/1340
f 1332/1332/1330 1343/1343/1341 1331/1331/1329
f 1342/1342/1340 1331/1331/1329 1344/1344/1342
f 1331/1331/1329 1343/1343/1341 1344/1344/1342
f 1333/1333/1331 1345/1345/1343 1332/1332/1330
f 1332/1332/1330 1345/1345/1343 1343/1343/1341
f 1345/1345/1343 1333/1333/1331 1346/1346/1344
f 1346/1346/1344 1333/1333/1331 1335/1335/1333
f 1347/1347/1345 1337/1337/1335 1336/1336/1334
f 1336/1336/1334 1348/1348/1346 1347/1347/1345
f 1339/1339/1337 1348/1348/1346 1336/1336/1334
f 1339/1339/1337 1349/1349/1347 1348/1348/1346
f 1350/1350/1348 1349/1349/1347 1339/1339/1337
f 1338/1338/1336 1350/1350/1348 1339/1339/1337
f 1342/1342/1340 1351/1351/1349 1340/1340/1338
f 1340/1340/1338 1352/1352/1350 1341/1341/1339
f 1351/1351/1349 1352/1352/1350 1340/1340/1338
f 1342/1342/1340 1344/1344/1342 1353/1353/1351
f 1353/1353/1351 1351/1351/1349 1342/1342/1340
f 1345/1345/1343 1354/1354/1352 1343/1343/1341
f 1343/1343/1341 1355/1355/1353 1344/1344/1342
f 1343/1343/1341 1354/1354/1352 1355/1355/1353
f 1353/1353/1351 1344/1344/1342 1356/1356/1354
f 1344/1344/1342 1355/1355/1353 1356/1356/1354
f 1354/1354/1352 1345/1345/1343 1357/1357/1355
f 1357/1357/1355 1345/1345/1343 1346/1346/1344
f 1348/1348/1346 1349/1349/1347 1358/1358/1356
f 1348/1348/1346 1358/1358/1356 1347/1347/1345
f 1358/1358/1356 1349/1349/1347 1359/1359/1357
f 1360/1360/1358 1359/1359/1357 1349/1349/1347
f 1349/1349/1347 1350/1350/1348 1360/1360/1358
f 1352/1352/1350 1351/1351/1349 1361/1361/1359
f 1351/1351/1349 1353/1353/1351 1362/1362/1360
f 1361/1361/1359 1351/1351/1349 1362/1362/1360
f 1362/1362/1360 1353/1353/1351 1363/1363/1361
f 1364/1364/1362 1353/1353/1351 1356/1356/1354
f 1363/1363/1361 1353/1353/1351 1364/1364/1362
f 1355/1355/1353 1365/1365/1363 1356/1356/1354
f 1356/1356/1354 1365/1365/1363 1364/1364/1362
f 1354/1354/1352 1366/1366/1364 1355/1355/1353
f 1355/1355/1353 1366/1366/1364 1365/1365/1363
f 1366/1366/1364 1354/1354/1352 1367/1367/1365
f 1367/1367/1365 1354/1354/1352 1357/1357/1355
f 1362/1362/1360 1368/1368/1366 1361/1361/1359
f 1369/1369/1367 1368/1368/1366 1362/1362/1360
f 1363/1363/1361 1369/1369/1367 1362/1362/1360
f 1370/1370/1368 1369/1369/1367 1363/1363/1361
f 1364/1364/1362 1370/1370/1368 1363/1363/1361
f 1371/1371/1369 1370/1370/1368 1364/1364/1362
f 1364/1364/1362 1372/1372/1370 1371/1371/1369
f 1365/1365/1363 1372/1372/1370 1364/1364/1362
f 1372/1372/1370 1365/1365/1363 1373/1373/1371
f 1373/1373/1371 1365/1365/1363 1366/1366/1364
f 1373/1373/1371 1366/1366/1364 1374/1374/1372
f 1374/1374/1372 1366/1366/1364 1367/1367/1365
f 1373/1373/1371 1375/1375/1373 1372/1372/1370
f 1374/1374/1372 1375/1375/1373 1373/1373/1371
f 1372/1372/1370 1376/1376/1374 1371/1371/1369
f 1372/1372/1370 1375/1375/1373 1376/1376/1374
f 1377/1377/1375 1370/1370/1368 1371/1371/1369
f 1371/1371/1369 1376/1376/1374 1377/1377/1375
f 1370/1370/1368 1378/1378/1376 1369/1369/1367
f 1378/1378/1376 1370/1370/1368 1377/1377/1375
f 1369/1369/1367 1378/1378/1376 1379/1379/1377
f 1369/1369/1367 1380/1380/1378 1368/1368/1366
f 1379/1379/1377 1380/1380/1378 1369/1369/1367
f 1376/1376/1374 1375/1375/1373 1381/1381/1379
f 1381/1381/1379 1377/1377/1375 1376/1376/1374
f 1377/1377/1375 1382/1382/1380 1378/1378/1376
f 1382/1382/1380 1377/1377/1375 1381/1381/1379
f 1378/1378/1376 1382/1382/1380 1383/1383/1381
f 1378/1378/1376 1383/1383/1381 1379/1379/1377
f 1379/1379/1377 1383/1383/1381 1384/1384/1382
f 1379/1379/1377 1384/1384/1382 1380/1380/1378
f 1381/1381/1379 1375/1375/1373 1385/1385/1383
f 1375/1375/1373 1386/1386/1384 1385/1385/1383
f 1386/1386/1384 1375/1375/1373 1374/1374/1372
f 1385/1385/1383 1387/1387/1385 1381/1381/1379
f 1388/1388/1386 1234/1234/1232 1228/1228/1226
f 1389/1389/1387 1228/1228/1226 1229/1229/1227
f 1388/1388/1386 1228/1228/1226 1389/1389/1387
f 1236/1236/1234 1390/1390/1388 1231/1231/1229
f 1231/1231/1229 1391/1391/1389 1230/1230/1228
f 1390/1390/1388 1391/1391/1389 1231/1231/1229
f 1232/1232/1230 1233/1233/1231 1392/1392/1390
f 1235/1235/1233 1234/1234/1232 1393/1393/1391
f 1234/1234/1232 1394/1394/1392 1393/1393/1391
f 1394/1394/1392 1234/1234/1232 1388/1388/1386
f 1235/1235/1233 1393/1393/1391 1395/1395/1393
f 1395/1395/1393 1236/1236/1234 1235/1235/1233
f 1395/1395/1393 1396/1396/1394 1236/1236/1234
f 1396/1396/1394 1390/1390/1388 1236/1236/1234
f 1397/1397/1395 1394/1394/1392 1388/1388/1386
f 1388/1388/1386 1398/1398/1396 1397/1397/1395
f 1389/1389/1387 1398/1398/1396 1388/1388/1386
f 1390/1390/1388 1399/1399/1397 1391/1391/1389
f 1400/1400/1398 1399/1399/1397 1390/1390/1388
f 1390/1390/1388 1396/1396/1394 1400/1400/1398
f 1395/1395/1393 1393/1393/1391 1401/1401/1399
f 1393/1393/1391 1402/1402/1400 1401/1401/1399
f 1393/1393/1391 1394/1394/1392 1402/1402/1400
f 1394/1394/1392 1403/1403/1401 1402/1402/1400
f 1403/1403/1401 1394/1394/1392 1397/1397/1395
f 1404/1404/1402 1396/1396/1394 1395/1395/1393
f 1401/1401/1399 1404/1404/1402 1395/1395/1393
f 1396/1396/1394 1404/1404/1402 1405/1405/1403
f 1400/1400/1398 1396/1396/1394 1405/1405/1403
f 1406/1406/1404 1403/1403/1401 1397/1397/1395
f 1397/1397/1395 1407/1407/1405 1406/1406/1404
f 1398/1398/1396 1407/1407/1405 1397/1397/1395
f 1400/1400/1398 1405/1405/1403 1408/1408/1406
f 1409/1409/1407 1400/1400/1398 1408/1408/1406
f 1399/1399/1397 1400/1400/1398 1409/1409/1407
f 1410/1410/1408 1404/1404/1402 1401/1401/1399
f 1411/1411/1409 1410/1410/1408 1401/1401/1399
f 1401/1401/1399 1402/1402/1400 1411/1411/1409
f 1412/1412/1410 1411/1411/1409 1402/1402/1400
f 1402/1402/1400 1403/1403/1401 1412/1412/1410
f 1413/1413/1411 1403/1403/1401 1406/1406/1404
f 1403/1403/1401 1413/1413/1411 1412/1412/1410
f 1404/1404/1402 1410/1410/1408 1414/1414/1412
f 1405/1405/1403 1404/1404/1402 1414/1414/1412
f 1405/1405/1403 1414/1414/1412 1415/1415/1413
f 1408/1408/1406 1405/1405/1403 1415/1415/1413
f 1416/1416/1414 1413/1413/1411 1406/1406/1404
f 1417/1417/1415 1406/1406/1404 1407/1407/1405
f 1416/1416/1414 1406/1406/1404 1417/1417/1415
f 1408/1408/1406 1415/1415/1413 1418/1418/1416
f 1408/1408/1406 1419/1419/1417 1409/1409/1407
f 1418/1418/1416 1419/1419/1417 1408/1408/1406
f 1420/1420/1418 1410/1410/1408 1411/1411/1409
f 1414/1414/1412 1410/1410/1408 1421/1421/1419
f 1410/1410/1408 1420/1420/1418 1421/1421/1419
f 1422/1422/1420 1420/1420/1418 1411/1411/1409
f 1422/1422/1420 1411/1411/1409 1412/1412/1410
f 1423/1423/1421 1422/1422/1420 1412/1412/1410
f 1412/1412/1410 1413/1413/1411 1423/1423/1421
f 1424/1424/1422 1413/1413/1411 1416/1416/1414
f 1413/1413/1411 1424/1424/1422 1423/1423/1421
f 1414/1414/1412 1421/1421/1419 1425/1425/1423
f 1415/1415/1413 1414/1414/1412 1425/1425/1423
f 1418/1418/1416 1415/1415/1413 1426/1426/1424
f 1425/1425/1423 1426/1426/1424 1415/1415/1413
f 1427/1427/1425 1416/1416/1414 1417/1417/1415
f 1428/1428/1426 1416/1416/1414 1427/1427/1425
f 1428/1428/1426 1424/1424/1422 1416/1416/1414
f 1418/1418/1416 1426/1426/1424 1429/1429/1427
f 1418/1418/1416 1430/1430/1428 1419/1419/1417
f 1429/1429/1427 1430/1430/1428 1418/1418/1416
f 1431/1431/1429 1420/1420/1418 1422/1422/1420
f 1421/1421/1419 1420/1420/1418 1432/1432/1430
f 1420/1420/1418 1431/1431/1429 1432/1432/1430
f 1421/1421/1419 1432/1432/1430 1433/1433/1431
f 1425/1425/1423 1421/1421/1419 1433/1433/1431
f 1434/1434/1432 1422/1422/1420 1423/1423/1421
f 1434/1434/1432 1431/1431/1429 1422/1422/1420
f 1423/1423/1421 1424/1424/1422 1435/1435/1433
f 1435/1435/1433 1434/1434/1432 1423/1423/1421
f 1436/1436/1434 1424/1424/1422 1428/1428/1426
f 1424/1424/1422 1436/1436/1434 1435/1435/1433
f 1437/1437/1435 1426/1426/1424 1425/1425/1423
f 1433/1433/1431 1437/1437/1435 1425/1425/1423
f 1437/1437/1435 1438/1438/1436 1426/1426/1424
f 1429/1429/1427 1426/1426/1424 1438/1438/1436
f 1428/1428/1426 1439/1439/1437 1436/1436/1434
f 1428/1428/1426 1440/1440/1438 1439/1439/1437
f 1427/1427/1425 1440/1440/1438 1428/1428/1426
f 1429/1429/1427 1438/1438/1436 1441/1441/1439
f 1442/1442/1440 1429/1429/1427 1441/1441/1439
f 1430/1430/1428 1429/1429/1427 1442/1442/1440
f 1443/1443/1441 1431/1431/1429 1434/1434/1432
f 1432/1432/1430 1431/1431/1429 1444/1444/1442
f 1431/1431/1429 1443/1443/1441 1444/1444/1442
f 1432/1432/1430 1444/1444/1442 1445/1445/1443
f 1433/1433/1431 1432/1432/1430 1445/1445/1443
f 1446/1446/1444 1437/1437/1435 1433/1433/1431
f 1445/1445/1443 1446/1446/1444 1433/1433/1431
f 1447/1447/1445 1434/1434/1432 1435/1435/1433
f 1447/1447/1445 1443/1443/1441 1434/1434/1432
f 1435/1435/1433 1436/1436/1434 1448/1448/1446
f 1448/1448/1446 1447/1447/1445 1435/1435/1433
f 1436/1436/1434 1439/1439/1437 1449/1449/1447
f 1436/1436/1434 1449/1449/1447 1448/1448/1446
f 1446/1446/1444 1450/1450/1448 1437/1437/1435
f 1450/1450/1448 1438/1438/1436 1437/1437/1435
f 1438/1438/1436 1450/1450/1448 1451/1451/1449
f 1441/1441/1439 1438/1438/1436 1451/1451/1449
f 1451/1451/1449 1452/1452/1450 1441/1441/1439
f 1453/1453/1451 1441/1441/1439 1452/1452/1450
f 1442/1442/1440 1441/1441/1439 1453/1453/1451
f 1454/1454/1452 1443/1443/1441 1447/1447/1445
f 1444/1444/1442 1443/1443/1441 1455/1455/1453
f 1443/1443/1441 1454/1454/1452 1455/1455/1453
f 1444/1444/1442 1455/1455/1453 1456/1456/1454
f 1445/1445/1443 1444/1444/1442 1456/1456/1454
f 1457/1457/1455 1446/1446/1444 1445/1445/1443
f 1456/1456/1454 1457/1457/1455 1445/1445/1443
f 1458/1458/1456 1450/1450/1448 1446/1446/1444
f 1457/1457/1455 1458/1458/1456 1446/1446/1444
f 1459/1459/1457 1447/1447/1445 1448/1448/1446
f 1459/1459/1457 1454/1454/1452 1447/1447/1445
f 1448/1448/1446 1460/1460/1458 1459/1459/1457
f 1448/1448/1446 1449/1449/1447 1460/1460/1458
f 1450/1450/1448 1458/1458/1456 1461/1461/1459
f 1451/1451/1449 1450/1450/1448 1461/1461/1459
f 1461/1461/1459 1462/1462/1460 1451/1451/1449
f 1462/1462/1460 1452/1452/1450 1451/1451/1449
f 1452/1452/1450 1462/1462/1460 1463/1463/1461
f 1452/1452/1450 1464/1464/1462 1453/1453/1451
f 1463/1463/1461 1464/1464/1462 1452/1452/1450
f 1465/1465/1463 1454/1454/1452 1459/1459/1457
f 1455/1455/1453 1454/1454/1452 1466/1466/1464
f 1454/1454/1452 1465/1465/1463 1466/1466/1464
f 1455/1455/1453 1466/1466/1464 1467/1467/1465
f 1456/1456/1454 1455/1455/1453 1467/1467/1465
f 1467/1467/1465 1468/1468/1466 1456/1456/1454
f 1468/1468/1466 1457/1457/1455 1456/1456/1454
f 1469/1469/1467 1458/1458/1456 1457/1457/1455
f 1457/1457/1455 1468/1468/1466 1469/1469/1467
f 1458/1458/1456 1469/1469/1467 1470/1470/1468
f 1461/1461/1459 1458/1458/1456 1470/1470/1468
f 1459/1459/1457 1460/1460/1458 1471/1471/1469
f 1459/1459/1457 1471/1471/1469 1465/1465/1463
f 1461/1461/1459 1470/1470/1468 1472/1472/1470
f 1472/1472/1470 1462/1462/1460 1461/1461/1459
f 1473/1473/1471 1462/1462/1460 1472/1472/1470
f 1474/1474/1472 1462/1462/1460 1473/1473/1471
f 1463/1463/1461 1462/1462/1460 1474/1474/1472
f 1474/1474/1472 1475/1475/1473 1463/1463/1461
f 1476/1476/1474 1463/1463/1461 1475/1475/1473
f 1464/1464/1462 1463/1463/1461 1476/1476/1474
f 1465/1465/1463 1471/1471/1469 1477/1477/1475
f 1466/1466/1464 1465/1465/1463 1478/1478/1476
f 1465/1465/1463 1477/1477/1475 1478/1478/1476
f 1466/1466/1464 1478/1478/1476 1479/1479/1477
f 1467/1467/1465 1466/1466/1464 1479/1479/1477
f 1480/1480/1478 1468/1468/1466 1467/1467/1465
f 1479/1479/1477 1480/1480/1478 1467/1467/1465
f 1473/1473/1471 1472/1472/1470 1481/1481/1479
f 1472/1472/1470 1470/1470/1468 1482/1482/1480
f 1481/1481/1479 1472/1472/1470 1482/1482/1480
f 1473/1473/1471 1483/1483/1481 1474/1474/1472
f 1473/1473/1471 1484/1484/1482 1483/1483/1481
f 1481/1481/1479 1484/1484/1482 1473/1473/1471
f 1485/1485/1483 1475/1475/1473 1474/1474/1472
f 1474/1474/1472 1483/1483/1481 1485/1485/1483
f 1479/1479/1477 1478/1478/1476 1486/1486/1484
f 1478/1478/1476 1487/1487/1485 1486/1486/1484
f 1478/1478/1476 1477/1477/1475 1487/1487/1485
f 1488/1488/1486 1480/1480/1478 1479/1479/1477
f 1486/1486/1484 1488/1488/1486 1479/1479/1477
f 1481/1481/1479 1482/1482/1480 1489/1489/1487
f 1481/1481/1479 1490/1490/1488 1484/1484/1482
f 1489/1489/1487 1490/1490/1488 1481/1481/1479
f 1483/1483/1481 1491/1491/1489 1485/1485/1483
f 1483/1483/1481 1492/1492/1490 1491/1491/1489
f 1484/1484/1482 1492/1492/1490 1483/1483/1481
f 1490/1490/1488 1493/1493/1491 1484/1484/1482
f 1484/1484/1482 1493/1493/1491 1492/1492/1490
f 1494/1494/1492 1488/1488/1486 1486/1486/1484
f 1495/1495/1493 1494/1494/1492 1486/1486/1484
f 1486/1486/1484 1487/1487/1485 1495/1495/1493
f 1490/1490/1488 1496/1496/1494 1493/1493/1491
f 1497/1497/1495 1496/1496/1494 1490/1490/1488
f 1489/1489/1487 1497/1497/1495 1490/1490/1488
f 1492/1492/1490 1498/1498/1496 1491/1491/1489
f 1492/1492/1490 1499/1499/1497 1498/1498/1496
f 1493/1493/1491 1499/1499/1497 1492/1492/1490
f 1496/1496/1494 1500/1500/1498 1493/1493/1491
f 1493/1493/1491 1500/1500/1498 1499/1499/1497
f 1500/1500/1498 1496/1496/1494 1501/1501/1499
f 1496/1496/1494 1497/1497/1495 1502/1502/1500
f 1501/1501/1499 1496/1496/1494 1502/1502/1500
f 1503/1503/1501 1498/1498/1496 1499/1499/1497
f 1499/1499/1497 1504/1504/1502 1503/1503/1501
f 1500/1500/1498 1504/1504/1502 1499/1499/1497
f 1501/1501/1499 1505/1505/1503 1500/1500/1498
f 1500/1500/1498 1505/1505/1503 1504/1504/1502
f 1502/1502/1500 1506/1506/1504 1501/1501/1499
f 1501/1501/1499 1507/1507/1505 1505/1505/1503
f 1506/1506/1504 1507/1507/1505 1501/1501/1499
f 1508/1508/1506 1506/1506/1504 1502/1502/1500
f 1509/1509/1507 1508/1508/1506 1502/1502/1500
f 1502/1502/1500 1497/1497/1495 1509/1509/1507
f 1510/1510/1508 1504/1504/1502 1505/1505/1503
f 1511/1511/1509 1504/1504/1502 1510/1510/1508
f 1511/1511/1509 1503/1503/1501 1504/1504/1502
f 1510/1510/1508 1505/1505/1503 1512/1512/1510
f 1512/1512/1510 1505/1505/1503 1507/1507/1505
f 1506/1506/1504 1508/1508/1506 1513/1513/1511
f 1514/1514/1512 1506/1506/1504 1513/1513/1511
f 1507/1507/1505 1506/1506/1504 1514/1514/1512
f 1512/1512/1510 1507/1507/1505 1515/1515/1513
f 1515/1515/1513 1507/1507/1505 1514/1514/1512
f 1516/1516/1514 1508/1508/1506 1509/1509/1507
f 1513/1513/1511 1508/1508/1506 1517/1517/1515
f 1508/1508/1506 1516/1516/1514 1517/1517/1515
f 1518/1518/1516 1511/1511/1509 1510/1510/1508
f 1519/1519/1517 1510/1510/1508 1512/1512/1510
f 1518/1518/1516 1510/1510/1508 1519/1519/1517
f 1519/1519/1517 1512/1512/1510 1520/1520/1518
f 1520/1520/1518 1512/1512/1510 1515/1515/1513
f 1517/1517/1515 1521/1521/1519 1513/1513/1511
f 1513/1513/1511 1522/1522/1520 1514/1514/1512
f 1521/1521/1519 1522/1522/1520 1513/1513/1511
f 1522/1522/1520 1523/1523/1521 1514/1514/1512
f 1514/1514/1512 1523/1523/1521 1515/1515/1513
f 1523/1523/1521 1524/1524/1522 1515/1515/1513
f 1515/1515/1513 1524/1524/1522 1520/1520/1518
f 1525/1525/1523 1521/1521/1519 1517/1517/1515
f 1517/1517/1515 1516/1516/1514 1526/1526/1524
f 1526/1526/1524 1525/1525/1523 1517/1517/1515
f 1527/1527/1525 1518/1518/1516 1519/1519/1517
f 1528/1528/1526 1519/1519/1517 1520/1520/1518
f 1527/1527/1525 1519/1519/1517 1528/1528/1526
f 1524/1524/1522 1529/1529/1527 1520/1520/1518
f 1520/1520/1518 1529/1529/1527 1528/1528/1526
f 1521/1521/1519 1525/1525/1523 1530/1530/1528
f 1531/1531/1529 1521/1521/1519 1530/1530/1528
f 1522/1522/1520 1521/1521/1519 1531/1531/1529
f 1523/1523/1521 1522/1522/1520 1532/1532/1530
f 1532/1532/1530 1522/1522/1520 1531/1531/1529
f 1532/1532/1530 1533/1533/1531 1523/1523/1521
f 1523/1523/1521 1533/1533/1531 1524/1524/1522
f 1529/1529/1527 1524/1524/1522 1534/1534/1532
f 1534/1534/1532 1524/1524/1522 1533/1533/1531
f 1530/1530/1528 1525/1525/1523 1535/1535/1533
f 1525/1525/1523 1536/1536/1534 1535/1535/1533
f 1536/1536/1534 1525/1525/1523 1526/1526/1524
f 1529/1529/1527 1537/1537/1535 1528/1528/1526
f 1528/1528/1526 1538/1538/1536 1527/1527/1525
f 1528/1528/1526 1537/1537/1535 1538/1538/1536
f 1537/1537/1535 1529/1529/1527 1539/1539/1537
f 1539/1539/1537 1529/1529/1527 1534/1534/1532
f 1381/1381/1379 1387/1387/1385 1382/1382/1380
f 1382/1382/1380 1387/1387/1385 1540/1540/1538
f 1540/1540/1538 1383/1383/1381 1382/1382/1380
f 1541/1541/1539 1383/1383/1381 1540/1540/1538
f 1541/1541/1539 1384/1384/1382 1383/1383/1381
f 1542/1542/1540 1384/1384/1382 1541/1541/1539
f 1380/1380/1378 1384/1384/1382 1543/1543/1541
f 1384/1384/1382 1542/1542/1540 1543/1543/1541
f 1540/1540/1538 1544/1544/1542 1541/1541/1539
f 1544/1544/1542 1542/1542/1540 1541/1541/1539
f 1385/1385/1383 1386/1386/1384 1545/1545/1543
f 1545/1545/1543 1546/1546/1544 1385/1385/1383
f 1546/1546/1544 1387/1387/1385 1385/1385/1383
f 1546/1546/1544 1547/1547/1545 1387/1387/1385
f 1387/1387/1385 1547/1547/1545 1540/1540/1538
f 1548/1548/1546 1544/1544/1542 1540/1540/1538
f 1540/1540/1538 1547/1547/1545 1548/1548/1546
f 1549/1549/1547 1542/1542/1540 1544/1544/1542
f 1543/1543/1541 1542/1542/1540 1550/1550/1548
f 1542/1542/1540 1549/1549/1547 1550/1550/1548
f 1548/1548/1546 1551/1551/1549 1544/1544/1542
f 1544/1544/1542 1552/1552/1550 1549/1549/1547
f 1551/1551/1549 1552/1552/1550 1544/1544/1542
f 1553/1553/1551 1551/1551/1549 1548/1548/1546
f 1547/1547/1545 1553/1553/1551 1548/1548/1546
f 1554/1554/1552 1547/1547/1545 1546/1546/1544
f 1555/1555/1553 1554/1554/1552 1546/1546/1544
f 1555/1555/1553 1546/1546/1544 1545/1545/1543
f 1554/1554/1552 1556/1556/1554 1547/1547/1545
f 1557/1557/1555 1553/1553/1551 1547/1547/1545
f 1547/1547/1545 1556/1556/1554 1557/1557/1555
f 1552/1552/1550 1558/1558/1556 1549/1549/1547
f 1550/1550/1548 1549/1549/1547 1559/1559/1557
f 1549/1549/1547 1558/1558/1556 1559/1559/1557
f 1556/1556/1554 1554/1554/1552 1560/1560/1558
f 1561/1561/1559 1554/1554/1552 1555/1555/1553
f 1560/1560/1558 1554/1554/1552 1561/1561/1559
f 1558/1558/1556 1562/1562/1560 1559/1559/1557
f 1559/1559/1557 1562/1562/1560 1563/1563/1561
f 1559/1559/1557 1564/1564/1562 1550/1550/1548
f 1563/1563/1561 1564/1564/1562 1559/1559/1557
f 1560/1560/1558 1561/1561/1559 1565/1565/1563
f 1566/1566/1564 1561/1561/1559 1555/1555/1553
f 1567/1567/1565 1561/1561/1559 1566/1566/1564
f 1565/1565/1563 1561/1561/1559 1567/1567/1565
f 1562/1562/1560 1568/1568/1566 1563/1563/1561
f 1563/1563/1561 1569/1569/1567 1564/1564/1562
f 1570/1570/1568 1569/1569/1567 1563/1563/1561
f 1563/1563/1561 1568/1568/1566 1570/1570/1568
f 1567/1567/1565 1571/1571/1569 1565/1565/1563
f 1572/1572/1570 1571/1571/1569 1567/1567/1565
f 1573/1573/1571 1567/1567/1565 1566/1566/1564
f 1572/1572/1570 1567/1567/1565 1573/1573/1571
f 1574/1574/1572 1570/1570/1568 1568/1568/1566
f 1570/1570/1568 1575/1575/1573 1569/1569/1567
f 1576/1576/1574 1575/1575/1573 1570/1570/1568
f 1576/1576/1574 1570/1570/1568 1574/1574/1572
f 1569/1569/1567 1577/1577/1575 1564/1564/1562
f 1569/1569/1567 1578/1578/1576 1577/1577/1575
f 1575/1575/1573 1578/1578/1576 1569/1569/1567
f 1571/1571/1569 1572/1572/1570 1579/1579/1577
f 1579/1579/1577 1572/1572/1570 1580/1580/1578
f 1581/1581/1579 1572/1572/1570 1573/1573/1571
f 1580/1580/1578 1572/1572/1570 1581/1581/1579
f 1574/1574/1572 1582/1582/1580 1576/1576/1574
f 1576/1576/1574 1583/1583/1581 1575/1575/1573
f 1575/1575/1573 1584/1584/1582 1578/1578/1576
f 1583/1583/1581 1584/1584/1582 1575/1575/1573
f 1585/1585/1583 1583/1583/1581 1576/1576/1574
f 1576/1576/1574 1582/1582/1580 1585/1585/1583
f 1586/1586/1584 1577/1577/1575 1578/1578/1576
f 1578/1578/1576 1587/1587/1585 1586/1586/1584
f 1584/1584/1582 1587/1587/1585 1578/1578/1576
f 1588/1588/1586 1587/1587/1585 1584/1584/1582
f 1583/1583/1581 1588/1588/1586 1584/1584/1582
f 1585/1585/1583 1589/1589/1587 1583/1583/1581
f 1589/1589/1587 1588/1588/1586 1583/1583/1581
f 1579/1579/1577 1580/1580/1578 1590/1590/1588
f 1591/1591/1589 1580/1580/1578 1581/1581/1579
f 1592/1592/1590 1580/1580/1578 1591/1591/1589
f 1590/1590/1588 1580/1580/1578 1592/1592/1590
f 1593/1593/1591 1585/1585/1583 1582/1582/1580
f 1594/1594/1592 1585/1585/1583 1593/1593/1591
f 1594/1594/1592 1589/1589/1587 1585/1585/1583
f 1595/1595/1593 1587/1587/1585 1588/1588/1586
f 1596/1596/1594 1595/1595/1593 1588/1588/1586
f 1589/1589/1587 1596/1596/1594 1588/1588/1586
f 1587/1587/1585 1597/1597/1595 1586/1586/1584
f 1598/1598/1596 1597/1597/1595 1587/1587/1585
f 1587/1587/1585 1595/1595/1593 1598/1598/1596
f 1594/1594/1592 1599/1599/1597 1589/1589/1587
f 1600/1600/1598 1596/1596/1594 1589/1589/1587
f 1589/1589/1587 1599/1599/1597 1600/1600/1598
f 1599/1599/1597 1594/1594/1592 1601/1601/1599
f 1601/1601/1599 1594/1594/1592 1593/1593/1591
f 1602/1602/1600 1592/1592/1590 1591/1591/1589
f 1603/1603/1601 1592/1592/1590 1602/1602/1600
f 1603/1603/1601 1590/1590/1588 1592/1592/1590
f 1604/1604/1602 1595/1595/1593 1596/1596/1594
f 1598/1598/1596 1595/1595/1593 1605/1605/1603
f 1595/1595/1593 1604/1604/1602 1605/1605/1603
f 1606/1606/1604 1604/1604/1602 1596/1596/1594
f 1600/1600/1598 1606/1606/1604 1596/1596/1594
f 1598/1598/1596 1605/1605/1603 1607/1607/1605
f 1608/1608/1606 1598/1598/1596 1607/1607/1605
f 1597/1597/1595 1598/1598/1596 1608/1608/1606
f 1599/1599/1597 1609/1609/1607 1600/1600/1598
f 1610/1610/1608 1599/1599/1597 1601/1601/1599
f 1609/1609/1607 1599/1599/1597 1610/1610/1608
f 1600/1600/1598 1609/1609/1607 1611/1611/1609
f 1611/1611/1609 1606/1606/1604 1600/1600/1598
f 1612/1612/1610 1604/1604/1602 1606/1606/1604
f 1612/1612/1610 1613/1613/1611 1604/1604/1602
f 1605/1605/1603 1604/1604/1602 1613/1613/1611
f 1605/1605/1603 1613/1613/1611 1614/1614/1612
f 1607/1607/1605 1605/1605/1603 1614/1614/1612
f 1615/1615/1613 1612/1612/1610 1606/1606/1604
f 1611/1611/1609 1615/1615/1613 1606/1606/1604
f 1614/1614/1612 1616/1616/1614 1607/1607/1605
f 1607/1607/1605 1617/1617/1615 1608/1608/1606
f 1616/1616/1614 1617/1617/1615 1607/1607/1605
f 1609/1609/1607 1618/1618/1616 1611/1611/1609
f 1619/1619/1617 1609/1609/1607 1610/1610/1608
f 1618/1618/1616 1609/1609/1607 1619/1619/1617
f 1611/1611/1609 1618/1618/1616 1620/1620/1618
f 1620/1620/1618 1615/1615/1613 1611/1611/1609
f 1621/1621/1619 1613/1613/1611 1612/1612/1610
f 631/631/631 1612/1612/1610 1615/1615/1613
f 631/631/631 1621/1621/1619 1612/1612/1610
f 1613/1613/1611 1621/1621/1619 1622/1622/1620
f 1614/1614/1612 1613/1613/1611 1622/1622/1620
f 1614/1614/1612 1622/1622/1620 1623/1623/1621
f 1623/1623/1621 1616/1616/1614 1614/1614/1612
f 1624/1624/399 631/631/631 1615/1615/1613
f 1620/1620/1618 1624/1624/399 1615/1615/1613
f 1618/1618/1616 1625/1625/392 1620/1620/1618
f 1625/1625/392 1624/1624/399 1620/1620/1618
f 1616/1616/1614 1623/1623/1621 1626/1626/1622
f 1627/1627/1623 1616/1616/1614 1626/1626/1622
f 1617/1617/1615 1616/1616/1614 1627/1627/1623
f 1628/1628/385 1625/1625/392 1618/1618/1616
f 1618/1618/1616 1629/1629/386 1628/1628/385
f 1619/1619/1617 1629/1629/386 1618/1618/1616
f 629/629/629 1621/1621/1619 631/631/631
f 1622/1622/1620 1621/1621/1619 1630/1630/1624
f 1621/1621/1619 629/629/629 1630/1630/1624
f 1622/1622/1620 1630/1630/1624 1631/1631/1625
f 1623/1623/1621 1622/1622/1620 1631/1631/1625
f 1631/1631/1625 1632/1632/1626 1623/1623/1621
f 1626/1626/1622 1623/1623/1621 1632/1632/1626
f 632/632/408 631/631/631 1624/1624/399
f 1626/1626/1622 1633/1633/1627 1627/1627/1623
f 1634/1634/1628 1633/1633/1627 1626/1626/1622
f 1632/1632/1626 1634/1634/1628 1626/1626/1622
f 1630/1630/1624 629/629/629 627/627/627
f 1631/1631/1625 1630/1630/1624 1635/1635/1629
f 1630/1630/1624 627/627/627 1635/1635/1629
f 1636/1636/1630 1632/1632/1626 1631/1631/1625
f 1635/1635/1629 1636/1636/1630 1631/1631/1625
f 1637/1637/1631 1634/1634/1628 1632/1632/1626
f 1632/1632/1626 1638/1638/1632 1637/1637/1631
f 1636/1636/1630 1638/1638/1632 1632/1632/1626
f 1634/1634/1628 1637/1637/1631 1639/1639/1633
f 1640/1640/1634 1634/1634/1628 1639/1639/1633
f 1633/1633/1627 1634/1634/1628 1640/1640/1634
f 1641/1641/1635 1636/1636/1630 1635/1635/1629
f 1635/1635/1629 627/627/627 626/626/626
f 626/626/626 1641/1641/1635 1635/1635/1629
f 1641/1641/1635 1642/1642/1636 1636/1636/1630
f 1636/1636/1630 1642/1642/1636 1638/1638/1632
f 1638/1638/1632 1643/1643/1637 1637/1637/1631
f 1639/1639/1633 1637/1637/1631 1644/1644/1638
f 1637/1637/1631 1643/1643/1637 1644/1644/1638
f 1642/1642/1636 1645/1645/1639 1638/1638/1632
f 1638/1638/1632 1645/1645/1639 1643/1643/1637
f 1639/1639/1633 1644/1644/1638 1646/1646/1640
f 1639/1639/1633 1647/1647/1641 1640/1640/1634
f 1646/1646/1640 1647/1647/1641 1639/1639/1633
f 1643/1643/1637 1648/1648/1642 1644/1644/1638
f 1646/1646/1640 1644/1644/1638 1648/1648/1642
f 623/623/623 1641/1641/1635 626/626/626
f 1641/1641/1635 1649/1649/1643 1642/1642/1636
f 623/623/623 1649/1649/1643 1641/1641/1635
f 1649/1649/1643 1650/1650/1644 1642/1642/1636
f 1642/1642/1636 1650/1650/1644 1645/1645/1639
f 1651/1651/1645 1648/1648/1642 1643/1643/1637
f 1643/1643/1637 1652/1652/1646 1651/1651/1645
f 1645/1645/1639 1652/1652/1646 1643/1643/1637
f 1650/1650/1644 1653/1653/1647 1645/1645/1639
f 1645/1645/1639 1653/1653/1647 1652/1652/1646
f 1646/1646/1640 1648/1648/1642 1654/1654/1648
f 1655/1655/1649 1646/1646/1640 1654/1654/1648
f 1647/1647/1641 1646/1646/1640 1655/1655/1649
f 1651/1651/1645 1656/1656/1650 1648/1648/1642
f 1654/1654/1648 1648/1648/1642 1656/1656/1650
f 1657/1657/1651 1656/1656/1650 1651/1651/1645
f 1652/1652/1646 1657/1657/1651 1651/1651/1645
f 1653/1653/1647 1650/1650/1644 1658/1658/1652
f 1650/1650/1644 1649/1649/1643 1659/1659/1653
f 1658/1658/1652 1650/1650/1644 1659/1659/1653
f 625/625/625 1649/1649/1643 623/623/623
f 1660/1660/1654 1649/1649/1643 625/625/625
f 1659/1659/1653 1649/1649/1643 1660/1660/1654
f 1661/1661/1655 1657/1657/1651 1652/1652/1646
f 1652/1652/1646 1662/1662/1656 1661/1661/1655
f 1653/1653/1647 1662/1662/1656 1652/1652/1646
f 1662/1662/1656 1653/1653/1647 1663/1663/1657
f 1663/1663/1657 1653/1653/1647 1658/1658/1652
f 1654/1654/1648 1664/1664/1658 1655/1655/1649
f 1665/1665/1659 1664/1664/1658 1654/1654/1648
f 1656/1656/1650 1665/1665/1659 1654/1654/1648
f 1666/1666/1660 1665/1665/1659 1656/1656/1650
f 1657/1657/1651 1666/1666/1660 1656/1656/1650
f 1667/1667/1661 1666/1666/1660 1657/1657/1651
f 1661/1661/1655 1667/1667/1661 1657/1657/1651
f 1668/1668/1662 1667/1667/1661 1661/1661/1655
f 1662/1662/1656 1668/1668/1662 1661/1661/1655
f 1669/1669/1663 1668/1668/1662 1662/1662/1656
f 1670/1670/1664 1662/1662/1656 1663/1663/1657
f 1669/1669/1663 1662/1662/1656 1670/1670/1664
f 1665/1665/1659 1666/1666/1660 1671/1671/1665
f 1672/1672/1666 1665/1665/1659 1671/1671/1665
f 1664/1664/1658 1665/1665/1659 1672/1672/1666
f 1666/1666/1660 1667/1667/1661 1673/1673/1667
f 1671/1671/1665 1666/1666/1660 1673/1673/1667
f 1668/1668/1662 1674/1674/1668 1667/1667/1661
f 1673/1673/1667 1667/1667/1661 1674/1674/1668
f 1669/1669/1663 1675/1675/1669 1668/1668/1662
f 1675/1675/1669 1674/1674/1668 1668/1668/1662
f 1676/1676/1670 1669/1669/1663 1670/1670/1664
f 1677/1677/1671 1669/1669/1663 1676/1676/1670
f 1677/1677/1671 1675/1675/1669 1669/1669/1663
f 1675/1675/1669 1678/1678/1672 1674/1674/1668
f 1677/1677/1671 1678/1678/1672 1675/1675/1669
f 1674/1674/1668 1679/1679/1673 1673/1673/1667
f 1674/1674/1668 1678/1678/1672 1679/1679/1673
f 1673/1673/1667 1679/1679/1673 1680/1680/1674
f 1680/1680/1674 1671/1671/1665 1673/1673/1667
f 1681/1681/1675 1671/1671/1665 1680/1680/1674
f 1671/1671/1665 1682/1682/1676 1672/1672/1666
f 1681/1681/1675 1682/1682/1676 1671/1671/1665
f 1683/1683/1677 1678/1678/1672 1677/1677/1671
f 1676/1676/1670 1683/1683/1677 1677/1677/1671
f 1684/1684/1678 1683/1683/1677 1676/1676/1670
f 1685/1685/1679 1679/1679/1673 1678/1678/1672
f 1686/1686/1680 1678/1678/1672 1683/1683/1677
f 1685/1685/1679 1678/1678/1672 1686/1686/1680
f 1684/1684/1678 1686/1686/1680 1683/1683/1677
f 1687/1687/1681 1679/1679/1673 1685/1685/1679
f 1679/1679/1673 1687/1687/1681 1680/1680/1674
f 1680/1680/1674 1687/1687/1681 1688/1688/1682
f 1680/1680/1674 1688/1688/1682 1681/1681/1675
f 1681/1681/1675 1689/1689/1683 1682/1682/1676
f 1681/1681/1675 1688/1688/1682 1689/1689/1683
f 1688/1688/1682 1690/1690/1684 1689/1689/1683
f 1688/1688/1682 1687/1687/1681 1690/1690/1684
f 1530/1530/1528 1691/1691/1685 1531/1531/1529
f 1692/1692/1686 1691/1691/1685 1530/1530/1528
f 1530/1530/1528 1535/1535/1533 1692/1692/1686
f 1691/1691/1685 1693/1693/1687 1531/1531/1529
f 1531/1531/1529 1693/1693/1687 1532/1532/1530
f 1693/1693/1687 1694/1694/1688 1532/1532/1530
f 1532/1532/1530 1694/1694/1688 1533/1533/1531
f 1694/1694/1688 1695/1695/1689 1533/1533/1531
f 1533/1533/1531 1695/1695/1689 1534/1534/1532
f 1695/1695/1689 1696/1696/1690 1534/1534/1532
f 1534/1534/1532 1696/1696/1690 1539/1539/1537
f 1697/1697/1691 1537/1537/1535 1539/1539/1537
f 1539/1539/1537 1696/1696/1690 1697/1697/1691
f 1537/1537/1535 1698/1698/1692 1538/1538/1536
f 1698/1698/1692 1537/1537/1535 1697/1697/1691
f 1694/1694/1688 1693/1693/1687 1699/1699/1693
f 1694/1694/1688 1699/1699/1693 1695/1695/1689
f 1693/1693/1687 1691/1691/1685 1700/1700/1694
f 1699/1699/1693 1693/1693/1687 1700/1700/1694
f 1691/1691/1685 1692/1692/1686 1701/1701/1695
f 1700/1700/1694 1691/1691/1685 1701/1701/1695
f 1695/1695/1689 1699/1699/1693 1702/1702/1696
f 1702/1702/1696 1696/1696/1690 1695/1695/1689
f 1700/1700/1694 1701/1701/1695 1703/1703/1697
f 1700/1700/1694 1703/1703/1697 1699/1699/1693
f 1699/1699/1693 1703/1703/1697 1704/1704/1698
f 1699/1699/1693 1704/1704/1698 1702/1702/1696
f 1697/1697/1691 1696/1696/1690 1705/1705/1699
f 1706/1706/1700 1696/1696/1690 1702/1702/1696
f 1696/1696/1690 1706/1706/1700 1705/1705/1699
f 1707/1707/1701 1698/1698/1692 1697/1697/1691
f 1697/1697/1691 1708/1708/1702 1707/1707/1701
f 1705/1705/1699 1708/1708/1702 1697/1697/1691
f 1702/1702/1696 1704/1704/1698 1709/1709/1703
f 1709/1709/1703 1706/1706/1700 1702/1702/1696
f 1705/1705/1699 1706/1706/1700 1710/1710/1704
f 1705/1705/1699 1710/1710/1704 1708/1708/1702
f 1711/1711/1705 1706/1706/1700 1709/1709/1703
f 1706/1706/1700 1711/1711/1705 1710/1710/1704
f 1704/1704/1698 1712/1712/1706 1709/1709/1703
f 1713/1713/1707 1712/1712/1706 1704/1704/1698
f 1703/1703/1697 1713/1713/1707 1704/1704/1698
f 1712/1712/1706 1714/1714/1708 1709/1709/1703
f 1709/1709/1703 1714/1714/1708 1711/1711/1705
f 1711/1711/1705 1714/1714/1708 1715/1715/1709
f 1710/1710/1704 1711/1711/1705 1715/1715/1709
f 1708/1708/1702 1710/1710/1704 1716/1716/1710
f 1710/1710/1704 1715/1715/1709 1716/1716/1710
f 1708/1708/1702 1717/1717/1711 1707/1707/1701
f 1708/1708/1702 1718/1718/860 1717/1717/1711
f 1716/1716/1710 1718/1718/860 1708/1708/1702
f 1715/1715/1709 1714/1714/1708 1719/1719/1712
f 1719/1719/1712 1720/1720/1713 1715/1715/1709
f 1716/1716/1710 1715/1715/1709 1721/1721/1714
f 1715/1715/1709 1720/1720/1713 1721/1721/1714
f 1718/1718/860 1716/1716/1710 1722/1722/856
f 1722/1722/856 1716/1716/1710 1721/1721/1714
f 1721/1721/1714 1720/1720/1713 1722/1722/856
f 1722/1722/856 1720/1720/1713 1723/1723/857
f 1724/1724/1715 1713/1713/1707 1703/1703/1697
f 1703/1703/1697 1725/1725/1716 1724/1724/1715
f 1707/1707/1701 1717/1717/1711 1726/1726/869
f 1727/1727/1717 1725/1725/1716 1703/1703/1697
f 1703/1703/1697 1701/1701/1695 1727/1727/1717
f 1727/1727/1717 1728/1728/1718 1725/1725/1716
f 1729/1729/1719 1728/1728/1718 1727/1727/1717
f 1727/1727/1717 1730/1730/1720 1729/1729/1719
f 1701/1701/1695 1730/1730/1720 1727/1727/1717
f 1701/1701/1695 1692/1692/1686 1730/1730/1720
f 1731/1731/1721 1728/1728/1718 1729/1729/1719
f 1729/1729/1719 1732/1732/1722 1731/1731/1721
f 1730/1730/1720 1732/1732/1722 1729/1729/1719
f 1732/1732/1722 1730/1730/1720 1733/1733/1723
f 1733/1733/1723 1730/1730/1720 1692/1692/1686
f 1734/1734/1724 1728/1728/1718 1731/1731/1721
f 1726/1726/869 1735/1735/1725 1707/1707/1701
f 1735/1735/1725 1698/1698/1692 1707/1707/1701
f 1736/1736/875 1735/1735/1725 1726/1726/869
f 1692/1692/1686 1535/1535/1533 1733/1733/1723
f 1737/1737/1726 1734/1734/1724 1731/1731/1721
f 1731/1731/1721 1738/1738/1727 1737/1737/1726
f 1732/1732/1722 1738/1738/1727 1731/1731/1721
f 1738/1738/1727 1732/1732/1722 1739/1739/1728
f 1739/1739/1728 1732/1732/1722 1733/1733/1723
f 1535/1535/1533 1740/1740/1729 1733/1733/1723
f 1733/1733/1723 1740/1740/1729 1739/1739/1728
f 1741/1741/1730 1734/1734/1724 1737/1737/1726
f 1735/1735/1725 1736/1736/875 1742/1742/1731
f 1743/1743/1732 1735/1735/1725 1742/1742/1731
f 1698/1698/1692 1735/1735/1725 1743/1743/1732
f 1538/1538/1536 1698/1698/1692 1743/1743/1732
f 1742/1742/1731 1736/1736/875 1744/1744/882
f 1535/1535/1533 1536/1536/1534 1740/1740/1729
f 1745/1745/1733 1738/1738/1727 1739/1739/1728
f 1746/1746/1734 1738/1738/1727 1745/1745/1733
f 1738/1738/1727 1746/1746/1734 1737/1737/1726
f 1740/1740/1729 1747/1747/1735 1739/1739/1728
f 1739/1739/1728 1747/1747/1735 1745/1745/1733
f 1536/1536/1534 1748/1748/1736 1740/1740/1729
f 1740/1740/1729 1748/1748/1736 1747/1747/1735
f 1741/1741/1730 1737/1737/1726 1749/1749/1737
f 1742/1742/1731 1750/1750/1738 1743/1743/1732
f 1751/1751/1739 1750/1750/1738 1742/1742/1731
f 1744/1744/882 1751/1751/1739 1742/1742/1731
f 1750/1750/1738 1752/1752/1740 1743/1743/1732
f 1743/1743/1732 1752/1752/1740 1538/1538/1536
f 1527/1527/1525 1538/1538/1536 1752/1752/1740
f 1753/1753/895 1751/1751/1739 1744/1744/882
f 1754/1754/1741 1745/1745/1733 1747/1747/1735
f 1755/1755/1742 1745/1745/1733 1754/1754/1741
f 1755/1755/1742 1746/1746/1734 1745/1745/1733
f 1748/1748/1736 1756/1756/1743 1747/1747/1735
f 1747/1747/1735 1756/1756/1743 1754/1754/1741
f 1752/1752/1740 1750/1750/1738 1757/1757/1744
f 1750/1750/1738 1751/1751/1739 1758/1758/1745
f 1757/1757/1744 1750/1750/1738 1758/1758/1745
f 1751/1751/1739 1753/1753/895 1759/1759/1746
f 1758/1758/1745 1751/1751/1739 1759/1759/1746
f 1527/1527/1525 1752/1752/1740 1760/1760/1747
f 1760/1760/1747 1752/1752/1740 1757/1757/1744
f 1760/1760/1747 1518/1518/1516 1527/1527/1525
f 1759/1759/1746 1753/1753/895 1761/1761/1748
f 1762/1762/1749 1755/1755/1742 1754/1754/1741
f 1754/1754/1741 1763/1763/1750 1762/1762/1749
f 1756/1756/1743 1763/1763/1750 1754/1754/1741
f 1758/1758/1745 1764/1764/1751 1757/1757/1744
f 1765/1765/1752 1757/1757/1744 1764/1764/1751
f 1760/1760/1747 1757/1757/1744 1765/1765/1752
f 1766/1766/1753 1764/1764/1751 1758/1758/1745
f 1759/1759/1746 1766/1766/1753 1758/1758/1745
f 1761/1761/1748 1767/1767/1754 1759/1759/1746
f 1767/1767/1754 1766/1766/1753 1759/1759/1746
f 1765/1765/1752 1768/1768/1755 1760/1760/1747
f 1760/1760/1747 1768/1768/1755 1518/1518/1516
f 1768/1768/1755 1511/1511/1509 1518/1518/1516
f 1769/1769/1756 1767/1767/1754 1761/1761/1748
f 1764/1764/1751 1766/1766/1753 1770/1770/1757
f 1771/1771/1758 1764/1764/1751 1770/1770/1757
f 1765/1765/1752 1764/1764/1751 1771/1771/1758
f 1768/1768/1755 1765/1765/1752 1772/1772/1759
f 1772/1772/1759 1765/1765/1752 1771/1771/1758
f 1766/1766/1753 1767/1767/1754 1773/1773/1760
f 1770/1770/1757 1766/1766/1753 1773/1773/1760
f 1767/1767/1754 1769/1769/1756 1774/1774/1761
f 1773/1773/1760 1767/1767/1754 1774/1774/1761
f 1772/1772/1759 1775/1775/1762 1768/1768/1755
f 1768/1768/1755 1775/1775/1762 1511/1511/1509
f 1775/1775/1762 1503/1503/1501 1511/1511/1509
f 1774/1774/1761 1769/1769/1756 1776/1776/1763
f 1773/1773/1760 1777/1777/1764 1770/1770/1757
f 1770/1770/1757 1778/1778/1765 1771/1771/1758
f 1777/1777/1764 1778/1778/1765 1770/1770/1757
f 1778/1778/1765 1779/1779/1766 1771/1771/1758
f 1771/1771/1758 1779/1779/1766 1772/1772/1759
f 1779/1779/1766 1780/1780/1767 1772/1772/1759
f 1772/1772/1759 1780/1780/1767 1775/1775/1762
f 1781/1781/1768 1777/1777/1764 1773/1773/1760
f 1774/1774/1761 1781/1781/1768 1773/1773/1760
f 1776/1776/1763 1782/1782/1769 1774/1774/1761
f 1782/1782/1769 1781/1781/1768 1774/1774/1761
f 1780/1780/1767 1783/1783/1770 1775/1775/1762
f 1775/1775/1762 1783/1783/1770 1503/1503/1501
f 1783/1783/1770 1498/1498/1496 1503/1503/1501
f 1784/1784/1771 1782/1782/1769 1776/1776/1763
f 1781/1781/1768 1785/1785/1772 1777/1777/1764
f 1777/1777/1764 1786/1786/1773 1778/1778/1765
f 1785/1785/1772 1786/1786/1773 1777/1777/1764
f 1786/1786/1773 1787/1787/1774 1778/1778/1765
f 1778/1778/1765 1787/1787/1774 1779/1779/1766
f 1787/1787/1774 1788/1788/1775 1779/1779/1766
f 1779/1779/1766 1788/1788/1775 1780/1780/1767
f 1788/1788/1775 1789/1789/1776 1780/1780/1767
f 1780/1780/1767 1789/1789/1776 1783/1783/1770
f 1790/1790/1777 1785/1785/1772 1781/1781/1768
f 1782/1782/1769 1790/1790/1777 1781/1781/1768
f 1784/1784/1771 1791/1791/1778 1782/1782/1769
f 1791/1791/1778 1790/1790/1777 1782/1782/1769
f 1789/1789/1776 1792/1792/1779 1783/1783/1770
f 1783/1783/1770 1792/1792/1779 1498/1498/1496
f 1491/1491/1489 1498/1498/1496 1792/1792/1779
f 1793/1793/1780 1791/1791/1778 1784/1784/1771
f 1785/1785/1772 1790/1790/1777 1794/1794/1781
f 1795/1795/1782 1785/1785/1772 1794/1794/1781
f 1786/1786/1773 1785/1785/1772 1795/1795/1782
f 1795/1795/1782 1796/1796/1783 1786/1786/1773
f 1786/1786/1773 1796/1796/1783 1787/1787/1774
f 1796/1796/1783 1797/1797/1784 1787/1787/1774
f 1787/1787/1774 1797/1797/1784 1788/1788/1775
f 1789/1789/1776 1788/1788/1775 1798/1798/1785
f 1798/1798/1785 1788/1788/1775 1797/1797/1784
f 1792/1792/1779 1789/1789/1776 1799/1799/1786
f 1799/1799/1786 1789/1789/1776 1798/1798/1785
f 1794/1794/1781 1790/1790/1777 1800/1800/1787
f 1790/1790/1777 1791/1791/1778 1800/1800/1787
f 1791/1791/1778 1793/1793/1780 1801/1801/1788
f 1800/1800/1787 1791/1791/1778 1801/1801/1788
f 1491/1491/1489 1792/1792/1779 1802/1802/1789
f 1802/1802/1789 1792/1792/1779 1799/1799/1786
f 1485/1485/1483 1491/1491/1489 1802/1802/1789
f 1801/1801/1788 1793/1793/1780 1803/1803/1790
f 1794/1794/1781 1800/1800/1787 1804/1804/1791
f 1805/1805/1792 1794/1794/1781 1804/1804/1791
f 1795/1795/1782 1794/1794/1781 1805/1805/1792
f 1796/1796/1783 1795/1795/1782 1806/1806/1793
f 1806/1806/1793 1795/1795/1782 1805/1805/1792
f 1797/1797/1784 1796/1796/1783 1807/1807/1794
f 1807/1807/1794 1796/1796/1783 1806/1806/1793
f 1798/1798/1785 1797/1797/1784 1808/1808/1795
f 1808/1808/1795 1797/1797/1784 1807/1807/1794
f 1799/1799/1786 1798/1798/1785 1809/1809/1796
f 1809/1809/1796 1798/1798/1785 1808/1808/1795
f 1809/1809/1796 1810/1810/1797 1799/1799/1786
f 1799/1799/1786 1810/1810/1797 1802/1802/1789
f 1804/1804/1791 1800/1800/1787 1811/1811/1798
f 1800/1800/1787 1801/1801/1788 1811/1811/1798
f 1801/1801/1788 1803/1803/1790 1812/1812/1799
f 1811/1811/1798 1801/1801/1788 1812/1812/1799
f 1810/1810/1797 1475/1475/1473 1802/1802/1789
f 1802/1802/1789 1475/1475/1473 1485/1485/1483
f 1812/1812/1799 1803/1803/1790 1813/1813/1800
f 1804/1804/1791 1814/1814/1801 1805/1805/1792
f 1815/1815/1802 1814/1814/1801 1804/1804/1791
f 1811/1811/1798 1815/1815/1802 1804/1804/1791
f 1814/1814/1801 1816/1816/1803 1805/1805/1792
f 1805/1805/1792 1816/1816/1803 1806/1806/1793
f 1816/1816/1803 1817/1817/1804 1806/1806/1793
f 1806/1806/1793 1817/1817/1804 1807/1807/1794
f 1817/1817/1804 1818/1818/1805 1807/1807/1794
f 1807/1807/1794 1818/1818/1805 1808/1808/1795
f 1818/1818/1805 1819/1819/1806 1808/1808/1795
f 1808/1808/1795 1819/1819/1806 1809/1809/1796
f 1819/1819/1806 1820/1820/1807 1809/1809/1796
f 1809/1809/1796 1820/1820/1807 1810/1810/1797
f 1820/1820/1807 1475/1475/1473 1810/1810/1797
f 1821/1821/1808 1815/1815/1802 1811/1811/1798
f 1812/1812/1799 1821/1821/1808 1811/1811/1798
f 1822/1822/1809 1821/1821/1808 1812/1812/1799
f 1813/1813/1800 1822/1822/1809 1812/1812/1799
f 1476/1476/1474 1475/1475/1473 1820/1820/1807
f 1823/1823/1810 1819/1819/1806 1818/1818/1805
f 1818/1818/1805 1817/1817/1804 1823/1823/1810
f 1823/1823/1810 1817/1817/1804 1824/1824/1811
f 1817/1817/1804 1816/1816/1803 1824/1824/1811
f 1824/1824/1811 1816/1816/1803 1825/1825/1812
f 1816/1816/1803 1814/1814/1801 1825/1825/1812
f 1825/1825/1812 1814/1814/1801 1826/1826/1813
f 1814/1814/1801 1815/1815/1802 1826/1826/1813
f 1815/1815/1802 1821/1821/1808 1827/1827/1814
f 1826/1826/1813 1815/1815/1802 1827/1827/1814
f 1828/1828/1815 1820/1820/1807 1819/1819/1806
f 1828/1828/1815 1819/1819/1806 1823/1823/1810
f 1829/1829/1816 1820/1820/1807 1828/1828/1815
f 1829/1829/1816 1476/1476/1474 1820/1820/1807
f 1827/1827/1814 1821/1821/1808 1830/1830/1817
f 1821/1821/1808 1822/1822/1809 1830/1830/1817
f 1824/1824/1811 1831/1831/1818 1823/1823/1810
f 1690/1690/1684 1687/1687/1681 1832/1832/1819
f 1687/1687/1681 1685/1685/1679 1832/1832/1819
f 1832/1832/1819 1685/1685/1679 1833/1833/1820
f 1685/1685/1679 1686/1686/1680 1833/1833/1820
f 1834/1834/1821 1686/1686/1680 1684/1684/1678
f 1833/1833/1820 1686/1686/1680 1835/1835/1822
f 1686/1686/1680 1834/1834/1821 1835/1835/1822
f 1689/1689/1683 1690/1690/1684 1836/1836/1823
f 1682/1682/1676 1689/1689/1683 1837/1837/1824
f 1836/1836/1823 1837/1837/1824 1689/1689/1683
f 1836/1836/1823 1690/1690/1684 1260/1260/1258
f 1690/1690/1684 1832/1832/1819 1838/1838/1825
f 1260/1260/1258 1690/1690/1684 1838/1838/1825
f 1838/1838/1825 1832/1832/1819 1839/1839/1826
f 1832/1832/1819 1833/1833/1820 1839/1839/1826
f 1839/1839/1826 1833/1833/1820 1840/1840/1827
f 1833/1833/1820 1835/1835/1822 1840/1840/1827
f 1259/1259/1257 1837/1837/1824 1836/1836/1823
f 1260/1260/1258 1259/1259/1257 1836/1836/1823
f 1835/1835/1822 1834/1834/1821 1841/1841/1828
f 1840/1840/1827 1835/1835/1822 1842/1842/1829
f 1835/1835/1822 1841/1841/1828 1842/1842/1829
f 1838/1838/1825 1843/1843/1830 1260/1260/1258
f 1844/1844/1831 1843/1843/1830 1838/1838/1825
f 1839/1839/1826 1844/1844/1831 1838/1838/1825
f 1845/1845/1832 1844/1844/1831 1839/1839/1826
f 1840/1840/1827 1845/1845/1832 1839/1839/1826
f 1846/1846/1833 1845/1845/1832 1840/1840/1827
f 1842/1842/1829 1846/1846/1833 1840/1840/1827
f 1843/1843/1830 1253/1253/1251 1260/1260/1258
f 1842/1842/1829 1841/1841/1828 1847/1847/1834
f 1848/1848/1835 1846/1846/1833 1842/1842/1829
f 1847/1847/1834 1848/1848/1835 1842/1842/1829
f 1843/1843/1830 1844/1844/1831 1849/1849/1836
f 1850/1850/1837 1843/1843/1830 1849/1849/1836
f 1253/1253/1251 1843/1843/1830 1850/1850/1837
f 1849/1849/1836 1844/1844/1831 1851/1851/1838
f 1844/1844/1831 1845/1845/1832 1851/1851/1838
f 1851/1851/1838 1845/1845/1832 1852/1852/1839
f 1845/1845/1832 1846/1846/1833 1852/1852/1839
f 1852/1852/1839 1846/1846/1833 1853/1853/1840
f 1846/1846/1833 1848/1848/1835 1853/1853/1840
f 1243/1243/1241 1253/1253/1251 1850/1850/1837
f 1854/1854/1841 1848/1848/1835 1847/1847/1834
f 1853/1853/1840 1848/1848/1835 1855/1855/1842
f 1848/1848/1835 1854/1854/1841 1855/1855/1842
f 1849/1849/1836 1851/1851/1838 1856/1856/1843
f 1857/1857/1844 1849/1849/1836 1856/1856/1843
f 1850/1850/1837 1849/1849/1836 1857/1857/1844
f 1243/1243/1241 1850/1850/1837 1858/1858/1845
f 1858/1858/1845 1850/1850/1837 1857/1857/1844
f 1851/1851/1838 1852/1852/1839 1859/1859/1846
f 1856/1856/1843 1851/1851/1838 1859/1859/1846
f 1859/1859/1846 1852/1852/1839 1860/1860/1847
f 1852/1852/1839 1853/1853/1840 1860/1860/1847
f 1853/1853/1840 1855/1855/1842 1861/1861/1848
f 1860/1860/1847 1853/1853/1840 1861/1861/1848
f 1086/1086/1084 1243/1243/1241 1858/1858/1845
f 1855/1855/1842 1854/1854/1841 1862/1862/1849
f 1861/1861/1848 1855/1855/1842 1863/1863/1850
f 1855/1855/1842 1862/1862/1849 1863/1863/1850
f 1856/1856/1843 1864/1864/1851 1857/1857/1844
f 1865/1865/1852 1864/1864/1851 1856/1856/1843
f 1859/1859/1846 1865/1865/1852 1856/1856/1843
f 1864/1864/1851 1866/1866/1853 1857/1857/1844
f 1857/1857/1844 1866/1866/1853 1858/1858/1845
f 1866/1866/1853 692/692/691 1858/1858/1845
f 1858/1858/1845 692/692/691 1086/1086/1084
f 1867/1867/1854 1865/1865/1852 1859/1859/1846
f 1860/1860/1847 1867/1867/1854 1859/1859/1846
f 1868/1868/1855 1867/1867/1854 1860/1860/1847
f 1861/1861/1848 1868/1868/1855 1860/1860/1847
f 1869/1869/1856 1868/1868/1855 1861/1861/1848
f 1863/1863/1850 1869/1869/1856 1861/1861/1848
f 1864/1864/1851 1865/1865/1852 1870/1870/1857
f 1864/1864/1851 1870/1870/1857 1866/1866/1853
f 1865/1865/1852 1867/1867/1854 1871/1871/1858
f 1870/1870/1857 1865/1865/1852 1871/1871/1858
f 1866/1866/1853 1870/1870/1857 694/694/693
f 1866/1866/1853 694/694/693 692/692/691
f 692/692/691 693/693/692 1086/1086/1084
f 1863/1863/1850 1862/1862/1849 1872/1872/1859
f 1873/1873/1860 1869/1869/1856 1863/1863/1850
f 1872/1872/1859 1873/1873/1860 1863/1863/1850
f 1867/1867/1854 1868/1868/1855 1874/1874/1861
f 1871/1871/1858 1867/1867/1854 1874/1874/1861
f 1868/1868/1855 1869/1869/1856 1875/1875/1862
f 1874/1874/1861 1868/1868/1855 1875/1875/1862
f 1875/1875/1862 1869/1869/1856 1876/1876/1863
f 1869/1869/1856 1873/1873/1860 1876/1876/1863
f 1870/1870/1857 695/695/694 694/694/693
f 1870/1870/1857 1877/1877/1864 695/695/694
f 1871/1871/1858 1877/1877/1864 1870/1870/1857
f 1874/1874/1861 1878/1878/1865 1871/1871/1858
f 1871/1871/1858 1878/1878/1865 1877/1877/1864
f 1875/1875/1862 1878/1878/1865 1874/1874/1861
f 1879/1879/1866 1878/1878/1865 1875/1875/1862
f 1876/1876/1863 1879/1879/1866 1875/1875/1862
f 1880/1880/1867 1873/1873/1860 1872/1872/1859
f 1876/1876/1863 1873/1873/1860 1881/1881/1868
f 1873/1873/1860 1880/1880/1867 1881/1881/1868
f 1882/1882/1869 1879/1879/1866 1876/1876/1863
f 1883/1883/1870 1876/1876/1863 1881/1881/1868
f 1882/1882/1869 1876/1876/1863 1883/1883/1870
f 1879/1879/1866 1882/1882/1869 1884/1884/1871
f 1884/1884/1871 1878/1878/1865 1879/1879/1866
f 1885/1885/1872 1877/1877/1864 1878/1878/1865
f 1885/1885/1872 1878/1878/1865 1884/1884/1871
f 696/696/695 695/695/694 1877/1877/1864
f 696/696/695 1877/1877/1864 1885/1885/1872
f 1881/1881/1868 1880/1880/1867 1886/1886/1873
f 1886/1886/1873 1887/1887/1874 1881/1881/1868
f 1881/1881/1868 1887/1887/1874 1883/1883/1870
f 1884/1884/1871 1882/1882/1869 1888/1888/1875
f 1889/1889/1876 1882/1882/1869 1883/1883/1870
f 1888/1888/1875 1882/1882/1869 1889/1889/1876
f 1887/1887/1874 1890/1890/1877 1883/1883/1870
f 1883/1883/1870 1890/1890/1877 1889/1889/1876
f 1888/1888/1875 1891/1891/1878 1884/1884/1871
f 1892/1892/1879 1885/1885/1872 1884/1884/1871
f 1884/1884/1871 1891/1891/1878 1892/1892/1879
f 1893/1893/1880 1885/1885/1872 1892/1892/1879
f 1893/1893/1880 696/696/695 1885/1885/1872
f 1891/1891/1878 1888/1888/1875 1894/1894/1881
f 1894/1894/1881 1888/1888/1875 1889/1889/1876
f 1890/1890/1877 1895/1895/1882 1889/1889/1876
f 1889/1889/1876 1895/1895/1882 1894/1894/1881
f 1896/1896/1883 1891/1891/1878 1894/1894/1881
f 1897/1897/1884 1891/1891/1878 1896/1896/1883
f 1891/1891/1878 1897/1897/1884 1892/1892/1879
f 1892/1892/1879 1897/1897/1884 1898/1898/1885
f 1898/1898/1885 1893/1893/1880 1892/1892/1879
f 1895/1895/1882 1899/1899/1886 1894/1894/1881
f 1894/1894/1881 1899/1899/1886 1896/1896/1883
f 1900/1900/1887 1897/1897/1884 1896/1896/1883
f 1896/1896/1883 1901/1901/1888 1900/1900/1887
f 1899/1899/1886 1901/1901/1888 1896/1896/1883
f 1897/1897/1884 1902/1902/1889 1898/1898/1885
f 1902/1902/1889 1897/1897/1884 1900/1900/1887
f 1898/1898/1885 1902/1902/1889 1903/1903/1890
f 1904/1904/1891 1893/1893/1880 1898/1898/1885
f 1903/1903/1890 1904/1904/1891 1898/1898/1885
f 1904/1904/1891 691/691/690 1893/1893/1880
f 691/691/690 696/696/695 1893/1893/1880
f 1900/1900/1887 1905/1905/1892 1902/1902/1889
f 1900/1900/1887 1906/1906/1893 1905/1905/1892
f 1901/1901/1888 1906/1906/1893 1900/1900/1887
f 1907/1907/1894 1903/1903/1890 1902/1902/1889
f 1902/1902/1889 1905/1905/1892 1907/1907/1894
f 1908/1908/1895 1907/1907/1894 1905/1905/1892
f 1905/1905/1892 1909/1909/1896 1908/1908/1895
f 1906/1906/1893 1909/1909/1896 1905/1905/1892
f 1910/1910/1897 1903/1903/1890 1907/1907/1894
f 1911/1911/1898 1904/1904/1891 1903/1903/1890
f 1903/1903/1890 1912/1912/1899 1911/1911/1898
f 1910/1910/1897 1912/1912/1899 1903/1903/1890
f 1911/1911/1898 1913/1913/1900 1904/1904/1891
f 687/687/686 691/691/690 1904/1904/1891
f 1904/1904/1891 1913/1913/1900 687/687/686
f 1914/1914/1901 1907/1907/1894 1908/1908/1895
f 1907/1907/1894 1914/1914/1901 1910/1910/1897
f 1910/1910/1897 1914/1914/1901 1915/1915/1902
f 1915/1915/1902 1912/1912/1899 1910/1910/1897
f 1911/1911/1898 1912/1912/1899 1916/1916/1903
f 1911/1911/1898 1916/1916/1903 1913/1913/1900
f 1917/1917/1904 1914/1914/1901 1908/1908/1895
f 1908/1908/1895 1918/1918/1905 1917/1917/1904
f 1909/1909/1896 1918/1918/1905 1908/1908/1895
f 1914/1914/1901 1919/1919/1906 1915/1915/1902
f 1919/1919/1906 1914/1914/1901 1917/1917/1904
f 1916/1916/1903 1912/1912/1899 1920/1920/1907
f 1921/1921/1908 1912/1912/1899 1915/1915/1902
f 1921/1921/1908 1920/1920/1907 1912/1912/1899
f 1915/1915/1902 1919/1919/1906 1922/1922/1909
f 1922/1922/1909 1921/1921/1908 1915/1915/1902
f 1913/1913/1900 1916/1916/1903 1923/1923/1910
f 1913/1913/1900 681/681/680 687/687/686
f 1924/1924/1911 681/681/680 1913/1913/1900
f 1923/1923/1910 1924/1924/1911 1913/1913/1900
f 1916/1916/1903 1920/1920/1907 1925/1925/1912
f 1916/1916/1903 1926/1926/1913 1923/1923/1910
f 1925/1925/1912 1926/1926/1913 1916/1916/1903
f 1926/1926/1913 1927/1927/1914 1923/1923/1910
f 1927/1927/1914 1924/1924/1911 1923/1923/1910
f 1925/1925/1912 1920/1920/1907 1928/1928/1915
f 1929/1929/1916 1928/1928/1915 1920/1920/1907
f 1929/1929/1916 1920/1920/1907 1921/1921/1908
f 1930/1930/1917 1929/1929/1916 1921/1921/1908
f 1930/1930/1917 1921/1921/1908 1922/1922/1909
f 1927/1927/1914 1931/1931/1918 1924/1924/1911
f 1924/1924/1911 676/676/675 681/681/680
f 1931/1931/1918 676/676/675 1924/1924/1911
f 1925/1925/1912 1932/1932/1919 1926/1926/1913
f 1933/1933/1920 1932/1932/1919 1925/1925/1912
f 1925/1925/1912 1928/1928/1915 1933/1933/1920
f 1934/1934/1921 1927/1927/1914 1926/1926/1913
f 1926/1926/1913 1935/1935/1922 1934/1934/1921
f 1932/1932/1919 1935/1935/1922 1926/1926/1913
f 1934/1934/1921 1936/1936/1923 1927/1927/1914
f 1936/1936/1923 1931/1931/1918 1927/1927/1914
f 1937/1937/1924 1928/1928/1915 1929/1929/1916
f 1937/1937/1924 1938/1938/1925 1928/1928/1915
f 1933/1933/1920 1928/1928/1915 1938/1938/1925
f 1939/1939/1926 1937/1937/1924 1929/1929/1916
f 1939/1939/1926 1929/1929/1916 1930/1930/1917
f 1940/1940/1927 1936/1936/1923 1934/1934/1921
f 1935/1935/1922 1940/1940/1927 1934/1934/1921
f 1931/1931/1918 1936/1936/1923 1941/1941/1928
f 672/672/671 1931/1931/1918 1941/1941/1928
f 676/676/675 1931/1931/1918 672/672/671
f 1936/1936/1923 1940/1940/1927 1942/1942/1929
f 1941/1941/1928 1936/1936/1923 1942/1942/1929
f 1932/1932/1919 1933/1933/1920 1943/1943/1930
f 1932/1932/1919 1944/1944/1931 1935/1935/1922
f 1943/1943/1930 1944/1944/1931 1932/1932/1919
f 1933/1933/1920 1938/1938/1925 1945/1945/1932
f 1943/1943/1930 1933/1933/1920 1945/1945/1932
f 1946/1946/1933 1940/1940/1927 1935/1935/1922
f 1935/1935/1922 1947/1947/1934 1946/1946/1933
f 1944/1944/1931 1947/1947/1934 1935/1935/1922
f 1942/1942/1929 1940/1940/1927 1948/1948/1935
f 1940/1940/1927 1946/1946/1933 1948/1948/1935
f 1949/1949/1936 1937/1937/1924 1939/1939/1926
f 1950/1950/1937 1941/1941/1928 1942/1942/1929
f 1951/1951/1938 1942/1942/1929 1948/1948/1935
f 1950/1950/1937 1942/1942/1929 1951/1951/1938
f 1952/1952/1939 1941/1941/1928 1950/1950/1937
f 669/669/668 1941/1941/1928 1952/1952/1939
f 672/672/671 1941/1941/1928 669/669/668
f 1943/1943/1930 1953/1953/1940 1944/1944/1931
f 1954/1954/1941 1953/1953/1940 1943/1943/1930
f 1943/1943/1930 1945/1945/1932 1954/1954/1941
f 1948/1948/1935 1946/1946/1933 1955/1955/1942
f 1946/1946/1933 1956/1956/1943 1955/1955/1942
f 1947/1947/1934 1956/1956/1943 1946/1946/1933
f 1955/1955/1942 1957/1957/1944 1948/1948/1935
f 1948/1948/1935 1957/1957/1944 1951/1951/1938
f 1958/1958/1945 1952/1952/1939 1950/1950/1937
f 1959/1959/1946 1950/1950/1937 1951/1951/1938
f 1958/1958/1945 1950/1950/1937 1959/1959/1946
f 1957/1957/1944 1960/1960/1947 1951/1951/1938
f 1951/1951/1938 1960/1960/1947 1959/1959/1946
f 667/667/666 669/669/668 1952/1952/1939
f 667/667/666 1952/1952/1939 1958/1958/1945
f 1956/1956/1943 1961/1961/1948 1955/1955/1942
f 1955/1955/1942 1961/1961/1948 1957/1957/1944
f 1961/1961/1948 1962/1962/1949 1957/1957/1944
f 1957/1957/1944 1962/1962/1949 1960/1960/1947
f 1959/1959/1946 665/665/664 1958/1958/1945
f 665/665/664 667/667/666 1958/1958/1945
f 1824/1824/1811 1825/1825/1812 1831/1831/1818
f 1963/1963/1950 1828/1828/1815 1823/1823/1810
f 1823/1823/1810 1831/1831/1818 1963/1963/1950
f 1831/1831/1818 1825/1825/1812 1964/1964/1951
f 1825/1825/1812 1826/1826/1813 1964/1964/1951
f 1964/1964/1951 1826/1826/1813 1965/1965/1952
f 1827/1827/1814 1965/1965/1952 1826/1826/1813
f 1966/1966/1953 1965/1965/1952 1827/1827/1814
f 1830/1830/1817 1966/1966/1953 1827/1827/1814
f 1967/1967/1954 1829/1829/1816 1828/1828/1815
f 1967/1967/1954 1828/1828/1815 1963/1963/1950
f 1965/1965/1952 1968/1968/1955 1964/1964/1951
f 1965/1965/1952 1966/1966/1953 1968/1968/1955
f 1964/1964/1951 1969/1969/1956 1831/1831/1818
f 1964/1964/1951 1968/1968/1955 1969/1969/1956
f 1831/1831/1818 1970/1970/1957 1963/1963/1950
f 1831/1831/1818 1969/1969/1956 1970/1970/1957
f 1963/1963/1950 1970/1970/1957 1971/1971/1958
f 1971/1971/1958 1967/1967/1954 1963/1963/1950
f 1968/1968/1955 1966/1966/1953 1972/1972/1959
f 1966/1966/1953 1973/1973/1960 1972/1972/1959
f 1973/1973/1960 1966/1966/1953 1830/1830/1817
f 1968/1968/1955 1974/1974/1961 1969/1969/1956
f 1968/1968/1955 1975/1975/1962 1974/1974/1961
f 1972/1972/1959 1975/1975/1962 1968/1968/1955
f 1969/1969/1956 1976/1976/1963 1970/1970/1957
f 1969/1969/1956 1974/1974/1961 1976/1976/1963
f 1970/1970/1957 1977/1977/1964 1971/1971/1958
f 1970/1970/1957 1976/1976/1963 1977/1977/1964
f 1978/1978/1965 1967/1967/1954 1971/1971/1958
f 1971/1971/1958 1977/1977/1964 1979/1979/1966
f 1979/1979/1966 1978/1978/1965 1971/1971/1958
f 1972/1972/1959 1980/1980/1967 1975/1975/1962
f 1981/1981/1968 1980/1980/1967 1972/1972/1959
f 1972/1972/1959 1973/1973/1960 1981/1981/1968
f 1974/1974/1961 1982/1982/1969 1976/1976/1963
f 1983/1983/1970 1974/1974/1961 1975/1975/1962
f 1982/1982/1969 1974/1974/1961 1983/1983/1970
f 1983/1983/1970 1975/1975/1962 1984/1984/1971
f 1984/1984/1971 1975/1975/1962 1980/1980/1967
f 1976/1976/1963 1982/1982/1969 1985/1985/1972
f 1976/1976/1963 1985/1985/1972 1977/1977/1964
f 1977/1977/1964 1985/1985/1972 1986/1986/1973
f 1986/1986/1973 1979/1979/1966 1977/1977/1964
f 1987/1987/1974 1979/1979/1966 1986/1986/1973
f 1988/1988/1975 1978/1978/1965 1979/1979/1966
f 1979/1979/1966 1987/1987/1974 1988/1988/1975
f 1984/1984/1971 1980/1980/1967 1989/1989/1976
f 1981/1981/1968 1990/1990/1977 1980/1980/1967
f 1989/1989/1976 1980/1980/1967 1990/1990/1977
f 1991/1991/1978 1985/1985/1972 1982/1982/1969
f 1982/1982/1969 1992/1992/1979 1991/1991/1978
f 1983/1983/1970 1992/1992/1979 1982/1982/1969
f 1992/1992/1979 1983/1983/1970 1993/1993/1980
f 1993/1993/1980 1983/1983/1970 1984/1984/1971
f 1993/1993/1980 1984/1984/1971 1994/1994/1981
f 1994/1994/1981 1984/1984/1971 1989/1989/1976
f 1995/1995/1982 1985/1985/1972 1991/1991/1978
f 1995/1995/1982 1986/1986/1973 1985/1985/1972
f 1996/1996/1983 1986/1986/1973 1995/1995/1982
f 1996/1996/1983 1987/1987/1974 1986/1986/1973
f 1997/1997/1984 1987/1987/1974 1996/1996/1983
f 1988/1988/1975 1987/1987/1974 1998/1998/1985
f 1987/1987/1974 1997/1997/1984 1998/1998/1985
f 1994/1994/1981 1989/1989/1976 1999/1999/1986
f 1989/1989/1976 1990/1990/1977 2000/2000/1987
f 1999/1999/1986 1989/1989/1976 2000/2000/1987
f 1998/1998/1985 1997/1997/1984 2001/2001/1988
f 2000/2000/1987 1990/1990/1977 2002/2002/1989
f 2002/2002/1989 1990/1990/1977 2003/2003/1990
f 2001/2001/1988 2004/2004/1991 1998/1998/1985
f 2005/2005/1992 2004/2004/1991 2001/2001/1988
f 2004/2004/1991 2006/2006/1993 1998/1998/1985
f 1998/1998/1985 2006/2006/1993 1988/1988/1975
f 2004/2004/1991 2007/2007/1994 2006/2006/1993
f 2008/2008/1995 2007/2007/1994 2004/2004/1991
f 2005/2005/1992 2008/2008/1995 2004/2004/1991
f 2009/2009/1996 2008/2008/1995 2005/2005/1992
f 2010/2010/1997 1988/1988/1975 2006/2006/1993
f 2006/2006/1993 2011/2011/1998 2010/2010/1997
f 2007/2007/1994 2011/2011/1998 2006/2006/1993
f 1978/1978/1965 1988/1988/1975 2010/2010/1997
f 2008/2008/1995 2012/2012/1999 2007/2007/1994
f 2013/2013/2000 2007/2007/1994 2012/2012/1999
f 2011/2011/1998 2007/2007/1994 2013/2013/2000
f 2008/2008/1995 2009/2009/1996 2014/2014/2001
f 2014/2014/2001 2012/2012/1999 2008/2008/1995
f 2014/2014/2001 2009/2009/1996 2015/2015/2002
f 2011/2011/1998 2016/2016/2003 2010/2010/1997
f 2010/2010/1997 2017/2017/2004 1978/1978/1965
f 2010/2010/1997 2016/2016/2003 2017/2017/2004
f 2016/2016/2003 2011/2011/1998 2018/2018/2005
f 2018/2018/2005 2011/2011/1998 2013/2013/2000
f 1978/1978/1965 2017/2017/2004 1967/1967/1954
f 2014/2014/2001 2019/2019/2006 2012/2012/1999
f 2020/2020/2007 2012/2012/1999 2019/2019/2006
f 2013/2013/2000 2012/2012/1999 2020/2020/2007
f 2018/2018/2005 2013/2013/2000 2021/2021/2008
f 2021/2021/2008 2013/2013/2000 2020/2020/2007
f 2014/2014/2001 2015/2015/2002 2022/2022/2009
f 2022/2022/2009 2019/2019/2006 2014/2014/2001
f 2022/2022/2009 2015/2015/2002 2023/2023/2010
f 2024/2024/2011 2016/2016/2003 2018/2018/2005
f 2025/2025/2012 2016/2016/2003 2024/2024/2011
f 2016/2016/2003 2025/2025/2012 2017/2017/2004
f 2017/2017/2004 2025/2025/2012 1829/1829/1816
f 2017/2017/2004 1829/1829/1816 1967/1967/1954
f 2024/2024/2011 2018/2018/2005 2026/2026/2013
f 2026/2026/2013 2018/2018/2005 2021/2021/2008
f 2022/2022/2009 2027/2027/2014 2019/2019/2006
f 2019/2019/2006 2028/2028/2015 2020/2020/2007
f 2027/2027/2014 2028/2028/2015 2019/2019/2006
f 2028/2028/2015 2029/2029/2016 2020/2020/2007
f 2020/2020/2007 2029/2029/2016 2021/2021/2008
f 2029/2029/2016 2030/2030/2017 2021/2021/2008
f 2021/2021/2008 2030/2030/2017 2026/2026/2013
f 2031/2031/2018 2027/2027/2014 2022/2022/2009
f 2022/2022/2009 2023/2023/2010 2031/2031/2018
f 2031/2031/2018 2023/2023/2010 2032/2032/2019
f 1453/1453/1451 2024/2024/2011 2026/2026/2013
f 1464/1464/1462 2024/2024/2011 1453/1453/1451
f 2024/2024/2011 1464/1464/1462 2025/2025/2012
f 2025/2025/2012 1476/1476/1474 1829/1829/1816
f 2025/2025/2012 1464/1464/1462 1476/1476/1474
f 2030/2030/2017 1442/1442/1440 2026/2026/2013
f 2026/2026/2013 1442/1442/1440 1453/1453/1451
f 2027/2027/2014 2033/2033/2020 2028/2028/2015
f 2034/2034/2021 2033/2033/2020 2027/2027/2014
f 2031/2031/2018 2034/2034/2021 2027/2027/2014
f 2033/2033/2020 2035/2035/2022 2028/2028/2015
f 2028/2028/2015 2035/2035/2022 2029/2029/2016
f 2035/2035/2022 2036/2036/2023 2029/2029/2016
f 2029/2029/2016 2036/2036/2023 2030/2030/2017
f 2036/2036/2023 1430/1430/1428 2030/2030/2017
f 2030/2030/2017 1430/1430/1428 1442/1442/1440
f 2037/2037/2024 2034/2034/2021 2031/2031/2018
f 2032/2032/2019 2037/2037/2024 2031/2031/2018
f 2038/2038/2025 2037/2037/2024 2032/2032/2019
f 2033/2033/2020 2039/2039/2026 2035/2035/2022
f 2040/2040/2027 2039/2039/2026 2033/2033/2020
f 2034/2034/2021 2040/2040/2027 2033/2033/2020
f 2037/2037/2024 2041/2041/2028 2034/2034/2021
f 2041/2041/2028 2040/2040/2027 2034/2034/2021
f 2036/2036/2023 2035/2035/2022 2042/2042/2029
f 2042/2042/2029 2035/2035/2022 2039/2039/2026
f 1430/1430/1428 2036/2036/2023 1419/1419/1417
f 1419/1419/1417 2036/2036/2023 2042/2042/2029
f 2043/2043/2030 2041/2041/2028 2037/2037/2024
f 2037/2037/2024 2038/2038/2025 2043/2043/2030
f 2043/2043/2030 2038/2038/2025 2044/2044/2031
f 2039/2039/2026 2040/2040/2027 2045/2045/2032
f 2046/2046/2033 2039/2039/2026 2045/2045/2032
f 2042/2042/2029 2039/2039/2026 2046/2046/2033
f 2040/2040/2027 2041/2041/2028 2047/2047/2034
f 2045/2045/2032 2040/2040/2027 2047/2047/2034
f 2043/2043/2030 2048/2048/2035 2041/2041/2028
f 2047/2047/2034 2041/2041/2028 2048/2048/2035
f 1419/1419/1417 2042/2042/2029 1409/1409/1407
f 1409/1409/1407 2042/2042/2029 2046/2046/2033
f 2043/2043/2030 2044/2044/2031 2049/2049/2036
f 2049/2049/2036 2048/2048/2035 2043/2043/2030
f 2049/2049/2036 2044/2044/2031 2050/2050/2037
f 2045/2045/2032 2051/2051/2038 2046/2046/2033
f 2052/2052/2039 2051/2051/2038 2045/2045/2032
f 2047/2047/2034 2052/2052/2039 2045/2045/2032
f 2051/2051/2038 1399/1399/1397 2046/2046/2033
f 2046/2046/2033 1399/1399/1397 1409/1409/1407
f 2053/2053/2040 2052/2052/2039 2047/2047/2034
f 2048/2048/2035 2053/2053/2040 2047/2047/2034
f 2054/2054/2041 2053/2053/2040 2048/2048/2035
f 2049/2049/2036 2054/2054/2041 2048/2048/2035
f 2055/2055/2042 2054/2054/2041 2049/2049/2036
f 2050/2050/2037 2055/2055/2042 2049/2049/2036
f 2056/2056/2043 2055/2055/2042 2050/2050/2037
f 1399/1399/1397 2051/2051/2038 1391/1391/1389
f 2051/2051/2038 2052/2052/2039 2057/2057/2044
f 1391/1391/1389 2051/2051/2038 2057/2057/2044
f 2052/2052/2039 2053/2053/2040 2058/2058/2045
f 2057/2057/2044 2052/2052/2039 2058/2058/2045
f 2058/2058/2045 2053/2053/2040 2059/2059/2046
f 2053/2053/2040 2054/2054/2041 2059/2059/2046
f 2054/2054/2041 2055/2055/2042 2060/2060/2047
f 2059/2059/2046 2054/2054/2041 2060/2060/2047
f 2060/2060/2047 2055/2055/2042 2061/2061/2048
f 2055/2055/2042 2056/2056/2043 2061/2061/2048
f 2061/2061/2048 2056/2056/2043 2062/2062/2049
f 1391/1391/1389 2057/2057/2044 1230/1230/1228
f 1230/1230/1228 2057/2057/2044 2063/2063/2050
f 2057/2057/2044 2058/2058/2045 2063/2063/2050
f 2058/2058/2045 2059/2059/2046 2064/2064/2051
f 2063/2063/2050 2058/2058/2045 2064/2064/2051
f 2064/2064/2051 2059/2059/2046 2065/2065/2052
f 2059/2059/2046 2060/2060/2047 2065/2065/2052
f 2060/2060/2047 2061/2061/2048 2066/2066/2053
f 2065/2065/2052 2060/2060/2047 2066/2066/2053
f 2066/2066/2053 2061/2061/2048 2067/2067/2054
f 2062/2062/2049 2067/2067/2054 2061/2061/2048
f 2068/2068/2055 2067/2067/2054 2062/2062/2049
f 2069/2069/2056 2066/2066/2053 2067/2067/2054
f 2068/2068/2055 2069/2069/2056 2067/2067/2054
f 2070/2070/2057 2066/2066/2053 2069/2069/2056
f 2066/2066/2053 2070/2070/2057 2065/2065/2052
f 2071/2071/2058 2064/2064/2051 2065/2065/2052
f 2065/2065/2052 2070/2070/2057 2071/2071/2058
f 2072/2072/2059 2064/2064/2051 2071/2071/2058
f 2064/2064/2051 2072/2072/2059 2063/2063/2050
f 1225/1225/1223 1230/1230/1228 2063/2063/2050
f 2063/2063/2050 2072/2072/2059 1225/1225/1223
f 2073/2073/2060 2069/2069/2056 2068/2068/2055
f 1233/1233/1231 2070/2070/2057 2069/2069/2056
f 2073/2073/2060 1233/1233/1231 2069/2069/2056
f 1222/1222/1220 2070/2070/2057 1233/1233/1231
f 2070/2070/2057 1222/1222/1220 2071/2071/2058
f 1217/1217/1215 2072/2072/2059 2071/2071/2058
f 2071/2071/2058 1222/1222/1220 1217/1217/1215
f 1212/1212/1210 2072/2072/2059 1217/1217/1215
f 1212/1212/1210 1225/1225/1223 2072/2072/2059
f 1392/1392/1390 1233/1233/1231 2073/2073/2060
f 2074/2074/2061 1822/1822/1809 1813/1813/1800
f 2074/2074/2061 2075/2075/2062 1822/1822/1809
f 2076/2076/2063 2075/2075/2062 2074/2074/2061
f 1830/1830/1817 1822/1822/1809 2075/2075/2062
f 2075/2075/2062 1973/1973/1960 1830/1830/1817
f 2077/2077/2064 1973/1973/1960 2075/2075/2062
f 2076/2076/2063 2077/2077/2064 2075/2075/2062
f 2078/2078/2065 2077/2077/2064 2076/2076/2063
f 1973/1973/1960 2077/2077/2064 1981/1981/1968
f 2078/2078/2065 2079/2079/2066 2077/2077/2064
f 1981/1981/1968 2077/2077/2064 2079/2079/2066
f 2003/2003/1990 2079/2079/2066 2078/2078/2065
f 2003/2003/1990 1990/1990/1977 2079/2079/2066
f 2079/2079/2066 1990/1990/1977 1981/1981/1968
f 2080/2080/2067 2081/2081/2068 2082/2082/2069
f 2082/2082/2069 2081/2081/2068 2083/2083/2070
f 2081/2081/2068 2084/2084/2071 2083/2083/2070
f 2083/2083/2070 2085/2085/2072 2082/2082/2069
f 2086/2086/2073 2085/2085/2072 2083/2083/2070
f 2083/2083/2070 2087/2087/2074 2086/2086/2073
f 2083/2083/2070 2084/2084/2071 2087/2087/2074
f 2084/2084/2071 2088/2088/2075 2087/2087/2074
f 2085/2085/2072 2086/2086/2073 2089/2089/2076
f 2089/2089/2076 2086/2086/2073 2090/2090/2077
f 2086/2086/2073 2091/2091/2078 2090/2090/2077
f 2086/2086/2073 2087/2087/2074 2091/2091/2078
f 2087/2087/2074 2088/2088/2075 2092/2092/2079
f 2087/2087/2074 2092/2092/2079 2091/2091/2078
f 2088/2088/2075 2093/2093/2080 2092/2092/2079
f 2090/2090/2077 2094/2094/2081 2089/2089/2076
f 2095/2095/2082 2094/2094/2081 2090/2090/2077
f 2090/2090/2077 2096/2096/2083 2095/2095/2082
f 2090/2090/2077 2091/2091/2078 2096/2096/2083
f 2091/2091/2078 2092/2092/2079 2097/2097/2084
f 2091/2091/2078 2097/2097/2084 2096/2096/2083
f 2092/2092/2079 2093/2093/2080 2098/2098/2085
f 2098/2098/2085 2097/2097/2084 2092/2092/2079
f 2093/2093/2080 2099/2099/2086 2098/2098/2085
f 663/663/662 665/665/664 1959/1959/1946
f 1959/1959/1946 2100/2100/2087 663/663/662
f 1960/1960/1947 2100/2100/2087 1959/1959/1946
f 1962/1962/1949 2101/2101/2088 1960/1960/1947
f 1960/1960/1947 2101/2101/2088 2100/2100/2087
f 2101/2101/2088 2102/2102/2089 2100/2100/2087
f 662/662/661 663/663/662 2100/2100/2087
f 2100/2100/2087 2102/2102/2089 662/662/661
f 1022/1022/1020 662/662/661 2102/2102/2089
f 660/660/659 662/662/661 1022/1022/1020
f 2103/2103/2090 2104/2104/2091 2105/2105/2092
f 2105/2105/2092 837/837/836 833/833/832
f 2105/2105/2092 2104/2104/2091 837/837/836
f 2106/2106/2093 2107/2107/2094 2103/2103/2090
f 2103/2103/2090 2107/2107/2094 2104/2104/2091
f 2107/2107/2094 2106/2106/2093 2108/2108/2095
f 2108/2108/2095 2106/2106/2093 2109/2109/2096
f 1953/1953/1940 1954/1954/1941 2109/2109/2096
f 2109/2109/2096 1954/1954/1941 2108/2108/2095
f 2110/2110/2097 837/837/836 2104/2104/2091
f 2111/2111/2098 2104/2104/2091 2107/2107/2094
f 2110/2110/2097 2104/2104/2091 2111/2111/2098
f 2108/2108/2095 2112/2112/2099 2107/2107/2094
f 2107/2107/2094 2112/2112/2099 2111/2111/2098
f 1954/1954/1941 2113/2113/2100 2108/2108/2095
f 2108/2108/2095 2113/2113/2100 2112/2112/2099
f 836/836/835 837/837/836 2110/2110/2097
f 1954/1954/1941 1945/1945/1932 2113/2113/2100
f 2114/2114/2101 836/836/835 2110/2110/2097
f 2110/2110/2097 2115/2115/2102 2114/2114/2101
f 2111/2111/2098 2115/2115/2102 2110/2110/2097
f 2112/2112/2099 2116/2116/2103 2111/2111/2098
f 2111/2111/2098 2116/2116/2103 2115/2115/2102
f 2113/2113/2100 2117/2117/2104 2112/2112/2099
f 2112/2112/2099 2117/2117/2104 2116/2116/2103
f 1945/1945/1932 2118/2118/2105 2113/2113/2100
f 2113/2113/2100 2118/2118/2105 2117/2117/2104
f 1945/1945/1932 1938/1938/1925 2118/2118/2105
f 2116/2116/2103 2119/2119/2106 2115/2115/2102
f 2115/2115/2102 2120/2120/2107 2114/2114/2101
f 2115/2115/2102 2119/2119/2106 2120/2120/2107
f 2117/2117/2104 2121/2121/2108 2116/2116/2103
f 2116/2116/2103 2121/2121/2108 2119/2119/2106
f 2121/2121/2108 2117/2117/2104 2122/2122/2109
f 2122/2122/2109 2117/2117/2104 2118/2118/2105
f 1938/1938/1925 2123/2123/2110 2118/2118/2105
f 2118/2118/2105 2123/2123/2110 2122/2122/2109
f 2124/2124/2111 836/836/835 2114/2114/2101
f 2125/2125/2112 2124/2124/2111 2114/2114/2101
f 2114/2114/2101 2120/2120/2107 2125/2125/2112
f 2123/2123/2110 1938/1938/1925 1937/1937/1924
f 2126/2126/2113 2119/2119/2106 2121/2121/2108
f 2127/2127/2114 2119/2119/2106 2126/2126/2113
f 2127/2127/2114 2120/2120/2107 2119/2119/2106
f 2128/2128/2115 2125/2125/2112 2120/2120/2107
f 2128/2128/2115 2120/2120/2107 2127/2127/2114
f 2126/2126/2113 2121/2121/2108 2129/2129/2116
f 2129/2129/2116 2121/2121/2108 2122/2122/2109
f 2123/2123/2110 2130/2130/2117 2122/2122/2109
f 2122/2122/2109 2130/2130/2117 2129/2129/2116
f 2130/2130/2117 2123/2123/2110 1949/1949/1936
f 1949/1949/1936 2123/2123/2110 1937/1937/1924
f 2131/2131/2118 2125/2125/2112 2128/2128/2115
f 2131/2131/2118 2132/2132/2119 2125/2125/2112
f 2132/2132/2119 2124/2124/2111 2125/2125/2112
f 2132/2132/2119 2133/2133/2120 2124/2124/2111
f 2124/2124/2111 2133/2133/2120 2134/2134/2121
f 2124/2124/2111 2134/2134/2121 836/836/835
f 2135/2135/2122 2132/2132/2119 2131/2131/2118
f 2135/2135/2122 2136/2136/2123 2132/2132/2119
f 2132/2132/2119 2136/2136/2123 2133/2133/2120
f 2136/2136/2123 832/832/831 2133/2133/2120
f 2133/2133/2120 827/827/826 2134/2134/2121
f 2133/2133/2120 832/832/831 827/827/826
f 2134/2134/2121 827/827/826 828/828/827
f 836/836/835 2134/2134/2121 835/835/834
f 2134/2134/2121 828/828/827 835/835/834
f 2137/2137/2124 1590/1590/1588 1603/1603/1601
f 2137/2137/2124 1603/1603/1601 2138/2138/2125
f 2138/2138/2125 1603/1603/1601 2139/2139/2126
f 2138/2138/2125 2139/2139/2126 2140/2140/2127
f 2139/2139/2126 1603/1603/1601 2141/2141/2128
f 2141/2141/2128 1603/1603/1601 1602/1602/1600
f 2140/2140/2127 2139/2139/2126 2142/2142/2129
f 2143/2143/2130 2139/2139/2126 2141/2141/2128
f 2142/2142/2129 2139/2139/2126 2143/2143/2130
f 2142/2142/2129 2144/2144/2131 2140/2140/2127
f 2145/2145/2132 2144/2144/2131 2142/2142/2129
f 2142/2142/2129 2143/2143/2130 2145/2145/2132
f 2141/2141/2128 1602/1602/1600 2146/2146/2133
f 2147/2147/2134 2141/2141/2128 2146/2146/2133
f 2143/2143/2130 2141/2141/2128 2147/2147/2134
f 2145/2145/2132 2143/2143/2130 2148/2148/2135
f 2149/2149/2136 2143/2143/2130 2147/2147/2134
f 2148/2148/2135 2143/2143/2130 2149/2149/2136
f 2144/2144/2131 2145/2145/2132 2150/2150/2137
f 2145/2145/2132 2148/2148/2135 2151/2151/2138
f 2150/2150/2137 2145/2145/2132 2151/2151/2138
f 2146/2146/2133 1602/1602/1600 2152/2152/2139
f 1602/1602/1600 1591/1591/1589 2152/2152/2139
f 2153/2153/2140 2147/2147/2134 2146/2146/2133
f 2146/2146/2133 2154/2154/2141 2153/2153/2140
f 2152/2152/2139 2154/2154/2141 2146/2146/2133
f 2155/2155/2142 2149/2149/2136 2147/2147/2134
f 2155/2155/2142 2147/2147/2134 2153/2153/2140
f 2151/2151/2138 2148/2148/2135 2156/2156/2143
f 2157/2157/2144 2148/2148/2135 2149/2149/2136
f 2156/2156/2143 2148/2148/2135 2157/2157/2144
f 2158/2158/2145 2149/2149/2136 2155/2155/2142
f 2149/2149/2136 2158/2158/2145 2157/2157/2144
f 2150/2150/2137 2151/2151/2138 2159/2159/2146
f 2151/2151/2138 2156/2156/2143 2160/2160/2147
f 2159/2159/2146 2151/2151/2138 2160/2160/2147
f 2155/2155/2142 2153/2153/2140 2161/2161/2148
f 2155/2155/2142 2161/2161/2148 2158/2158/2145
f 2154/2154/2141 2162/2162/2149 2153/2153/2140
f 2161/2161/2148 2153/2153/2140 2162/2162/2149
f 2152/2152/2139 2163/2163/2150 2154/2154/2141
f 2164/2164/2151 2163/2163/2150 2152/2152/2139
f 2094/2094/2081 2095/2095/2082 2165/2165/2152
f 2165/2165/2152 2095/2095/2082 2166/2166/2153
f 2095/2095/2082 2167/2167/2154 2166/2166/2153
f 2095/2095/2082 2096/2096/2083 2167/2167/2154
f 2096/2096/2083 2168/2168/2155 2167/2167/2154
f 2096/2096/2083 2097/2097/2084 2168/2168/2155
f 2169/2169/2156 2097/2097/2084 2098/2098/2085
f 2097/2097/2084 2169/2169/2156 2168/2168/2155
f 2098/2098/2085 2099/2099/2086 2170/2170/2157
f 2170/2170/2157 2169/2169/2156 2098/2098/2085
f 2171/2171/2158 2170/2170/2157 2099/2099/2086
f 2166/2166/2153 2172/2172/2159 2165/2165/2152
f 2167/2167/2154 2168/2168/2155 2173/2173/2160
f 2166/2166/2153 2167/2167/2154 2174/2174/2161
f 2167/2167/2154 2173/2173/2160 2174/2174/2161
f 2175/2175/2162 2173/2173/2160 2168/2168/2155
f 2168/2168/2155 2169/2169/2156 2175/2175/2162
f 2176/2176/2163 2169/2169/2156 2170/2170/2157
f 2169/2169/2156 2176/2176/2163 2175/2175/2162
f 2177/2177/2164 2170/2170/2157 2171/2171/2158
f 2177/2177/2164 2176/2176/2163 2170/2170/2157
f 2178/2178/2165 2172/2172/2159 2166/2166/2153
f 2179/2179/2166 2166/2166/2153 2174/2174/2161
f 2178/2178/2165 2166/2166/2153 2179/2179/2166
f 2174/2174/2161 2180/2180/2167 2179/2179/2166
f 2174/2174/2161 2173/2173/2160 2180/2180/2167
f 2181/2181/2168 2173/2173/2160 2175/2175/2162
f 2173/2173/2160 2181/2181/2168 2180/2180/2167
f 2182/2182/2169 2181/2181/2168 2175/2175/2162
f 2175/2175/2162 2176/2176/2163 2182/2182/2169
f 2183/2183/2170 2176/2176/2163 2177/2177/2164
f 2183/2183/2170 2182/2182/2169 2176/2176/2163
f 2171/2171/2158 2184/2184/2171 2177/2177/2164
f 2177/2177/2164 2184/2184/2171 2185/2185/2172
f 2185/2185/2172 2183/2183/2170 2177/2177/2164
f 2178/2178/2165 2186/2186/2173 2172/2172/2159
f 2187/2187/2174 2186/2186/2173 2178/2178/2165
f 2179/2179/2166 2187/2187/2174 2178/2178/2165
f 2179/2179/2166 2180/2180/2167 2188/2188/2175
f 2189/2189/2176 2187/2187/2174 2179/2179/2166
f 2188/2188/2175 2189/2189/2176 2179/2179/2166
f 2190/2190/2177 2188/2188/2175 2180/2180/2167
f 2180/2180/2167 2181/2181/2168 2190/2190/2177
f 2191/2191/2178 2181/2181/2168 2182/2182/2169
f 2181/2181/2168 2191/2191/2178 2190/2190/2177
f 2192/2192/2179 2191/2191/2178 2182/2182/2169
f 2192/2192/2179 2182/2182/2169 2183/2183/2170
f 2193/2193/2180 2183/2183/2170 2185/2185/2172
f 2183/2183/2170 2193/2193/2180 2192/2192/2179
f 2184/2184/2171 2194/2194/2181 2185/2185/2172
f 2185/2185/2172 2194/2194/2181 2195/2195/2182
f 2195/2195/2182 2193/2193/2180 2185/2185/2172
f 2187/2187/2174 2196/2196/2183 2186/2186/2173
f 2197/2197/2184 2196/2196/2183 2187/2187/2174
f 2187/2187/2174 2189/2189/2176 2197/2197/2184
f 2198/2198/2185 2188/2188/2175 2190/2190/2177
f 2198/2198/2185 2199/2199/2186 2188/2188/2175
f 2199/2199/2186 2189/2189/2176 2188/2188/2175
f 2189/2189/2176 2199/2199/2186 2200/2200/2187
f 2197/2197/2184 2189/2189/2176 2200/2200/2187
f 2201/2201/2188 2198/2198/2185 2190/2190/2177
f 2190/2190/2177 2191/2191/2178 2201/2201/2188
f 2202/2202/2189 2191/2191/2178 2192/2192/2179
f 2202/2202/2189 2201/2201/2188 2191/2191/2178
f 2192/2192/2179 2193/2193/2180 2203/2203/2190
f 2203/2203/2190 2202/2202/2189 2192/2192/2179
f 2204/2204/2191 2193/2193/2180 2195/2195/2182
f 2193/2193/2180 2204/2204/2191 2203/2203/2190
f 2194/2194/2181 2205/2205/2192 2195/2195/2182
f 2195/2195/2182 2205/2205/2192 2206/2206/2193
f 2206/2206/2193 2204/2204/2191 2195/2195/2182
f 2196/2196/2183 2197/2197/2184 2207/2207/2194
f 2197/2197/2184 2200/2200/2187 2208/2208/2195
f 2207/2207/2194 2197/2197/2184 2208/2208/2195
f 2209/2209/2196 2199/2199/2186 2198/2198/2185
f 2210/2210/2197 2209/2209/2196 2198/2198/2185
f 2210/2210/2197 2198/2198/2185 2201/2201/2188
f 2199/2199/2186 2209/2209/2196 2211/2211/2198
f 2200/2200/2187 2199/2199/2186 2211/2211/2198
f 2200/2200/2187 2211/2211/2198 2212/2212/2199
f 2208/2208/2195 2200/2200/2187 2212/2212/2199
f 2213/2213/2200 2210/2210/2197 2201/2201/2188
f 2213/2213/2200 2201/2201/2188 2202/2202/2189
f 2214/2214/2201 2202/2202/2189 2203/2203/2190
f 2202/2202/2189 2214/2214/2201 2213/2213/2200
f 2215/2215/2202 2214/2214/2201 2203/2203/2190
f 2203/2203/2190 2204/2204/2191 2215/2215/2202
f 2216/2216/2203 2204/2204/2191 2206/2206/2193
f 2216/2216/2203 2215/2215/2202 2204/2204/2191
f 2217/2217/2204 2207/2207/2194 2208/2208/2195
f 2208/2208/2195 2212/2212/2199 2217/2217/2204
f 2205/2205/2192 2218/2218/2205 2206/2206/2193
f 2219/2219/2206 2216/2216/2203 2206/2206/2193
f 2206/2206/2193 2218/2218/2205 2219/2219/2206
f 2220/2220/2207 2207/2207/2194 2217/2217/2204
f 2211/2211/2198 2209/2209/2196 2221/2221/2208
f 2209/2209/2196 2222/2222/2209 2221/2221/2208
f 2222/2222/2209 2209/2209/2196 2210/2210/2197
f 2223/2223/2210 2210/2210/2197 2213/2213/2200
f 2223/2223/2210 2222/2222/2209 2210/2210/2197
f 2211/2211/2198 2221/2221/2208 2224/2224/2211
f 2212/2212/2199 2211/2211/2198 2224/2224/2211
f 2224/2224/2211 2225/2225/2212 2212/2212/2199
f 2217/2217/2204 2212/2212/2199 2225/2225/2212
f 2213/2213/2200 2214/2214/2201 2226/2226/2213
f 2226/2226/2213 2223/2223/2210 2213/2213/2200
f 2227/2227/2214 2214/2214/2201 2215/2215/2202
f 2214/2214/2201 2227/2227/2214 2226/2226/2213
f 2228/2228/2215 2227/2227/2214 2215/2215/2202
f 2228/2228/2215 2215/2215/2202 2216/2216/2203
f 2229/2229/2216 2228/2228/2215 2216/2216/2203
f 2229/2229/2216 2216/2216/2203 2219/2219/2206
f 2230/2230/2217 2220/2220/2207 2217/2217/2204
f 2225/2225/2212 2230/2230/2217 2217/2217/2204
f 2218/2218/2205 2231/2231/2218 2219/2219/2206
f 2219/2219/2206 2231/2231/2218 2232/2232/2219
f 2232/2232/2219 2229/2229/2216 2219/2219/2206
f 2233/2233/2220 2220/2220/2207 2230/2230/2217
f 2234/2234/2221 2222/2222/2209 2223/2223/2210
f 2221/2221/2208 2222/2222/2209 2235/2235/2222
f 2222/2222/2209 2234/2234/2221 2235/2235/2222
f 2236/2236/2223 2223/2223/2210 2226/2226/2213
f 2223/2223/2210 2236/2236/2223 2234/2234/2221
f 2237/2237/2224 2236/2236/2223 2226/2226/2213
f 2226/2226/2213 2227/2227/2214 2237/2237/2224
f 2238/2238/2225 2227/2227/2214 2228/2228/2215
f 2238/2238/2225 2237/2237/2224 2227/2227/2214
f 2239/2239/2226 2238/2238/2225 2228/2228/2215
f 2239/2239/2226 2228/2228/2215 2229/2229/2216
f 2240/2240/2227 2229/2229/2216 2232/2232/2219
f 2229/2229/2216 2240/2240/2227 2239/2239/2226
f 2231/2231/2218 2241/2241/2228 2232/2232/2219
f 2232/2232/2219 2241/2241/2228 2242/2242/2229
f 2242/2242/2229 2240/2240/2227 2232/2232/2219
f 2235/2235/2222 2234/2234/2221 2243/2243/2230
f 2234/2234/2221 2244/2244/2231 2243/2243/2230
f 2234/2234/2221 2236/2236/2223 2244/2244/2231
f 2245/2245/2232 2236/2236/2223 2237/2237/2224
f 2236/2236/2223 2245/2245/2232 2244/2244/2231
f 2246/2246/2233 2245/2245/2232 2237/2237/2224
f 2246/2246/2233 2237/2237/2224 2238/2238/2225
f 2247/2247/2234 2246/2246/2233 2238/2238/2225
f 2247/2247/2234 2238/2238/2225 2239/2239/2226
f 2248/2248/2235 2247/2247/2234 2239/2239/2226
f 2239/2239/2226 2240/2240/2227 2248/2248/2235
f 2249/2249/2236 2240/2240/2227 2242/2242/2229
f 2240/2240/2227 2249/2249/2236 2248/2248/2235
f 2241/2241/2228 2250/2250/2237 2242/2242/2229
f 2242/2242/2229 2250/2250/2237 2251/2251/2238
f 2251/2251/2238 2249/2249/2236 2242/2242/2229
f 2244/2244/2231 2245/2245/2232 2252/2252/2239
f 2243/2243/2230 2244/2244/2231 2253/2253/2240
f 2244/2244/2231 2252/2252/2239 2253/2253/2240
f 2254/2254/2241 2245/2245/2232 2246/2246/2233
f 2245/2245/2232 2254/2254/2241 2252/2252/2239
f 2255/2255/2242 2254/2254/2241 2246/2246/2233
f 2255/2255/2242 2246/2246/2233 2247/2247/2234
f 2256/2256/2243 2247/2247/2234 2248/2248/2235
f 2247/2247/2234 2256/2256/2243 2255/2255/2242
f 2257/2257/2244 2256/2256/2243 2248/2248/2235
f 2248/2248/2235 2249/2249/2236 2257/2257/2244
f 2258/2258/2245 2249/2249/2236 2251/2251/2238
f 2249/2249/2236 2258/2258/2245 2257/2257/2244
f 2259/2259/2246 2251/2251/2238 2250/2250/2237
f 2260/2260/2247 2251/2251/2238 2259/2259/2246
f 2260/2260/2247 2258/2258/2245 2251/2251/2238
f 2252/2252/2239 2254/2254/2241 2261/2261/2248
f 2252/2252/2239 2261/2261/2248 2262/2262/2249
f 2253/2253/2240 2252/2252/2239 2262/2262/2249
f 2254/2254/2241 2263/2263/2250 2261/2261/2248
f 2263/2263/2250 2254/2254/2241 2255/2255/2242
f 2264/2264/2251 2263/2263/2250 2255/2255/2242
f 2255/2255/2242 2256/2256/2243 2264/2264/2251
f 2265/2265/2252 2256/2256/2243 2257/2257/2244
f 2256/2256/2243 2265/2265/2252 2264/2264/2251
f 2266/2266/2253 2265/2265/2252 2257/2257/2244
f 2257/2257/2244 2258/2258/2245 2266/2266/2253
f 2267/2267/2254 2258/2258/2245 2260/2260/2247
f 2267/2267/2254 2266/2266/2253 2258/2258/2245
f 2259/2259/2246 2268/2268/2255 2260/2260/2247
f 2260/2260/2247 2268/2268/2255 2269/2269/2256
f 2269/2269/2256 2267/2267/2254 2260/2260/2247
f 2262/2262/2249 2261/2261/2248 2270/2270/2257
f 2261/2261/2248 2263/2263/2250 2271/2271/2258
f 2261/2261/2248 2271/2271/2258 2270/2270/2257
f 2272/2272/2259 2263/2263/2250 2264/2264/2251
f 2272/2272/2259 2271/2271/2258 2263/2263/2250
f 2273/2273/2260 2272/2272/2259 2264/2264/2251
f 2264/2264/2251 2265/2265/2252 2273/2273/2260
f 2274/2274/2261 2265/2265/2252 2266/2266/2253
f 2265/2265/2252 2274/2274/2261 2273/2273/2260
f 2275/2275/2262 2274/2274/2261 2266/2266/2253
f 2275/2275/2262 2266/2266/2253 2267/2267/2254
f 2276/2276/2263 2267/2267/2254 2269/2269/2256
f 2267/2267/2254 2276/2276/2263 2275/2275/2262
f 2268/2268/2255 2277/2277/2264 2269/2269/2256
f 2269/2269/2256 2277/2277/2264 2278/2278/2265
f 2278/2278/2265 2276/2276/2263 2269/2269/2256
f 2279/2279/2266 2271/2271/2258 2272/2272/2259
f 2270/2270/2257 2271/2271/2258 2280/2280/2267
f 2271/2271/2258 2279/2279/2266 2280/2280/2267
f 2281/2281/2268 2272/2272/2259 2273/2273/2260
f 2281/2281/2268 2279/2279/2266 2272/2272/2259
f 2282/2282/2269 2281/2281/2268 2273/2273/2260
f 2273/2273/2260 2274/2274/2261 2282/2282/2269
f 2283/2283/2270 2274/2274/2261 2275/2275/2262
f 2283/2283/2270 2282/2282/2269 2274/2274/2261
f 2275/2275/2262 2276/2276/2263 2284/2284/2271
f 2284/2284/2271 2283/2283/2270 2275/2275/2262
f 2285/2285/2272 2276/2276/2263 2278/2278/2265
f 2276/2276/2263 2285/2285/2272 2284/2284/2271
f 2277/2277/2264 2286/2286/2273 2278/2278/2265
f 2278/2278/2265 2286/2286/2273 2287/2287/2274
f 2287/2287/2274 2285/2285/2272 2278/2278/2265
f 2288/2288/2275 2279/2279/2266 2281/2281/2268
f 2279/2279/2266 2288/2288/2275 2289/2289/2276
f 2280/2280/2267 2279/2279/2266 2289/2289/2276
f 2290/2290/2277 2281/2281/2268 2282/2282/2269
f 2281/2281/2268 2290/2290/2277 2288/2288/2275
f 2291/2291/2278 2290/2290/2277 2282/2282/2269
f 2291/2291/2278 2282/2282/2269 2283/2283/2270
f 2292/2292/2279 2283/2283/2270 2284/2284/2271
f 2283/2283/2270 2292/2292/2279 2291/2291/2278
f 2293/2293/2280 2292/2292/2279 2284/2284/2271
f 2284/2284/2271 2285/2285/2272 2293/2293/2280
f 2294/2294/2281 2285/2285/2272 2287/2287/2274
f 2285/2285/2272 2294/2294/2281 2293/2293/2280
f 2286/2286/2273 2295/2295/2282 2287/2287/2274
f 2287/2287/2274 2295/2295/2282 2296/2296/2283
f 2296/2296/2283 2294/2294/2281 2287/2287/2274
f 2289/2289/2276 2288/2288/2275 2297/2297/2284
f 2288/2288/2275 2290/2290/2277 2298/2298/2285
f 2298/2298/2285 2297/2297/2284 2288/2288/2275
f 2290/2290/2277 2299/2299/2286 2298/2298/2285
f 2299/2299/2286 2290/2290/2277 2291/2291/2278
f 2291/2291/2278 2292/2292/2279 2300/2300/2287
f 2300/2300/2287 2299/2299/2286 2291/2291/2278
f 2301/2301/2288 2292/2292/2279 2293/2293/2280
f 2292/2292/2279 2301/2301/2288 2300/2300/2287
f 2293/2293/2280 2294/2294/2281 2302/2302/2289
f 2302/2302/2289 2301/2301/2288 2293/2293/2280
f 2303/2303/2290 2294/2294/2281 2296/2296/2283
f 2294/2294/2281 2303/2303/2290 2302/2302/2289
f 2295/2295/2282 2304/2304/2291 2296/2296/2283
f 2296/2296/2283 2304/2304/2291 2305/2305/2292
f 2305/2305/2292 2303/2303/2290 2296/2296/2283
f 2306/2306/2293 2297/2297/2284 2298/2298/2285
f 2298/2298/2285 2299/2299/2286 2307/2307/2294
f 2307/2307/2294 2306/2306/2293 2298/2298/2285
f 2308/2308/2295 2299/2299/2286 2300/2300/2287
f 2299/2299/2286 2308/2308/2295 2307/2307/2294
f 2309/2309/2296 2308/2308/2295 2300/2300/2287
f 2300/2300/2287 2301/2301/2288 2309/2309/2296
f 2310/2310/2297 2301/2301/2288 2302/2302/2289
f 2301/2301/2288 2310/2310/2297 2309/2309/2296
f 2311/2311/2298 2310/2310/2297 2302/2302/2289
f 2152/2152/2139 1591/1591/1589 2164/2164/2151
f 1591/1591/1589 1581/1581/1579 2164/2164/2151
f 2163/2163/2150 2312/2312/2299 2154/2154/2141
f 2313/2313/2300 2162/2162/2149 2154/2154/2141
f 2154/2154/2141 2312/2312/2299 2313/2313/2300
f 2160/2160/2147 2156/2156/2143 2314/2314/2301
f 2315/2315/2302 2156/2156/2143 2157/2157/2144
f 2314/2314/2301 2156/2156/2143 2315/2315/2302
f 2157/2157/2144 2158/2158/2145 2316/2316/2303
f 2157/2157/2144 2316/2316/2303 2315/2315/2302
f 2158/2158/2145 2317/2317/2304 2316/2316/2303
f 2158/2158/2145 2161/2161/2148 2317/2317/2304
f 2318/2318/2305 2163/2163/2150 2164/2164/2151
f 2164/2164/2151 1581/1581/1579 2318/2318/2305
f 2319/2319/2306 2163/2163/2150 2318/2318/2305
f 2163/2163/2150 2319/2319/2306 2312/2312/2299
f 1581/1581/1579 1573/1573/1571 2318/2318/2305
f 2312/2312/2299 2319/2319/2306 2320/2320/2307
f 2312/2312/2299 2321/2321/2308 2313/2313/2300
f 2312/2312/2299 2320/2320/2307 2321/2321/2308
f 2322/2322/2309 2319/2319/2306 2318/2318/2305
f 2318/2318/2305 1573/1573/1571 2322/2322/2309
f 2315/2315/2302 2316/2316/2303 2323/2323/2310
f 2324/2324/167 2314/2314/2301 2315/2315/2302
f 2315/2315/2302 2323/2323/2310 2324/2324/167
f 2316/2316/2303 2317/2317/2304 2325/2325/2311
f 2316/2316/2303 2326/2326/2312 2323/2323/2310
f 2325/2325/2311 2326/2326/2312 2316/2316/2303
f 2327/2327/2313 2319/2319/2306 2322/2322/2309
f 2328/2328/2314 2319/2319/2306 2327/2327/2313
f 2320/2320/2307 2319/2319/2306 2328/2328/2314
f 1573/1573/1571 1566/1566/1564 2322/2322/2309
f 2322/2322/2309 1566/1566/1564 2329/2329/2315
f 2322/2322/2309 2329/2329/2315 2327/2327/2313
f 2328/2328/2314 2330/2330/2316 2320/2320/2307
f 2321/2321/2308 2320/2320/2307 2331/2331/2317
f 2320/2320/2307 2330/2330/2316 2331/2331/2317
f 2326/2326/2312 2332/2332/188 2323/2323/2310
f 2324/2324/167 2323/2323/2310 2333/2333/175
f 2323/2323/2310 2332/2332/188 2333/2333/175
f 2326/2326/2312 2325/2325/2311 2334/2334/2318
f 2335/2335/200 2326/2326/2312 2334/2334/2318
f 2332/2332/188 2326/2326/2312 2335/2335/200
f 2327/2327/2313 2329/2329/2315 2336/2336/2319
f 2337/2337/2320 2327/2327/2313 2336/2336/2319
f 2328/2328/2314 2327/2327/2313 2337/2337/2320
f 2330/2330/2316 2328/2328/2314 2338/2338/2321
f 2338/2338/2321 2328/2328/2314 2337/2337/2320
f 1566/1566/1564 1555/1555/1553 2329/2329/2315
f 1545/1545/1543 2336/2336/2319 2329/2329/2315
f 2329/2329/2315 1555/1555/1553 1545/1545/1543
f 2339/2339/2322 2330/2330/2316 2338/2338/2321
f 2340/2340/2323 2330/2330/2316 2339/2339/2322
f 2340/2340/2323 2331/2331/2317 2330/2330/2316
f 2335/2335/200 2334/2334/2318 2341/2341/212
f 2336/2336/2319 1374/1374/1372 2337/2337/2320
f 1386/1386/1384 1374/1374/1372 2336/2336/2319
f 1386/1386/1384 2336/2336/2319 1545/1545/1543
f 1374/1374/1372 1367/1367/1365 2337/2337/2320
f 2337/2337/2320 1367/1367/1365 2338/2338/2321
f 2339/2339/2322 2338/2338/2321 1357/1357/1355
f 1357/1357/1355 2338/2338/2321 1367/1367/1365
f 1346/1346/1344 2339/2339/2322 1357/1357/1355
f 2342/2342/2324 2339/2339/2322 1346/1346/1344
f 2342/2342/2324 2340/2340/2323 2339/2339/2322
f 1335/1335/1333 2342/2342/2324 1346/1346/1344
f 2343/2343/2325 2342/2342/2324 1335/1335/1333
f 2343/2343/2325 2344/2344/2326 2342/2342/2324
f 2344/2344/2326 2340/2340/2323 2342/2342/2324
f 2340/2340/2323 2344/2344/2326 2345/2345/2327
f 2345/2345/2327 2331/2331/2317 2340/2340/2323
f 1324/1324/1322 2343/2343/2325 1335/1335/1333
f 2346/2346/2328 2343/2343/2325 1324/1324/1322
f 2343/2343/2325 2346/2346/2328 2347/2347/2329
f 2347/2347/2329 2344/2344/2326 2343/2343/2325
f 2345/2345/2327 2344/2344/2326 2348/2348/2330
f 2347/2347/2329 2348/2348/2330 2344/2344/2326
f 2345/2345/2327 2348/2348/2330 2349/2349/2331
f 2349/2349/2331 2331/2331/2317 2345/2345/2327
f 2321/2321/2308 2331/2331/2317 2349/2349/2331
f 1311/1311/1309 2346/2346/2328 1324/1324/1322
f 1312/1312/1310 2346/2346/2328 1311/1311/1309
f 1312/1312/1310 2350/2350/2332 2346/2346/2328
f 2347/2347/2329 2346/2346/2328 2350/2350/2332
f 2351/2351/2333 2348/2348/2330 2347/2347/2329
f 2347/2347/2329 2350/2350/2332 2351/2351/2333
f 2349/2349/2331 2348/2348/2330 2352/2352/2334
f 2348/2348/2330 2351/2351/2333 2352/2352/2334
f 2349/2349/2331 2352/2352/2334 2353/2353/2335
f 2354/2354/2336 2349/2349/2331 2353/2353/2335
f 2321/2321/2308 2349/2349/2331 2354/2354/2336
f 2313/2313/2300 2321/2321/2308 2354/2354/2336
f 1313/1313/1311 2350/2350/2332 1312/1312/1310
f 2350/2350/2332 1313/1313/1311 1326/1326/1324
f 2351/2351/2333 2350/2350/2332 1326/1326/1324
f 2352/2352/2334 2351/2351/2333 1337/1337/1335
f 2351/2351/2333 1326/1326/1324 1337/1337/1335
f 2353/2353/2335 2352/2352/2334 1347/1347/1345
f 2352/2352/2334 1337/1337/1335 1347/1347/1345
f 1347/1347/1345 1358/1358/1356 2353/2353/2335
f 1358/1358/1356 2354/2354/2336 2353/2353/2335
f 2355/2355/2337 2313/2313/2300 2354/2354/2336
f 2355/2355/2337 2354/2354/2336 1358/1358/1356
f 2162/2162/2149 2313/2313/2300 2355/2355/2337
f 1359/1359/1357 2355/2355/2337 1358/1358/1356
f 2356/2356/2338 2162/2162/2149 2355/2355/2337
f 2356/2356/2338 2355/2355/2337 1359/1359/1357
f 2161/2161/2148 2162/2162/2149 2356/2356/2338
f 2357/2357/2339 2161/2161/2148 2356/2356/2338
f 2358/2358/2340 2356/2356/2338 1359/1359/1357
f 2357/2357/2339 2356/2356/2338 2358/2358/2340
f 2358/2358/2340 1359/1359/1357 1360/1360/1358
f 2317/2317/2304 2161/2161/2148 2357/2357/2339
f 2359/2359/2341 2317/2317/2304 2357/2357/2339
f 2360/2360/2342 2357/2357/2339 2358/2358/2340
f 2359/2359/2341 2357/2357/2339 2360/2360/2342
f 2360/2360/2342 2358/2358/2340 2361/2361/2343
f 2361/2361/2343 2358/2358/2340 1360/1360/1358
f 2325/2325/2311 2317/2317/2304 2359/2359/2341
f 2334/2334/2318 2325/2325/2311 2359/2359/2341
f 2362/2362/2344 2359/2359/2341 2360/2360/2342
f 2334/2334/2318 2359/2359/2341 2362/2362/2344
f 2362/2362/2344 2360/2360/2342 2363/2363/2345
f 2363/2363/2345 2360/2360/2342 2361/2361/2343
f 2361/2361/2343 1360/1360/1358 2364/2364/2346
f 2365/2365/2347 2361/2361/2343 2364/2364/2346
f 2363/2363/2345 2361/2361/2343 2365/2365/2347
f 2364/2364/2346 1360/1360/1358 2366/2366/2348
f 1360/1360/1358 1350/1350/1348 2366/2366/2348
f 2341/2341/212 2334/2334/2318 2362/2362/2344
f 2363/2363/2345 2367/2367/224 2362/2362/2344
f 2362/2362/2344 2367/2367/224 2341/2341/212
f 2367/2367/224 2363/2363/2345 2368/2368/109
f 2368/2368/109 2363/2363/2345 2365/2365/2347
f 2365/2365/2347 2364/2364/2346 2369/2369/2349
f 2364/2364/2346 2366/2366/2348 2370/2370/2350
f 2369/2369/2349 2364/2364/2346 2370/2370/2350
f 2369/2369/2349 2371/2371/103 2365/2365/2347
f 2365/2365/2347 2371/2371/103 2368/2368/109
f 2370/2370/2350 2366/2366/2348 2372/2372/2351
f 2366/2366/2348 2373/2373/2352 2372/2372/2351
f 1350/1350/1348 2373/2373/2352 2366/2366/2348
f 2373/2373/2352 1350/1350/1348 1338/1338/1336
f 2372/2372/2351 2374/2374/2353 2370/2370/2350
f 2370/2370/2350 2375/2375/2354 2369/2369/2349
f 2370/2370/2350 2374/2374/2353 2375/2375/2354
f 2373/2373/2352 2376/2376/2355 2372/2372/2351
f 2372/2372/2351 2376/2376/2355 2374/2374/2353
f 2376/2376/2355 2373/2373/2352 2377/2377/2356
f 2377/2377/2356 2373/2373/2352 1338/1338/1336
f 2369/2369/2349 2375/2375/2354 2378/2378/2357
f 2379/2379/90 2369/2369/2349 2378/2378/2357
f 2371/2371/103 2369/2369/2349 2379/2379/90
f 2374/2374/2353 2376/2376/2355 2380/2380/2358
f 2374/2374/2353 2380/2380/2358 2375/2375/2354
f 2375/2375/2354 2380/2380/2358 2381/2381/2359
f 2375/2375/2354 2381/2381/2359 2378/2378/2357
f 2377/2377/2356 1338/1338/1336 1327/1327/1325
f 2380/2380/2358 2376/2376/2355 2382/2382/2360
f 2383/2383/2361 2376/2376/2355 2377/2377/2356
f 2382/2382/2360 2376/2376/2355 2383/2383/2361
f 2383/2383/2361 2377/2377/2356 2384/2384/2362
f 2384/2384/2362 2377/2377/2356 1327/1327/1325
f 2378/2378/2357 2381/2381/2359 2385/2385/2363
f 2378/2378/2357 2386/2386/83 2379/2379/90
f 2385/2385/2363 2386/2386/83 2378/2378/2357
f 2382/2382/2360 2387/2387/2364 2380/2380/2358
f 2380/2380/2358 2388/2388/2365 2381/2381/2359
f 2380/2380/2358 2387/2387/2364 2388/2388/2365
f 2387/2387/2364 2382/2382/2360 2389/2389/2366
f 2389/2389/2366 2382/2382/2360 2383/2383/2361
f 2389/2389/2366 2383/2383/2361 2390/2390/2367
f 2390/2390/2367 2383/2383/2361 2384/2384/2362
f 2381/2381/2359 2388/2388/2365 2391/2391/2368
f 2392/2392/2369 2381/2381/2359 2391/2391/2368
f 2385/2385/2363 2381/2381/2359 2392/2392/2369
f 2386/2386/83 2385/2385/2363 2393/2393/77
f 2393/2393/77 2385/2385/2363 2392/2392/2369
f 1327/1327/1325 1317/1317/1315 2384/2384/2362
f 1317/1317/1315 2394/2394/2370 2384/2384/2362
f 2384/2384/2362 2394/2394/2370 2390/2390/2367
f 2387/2387/2364 2395/2395/2371 2388/2388/2365
f 2389/2389/2366 2395/2395/2371 2387/2387/2364
f 2388/2388/2365 2396/2396/2372 2391/2391/2368
f 2388/2388/2365 2395/2395/2371 2396/2396/2372
f 2397/2397/2373 2395/2395/2371 2389/2389/2366
f 2390/2390/2367 2397/2397/2373 2389/2389/2366
f 2398/2398/2374 2397/2397/2373 2390/2390/2367
f 2390/2390/2367 2394/2394/2370 2398/2398/2374
f 2391/2391/2368 2399/2399/2375 2392/2392/2369
f 2391/2391/2368 2396/2396/2372 2399/2399/2375
f 2392/2392/2369 2400/2400/2376 2393/2393/77
f 2401/2401/2377 2400/2400/2376 2392/2392/2369
f 2392/2392/2369 2399/2399/2375 2401/2401/2377
f 2396/2396/2372 2395/2395/2371 2402/2402/2378
f 2396/2396/2372 2402/2402/2378 2399/2399/2375
f 2402/2402/2378 2395/2395/2371 2403/2403/2379
f 2397/2397/2373 2403/2403/2379 2395/2395/2371
f 2404/2404/2380 2403/2403/2379 2397/2397/2373
f 2398/2398/2374 2404/2404/2380 2397/2397/2373
f 1317/1317/1315 1305/1305/1303 2394/2394/2370
f 2398/2398/2374 2394/2394/2370 2405/2405/2381
f 1305/1305/1303 2405/2405/2381 2394/2394/2370
f 2398/2398/2374 2405/2405/2381 2406/2406/2382
f 2406/2406/2382 2404/2404/2380 2398/2398/2374
f 2399/2399/2375 2402/2402/2378 2407/2407/2383
f 2399/2399/2375 2407/2407/2383 2401/2401/2377
f 2401/2401/2377 2407/2407/2383 2408/2408/2384
f 2408/2408/2384 2400/2400/2376 2401/2401/2377
f 2409/2409/65 2400/2400/2376 2408/2408/2384
f 2402/2402/2378 2410/2410/2385 2407/2407/2383
f 2411/2411/2386 2410/2410/2385 2402/2402/2378
f 2402/2402/2378 2403/2403/2379 2411/2411/2386
f 2403/2403/2379 2404/2404/2380 2412/2412/2387
f 2411/2411/2386 2403/2403/2379 2412/2412/2387
f 2407/2407/2383 2410/2410/2385 2408/2408/2384
f 2406/2406/2382 2413/2413/2388 2404/2404/2380
f 2412/2412/2387 2404/2404/2380 2413/2413/2388
f 2408/2408/2384 2414/2414/2389 2409/2409/65
f 2408/2408/2384 2410/2410/2385 2414/2414/2389
f 2406/2406/2382 2405/2405/2381 2415/2415/2390
f 2405/2405/2381 2416/2416/2391 2415/2415/2390
f 2416/2416/2391 2405/2405/2381 1305/1305/1303
f 2417/2417/2392 2413/2413/2388 2406/2406/2382
f 2415/2415/2390 2417/2417/2392 2406/2406/2382
f 2410/2410/2385 2411/2411/2386 2418/2418/2393
f 2410/2410/2385 2418/2418/2393 2414/2414/2389
f 2411/2411/2386 2412/2412/2387 2419/2419/2394
f 2418/2418/2393 2411/2411/2386 2419/2419/2394
f 2412/2412/2387 2413/2413/2388 2420/2420/2395
f 2419/2419/2394 2412/2412/2387 2420/2420/2395
f 2420/2420/2395 2413/2413/2388 2421/2421/2396
f 2413/2413/2388 2417/2417/2392 2421/2421/2396
f 2409/2409/65 2414/2414/2389 2422/2422/57
f 2414/2414/2389 2418/2418/2393 2423/2423/2397
f 2424/2424/58 2414/2414/2389 2423/2423/2397
f 2422/2422/57 2414/2414/2389 2424/2424/58
f 2419/2419/2394 2420/2420/2395 2425/2425/2398
f 2419/2419/2394 2425/2425/2398 2418/2418/2393
f 2418/2418/2393 2425/2425/2398 2426/2426/2399
f 2418/2418/2393 2426/2426/2399 2423/2423/2397
f 2415/2415/2390 2416/2416/2391 2427/2427/2400
f 2415/2415/2390 2427/2427/2400 2428/2428/2401
f 2428/2428/2401 2417/2417/2392 2415/2415/2390
f 2417/2417/2392 2428/2428/2401 2429/2429/2402
f 2421/2421/2396 2417/2417/2392 2429/2429/2402
f 2420/2420/2395 2421/2421/2396 2430/2430/2403
f 2425/2425/2398 2420/2420/2395 2430/2430/2403
f 2421/2421/2396 2429/2429/2402 2431/2431/2404
f 2430/2430/2403 2421/2421/2396 2431/2431/2404
f 2423/2423/2397 2426/2426/2399 2432/2432/2405
f 2423/2423/2397 2432/2432/2405 2424/2424/58
f 2424/2424/58 2432/2432/2405 2433/2433/2406
f 2434/2434/2407 2426/2426/2399 2425/2425/2398
f 2435/2435/2408 2425/2425/2398 2430/2430/2403
f 2434/2434/2407 2425/2425/2398 2435/2435/2408
f 2302/2302/2289 2303/2303/2290 2311/2311/2298
f 2436/2436/2409 2303/2303/2290 2305/2305/2292
f 2303/2303/2290 2436/2436/2409 2311/2311/2298
f 2304/2304/2291 2437/2437/2410 2305/2305/2292
f 2305/2305/2292 2437/2437/2410 2438/2438/2411
f 2438/2438/2411 2436/2436/2409 2305/2305/2292
f 2439/2439/2412 2306/2306/2293 2307/2307/2294
f 2307/2307/2294 2440/2440/2413 2439/2439/2412
f 2307/2307/2294 2308/2308/2295 2440/2440/2413
f 2308/2308/2295 2441/2441/2414 2440/2440/2413
f 2441/2441/2414 2308/2308/2295 2309/2309/2296
f 2309/2309/2296 2310/2310/2297 2442/2442/2415
f 2442/2442/2415 2441/2441/2414 2309/2309/2296
f 2443/2443/2416 2310/2310/2297 2311/2311/2298
f 2310/2310/2297 2443/2443/2416 2442/2442/2415
f 2444/2444/2417 2443/2443/2416 2311/2311/2298
f 2311/2311/2298 2436/2436/2409 2444/2444/2417
f 2445/2445/2418 2436/2436/2409 2438/2438/2411
f 2436/2436/2409 2445/2445/2418 2444/2444/2417
f 2437/2437/2410 2446/2446/2419 2438/2438/2411
f 2438/2438/2411 2447/2447/2420 2445/2445/2418
f 2446/2446/2419 2447/2447/2420 2438/2438/2411
f 2448/2448/2421 2446/2446/2419 2437/2437/2410
f 2440/2440/2413 2441/2441/2414 2449/2449/2422
f 2439/2439/2412 2440/2440/2413 2450/2450/2423
f 2440/2440/2413 2449/2449/2422 2450/2450/2423
f 2451/2451/2424 2441/2441/2414 2442/2442/2415
f 2441/2441/2414 2451/2451/2424 2449/2449/2422
f 2452/2452/2425 2451/2451/2424 2442/2442/2415
f 2442/2442/2415 2443/2443/2416 2452/2452/2425
f 2453/2453/2426 2443/2443/2416 2444/2444/2417
f 2443/2443/2416 2453/2453/2426 2452/2452/2425
f 2454/2454/2427 2453/2453/2426 2444/2444/2417
f 2444/2444/2417 2445/2445/2418 2454/2454/2427
f 2447/2447/2420 2455/2455/2428 2445/2445/2418
f 2445/2445/2418 2455/2455/2428 2454/2454/2427
f 2450/2450/2423 2449/2449/2422 2456/2456/2429
f 2449/2449/2422 2457/2457/2430 2456/2456/2429
f 2449/2449/2422 2451/2451/2424 2457/2457/2430
f 2451/2451/2424 2458/2458/2431 2457/2457/2430
f 2458/2458/2431 2451/2451/2424 2452/2452/2425
f 2459/2459/2432 2458/2458/2431 2452/2452/2425
f 2452/2452/2425 2453/2453/2426 2459/2459/2432
f 2460/2460/2433 2453/2453/2426 2454/2454/2427
f 2453/2453/2426 2460/2460/2433 2459/2459/2432
f 2455/2455/2428 2461/2461/2434 2454/2454/2427
f 2454/2454/2427 2461/2461/2434 2460/2460/2433
f 2457/2457/2430 2458/2458/2431 2462/2462/2435
f 2456/2456/2429 2457/2457/2430 2463/2463/2436
f 2457/2457/2430 2462/2462/2435 2463/2463/2436
f 2458/2458/2431 2464/2464/2437 2462/2462/2435
f 2464/2464/2437 2458/2458/2431 2459/2459/2432
f 2465/2465/2438 2464/2464/2437 2459/2459/2432
f 2459/2459/2432 2460/2460/2433 2465/2465/2438
f 2461/2461/2434 2466/2466/2439 2460/2460/2433
f 2460/2460/2433 2466/2466/2439 2465/2465/2438
f 2466/2466/2439 2467/2467/2440 2465/2465/2438
f 2467/2467/2440 2464/2464/2437 2465/2465/2438
f 2467/2467/2440 2468/2468/2441 2464/2464/2437
f 2462/2462/2435 2464/2464/2437 2468/2468/2441
f 2463/2463/2436 2462/2462/2435 2469/2469/2442
f 2462/2462/2435 2468/2468/2441 2469/2469/2442
f 2470/2470/2443 2467/2467/2440 2466/2466/2439
f 2467/2467/2440 2470/2470/2443 2471/2471/2444
f 2471/2471/2444 2468/2468/2441 2467/2467/2440
f 2468/2468/2441 2471/2471/2444 2472/2472/2445
f 2469/2469/2442 2468/2468/2441 2472/2472/2445
f 2469/2469/2442 2472/2472/2445 2473/2473/2446
f 2474/2474/2447 2469/2469/2442 2473/2473/2446
f 2463/2463/2436 2469/2469/2442 2474/2474/2447
f 2475/2475/2448 2463/2463/2436 2474/2474/2447
f 2456/2456/2429 2463/2463/2436 2475/2475/2448
f 2471/2471/2444 2470/2470/2443 2476/2476/2449
f 2471/2471/2444 2476/2476/2449 2477/2477/2450
f 2472/2472/2445 2471/2471/2444 2477/2477/2450
f 2477/2477/2450 2478/2478/2451 2472/2472/2445
f 2473/2473/2446 2472/2472/2445 2478/2478/2451
f 2473/2473/2446 2479/2479/2452 2474/2474/2447
f 2480/2480/2453 2479/2479/2452 2473/2473/2446
f 2478/2478/2451 2480/2480/2453 2473/2473/2446
f 2479/2479/2452 2481/2481/2454 2474/2474/2447
f 2474/2474/2447 2481/2481/2454 2475/2475/2448
f 2481/2481/2454 2482/2482/2455 2475/2475/2448
f 2483/2483/2456 2456/2456/2429 2475/2475/2448
f 2475/2475/2448 2482/2482/2455 2483/2483/2456
f 2450/2450/2423 2456/2456/2429 2483/2483/2456
f 2477/2477/2450 2476/2476/2449 2484/2484/2457
f 2477/2477/2450 2484/2484/2457 2485/2485/2458
f 2485/2485/2458 2478/2478/2451 2477/2477/2450
f 2485/2485/2458 2486/2486/2459 2478/2478/2451
f 2486/2486/2459 2480/2480/2453 2478/2478/2451
f 2479/2479/2452 2480/2480/2453 2487/2487/2460
f 2488/2488/2461 2479/2479/2452 2487/2487/2460
f 2481/2481/2454 2479/2479/2452 2488/2488/2461
f 2487/2487/2460 2480/2480/2453 2489/2489/2462
f 2480/2480/2453 2486/2486/2459 2489/2489/2462
f 2482/2482/2455 2481/2481/2454 2490/2490/2463
f 2490/2490/2463 2481/2481/2454 2488/2488/2461
f 2482/2482/2455 2491/2491/2464 2483/2483/2456
f 2492/2492/2465 2482/2482/2455 2490/2490/2463
f 2491/2491/2464 2482/2482/2455 2492/2492/2465
f 2483/2483/2456 2491/2491/2464 2493/2493/2466
f 2493/2493/2466 2450/2450/2423 2483/2483/2456
f 2439/2439/2412 2450/2450/2423 2493/2493/2466
f 2485/2485/2458 2484/2484/2457 2494/2494/2467
f 2494/2494/2467 2495/2495/2468 2485/2485/2458
f 2495/2495/2468 2486/2486/2459 2485/2485/2458
f 2486/2486/2459 2495/2495/2468 2496/2496/2469
f 2489/2489/2462 2486/2486/2459 2496/2496/2469
f 2489/2489/2462 2497/2497/2470 2487/2487/2460
f 2487/2487/2460 2498/2498/2471 2488/2488/2461
f 2497/2497/2470 2498/2498/2471 2487/2487/2460
f 2490/2490/2463 2488/2488/2461 2499/2499/2472
f 2499/2499/2472 2488/2488/2461 2498/2498/2471
f 2489/2489/2462 2496/2496/2469 2500/2500/2473
f 2500/2500/2473 2497/2497/2470 2489/2489/2462
f 2492/2492/2465 2490/2490/2463 2501/2501/2474
f 2501/2501/2474 2490/2490/2463 2499/2499/2472
f 2492/2492/2465 2502/2502/2475 2491/2491/2464
f 2491/2491/2464 2503/2503/2476 2493/2493/2466
f 2491/2491/2464 2502/2502/2475 2503/2503/2476
f 2501/2501/2474 2504/2504/2477 2492/2492/2465
f 2492/2492/2465 2504/2504/2477 2502/2502/2475
f 2493/2493/2466 2503/2503/2476 2505/2505/2478
f 2493/2493/2466 2505/2505/2478 2439/2439/2412
f 2439/2439/2412 2505/2505/2478 2306/2306/2293
f 2506/2506/2479 2495/2495/2468 2494/2494/2467
f 2495/2495/2468 2506/2506/2479 2507/2507/2480
f 2496/2496/2469 2495/2495/2468 2507/2507/2480
f 2507/2507/2480 2508/2508/2481 2496/2496/2469
f 2500/2500/2473 2496/2496/2469 2508/2508/2481
f 2499/2499/2472 2498/2498/2471 2509/2509/2482
f 2498/2498/2471 2497/2497/2470 2510/2510/2483
f 2509/2509/2482 2498/2498/2471 2510/2510/2483
f 2501/2501/2474 2499/2499/2472 2511/2511/2484
f 2511/2511/2484 2499/2499/2472 2509/2509/2482
f 2504/2504/2477 2501/2501/2474 2512/2512/2485
f 2512/2512/2485 2501/2501/2474 2511/2511/2484
f 2502/2502/2475 2513/2513/2486 2503/2503/2476
f 2514/2514/2487 2502/2502/2475 2504/2504/2477
f 2513/2513/2486 2502/2502/2475 2514/2514/2487
f 2503/2503/2476 2515/2515/2488 2505/2505/2478
f 2503/2503/2476 2513/2513/2486 2515/2515/2488
f 2514/2514/2487 2504/2504/2477 2516/2516/2489
f 2516/2516/2489 2504/2504/2477 2512/2512/2485
f 2505/2505/2478 2515/2515/2488 2517/2517/2490
f 2517/2517/2490 2306/2306/2293 2505/2505/2478
f 2297/2297/2284 2306/2306/2293 2517/2517/2490
f 2507/2507/2480 2506/2506/2479 2518/2518/2491
f 2507/2507/2480 2518/2518/2491 2519/2519/2492
f 2519/2519/2492 2508/2508/2481 2507/2507/2480
f 2520/2520/2493 2516/2516/2489 2512/2512/2485
f 2511/2511/2484 2520/2520/2493 2512/2512/2485
f 2521/2521/2494 2520/2520/2493 2511/2511/2484
f 2509/2509/2482 2521/2521/2494 2511/2511/2484
f 2516/2516/2489 2522/2522/2495 2514/2514/2487
f 2522/2522/2495 2513/2513/2486 2514/2514/2487
f 2523/2523/2496 2515/2515/2488 2513/2513/2486
f 2523/2523/2496 2513/2513/2486 2522/2522/2495
f 2515/2515/2488 2524/2524/2497 2517/2517/2490
f 2524/2524/2497 2515/2515/2488 2523/2523/2496
f 2517/2517/2490 2524/2524/2497 2525/2525/2498
f 2525/2525/2498 2297/2297/2284 2517/2517/2490
f 2526/2526/2499 2522/2522/2495 2516/2516/2489
f 2527/2527/2500 2516/2516/2489 2520/2520/2493
f 2516/2516/2489 2527/2527/2500 2526/2526/2499
f 2520/2520/2493 2528/2528/2501 2527/2527/2500
f 2520/2520/2493 2521/2521/2494 2528/2528/2501
f 2526/2526/2499 2529/2529/2502 2522/2522/2495
f 2529/2529/2502 2523/2523/2496 2522/2522/2495
f 2289/2289/2276 2297/2297/2284 2525/2525/2498
f 2530/2530/2503 2524/2524/2497 2523/2523/2496
f 2530/2530/2503 2523/2523/2496 2529/2529/2502
f 2524/2524/2497 2531/2531/2504 2525/2525/2498
f 2531/2531/2504 2524/2524/2497 2530/2530/2503
f 2525/2525/2498 2531/2531/2504 2532/2532/2505
f 2532/2532/2505 2289/2289/2276 2525/2525/2498
f 2533/2533/2506 2529/2529/2502 2526/2526/2499
f 2526/2526/2499 2527/2527/2500 2534/2534/2507
f 2534/2534/2507 2533/2533/2506 2526/2526/2499
f 2527/2527/2500 2535/2535/2508 2534/2534/2507
f 2527/2527/2500 2528/2528/2501 2535/2535/2508
f 2529/2529/2502 2533/2533/2506 2536/2536/2509
f 2536/2536/2509 2530/2530/2503 2529/2529/2502
f 2537/2537/2510 2530/2530/2503 2536/2536/2509
f 2537/2537/2510 2531/2531/2504 2530/2530/2503
f 2538/2538/2511 2531/2531/2504 2537/2537/2510
f 2531/2531/2504 2538/2538/2511 2532/2532/2505
f 2280/2280/2267 2289/2289/2276 2532/2532/2505
f 2532/2532/2505 2538/2538/2511 2539/2539/2512
f 2539/2539/2512 2280/2280/2267 2532/2532/2505
f 2540/2540/2513 2533/2533/2506 2534/2534/2507
f 2536/2536/2509 2533/2533/2506 2541/2541/2514
f 2533/2533/2506 2540/2540/2513 2541/2541/2514
f 2534/2534/2507 2535/2535/2508 2542/2542/2515
f 2542/2542/2515 2540/2540/2513 2534/2534/2507
f 2541/2541/2514 2543/2543/2516 2536/2536/2509
f 2543/2543/2516 2537/2537/2510 2536/2536/2509
f 2544/2544/2517 2538/2538/2511 2537/2537/2510
f 2544/2544/2517 2537/2537/2510 2543/2543/2516
f 2538/2538/2511 2545/2545/2518 2539/2539/2512
f 2545/2545/2518 2538/2538/2511 2544/2544/2517
f 2270/2270/2257 2280/2280/2267 2539/2539/2512
f 2539/2539/2512 2545/2545/2518 2546/2546/2519
f 2546/2546/2519 2270/2270/2257 2539/2539/2512
f 2547/2547/2520 2540/2540/2513 2542/2542/2515
f 2541/2541/2514 2540/2540/2513 2548/2548/2521
f 2540/2540/2513 2547/2547/2520 2548/2548/2521
f 2549/2549/2522 2543/2543/2516 2541/2541/2514
f 2548/2548/2521 2549/2549/2522 2541/2541/2514
f 2543/2543/2516 2549/2549/2522 2550/2550/2523
f 2550/2550/2523 2544/2544/2517 2543/2543/2516
f 2551/2551/2524 2545/2545/2518 2544/2544/2517
f 2551/2551/2524 2544/2544/2517 2550/2550/2523
f 2545/2545/2518 2552/2552/2525 2546/2546/2519
f 2552/2552/2525 2545/2545/2518 2551/2551/2524
f 2262/2262/2249 2270/2270/2257 2546/2546/2519
f 2546/2546/2519 2552/2552/2525 2553/2553/2526
f 2553/2553/2526 2262/2262/2249 2546/2546/2519
f 2551/2551/2524 2550/2550/2523 2554/2554/2527
f 2554/2554/2527 2552/2552/2525 2551/2551/2524
f 2552/2552/2525 2555/2555/2528 2553/2553/2526
f 2555/2555/2528 2552/2552/2525 2554/2554/2527
f 2556/2556/2529 2549/2549/2522 2548/2548/2521
f 2548/2548/2521 2557/2557/2530 2556/2556/2529
f 2548/2548/2521 2547/2547/2520 2557/2557/2530
f 2550/2550/2523 2549/2549/2522 2558/2558/2531
f 2549/2549/2522 2556/2556/2529 2558/2558/2531
f 2554/2554/2527 2550/2550/2523 2559/2559/2532
f 2558/2558/2531 2559/2559/2532 2550/2550/2523
f 2560/2560/2533 2555/2555/2528 2554/2554/2527
f 2554/2554/2527 2559/2559/2532 2560/2560/2533
f 2253/2253/2240 2262/2262/2249 2553/2553/2526
f 2553/2553/2526 2555/2555/2528 2561/2561/2534
f 2561/2561/2534 2253/2253/2240 2553/2553/2526
f 2555/2555/2528 2562/2562/2535 2561/2561/2534
f 2562/2562/2535 2555/2555/2528 2560/2560/2533
f 2556/2556/2529 2557/2557/2530 2563/2563/2536
f 2558/2558/2531 2556/2556/2529 2564/2564/2537
f 2556/2556/2529 2563/2563/2536 2564/2564/2537
f 2565/2565/2538 2559/2559/2532 2558/2558/2531
f 2564/2564/2537 2565/2565/2538 2558/2558/2531
f 2565/2565/2538 2566/2566/2539 2559/2559/2532
f 2560/2560/2533 2559/2559/2532 2566/2566/2539
f 2567/2567/2540 2562/2562/2535 2560/2560/2533
f 2560/2560/2533 2566/2566/2539 2567/2567/2540
f 2243/2243/2230 2253/2253/2240 2561/2561/2534
f 2561/2561/2534 2562/2562/2535 2568/2568/2541
f 2568/2568/2541 2243/2243/2230 2561/2561/2534
f 2562/2562/2535 2569/2569/2542 2568/2568/2541
f 2569/2569/2542 2562/2562/2535 2567/2567/2540
f 2564/2564/2537 2563/2563/2536 2570/2570/2543
f 2570/2570/2543 2571/2571/2544 2564/2564/2537
f 2571/2571/2544 2565/2565/2538 2564/2564/2537
f 2572/2572/2545 2566/2566/2539 2565/2565/2538
f 2565/2565/2538 2571/2571/2544 2572/2572/2545
f 2435/2435/2408 2430/2430/2403 2573/2573/2546
f 2573/2573/2546 2430/2430/2403 2431/2431/2404
f 2426/2426/2399 2574/2574/2547 2432/2432/2405
f 2575/2575/2548 2574/2574/2547 2426/2426/2399
f 2575/2575/2548 2426/2426/2399 2434/2434/2407
f 2574/2574/2547 2433/2433/2406 2432/2432/2405
f 2431/2431/2404 2429/2429/2402 2576/2576/2549
f 2576/2576/2549 2573/2573/2546 2431/2431/2404
f 2429/2429/2402 2428/2428/2401 2577/2577/2550
f 2429/2429/2402 2577/2577/2550 2576/2576/2549
f 2434/2434/2407 2435/2435/2408 2578/2578/2551
f 2434/2434/2407 2578/2578/2551 2575/2575/2548
f 2435/2435/2408 2573/2573/2546 2579/2579/2552
f 2578/2578/2551 2435/2435/2408 2579/2579/2552
f 2575/2575/2548 2578/2578/2551 2580/2580/2553
f 2575/2575/2548 2580/2580/2553 2574/2574/2547
f 2581/2581/2554 2433/2433/2406 2574/2574/2547
f 2574/2574/2547 2580/2580/2553 2582/2582/2555
f 2582/2582/2555 2581/2581/2554 2574/2574/2547
f 2579/2579/2552 2573/2573/2546 2583/2583/2556
f 2584/2584/2557 2573/2573/2546 2576/2576/2549
f 2573/2573/2546 2584/2584/2557 2583/2583/2556
f 2576/2576/2549 2577/2577/2550 2585/2585/2558
f 2585/2585/2558 2584/2584/2557 2576/2576/2549
f 2578/2578/2551 2579/2579/2552 2586/2586/2559
f 2578/2578/2551 2586/2586/2559 2580/2580/2553
f 2586/2586/2559 2579/2579/2552 2587/2587/2560
f 2579/2579/2552 2583/2583/2556 2587/2587/2560
f 2580/2580/2553 2588/2588/2561 2582/2582/2555
f 2580/2580/2553 2586/2586/2559 2588/2588/2561
f 2589/2589/2562 2581/2581/2554 2582/2582/2555
f 2582/2582/2555 2588/2588/2561 2590/2590/2563
f 2582/2582/2555 2590/2590/2563 2589/2589/2562
f 2583/2583/2556 2584/2584/2557 2591/2591/2564
f 2591/2591/2564 2592/2592/2565 2583/2583/2556
f 2587/2587/2560 2583/2583/2556 2592/2592/2565
f 2584/2584/2557 2593/2593/2566 2591/2591/2564
f 2593/2593/2566 2584/2584/2557 2585/2585/2558
f 2588/2588/2561 2586/2586/2559 2594/2594/2567
f 2588/2588/2561 2594/2594/2567 2590/2590/2563
f 2586/2586/2559 2587/2587/2560 2595/2595/2568
f 2594/2594/2567 2586/2586/2559 2595/2595/2568
f 2587/2587/2560 2592/2592/2565 2596/2596/2569
f 2595/2595/2568 2587/2587/2560 2596/2596/2569
f 2589/2589/2562 2590/2590/2563 2597/2597/2570
f 2590/2590/2563 2594/2594/2567 2598/2598/2571
f 2590/2590/2563 2598/2598/2571 2597/2597/2570
f 2595/2595/2568 2599/2599/2572 2594/2594/2567
f 2599/2599/2572 2598/2598/2571 2594/2594/2567
f 2600/2600/2573 2599/2599/2572 2595/2595/2568
f 2596/2596/2569 2600/2600/2573 2595/2595/2568
f 2591/2591/2564 2593/2593/2566 2601/2601/2574
f 2602/2602/2575 2592/2592/2565 2591/2591/2564
f 2591/2591/2564 2601/2601/2574 2602/2602/2575
f 2592/2592/2565 2602/2602/2575 2603/2603/2576
f 2596/2596/2569 2592/2592/2565 2603/2603/2576
f 2604/2604/2577 2600/2600/2573 2596/2596/2569
f 2603/2603/2576 2604/2604/2577 2596/2596/2569
f 2597/2597/2570 2598/2598/2571 2605/2605/2578
f 2606/2606/2579 2598/2598/2571 2599/2599/2572
f 2598/2598/2571 2606/2606/2579 2605/2605/2578
f 2599/2599/2572 2600/2600/2573 2607/2607/2580
f 2607/2607/2580 2606/2606/2579 2599/2599/2572
f 2600/2600/2573 2604/2604/2577 2608/2608/2581
f 2607/2607/2580 2600/2600/2573 2608/2608/2581
f 2602/2602/2575 2601/2601/2574 2609/2609/2582
f 2603/2603/2576 2602/2602/2575 2610/2610/2583
f 2602/2602/2575 2609/2609/2582 2610/2610/2583
f 2611/2611/2584 2604/2604/2577 2603/2603/2576
f 2610/2610/2583 2611/2611/2584 2603/2603/2576
f 2604/2604/2577 2611/2611/2584 2612/2612/2585
f 2608/2608/2581 2604/2604/2577 2612/2612/2585
f 2605/2605/2578 2606/2606/2579 2613/2613/2586
f 2614/2614/2587 2606/2606/2579 2607/2607/2580
f 2606/2606/2579 2614/2614/2587 2613/2613/2586
f 2608/2608/2581 2615/2615/2588 2607/2607/2580
f 2615/2615/2588 2614/2614/2587 2607/2607/2580
f 2616/2616/2589 2615/2615/2588 2608/2608/2581
f 2612/2612/2585 2616/2616/2589 2608/2608/2581
f 2617/2617/2590 2611/2611/2584 2610/2610/2583
f 2610/2610/2583 2609/2609/2582 2618/2618/2591
f 2618/2618/2591 2617/2617/2590 2610/2610/2583
f 2611/2611/2584 2617/2617/2590 2619/2619/2592
f 2612/2612/2585 2611/2611/2584 2619/2619/2592
f 2619/2619/2592 2620/2620/2593 2612/2612/2585
f 2620/2620/2593 2616/2616/2589 2612/2612/2585
f 2613/2613/2586 2614/2614/2587 2621/2621/2594
f 2614/2614/2587 2622/2622/2595 2621/2621/2594
f 2622/2622/2595 2614/2614/2587 2615/2615/2588
f 2615/2615/2588 2623/2623/2596 2622/2622/2595
f 2624/2624/2597 2623/2623/2596 2615/2615/2588
f 2616/2616/2589 2624/2624/2597 2615/2615/2588
f 2625/2625/2598 2624/2624/2597 2616/2616/2589
f 2620/2620/2593 2625/2625/2598 2616/2616/2589
f 2626/2626/2599 2617/2617/2590 2618/2618/2591
f 2619/2619/2592 2617/2617/2590 2627/2627/2600
f 2617/2617/2590 2626/2626/2599 2627/2627/2600
f 2627/2627/2600 2628/2628/2601 2619/2619/2592
f 2628/2628/2601 2620/2620/2593 2619/2619/2592
f 2629/2629/2602 2625/2625/2598 2620/2620/2593
f 2628/2628/2601 2629/2629/2602 2620/2620/2593
f 2621/2621/2594 2622/2622/2595 2630/2630/2603
f 2623/2623/2596 2631/2631/2604 2622/2622/2595
f 2622/2622/2595 2631/2631/2604 2630/2630/2603
f 2631/2631/2604 2623/2623/2596 2632/2632/2605
f 2624/2624/2597 2633/2633/2606 2623/2623/2596
f 2632/2632/2605 2623/2623/2596 2633/2633/2606
f 2634/2634/2607 2633/2633/2606 2624/2624/2597
f 2624/2624/2597 2625/2625/2598 2634/2634/2607
f 2634/2634/2607 2625/2625/2598 2635/2635/2608
f 2629/2629/2602 2635/2635/2608 2625/2625/2598
f 2636/2636/2609 2628/2628/2601 2627/2627/2600
f 2637/2637/2610 2636/2636/2609 2627/2627/2600
f 2627/2627/2600 2626/2626/2599 2637/2637/2610
f 2638/2638/2611 2629/2629/2602 2628/2628/2601
f 2636/2636/2609 2638/2638/2611 2628/2628/2601
f 2639/2639/2612 2635/2635/2608 2629/2629/2602
f 2638/2638/2611 2639/2639/2612 2629/2629/2602
f 2632/2632/2605 2633/2633/2606 2640/2640/2613
f 2634/2634/2607 2641/2641/2614 2633/2633/2606
f 2640/2640/2613 2633/2633/2606 2641/2641/2614
f 2634/2634/2607 2635/2635/2608 2642/2642/2615
f 2642/2642/2615 2641/2641/2614 2634/2634/2607
f 2642/2642/2615 2635/2635/2608 2643/2643/2616
f 2639/2639/2612 2643/2643/2616 2635/2635/2608
f 2644/2644/2617 2636/2636/2609 2637/2637/2610
f 2644/2644/2617 2645/2645/2618 2636/2636/2609
f 2645/2645/2618 2638/2638/2611 2636/2636/2609
f 2646/2646/2619 2639/2639/2612 2638/2638/2611
f 2645/2645/2618 2646/2646/2619 2638/2638/2611
f 2647/2647/2620 2639/2639/2612 2646/2646/2619
f 2648/2648/2621 2639/2639/2612 2647/2647/2620
f 2648/2648/2621 2643/2643/2616 2639/2639/2612
f 2641/2641/2614 2649/2649/2622 2640/2640/2613
f 2642/2642/2615 2650/2650/2623 2641/2641/2614
f 2650/2650/2623 2649/2649/2622 2641/2641/2614
f 2642/2642/2615 2643/2643/2616 2651/2651/2624
f 2651/2651/2624 2650/2650/2623 2642/2642/2615
f 2646/2646/2619 2652/2652/2625 2647/2647/2620
f 2652/2652/2625 2646/2646/2619 2645/2645/2618
f 2653/2653/2626 2645/2645/2618 2644/2644/2617
f 2653/2653/2626 2652/2652/2625 2645/2645/2618
f 2651/2651/2624 2643/2643/2616 2654/2654/2627
f 2655/2655/2628 2643/2643/2616 2648/2648/2621
f 2654/2654/2627 2643/2643/2616 2655/2655/2628
f 2648/2648/2621 2656/2656/2629 2655/2655/2628
f 2648/2648/2621 2647/2647/2620 2656/2656/2629
f 2656/2656/2629 2647/2647/2620 2657/2657/2630
f 2647/2647/2620 2652/2652/2625 2658/2658/2631
f 2658/2658/2631 2657/2657/2630 2647/2647/2620
f 2652/2652/2625 2659/2659/2632 2658/2658/2631
f 2659/2659/2632 2652/2652/2625 2653/2653/2626
f 2649/2649/2622 2650/2650/2623 2660/2660/2633
f 2650/2650/2623 2651/2651/2624 2661/2661/2634
f 2660/2660/2633 2650/2650/2623 2661/2661/2634
f 2661/2661/2634 2651/2651/2624 2662/2662/2635
f 2654/2654/2627 2662/2662/2635 2651/2651/2624
f 2663/2663/2636 2662/2662/2635 2654/2654/2627
f 2655/2655/2628 2663/2663/2636 2654/2654/2627
f 2655/2655/2628 2656/2656/2629 2664/2664/2637
f 2665/2665/2638 2663/2663/2636 2655/2655/2628
f 2664/2664/2637 2665/2665/2638 2655/2655/2628
f 2666/2666/2639 2664/2664/2637 2656/2656/2629
f 2656/2656/2629 2667/2667/2640 2666/2666/2639
f 2657/2657/2630 2667/2667/2640 2656/2656/2629
f 2657/2657/2630 2668/2668/2641 2667/2667/2640
f 2668/2668/2641 2657/2657/2630 2658/2658/2631
f 1023/1023/1021 2668/2668/2641 2658/2658/2631
f 2658/2658/2631 2659/2659/2632 1023/1023/1021
f 2660/2660/2633 2661/2661/2634 2669/2669/2642
f 2661/2661/2634 2662/2662/2635 2670/2670/2643
f 2669/2669/2642 2661/2661/2634 2670/2670/2643
f 2662/2662/2635 2663/2663/2636 2671/2671/2644
f 2670/2670/2643 2662/2662/2635 2671/2671/2644
f 2671/2671/2644 2663/2663/2636 2672/2672/2645
f 2663/2663/2636 2665/2665/2638 2672/2672/2645
f 2673/2673/2646 2664/2664/2637 2666/2666/2639
f 2673/2673/2646 2674/2674/2647 2664/2664/2637
f 2674/2674/2647 2665/2665/2638 2664/2664/2637
f 2665/2665/2638 2674/2674/2647 2675/2675/2648
f 2672/2672/2645 2665/2665/2638 2675/2675/2648
f 2667/2667/2640 2676/2676/2649 2666/2666/2639
f 2666/2666/2639 2677/2677/2650 2673/2673/2646
f 2666/2666/2639 2676/2676/2649 2677/2677/2650
f 2667/2667/2640 2668/2668/2641 1005/1005/1003
f 996/996/994 2667/2667/2640 1005/1005/1003
f 2676/2676/2649 2667/2667/2640 996/996/994
f 2668/2668/2641 1012/1012/1010 1005/1005/1003
f 1012/1012/1010 2668/2668/2641 1023/1023/1021
f 2678/2678/2651 2674/2674/2647 2673/2673/2646
f 2679/2679/2652 2678/2678/2651 2673/2673/2646
f 2673/2673/2646 2677/2677/2650 2679/2679/2652
f 2678/2678/2651 2680/2680/2653 2674/2674/2647
f 2675/2675/2648 2674/2674/2647 2680/2680/2653
f 2676/2676/2649 2681/2681/2654 2677/2677/2650
f 995/995/993 2676/2676/2649 996/996/994
f 2681/2681/2654 2676/2676/2649 995/995/993
f 2677/2677/2650 2682/2682/2655 2679/2679/2652
f 2677/2677/2650 2681/2681/2654 2682/2682/2655
f 2683/2683/2656 2680/2680/2653 2678/2678/2651
f 2684/2684/2657 2678/2678/2651 2679/2679/2652
f 2684/2684/2657 2683/2683/2656 2678/2678/2651
f 2679/2679/2652 2682/2682/2655 2685/2685/2658
f 2685/2685/2658 2684/2684/2657 2679/2679/2652
f 2686/2686/2659 2681/2681/2654 995/995/993
f 2687/2687/2660 2681/2681/2654 2686/2686/2659
f 2687/2687/2660 2682/2682/2655 2681/2681/2654
f 2688/2688/2661 2685/2685/2658 2682/2682/2655
f 2688/2688/2661 2682/2682/2655 2687/2687/2660
f 2689/2689/2662 2683/2683/2656 2684/2684/2657
f 2684/2684/2657 2690/2690/2663 2689/2689/2662
f 2690/2690/2663 2684/2684/2657 2685/2685/2658
f 2691/2691/2664 2685/2685/2658 2688/2688/2661
f 2691/2691/2664 2690/2690/2663 2685/2685/2658
f 2686/2686/2659 989/989/987 2687/2687/2660
f 2687/2687/2660 989/989/987 990/990/988
f 990/990/988 2688/2688/2661 2687/2687/2660
f 2692/2692/2665 2688/2688/2661 990/990/988
f 2692/2692/2665 2691/2691/2664 2688/2688/2661
f 2689/2689/2662 2690/2690/2663 2693/2693/2666
f 2694/2694/2667 2693/2693/2666 2690/2690/2663
f 2694/2694/2667 2690/2690/2663 2691/2691/2664
f 2691/2691/2664 2695/2695/2668 2694/2694/2667
f 2695/2695/2668 2691/2691/2664 2692/2692/2665
f 984/984/982 2692/2692/2665 990/990/988
f 2696/2696/2669 2692/2692/2665 984/984/982
f 2696/2696/2669 2695/2695/2668 2692/2692/2665
f 2697/2697/2670 2693/2693/2666 2694/2694/2667
f 2694/2694/2667 2698/2698/2671 2697/2697/2670
f 2694/2694/2667 2695/2695/2668 2698/2698/2671
f 2695/2695/2668 2699/2699/2672 2698/2698/2671
f 2699/2699/2672 2695/2695/2668 2696/2696/2669
f 984/984/982 983/983/981 2696/2696/2669
f 2696/2696/2669 991/991/989 2699/2699/2672
f 2696/2696/2669 983/983/981 991/991/989
f 2697/2697/2670 2698/2698/2671 2700/2700/2673
f 2701/2701/2674 2700/2700/2673 2698/2698/2671
f 2698/2698/2671 2699/2699/2672 2701/2701/2674
f 2699/2699/2672 2702/2702/2675 2701/2701/2674
f 2699/2699/2672 991/991/989 2702/2702/2675
f 2702/2702/2675 991/991/989 992/992/990
f 2701/2701/2674 2702/2702/2675 2703/2703/2676
f 992/992/990 2703/2703/2676 2702/2702/2675
f 2703/2703/2676 2704/2704/2677 2701/2701/2674
f 2704/2704/2677 2700/2700/2673 2701/2701/2674
f 2705/2705/2678 2704/2704/2677 2703/2703/2676
f 2706/2706/2679 2705/2705/2678 2703/2703/2676
f 2706/2706/2679 2703/2703/2676 992/992/990
f 2706/2706/2679 992/992/990 994/994/992
f 2707/2707/2680 2705/2705/2678 2706/2706/2679
f 2707/2707/2680 2706/2706/2679 2708/2708/2681
f 2708/2708/2681 2706/2706/2679 994/994/992
f 2708/2708/2681 994/994/992 2709/2709/2682
f 2709/2709/2682 994/994/992 993/993/991
f 2709/2709/2682 993/993/991 2710/2710/2683
f 2710/2710/2683 993/993/991 2711/2711/2684
f 2566/2566/2539 2572/2572/2545 2712/2712/2685
f 2567/2567/2540 2566/2566/2539 2712/2712/2685
f 2567/2567/2540 2713/2713/2686 2569/2569/2542
f 2567/2567/2540 2714/2714/2687 2713/2713/2686
f 2712/2712/2685 2714/2714/2687 2567/2567/2540
f 2235/2235/2222 2243/2243/2230 2568/2568/2541
f 2568/2568/2541 2569/2569/2542 2715/2715/2688
f 2715/2715/2688 2235/2235/2222 2568/2568/2541
f 2569/2569/2542 2713/2713/2686 2716/2716/2689
f 2569/2569/2542 2716/2716/2689 2715/2715/2688
f 2717/2717/2690 2714/2714/2687 2712/2712/2685
f 2712/2712/2685 2572/2572/2545 2717/2717/2690
f 2572/2572/2545 2718/2718/2691 2717/2717/2690
f 2572/2572/2545 2571/2571/2544 2718/2718/2691
f 2571/2571/2544 2719/2719/2692 2718/2718/2691
f 2719/2719/2692 2571/2571/2544 2570/2570/2543
f 2713/2713/2686 2720/2720/2693 2716/2716/2689
f 2721/2721/2694 2713/2713/2686 2714/2714/2687
f 2720/2720/2693 2713/2713/2686 2721/2721/2694
f 2722/2722/2695 2714/2714/2687 2717/2717/2690
f 2714/2714/2687 2722/2722/2695 2721/2721/2694
f 2717/2717/2690 2723/2723/2696 2722/2722/2695
f 2717/2717/2690 2718/2718/2691 2723/2723/2696
f 2718/2718/2691 2719/2719/2692 2724/2724/2697
f 2724/2724/2697 2723/2723/2696 2718/2718/2691
f 2221/2221/2208 2235/2235/2222 2715/2715/2688
f 2715/2715/2688 2716/2716/2689 2224/2224/2211
f 2224/2224/2211 2221/2221/2208 2715/2715/2688
f 2716/2716/2689 2225/2225/2212 2224/2224/2211
f 2716/2716/2689 2720/2720/2693 2225/2225/2212
f 2720/2720/2693 2230/2230/2217 2225/2225/2212
f 2725/2725/2698 2720/2720/2693 2721/2721/2694
f 2230/2230/2217 2720/2720/2693 2725/2725/2698
f 2721/2721/2694 2722/2722/2695 2726/2726/2699
f 2721/2721/2694 2726/2726/2699 2725/2725/2698
f 2722/2722/2695 2727/2727/2700 2726/2726/2699
f 2722/2722/2695 2723/2723/2696 2727/2727/2700
f 2723/2723/2696 2728/2728/2701 2727/2727/2700
f 2728/2728/2701 2723/2723/2696 2724/2724/2697
f 2719/2719/2692 2729/2729/2702 2724/2724/2697
f 2730/2730/2703 2728/2728/2701 2724/2724/2697
f 2724/2724/2697 2729/2729/2702 2730/2730/2703
f 2230/2230/2217 2725/2725/2698 2233/2233/2220
f 2233/2233/2220 2725/2725/2698 2731/2731/2704
f 2725/2725/2698 2732/2732/2705 2731/2731/2704
f 2725/2725/2698 2726/2726/2699 2732/2732/2705
f 2726/2726/2699 2727/2727/2700 2733/2733/2706
f 2733/2733/2706 2732/2732/2705 2726/2726/2699
f 2727/2727/2700 2728/2728/2701 2734/2734/2707
f 2734/2734/2707 2733/2733/2706 2727/2727/2700
f 2728/2728/2701 2735/2735/2708 2734/2734/2707
f 2735/2735/2708 2728/2728/2701 2730/2730/2703
f 2729/2729/2702 2736/2736/2709 2730/2730/2703
f 2737/2737/2710 2735/2735/2708 2730/2730/2703
f 2730/2730/2703 2736/2736/2709 2737/2737/2710
f 2731/2731/2704 2732/2732/2705 2738/2738/2711
f 2732/2732/2705 2739/2739/2712 2738/2738/2711
f 2739/2739/2712 2732/2732/2705 2733/2733/2706
f 2740/2740/2713 2733/2733/2706 2734/2734/2707
f 2740/2740/2713 2739/2739/2712 2733/2733/2706
f 2734/2734/2707 2735/2735/2708 2741/2741/2714
f 2734/2734/2707 2741/2741/2714 2740/2740/2713
f 2735/2735/2708 2742/2742/2715 2741/2741/2714
f 2742/2742/2715 2735/2735/2708 2737/2737/2710
f 2736/2736/2709 2743/2743/2716 2737/2737/2710
f 2744/2744/2717 2742/2742/2715 2737/2737/2710
f 2737/2737/2710 2743/2743/2716 2744/2744/2717
f 2738/2738/2711 2739/2739/2712 2745/2745/2718
f 2739/2739/2712 2746/2746/2719 2745/2745/2718
f 2746/2746/2719 2739/2739/2712 2740/2740/2713
f 2740/2740/2713 2741/2741/2714 2747/2747/2720
f 2747/2747/2720 2746/2746/2719 2740/2740/2713
f 2741/2741/2714 2742/2742/2715 2748/2748/2721
f 2749/2749/2722 2741/2741/2714 2748/2748/2721
f 2747/2747/2720 2741/2741/2714 2749/2749/2722
f 2742/2742/2715 2750/2750/2723 2748/2748/2721
f 2750/2750/2723 2742/2742/2715 2744/2744/2717
f 2751/2751/2724 2750/2750/2723 2744/2744/2717
f 2752/2752/2725 2744/2744/2717 2743/2743/2716
f 2751/2751/2724 2744/2744/2717 2752/2752/2725
f 2745/2745/2718 2746/2746/2719 2753/2753/2726
f 2754/2754/2727 2753/2753/2726 2746/2746/2719
f 2754/2754/2727 2746/2746/2719 2747/2747/2720
f 2754/2754/2727 2747/2747/2720 2755/2755/2728
f 2755/2755/2728 2747/2747/2720 2749/2749/2722
f 2749/2749/2722 2748/2748/2721 2756/2756/2729
f 2749/2749/2722 2756/2756/2729 2755/2755/2728
f 2748/2748/2721 2750/2750/2723 2757/2757/2730
f 2756/2756/2729 2748/2748/2721 2757/2757/2730
f 2755/2755/2728 2758/2758/2731 2754/2754/2727
f 2758/2758/2731 2753/2753/2726 2754/2754/2727
f 2750/2750/2723 2759/2759/2732 2757/2757/2730
f 2760/2760/2733 2759/2759/2732 2750/2750/2723
f 2760/2760/2733 2750/2750/2723 2751/2751/2724
f 2761/2761/2734 2760/2760/2733 2751/2751/2724
f 2751/2751/2724 2762/2762/2735 2761/2761/2734
f 2752/2752/2725 2762/2762/2735 2751/2751/2724
f 2759/2759/2732 2763/2763/2736 2757/2757/2730
f 2757/2757/2730 2763/2763/2736 2756/2756/2729
f 2764/2764/2737 2758/2758/2731 2755/2755/2728
f 2755/2755/2728 2756/2756/2729 2765/2765/2738
f 2755/2755/2728 2765/2765/2738 2764/2764/2737
f 2763/2763/2736 2766/2766/2739 2756/2756/2729
f 2756/2756/2729 2766/2766/2739 2765/2765/2738
f 2760/2760/2733 2767/2767/2740 2759/2759/2732
f 2767/2767/2740 2760/2760/2733 2761/2761/2734
f 2768/2768/2741 2763/2763/2736 2759/2759/2732
f 2759/2759/2732 2767/2767/2740 2768/2768/2741
f 2764/2764/2737 2765/2765/2738 2769/2769/2742
f 2765/2765/2738 2766/2766/2739 2769/2769/2742
f 2762/2762/2735 2770/2770/2743 2761/2761/2734
f 2761/2761/2734 2771/2771/2744 2767/2767/2740
f 2761/2761/2734 2770/2770/2743 2771/2771/2744
f 2767/2767/2740 2771/2771/2744 2772/2772/2745
f 2767/2767/2740 2772/2772/2745 2768/2768/2741
f 2763/2763/2736 2773/2773/2746 2766/2766/2739
f 2774/2774/2747 2773/2773/2746 2763/2763/2736
f 2774/2774/2747 2763/2763/2736 2768/2768/2741
f 2766/2766/2739 2773/2773/2746 2775/2775/2748
f 2769/2769/2742 2766/2766/2739 2775/2775/2748
f 2768/2768/2741 2772/2772/2745 2776/2776/2749
f 2768/2768/2741 2776/2776/2749 2774/2774/2747
f 2770/2770/2743 2777/2777/2750 2771/2771/2744
f 2771/2771/2744 2778/2778/2751 2772/2772/2745
f 2777/2777/2750 2778/2778/2751 2771/2771/2744
f 2778/2778/2751 2779/2779/2752 2772/2772/2745
f 2772/2772/2745 2779/2779/2752 2776/2776/2749
f 2779/2779/2752 2780/2780/2753 2776/2776/2749
f 2774/2774/2747 2776/2776/2749 2780/2780/2753
f 2773/2773/2746 2774/2774/2747 2781/2781/2754
f 2781/2781/2754 2774/2774/2747 2780/2780/2753
f 2773/2773/2746 2781/2781/2754 2782/2782/2755
f 2775/2775/2748 2773/2773/2746 2782/2782/2755
f 2778/2778/2751 2783/2783/2756 2779/2779/2752
f 2784/2784/2757 2783/2783/2756 2778/2778/2751
f 2777/2777/2750 2784/2784/2757 2778/2778/2751
f 2785/2785/2758 2780/2780/2753 2779/2779/2752
f 2779/2779/2752 2786/2786/2759 2785/2785/2758
f 2783/2783/2756 2786/2786/2759 2779/2779/2752
f 2781/2781/2754 2780/2780/2753 2787/2787/2760
f 2787/2787/2760 2780/2780/2753 2785/2785/2758
f 2781/2781/2754 2787/2787/2760 2788/2788/2761
f 2782/2782/2755 2781/2781/2754 2788/2788/2761
f 2786/2786/2759 2789/2789/2762 2785/2785/2758
f 2785/2785/2758 2789/2789/2762 2787/2787/2760
f 2784/2784/2757 2790/2790/2763 2783/2783/2756
f 2783/2783/2756 2791/2791/2764 2786/2786/2759
f 2790/2790/2763 2791/2791/2764 2783/2783/2756
f 2791/2791/2764 2792/2792/2765 2786/2786/2759
f 2786/2786/2759 2792/2792/2765 2789/2789/2762
f 2788/2788/2761 2787/2787/2760 2793/2793/2766
f 2787/2787/2760 2794/2794/2767 2793/2793/2766
f 2789/2789/2762 2794/2794/2767 2787/2787/2760
f 2792/2792/2765 2795/2795/2768 2789/2789/2762
f 2789/2789/2762 2795/2795/2768 2794/2794/2767
f 2791/2791/2764 2790/2790/2763 2796/2796/2769
f 2797/2797/2770 2791/2791/2764 2796/2796/2769
f 2792/2792/2765 2791/2791/2764 2797/2797/2770
f 2795/2795/2768 2792/2792/2765 2798/2798/2771
f 2798/2798/2771 2792/2792/2765 2797/2797/2770
f 2797/2797/2770 2799/2799/2772 2798/2798/2771
f 2796/2796/2769 2799/2799/2772 2797/2797/2770
f 2796/2796/2769 2790/2790/2763 2800/2800/2773
f 2801/2801/2774 2799/2799/2772 2796/2796/2769
f 2800/2800/2773 2801/2801/2774 2796/2796/2769
f 2790/2790/2763 2802/2802/2775 2800/2800/2773
f 2802/2802/2775 2790/2790/2763 2784/2784/2757
f 2798/2798/2771 2799/2799/2772 2803/2803/2776
f 2799/2799/2772 2804/2804/2777 2803/2803/2776
f 2805/2805/2778 2804/2804/2777 2799/2799/2772
f 2801/2801/2774 2805/2805/2778 2799/2799/2772
f 2800/2800/2773 2802/2802/2775 2806/2806/2779
f 2807/2807/2780 2801/2801/2774 2800/2800/2773
f 2800/2800/2773 2806/2806/2779 2807/2807/2780
f 2807/2807/2780 2808/2808/2781 2801/2801/2774
f 2808/2808/2781 2805/2805/2778 2801/2801/2774
f 2809/2809/2782 2802/2802/2775 2784/2784/2757
f 2810/2810/2783 2802/2802/2775 2809/2809/2782
f 2810/2810/2783 2806/2806/2779 2802/2802/2775
f 2809/2809/2782 2784/2784/2757 2777/2777/2750
f 2805/2805/2778 2811/2811/2784 2804/2804/2777
f 2812/2812/2785 2811/2811/2784 2805/2805/2778
f 2808/2808/2781 2812/2812/2785 2805/2805/2778
f 2813/2813/2786 2806/2806/2779 2810/2810/2783
f 2807/2807/2780 2806/2806/2779 2814/2814/2787
f 2806/2806/2779 2813/2813/2786 2814/2814/2787
f 2807/2807/2780 2814/2814/2787 2815/2815/2788
f 2815/2815/2788 2808/2808/2781 2807/2807/2780
f 2815/2815/2788 2816/2816/2789 2808/2808/2781
f 2816/2816/2789 2812/2812/2785 2808/2808/2781
f 2812/2812/2785 2817/2817/2790 2811/2811/2784
f 2816/2816/2789 2817/2817/2790 2812/2812/2785
f 2818/2818/2791 2810/2810/2783 2809/2809/2782
f 2819/2819/2792 2809/2809/2782 2777/2777/2750
f 2818/2818/2791 2809/2809/2782 2819/2819/2792
f 2820/2820/2793 2810/2810/2783 2818/2818/2791
f 2820/2820/2793 2813/2813/2786 2810/2810/2783
f 2819/2819/2792 2777/2777/2750 2770/2770/2743
f 2811/2811/2784 2817/2817/2790 2821/2821/2794
f 2822/2822/2795 2813/2813/2786 2820/2820/2793
f 2814/2814/2787 2813/2813/2786 2823/2823/2796
f 2813/2813/2786 2822/2822/2795 2823/2823/2796
f 2814/2814/2787 2823/2823/2796 2824/2824/2797
f 2815/2815/2788 2814/2814/2787 2824/2824/2797
f 2824/2824/2797 2825/2825/2798 2815/2815/2788
f 2825/2825/2798 2816/2816/2789 2815/2815/2788
f 2825/2825/2798 2826/2826/2799 2816/2816/2789
f 2826/2826/2799 2817/2817/2790 2816/2816/2789
f 2817/2817/2790 2827/2827/2800 2821/2821/2794
f 2826/2826/2799 2827/2827/2800 2817/2817/2790
f 2828/2828/2801 2820/2820/2793 2818/2818/2791
f 2829/2829/2802 2818/2818/2791 2819/2819/2792
f 2828/2828/2801 2818/2818/2791 2829/2829/2802
f 2770/2770/2743 2830/2830/2803 2819/2819/2792
f 2819/2819/2792 2830/2830/2803 2829/2829/2802
f 2831/2831/2804 2820/2820/2793 2828/2828/2801
f 2820/2820/2793 2831/2831/2804 2822/2822/2795
f 2762/2762/2735 2830/2830/2803 2770/2770/2743
f 2821/2821/2794 2827/2827/2800 2832/2832/2805
f 2823/2823/2796 2822/2822/2795 2833/2833/2806
f 2822/2822/2795 2834/2834/2807 2833/2833/2806
f 2822/2822/2795 2831/2831/2804 2834/2834/2807
f 2833/2833/2806 2835/2835/2808 2823/2823/2796
f 2824/2824/2797 2823/2823/2796 2835/2835/2808
f 2836/2836/2809 2825/2825/2798 2824/2824/2797
f 2824/2824/2797 2835/2835/2808 2836/2836/2809
f 2836/2836/2809 2837/2837/2810 2825/2825/2798
f 2837/2837/2810 2826/2826/2799 2825/2825/2798
f 2837/2837/2810 2838/2838/2811 2826/2826/2799
f 2838/2838/2811 2827/2827/2800 2826/2826/2799
f 2839/2839/2812 2831/2831/2804 2828/2828/2801
f 2840/2840/2813 2828/2828/2801 2829/2829/2802
f 2839/2839/2812 2828/2828/2801 2840/2840/2813
f 2840/2840/2813 2829/2829/2802 2841/2841/2814
f 2841/2841/2814 2829/2829/2802 2830/2830/2803
f 2842/2842/2815 2841/2841/2814 2830/2830/2803
f 2842/2842/2815 2830/2830/2803 2762/2762/2735
f 2843/2843/2816 2831/2831/2804 2839/2839/2812
f 2831/2831/2804 2843/2843/2816 2834/2834/2807
f 2762/2762/2735 2752/2752/2725 2842/2842/2815
f 2844/2844/2817 2835/2835/2808 2833/2833/2806
f 2845/2845/2818 2844/2844/2817 2833/2833/2806
f 2833/2833/2806 2834/2834/2807 2845/2845/2818
f 2834/2834/2807 2843/2843/2816 2846/2846/2819
f 2834/2834/2807 2846/2846/2819 2845/2845/2818
f 2844/2844/2817 2847/2847/2820 2835/2835/2808
f 2836/2836/2809 2835/2835/2808 2847/2847/2820
f 2848/2848/2821 2837/2837/2810 2836/2836/2809
f 2847/2847/2820 2848/2848/2821 2836/2836/2809
f 2848/2848/2821 2849/2849/2822 2837/2837/2810
f 2849/2849/2822 2838/2838/2811 2837/2837/2810
f 2850/2850/2823 2843/2843/2816 2839/2839/2812
f 2851/2851/2824 2839/2839/2812 2840/2840/2813
f 2850/2850/2823 2839/2839/2812 2851/2851/2824
f 2841/2841/2814 2852/2852/2825 2840/2840/2813
f 2840/2840/2813 2852/2852/2825 2851/2851/2824
f 993/993/991 987/987/985 2711/2711/2684
f 2711/2711/2684 2853/2853/2826 2710/2710/2683
f 2711/2711/2684 987/987/985 2854/2854/2827
f 2854/2854/2827 2855/2855/2828 2711/2711/2684
f 2855/2855/2828 2853/2853/2826 2711/2711/2684
f 987/987/985 981/981/979 2854/2854/2827
f 2855/2855/2828 2856/2856/2829 2853/2853/2826
f 2854/2854/2827 981/981/979 2857/2857/2830
f 2857/2857/2830 2858/2858/2831 2854/2854/2827
f 2858/2858/2831 2855/2855/2828 2854/2854/2827
f 2859/2859/2832 2856/2856/2829 2855/2855/2828
f 2858/2858/2831 2859/2859/2832 2855/2855/2828
f 850/850/849 2857/2857/2830 981/981/979
f 2859/2859/2832 2860/2860/2833 2856/2856/2829
f 848/848/847 2857/2857/2830 850/850/849
f 848/848/847 2861/2861/2834 2857/2857/2830
f 2861/2861/2834 2858/2858/2831 2857/2857/2830
f 2862/2862/2835 2859/2859/2832 2858/2858/2831
f 2861/2861/2834 2862/2862/2835 2858/2858/2831
f 2863/2863/2836 2860/2860/2833 2859/2859/2832
f 2859/2859/2832 2862/2862/2835 2863/2863/2836
f 846/846/845 2861/2861/2834 848/848/847
f 2861/2861/2834 846/846/845 2864/2864/2837
f 2864/2864/2837 2862/2862/2835 2861/2861/2834
f 2864/2864/2837 2865/2865/2838 2862/2862/2835
f 2863/2863/2836 2862/2862/2835 2865/2865/2838
f 2866/2866/2839 2860/2860/2833 2863/2863/2836
f 2863/2863/2836 2867/2867/2840 2866/2866/2839
f 2865/2865/2838 2867/2867/2840 2863/2863/2836
f 2868/2868/2841 2860/2860/2833 2866/2866/2839
f 2864/2864/2837 846/846/845 844/844/843
f 2869/2869/2842 2865/2865/2838 2864/2864/2837
f 2864/2864/2837 844/844/843 2869/2869/2842
f 2867/2867/2840 2865/2865/2838 2870/2870/2843
f 2870/2870/2843 2865/2865/2838 2869/2869/2842
f 2871/2871/2844 2868/2868/2841 2866/2866/2839
f 2866/2866/2839 2872/2872/2845 2871/2871/2844
f 2867/2867/2840 2872/2872/2845 2866/2866/2839
f 2872/2872/2845 2867/2867/2840 2873/2873/2846
f 2873/2873/2846 2867/2867/2840 2870/2870/2843
f 2874/2874/2847 2868/2868/2841 2871/2871/2844
f 2869/2869/2842 844/844/843 842/842/841
f 842/842/841 840/840/839 2869/2869/2842
f 2869/2869/2842 840/840/839 2870/2870/2843
f 840/840/839 2875/2875/2848 2870/2870/2843
f 2870/2870/2843 2875/2875/2848 2873/2873/2846
f 2876/2876/2849 2874/2874/2847 2871/2871/2844
f 2871/2871/2844 2877/2877/2850 2876/2876/2849
f 2872/2872/2845 2877/2877/2850 2871/2871/2844
f 2877/2877/2850 2872/2872/2845 2878/2878/2851
f 2878/2878/2851 2872/2872/2845 2873/2873/2846
f 2875/2875/2848 2879/2879/2852 2873/2873/2846
f 2873/2873/2846 2879/2879/2852 2878/2878/2851
f 839/839/838 2879/2879/2852 2875/2875/2848
f 840/840/839 839/839/838 2875/2875/2848
f 2880/2880/2853 2874/2874/2847 2876/2876/2849
f 2876/2876/2849 2881/2881/2854 2880/2880/2853
f 2876/2876/2849 2877/2877/2850 2881/2881/2854
f 2879/2879/2852 2882/2882/2855 2878/2878/2851
f 2882/2882/2855 2877/2877/2850 2878/2878/2851
f 2883/2883/2856 2877/2877/2850 2882/2882/2855
f 2881/2881/2854 2877/2877/2850 2883/2883/2856
f 2884/2884/2857 2879/2879/2852 839/839/838
f 2879/2879/2852 2884/2884/2857 2885/2885/2858
f 2885/2885/2858 2882/2882/2855 2879/2879/2852
f 2882/2882/2855 2886/2886/2859 2883/2883/2856
f 2885/2885/2858 2886/2886/2859 2882/2882/2855
f 2880/2880/2853 2881/2881/2854 2887/2887/2860
f 2881/2881/2854 2888/2888/2861 2887/2887/2860
f 2883/2883/2856 2888/2888/2861 2881/2881/2854
f 2883/2883/2856 2886/2886/2859 2889/2889/2862
f 2889/2889/2862 2888/2888/2861 2883/2883/2856
f 2885/2885/2858 2884/2884/2857 2890/2890/2863
f 2891/2891/2864 2886/2886/2859 2885/2885/2858
f 2890/2890/2863 2891/2891/2864 2885/2885/2858
f 2889/2889/2862 2886/2886/2859 2892/2892/2865
f 2886/2886/2859 2891/2891/2864 2893/2893/2866
f 2892/2892/2865 2886/2886/2859 2893/2893/2866
f 2888/2888/2861 2889/2889/2862 2894/2894/2867
f 2894/2894/2867 2889/2889/2862 2892/2892/2865
f 2894/2894/2867 2895/2895/2868 2888/2888/2861
f 2887/2887/2860 2888/2888/2861 2895/2895/2868
f 2896/2896/2869 2891/2891/2864 2890/2890/2863
f 2891/2891/2864 2896/2896/2869 2897/2897/2870
f 2893/2893/2866 2891/2891/2864 2897/2897/2870
f 2893/2893/2866 2898/2898/2871 2892/2892/2865
f 2892/2892/2865 2899/2899/2872 2894/2894/2867
f 2898/2898/2871 2899/2899/2872 2892/2892/2865
f 2897/2897/2870 2900/2900/2873 2893/2893/2866
f 2900/2900/2873 2898/2898/2871 2893/2893/2866
f 2899/2899/2872 2901/2901/2874 2894/2894/2867
f 2902/2902/2875 2895/2895/2868 2894/2894/2867
f 2894/2894/2867 2901/2901/2874 2902/2902/2875
f 2897/2897/2870 2896/2896/2869 2903/2903/2876
f 2903/2903/2876 2904/2904/2877 2897/2897/2870
f 2904/2904/2877 2900/2900/2873 2897/2897/2870
f 2900/2900/2873 2905/2905/2878 2898/2898/2871
f 2898/2898/2871 2906/2906/2879 2899/2899/2872
f 2905/2905/2878 2906/2906/2879 2898/2898/2871
f 2906/2906/2879 2907/2907/2880 2899/2899/2872
f 2899/2899/2872 2907/2907/2880 2901/2901/2874
f 2904/2904/2877 2908/2908/2881 2900/2900/2873
f 2908/2908/2881 2905/2905/2878 2900/2900/2873
f 2909/2909/2882 2904/2904/2877 2903/2903/2876
f 2910/2910/2883 2908/2908/2881 2904/2904/2877
f 2909/2909/2882 2910/2910/2883 2904/2904/2877
f 2910/2910/2883 2911/2911/2884 2908/2908/2881
f 2911/2911/2884 2905/2905/2878 2908/2908/2881
f 2912/2912/2885 2905/2905/2878 2911/2911/2884
f 2913/2913/2886 2905/2905/2878 2912/2912/2885
f 2906/2906/2879 2905/2905/2878 2913/2913/2886
f 2907/2907/2880 2906/2906/2879 2914/2914/2887
f 2914/2914/2887 2906/2906/2879 2913/2913/2886
f 2915/2915/2888 2910/2910/2883 2909/2909/2882
f 2916/2916/2889 2911/2911/2884 2910/2910/2883
f 2915/2915/2888 2916/2916/2889 2910/2910/2883
f 2911/2911/2884 2916/2916/2889 347/347/347
f 2917/2917/2890 2911/2911/2884 347/347/347
f 2912/2912/2885 2911/2911/2884 2917/2917/2890
f 2912/2912/2885 2917/2917/2890 2918/2918/2891
f 2912/2912/2885 2918/2918/2891 2913/2913/2886
f 2913/2913/2886 2919/2919/2892 2914/2914/2887
f 2920/2920/2893 2916/2916/2889 2915/2915/2888
f 2915/2915/2888 2921/2921/2894 2920/2920/2893
f 2916/2916/2889 2920/2920/2893 346/346/346
f 347/347/347 2916/2916/2889 346/346/346
f 347/347/347 15/15/15 2917/2917/2890
f 2918/2918/2891 2917/2917/2890 14/14/14
f 2917/2917/2890 15/15/15 14/14/14
f 2922/2922/2895 2923/2923/2896 2921/2921/2894
f 2920/2920/2893 2921/2921/2894 2923/2923/2896
f 2920/2920/2893 2923/2923/2896 345/345/345
f 346/346/346 2920/2920/2893 345/345/345
f 2924/2924/2897 2925/2925/2898 2922/2922/2895
f 2925/2925/2898 2923/2923/2896 2922/2922/2895
f 2923/2923/2896 2925/2925/2898 344/344/344
f 345/345/345 2923/2923/2896 344/344/344
f 2926/2926/2899 2925/2925/2898 2924/2924/2897
f 2927/2927/2900 2926/2926/2899 2924/2924/2897
f 2925/2925/2898 2926/2926/2899 2928/2928/2901
f 344/344/344 2925/2925/2898 2928/2928/2901
f 2929/2929/2902 2926/2926/2899 2927/2927/2900
f 2928/2928/2901 2926/2926/2899 2930/2930/2903
f 2929/2929/2902 2930/2930/2903 2926/2926/2899
f 2931/2931/2904 2929/2929/2902 2927/2927/2900
f 2930/2930/2903 2932/2932/2905 2928/2928/2901
f 2928/2928/2901 340/340/340 344/344/344
f 2932/2932/2905 340/340/340 2928/2928/2901
f 2933/2933/2906 2929/2929/2902 2931/2931/2904
f 2934/2934/2907 2930/2930/2903 2929/2929/2902
f 2929/2929/2902 2933/2933/2906 2934/2934/2907
f 2934/2934/2907 2935/2935/2908 2930/2930/2903
f 2935/2935/2908 2932/2932/2905 2930/2930/2903
f 2931/2931/2904 2936/2936/2909 2933/2933/2906
f 2935/2935/2908 2937/2937/2910 2932/2932/2905
f 2932/2932/2905 335/335/335 340/340/340
f 2937/2937/2910 335/335/335 2932/2932/2905
f 2934/2934/2907 2933/2933/2906 2938/2938/2911
f 2933/2933/2906 2936/2936/2909 2939/2939/2912
f 2933/2933/2906 2939/2939/2912 2938/2938/2911
f 2938/2938/2911 2940/2940/2913 2934/2934/2907
f 2940/2940/2913 2935/2935/2908 2934/2934/2907
f 2940/2940/2913 2941/2941/2914 2935/2935/2908
f 2941/2941/2914 2937/2937/2910 2935/2935/2908
f 2942/2942/2915 2936/2936/2909 2943/2943/2916
f 2939/2939/2912 2936/2936/2909 2942/2942/2915
f 2944/2944/2917 2852/2852/2825 2841/2841/2814
f 2944/2944/2917 2841/2841/2814 2842/2842/2815
f 2842/2842/2815 2752/2752/2725 2945/2945/2918
f 2842/2842/2815 2945/2945/2918 2944/2944/2917
f 2843/2843/2816 2946/2946/2919 2846/2846/2819
f 2946/2946/2919 2843/2843/2816 2850/2850/2823
f 2752/2752/2725 2743/2743/2716 2945/2945/2918
f 2846/2846/2819 2946/2946/2919 2947/2947/2920
f 2845/2845/2818 2846/2846/2819 2948/2948/2921
f 2846/2846/2819 2947/2947/2920 2948/2948/2921
f 2852/2852/2825 2949/2949/2922 2851/2851/2824
f 2949/2949/2922 2850/2850/2823 2851/2851/2824
f 2950/2950/2923 2946/2946/2919 2850/2850/2823
f 2950/2950/2923 2850/2850/2823 2949/2949/2922
f 2946/2946/2919 2951/2951/2924 2947/2947/2920
f 2951/2951/2924 2946/2946/2919 2950/2950/2923
f 2952/2952/2925 2852/2852/2825 2944/2944/2917
f 2952/2952/2925 2953/2953/2926 2852/2852/2825
f 2953/2953/2926 2949/2949/2922 2852/2852/2825
f 2944/2944/2917 2945/2945/2918 2954/2954/2927
f 2944/2944/2917 2954/2954/2927 2952/2952/2925
f 2945/2945/2918 2743/2743/2716 2955/2955/2928
f 2945/2945/2918 2955/2955/2928 2954/2954/2927
f 2956/2956/2929 2951/2951/2924 2950/2950/2923
f 2950/2950/2923 2949/2949/2922 2956/2956/2929
f 2949/2949/2922 2953/2953/2926 2957/2957/2930
f 2956/2956/2929 2949/2949/2922 2957/2957/2930
f 2736/2736/2709 2955/2955/2928 2743/2743/2716
f 2948/2948/2921 2947/2947/2920 2958/2958/2931
f 2947/2947/2920 2951/2951/2924 2959/2959/2932
f 2947/2947/2920 2959/2959/2932 2958/2958/2931
f 2960/2960/2933 2951/2951/2924 2956/2956/2929
f 2960/2960/2933 2959/2959/2932 2951/2951/2924
f 2961/2961/2934 2953/2953/2926 2952/2952/2925
f 2962/2962/2935 2961/2961/2934 2952/2952/2925
f 2952/2952/2925 2954/2954/2927 2962/2962/2935
f 2957/2957/2930 2953/2953/2926 2963/2963/2936
f 2953/2953/2926 2961/2961/2934 2963/2963/2936
f 2954/2954/2927 2955/2955/2928 2964/2964/2937
f 2964/2964/2937 2962/2962/2935 2954/2954/2927
f 2965/2965/2938 2964/2964/2937 2955/2955/2928
f 2965/2965/2938 2955/2955/2928 2736/2736/2709
f 2960/2960/2933 2956/2956/2929 2966/2966/2939
f 2956/2956/2929 2957/2957/2930 2967/2967/2940
f 2966/2966/2939 2956/2956/2929 2967/2967/2940
f 2957/2957/2930 2963/2963/2936 2968/2968/2941
f 2967/2967/2940 2957/2957/2930 2968/2968/2941
f 2966/2966/2939 2969/2969/2942 2960/2960/2933
f 2969/2969/2942 2959/2959/2932 2960/2960/2933
f 2959/2959/2932 2969/2969/2942 2970/2970/2943
f 2958/2958/2931 2959/2959/2932 2970/2970/2943
f 2963/2963/2936 2961/2961/2934 2971/2971/2944
f 2961/2961/2934 2972/2972/2945 2971/2971/2944
f 2972/2972/2945 2961/2961/2934 2962/2962/2935
f 2973/2973/2946 2962/2962/2935 2964/2964/2937
f 2962/2962/2935 2973/2973/2946 2972/2972/2945
f 2968/2968/2941 2963/2963/2936 2974/2974/2947
f 2963/2963/2936 2971/2971/2944 2974/2974/2947
f 2975/2975/2948 2973/2973/2946 2964/2964/2937
f 2975/2975/2948 2964/2964/2937 2965/2965/2938
f 2976/2976/2949 2969/2969/2942 2966/2966/2939
f 2967/2967/2940 2977/2977/2950 2966/2966/2939
f 2977/2977/2950 2976/2976/2949 2966/2966/2939
f 2978/2978/2951 2977/2977/2950 2967/2967/2940
f 2967/2967/2940 2968/2968/2941 2978/2978/2951
f 2968/2968/2941 2974/2974/2947 2979/2979/2952
f 2978/2978/2951 2968/2968/2941 2979/2979/2952
f 2969/2969/2942 2976/2976/2949 2980/2980/2953
f 2970/2970/2943 2969/2969/2942 2980/2980/2953
f 2974/2974/2947 2971/2971/2944 2981/2981/2954
f 2982/2982/2955 2981/2981/2954 2971/2971/2944
f 2971/2971/2944 2972/2972/2945 2982/2982/2955
f 2972/2972/2945 2973/2973/2946 2983/2983/2956
f 2972/2972/2945 2983/2983/2956 2982/2982/2955
f 2984/2984/2957 2973/2973/2946 2975/2975/2948
f 2984/2984/2957 2983/2983/2956 2973/2973/2946
f 2979/2979/2952 2974/2974/2947 2985/2985/2958
f 2974/2974/2947 2981/2981/2954 2985/2985/2958
f 2986/2986/2959 2976/2976/2949 2977/2977/2950
f 2980/2980/2953 2976/2976/2949 2987/2987/2960
f 2976/2976/2949 2986/2986/2959 2987/2987/2960
f 2977/2977/2950 2988/2988/2961 2986/2986/2959
f 2989/2989/2962 2988/2988/2961 2977/2977/2950
f 2978/2978/2951 2989/2989/2962 2977/2977/2950
f 2990/2990/2963 2989/2989/2962 2978/2978/2951
f 2979/2979/2952 2990/2990/2963 2978/2978/2951
f 2985/2985/2958 2991/2991/2964 2979/2979/2952
f 2991/2991/2964 2990/2990/2963 2979/2979/2952
f 2985/2985/2958 2981/2981/2954 2992/2992/2965
f 2981/2981/2954 2993/2993/2966 2992/2992/2965
f 2993/2993/2966 2981/2981/2954 2982/2982/2955
f 2982/2982/2955 2983/2983/2956 2994/2994/2967
f 2994/2994/2967 2993/2993/2966 2982/2982/2955
f 2995/2995/2968 2994/2994/2967 2983/2983/2956
f 2995/2995/2968 2983/2983/2956 2984/2984/2957
f 2996/2996/2969 2991/2991/2964 2985/2985/2958
f 2992/2992/2965 2996/2996/2969 2985/2985/2958
f 2997/2997/2970 2986/2986/2959 2988/2988/2961
f 2998/2998/2971 2986/2986/2959 2997/2997/2970
f 2987/2987/2960 2986/2986/2959 2998/2998/2971
f 2989/2989/2962 2999/2999/2972 2988/2988/2961
f 3000/3000/2973 2988/2988/2961 2999/2999/2972
f 2997/2997/2970 2988/2988/2961 3000/3000/2973
f 2989/2989/2962 2990/2990/2963 3001/3001/2974
f 3001/3001/2974 2999/2999/2972 2989/2989/2962
f 3001/3001/2974 2990/2990/2963 3002/3002/2975
f 2990/2990/2963 2991/2991/2964 3002/3002/2975
f 2991/2991/2964 2996/2996/2969 3003/3003/2976
f 3002/3002/2975 2991/2991/2964 3003/3003/2976
f 3004/3004/2977 2996/2996/2969 2992/2992/2965
f 3005/3005/2978 3004/3004/2977 2992/2992/2965
f 2992/2992/2965 2993/2993/2966 3005/3005/2978
f 3006/3006/2979 2993/2993/2966 2994/2994/2967
f 3006/3006/2979 3005/3005/2978 2993/2993/2966
f 3007/3007/2980 3006/3006/2979 2994/2994/2967
f 3007/3007/2980 2994/2994/2967 2995/2995/2968
f 2996/2996/2969 3004/3004/2977 3008/3008/2981
f 3003/3003/2976 2996/2996/2969 3008/3008/2981
f 3001/3001/2974 3009/3009/2982 2999/2999/2972
f 2999/2999/2972 3010/3010/2983 3000/3000/2973
f 3009/3009/2982 3010/3010/2983 2999/2999/2972
f 3011/3011/2984 3009/3009/2982 3001/3001/2974
f 3001/3001/2974 3002/3002/2975 3011/3011/2984
f 3011/3011/2984 3002/3002/2975 3012/3012/2985
f 3002/3002/2975 3003/3003/2976 3012/3012/2985
f 3003/3003/2976 3008/3008/2981 3013/3013/2986
f 3012/3012/2985 3003/3003/2976 3013/3013/2986
f 3008/3008/2981 3004/3004/2977 3014/3014/2987
f 3004/3004/2977 3015/3015/2988 3014/3014/2987
f 3015/3015/2988 3004/3004/2977 3005/3005/2978
f 3016/3016/2989 3005/3005/2978 3006/3006/2979
f 3005/3005/2978 3016/3016/2989 3015/3015/2988
f 3017/3017/2990 3016/3016/2989 3006/3006/2979
f 3017/3017/2990 3006/3006/2979 3007/3007/2980
f 3013/3013/2986 3008/3008/2981 3018/3018/2991
f 3014/3014/2987 3018/3018/2991 3008/3008/2981
f 3011/3011/2984 3019/3019/2992 3009/3009/2982
f 3020/3020/2993 3009/3009/2982 3019/3019/2992
f 3010/3010/2983 3009/3009/2982 3020/3020/2993
f 3011/3011/2984 3012/3012/2985 3021/3021/2994
f 3021/3021/2994 3019/3019/2992 3011/3011/2984
f 3021/3021/2994 3012/3012/2985 3022/3022/2995
f 3012/3012/2985 3013/3013/2986 3022/3022/2995
f 3013/3013/2986 3018/3018/2991 3023/3023/2996
f 3022/3022/2995 3013/3013/2986 3023/3023/2996
f 3024/3024/2997 3018/3018/2991 3014/3014/2987
f 3014/3014/2987 3025/3025/2998 3024/3024/2997
f 3014/3014/2987 3015/3015/2988 3025/3025/2998
f 3015/3015/2988 3026/3026/2999 3025/3025/2998
f 3015/3015/2988 3016/3016/2989 3026/3026/2999
f 3027/3027/3000 3016/3016/2989 3017/3017/2990
f 3027/3027/3000 3026/3026/2999 3016/3016/2989
f 3024/3024/2997 3028/3028/3001 3018/3018/2991
f 3023/3023/2996 3018/3018/2991 3028/3028/3001
f 3019/3019/2992 3029/3029/3002 3020/3020/2993
f 3030/3030/3003 3029/3029/3002 3019/3019/2992
f 3021/3021/2994 3030/3030/3003 3019/3019/2992
f 3031/3031/3004 3030/3030/3003 3021/3021/2994
f 3021/3021/2994 3022/3022/2995 3031/3031/3004
f 3031/3031/3004 3022/3022/2995 3032/3032/3005
f 3023/3023/2996 3032/3032/3005 3022/3022/2995
f 3028/3028/3001 3033/3033/3006 3023/3023/2996
f 3033/3033/3006 3032/3032/3005 3023/3023/2996
f 3034/3034/3007 3028/3028/3001 3024/3024/2997
f 3035/3035/3008 3034/3034/3007 3024/3024/2997
f 3024/3024/2997 3025/3025/2998 3035/3035/3008
f 3025/3025/2998 3036/3036/3009 3035/3035/3008
f 3025/3025/2998 3026/3026/2999 3036/3036/3009
f 3037/3037/3010 3026/3026/2999 3027/3027/3000
f 3026/3026/2999 3037/3037/3010 3036/3036/3009
f 3038/3038/3011 3033/3033/3006 3028/3028/3001
f 3034/3034/3007 3038/3038/3011 3028/3028/3001
f 3031/3031/3004 3039/3039/3012 3030/3030/3003
f 3030/3030/3003 3040/3040/3013 3029/3029/3002
f 3039/3039/3012 3040/3040/3013 3030/3030/3003
f 3031/3031/3004 3032/3032/3005 3041/3041/3014
f 3041/3041/3014 3039/3039/3012 3031/3031/3004
f 3041/3041/3014 3032/3032/3005 3042/3042/3015
f 3033/3033/3006 3042/3042/3015 3032/3032/3005
f 3038/3038/3011 3043/3043/3016 3033/3033/3006
f 3043/3043/3016 3042/3042/3015 3033/3033/3006
f 3044/3044/3017 3038/3038/3011 3034/3034/3007
f 3045/3045/3018 3044/3044/3017 3034/3034/3007
f 3045/3045/3018 3034/3034/3007 3035/3035/3008
f 3035/3035/3008 3036/3036/3009 3046/3046/3019
f 3035/3035/3008 3046/3046/3019 3045/3045/3018
f 3036/3036/3009 3047/3047/3020 3046/3046/3019
f 3036/3036/3009 3037/3037/3010 3047/3047/3020
f 3048/3048/3021 3043/3043/3016 3038/3038/3011
f 3044/3044/3017 3048/3048/3021 3038/3038/3011
f 3039/3039/3012 3049/3049/3022 3040/3040/3013
f 3050/3050/3023 3049/3049/3022 3039/3039/3012
f 3041/3041/3014 3050/3050/3023 3039/3039/3012
f 3042/3042/3015 3051/3051/3024 3041/3041/3014
f 3051/3051/3024 3050/3050/3023 3041/3041/3014
f 3052/3052/3025 3051/3051/3024 3042/3042/3015
f 3043/3043/3016 3052/3052/3025 3042/3042/3015
f 3048/3048/3021 3053/3053/3026 3043/3043/3016
f 3053/3053/3026 3052/3052/3025 3043/3043/3016
f 3054/3054/3027 3048/3048/3021 3044/3044/3017
f 3055/3055/3028 3054/3054/3027 3044/3044/3017
f 3055/3055/3028 3044/3044/3017 3045/3045/3018
f 3045/3045/3018 3056/3056/3029 3055/3055/3028
f 3045/3045/3018 3046/3046/3019 3056/3056/3029
f 3046/3046/3019 3047/3047/3020 3057/3057/3030
f 3057/3057/3030 3056/3056/3029 3046/3046/3019
f 3058/3058/3031 3053/3053/3026 3048/3048/3021
f 3054/3054/3027 3058/3058/3031 3048/3048/3021
f 3050/3050/3023 3059/3059/3032 3049/3049/3022
f 3060/3060/3033 3059/3059/3032 3050/3050/3023
f 3051/3051/3024 3060/3060/3033 3050/3050/3023
f 3061/3061/3034 3060/3060/3033 3051/3051/3024
f 3052/3052/3025 3061/3061/3034 3051/3051/3024
f 3062/3062/3035 3061/3061/3034 3052/3052/3025
f 3052/3052/3025 3053/3053/3026 3062/3062/3035
f 3053/3053/3026 3058/3058/3031 3063/3063/3036
f 3062/3062/3035 3053/3053/3026 3063/3063/3036
f 3064/3064/3037 3058/3058/3031 3054/3054/3027
f 3065/3065/3038 3064/3064/3037 3054/3054/3027
f 3065/3065/3038 3054/3054/3027 3055/3055/3028
f 3055/3055/3028 3056/3056/3029 3066/3066/3039
f 3055/3055/3028 3066/3066/3039 3065/3065/3038
f 3067/3067/3040 3066/3066/3039 3056/3056/3029
f 3067/3067/3040 3056/3056/3029 3057/3057/3030
f 3063/3063/3036 3058/3058/3031 3068/3068/3041
f 3058/3058/3031 3064/3064/3037 3068/3068/3041
f 3068/3068/3041 3064/3064/3037 3069/3069/3042
f 3070/3070/3043 3069/3069/3042 3064/3064/3037
f 3070/3070/3043 3064/3064/3037 3065/3065/3038
f 3065/3065/3038 3071/3071/3044 3070/3070/3043
f 3065/3065/3038 3066/3066/3039 3071/3071/3044
f 3072/3072/3045 3066/3066/3039 3067/3067/3040
f 3066/3066/3039 3072/3072/3045 3071/3071/3044
f 3073/3073/3046 3069/3069/3042 3070/3070/3043
f 3070/3070/3043 3071/3071/3044 3074/3074/3047
f 3074/3074/3047 3073/3073/3046 3070/3070/3043
f 3075/3075/3048 3074/3074/3047 3071/3071/3044
f 3071/3071/3044 3072/3072/3045 3075/3075/3048
f 3072/3072/3045 3067/3067/3040 3076/3076/3049
f 3072/3072/3045 3077/3077/3050 3075/3075/3048
f 3076/3076/3049 3077/3077/3050 3072/3072/3045
f 3076/3076/3049 3067/3067/3040 3078/3078/3051
f 3067/3067/3040 3057/3057/3030 3078/3078/3051
f 3079/3079/3052 3073/3073/3046 3074/3074/3047
f 3080/3080/3053 3074/3074/3047 3075/3075/3048
f 3080/3080/3053 3079/3079/3052 3074/3074/3047
f 3077/3077/3050 3081/3081/3054 3075/3075/3048
f 3075/3075/3048 3081/3081/3054 3080/3080/3053
f 3078/3078/3051 3082/3082/3055 3076/3076/3049
f 3076/3076/3049 3083/3083/3056 3077/3077/3050
f 3082/3082/3055 3083/3083/3056 3076/3076/3049
f 3083/3083/3056 3084/3084/3057 3077/3077/3050
f 3077/3077/3050 3084/3084/3057 3081/3081/3054
f 3085/3085/3058 3079/3079/3052 3080/3080/3053
f 3081/3081/3054 3085/3085/3058 3080/3080/3053
f 3086/3086/3059 3085/3085/3058 3081/3081/3054
f 2937/2937/2910 2941/2941/2914 383/383/383
f 327/327/327 2937/2937/2910 383/383/383
f 335/335/335 2937/2937/2910 327/327/327
f 2939/2939/2912 2942/2942/2915 3087/3087/3060
f 2938/2938/2911 2939/2939/2912 3087/3087/3060
f 3088/3088/3061 2940/2940/2913 2938/2938/2911
f 3087/3087/3060 3088/3088/3061 2938/2938/2911
f 3088/3088/3061 3089/3089/3062 2940/2940/2913
f 3089/3089/3062 2941/2941/2914 2940/2940/2913
f 2941/2941/2914 3089/3089/3062 382/382/382
f 383/383/383 2941/2941/2914 382/382/382
f 2942/2942/2915 2943/2943/2916 3090/3090/3063
f 3090/3090/3063 2943/2943/2916 3091/3091/3064
f 3092/3092/3065 3090/3090/3063 3091/3091/3064
f 3090/3090/3063 3093/3093/3066 2942/2942/2915
f 3087/3087/3060 2942/2942/2915 3094/3094/3067
f 2942/2942/2915 3093/3093/3066 3094/3094/3067
f 3094/3094/3067 3095/3095/3068 3087/3087/3060
f 3095/3095/3068 3088/3088/3061 3087/3087/3060
f 3088/3088/3061 3095/3095/3068 3096/3096/3069
f 3096/3096/3069 3089/3089/3062 3088/3088/3061
f 3089/3089/3062 3096/3096/3069 3097/3097/3070
f 382/382/382 3089/3089/3062 3097/3097/3070
f 3098/3098/3071 3093/3093/3066 3090/3090/3063
f 3098/3098/3071 3090/3090/3063 3092/3092/3065
f 3099/3099/3072 3095/3095/3068 3094/3094/3067
f 3093/3093/3066 3099/3099/3072 3094/3094/3067
f 3100/3100/3073 3095/3095/3068 3099/3099/3072
f 3101/3101/3074 3095/3095/3068 3100/3100/3073
f 3096/3096/3069 3095/3095/3068 3101/3101/3074
f 3101/3101/3074 3102/3102/3075 3096/3096/3069
f 3097/3097/3070 3096/3096/3069 3102/3102/3075
f 3103/3103/3076 3102/3102/3075 3101/3101/3074
f 3100/3100/3073 3103/3103/3076 3101/3101/3074
f 3097/3097/3070 380/380/380 382/382/382
f 3104/3104/3077 380/380/380 3097/3097/3070
f 3102/3102/3075 3104/3104/3077 3097/3097/3070
f 3105/3105/3078 3104/3104/3077 3102/3102/3075
f 3103/3103/3076 3105/3105/3078 3102/3102/3075
f 3106/3106/3079 3099/3099/3072 3093/3093/3066
f 3107/3107/3080 3099/3099/3072 3106/3106/3079
f 3100/3100/3073 3099/3099/3072 3107/3107/3080
f 3108/3108/3081 3100/3100/3073 3107/3107/3080
f 3109/3109/3082 3100/3100/3073 3108/3108/3081
f 3109/3109/3082 3103/3103/3076 3100/3100/3073
f 3109/3109/3082 3110/3110/3083 3103/3103/3076
f 3110/3110/3083 3105/3105/3078 3103/3103/3076
f 3104/3104/3077 377/377/377 380/380/380
f 3111/3111/3084 377/377/377 3104/3104/3077
f 3105/3105/3078 3111/3111/3084 3104/3104/3077
f 3112/3112/3085 3111/3111/3084 3105/3105/3078
f 3105/3105/3078 3110/3110/3083 3112/3112/3085
f 3113/3113/3086 3110/3110/3083 3109/3109/3082
f 3112/3112/3085 3110/3110/3083 3113/3113/3086
f 3108/3108/3081 3114/3114/3087 3109/3109/3082
f 3109/3109/3082 3114/3114/3087 3113/3113/3086
f 3115/3115/3088 3108/3108/3081 3107/3107/3080
f 3107/3107/3080 3116/3116/3089 3115/3115/3088
f 3106/3106/3079 3116/3116/3089 3107/3107/3080
f 3108/3108/3081 3117/3117/3090 3114/3114/3087
f 3117/3117/3090 3108/3108/3081 3115/3115/3088
f 3106/3106/3079 3093/3093/3066 3116/3116/3089
f 3111/3111/3084 368/368/368 377/377/377
f 370/370/370 368/368/368 3111/3111/3084
f 3111/3111/3084 3112/3112/3085 370/370/370
f 370/370/370 3112/3112/3085 3118/3118/3091
f 3112/3112/3085 3119/3119/3092 3118/3118/3091
f 3113/3113/3086 3119/3119/3092 3112/3112/3085
f 3114/3114/3087 3120/3120/3093 3113/3113/3086
f 3113/3113/3086 3120/3120/3093 3119/3119/3092
f 3121/3121/3094 3120/3120/3093 3114/3114/3087
f 3114/3114/3087 3117/3117/3090 3121/3121/3094
f 3116/3116/3089 3093/3093/3066 3122/3122/3095
f 3116/3116/3089 3122/3122/3095 3123/3123/3096
f 3116/3116/3089 3123/3123/3096 3115/3115/3088
f 3117/3117/3090 3115/3115/3088 3124/3124/3097
f 3115/3115/3088 3123/3123/3096 3125/3125/3098
f 3124/3124/3097 3115/3115/3088 3125/3125/3098
f 3121/3121/3094 3117/3117/3090 3126/3126/3099
f 3126/3126/3099 3117/3117/3090 3124/3124/3097
f 3122/3122/3095 3093/3093/3066 3098/3098/3071
f 3123/3123/3096 3122/3122/3095 3127/3127/3100
f 3122/3122/3095 3098/3098/3071 3127/3127/3100
f 3119/3119/3092 3128/3128/3101 3118/3118/3091
f 3118/3118/3091 371/371/371 370/370/370
f 3118/3118/3091 3128/3128/3101 371/371/371
f 3128/3128/3101 3119/3119/3092 3129/3129/3102
f 3129/3129/3102 3119/3119/3092 3120/3120/3093
f 3130/3130/3103 3120/3120/3093 3121/3121/3094
f 3130/3130/3103 3129/3129/3102 3120/3120/3093
f 3131/3131/3104 3130/3130/3103 3121/3121/3094
f 3121/3121/3094 3126/3126/3099 3131/3131/3104
f 3126/3126/3099 3124/3124/3097 3132/3132/3105
f 3131/3131/3104 3126/3126/3099 3132/3132/3105
f 3125/3125/3098 3133/3133/3106 3124/3124/3097
f 3132/3132/3105 3124/3124/3097 3133/3133/3106
f 3134/3134/3107 3133/3133/3106 3125/3125/3098
f 3123/3123/3096 3134/3134/3107 3125/3125/3098
f 3128/3128/3101 372/372/372 371/371/371
f 3128/3128/3101 3135/3135/3108 372/372/372
f 3129/3129/3102 3135/3135/3108 3128/3128/3101
f 3136/3136/3109 3129/3129/3102 3130/3130/3103
f 3136/3136/3109 3135/3135/3108 3129/3129/3102
f 3137/3137/3110 3136/3136/3109 3130/3130/3103
f 3137/3137/3110 3130/3130/3103 3131/3131/3104
f 3132/3132/3105 3138/3138/3111 3131/3131/3104
f 3131/3131/3104 3139/3139/3112 3137/3137/3110
f 3138/3138/3111 3139/3139/3112 3131/3131/3104
f 3132/3132/3105 3133/3133/3106 3140/3140/3113
f 3140/3140/3113 3138/3138/3111 3132/3132/3105
f 3140/3140/3113 3133/3133/3106 3141/3141/3114
f 3133/3133/3106 3134/3134/3107 3141/3141/3114
f 3142/3142/3115 3136/3136/3109 3137/3137/3110
f 3139/3139/3112 3142/3142/3115 3137/3137/3110
f 3136/3136/3109 3142/3142/3115 3143/3143/3116
f 3143/3143/3116 3135/3135/3108 3136/3136/3109
f 3135/3135/3108 373/373/373 372/372/372
f 3143/3143/3116 373/373/373 3135/3135/3108
f 3138/3138/3111 3140/3140/3113 3144/3144/3117
f 3145/3145/3118 3138/3138/3111 3144/3144/3117
f 3139/3139/3112 3138/3138/3111 3145/3145/3118
f 3140/3140/3113 3141/3141/3114 3146/3146/3119
f 3144/3144/3117 3140/3140/3113 3146/3146/3119
f 3147/3147/3120 3142/3142/3115 3139/3139/3112
f 3148/3148/3121 3139/3139/3112 3145/3145/3118
f 3147/3147/3120 3139/3139/3112 3148/3148/3121
f 3142/3142/3115 3147/3147/3120 3149/3149/3122
f 3143/3143/3116 3142/3142/3115 3149/3149/3122
f 375/375/375 373/373/373 3143/3143/3116
f 3149/3149/3122 375/375/375 3143/3143/3116
f 3147/3147/3120 3148/3148/3121 3150/3150/3123
f 3149/3149/3122 3147/3147/3120 3150/3150/3123
f 3144/3144/3117 3146/3146/3119 3151/3151/3124
f 3152/3152/3125 3144/3144/3117 3151/3151/3124
f 3145/3145/3118 3144/3144/3117 3152/3152/3125
f 3148/3148/3121 3145/3145/3118 3153/3153/3126
f 3153/3153/3126 3145/3145/3118 3152/3152/3125
f 3148/3148/3121 3153/3153/3126 3154/3154/3127
f 3150/3150/3123 3148/3148/3121 3154/3154/3127
f 3150/3150/3123 3155/3155/3128 3149/3149/3122
f 3155/3155/3128 375/375/375 3149/3149/3122
f 3156/3156/3129 3155/3155/3128 3150/3150/3123
f 3154/3154/3127 3156/3156/3129 3150/3150/3123
f 3153/3153/3126 3152/3152/3125 3157/3157/3130
f 3152/3152/3125 3151/3151/3124 3158/3158/3131
f 3157/3157/3130 3152/3152/3125 3158/3158/3131
f 3157/3157/3130 3159/3159/3132 3153/3153/3126
f 3154/3154/3127 3153/3153/3126 3159/3159/3132
f 3159/3159/3132 3160/3160/3133 3154/3154/3127
f 3160/3160/3133 3156/3156/3129 3154/3154/3127
f 3156/3156/3129 3161/3161/3134 3155/3155/3128
f 3155/3155/3128 376/376/376 375/375/375
f 3161/3161/3134 376/376/376 3155/3155/3128
f 3160/3160/3133 3162/3162/3135 3156/3156/3129
f 3162/3162/3135 3161/3161/3134 3156/3156/3129
f 3163/3163/3136 3160/3160/3133 3159/3159/3132
f 3164/3164/3137 3159/3159/3132 3157/3157/3130
f 3164/3164/3137 3163/3163/3136 3159/3159/3132
f 3165/3165/3138 3162/3162/3135 3160/3160/3133
f 3163/3163/3136 3165/3165/3138 3160/3160/3133
f 3158/3158/3131 3166/3166/3139 3157/3157/3130
f 3157/3157/3130 3167/3167/3140 3164/3164/3137
f 3166/3166/3139 3167/3167/3140 3157/3157/3130
f 3162/3162/3135 482/482/482 3161/3161/3134
f 379/379/379 376/376/376 3161/3161/3134
f 3161/3161/3134 482/482/482 379/379/379
f 3165/3165/3138 489/489/489 3162/3162/3135
f 3162/3162/3135 489/489/489 482/482/482
f 3167/3167/3140 3168/3168/3141 3164/3164/3137
f 3169/3169/3142 3163/3163/3136 3164/3164/3137
f 3164/3164/3137 3168/3168/3141 3169/3169/3142
f 3170/3170/3143 3163/3163/3136 3169/3169/3142
f 3171/3171/3144 3163/3163/3136 3170/3170/3143
f 3171/3171/3144 3165/3165/3138 3163/3163/3136
f 489/489/489 3165/3165/3138 496/496/496
f 496/496/496 3165/3165/3138 3171/3171/3144
f 3167/3167/3140 3172/3172/3145 3168/3168/3141
f 3173/3173/3146 3172/3172/3145 3167/3167/3140
f 3166/3166/3139 3173/3173/3146 3167/3167/3140
f 3170/3170/3143 3169/3169/3142 3174/3174/3147
f 3174/3174/3147 3169/3169/3142 3168/3168/3141
f 3174/3174/3147 3168/3168/3141 3175/3175/3148
f 3175/3175/3148 3168/3168/3141 3172/3172/3145
f 3170/3170/3143 503/503/503 3171/3171/3144
f 3171/3171/3144 503/503/503 496/496/496
f 503/503/503 3170/3170/3143 510/510/510
f 510/510/510 3170/3170/3143 3174/3174/3147
f 510/510/510 3174/3174/3147 518/518/518
f 518/518/518 3174/3174/3147 3175/3175/3148
f 3175/3175/3148 3172/3172/3145 534/534/534
f 3172/3172/3145 3173/3173/3146 542/542/542
f 534/534/534 3172/3172/3145 542/542/542
f 518/518/518 3175/3175/3148 526/526/526
f 526/526/526 3175/3175/3148 534/534/534
f 542/542/542 3173/3173/3146 553/553/553
f 3173/3173/3146 3176/3176/3149 553/553/553
f 3176/3176/3149 3173/3173/3146 3166/3166/3139
f 553/553/553 3176/3176/3149 564/564/564
f 3177/3177/3150 3176/3176/3149 3166/3166/3139
f 3178/3178/3151 3176/3176/3149 3177/3177/3150
f 3176/3176/3149 3178/3178/3151 564/564/564
f 3177/3177/3150 3166/3166/3139 3158/3158/3131
f 564/564/564 3178/3178/3151 576/576/576
f 3179/3179/3152 3178/3178/3151 3177/3177/3150
f 3180/3180/3153 3177/3177/3150 3158/3158/3131
f 3179/3179/3152 3177/3177/3150 3180/3180/3153
f 3178/3178/3151 3181/3181/3154 576/576/576
f 3181/3181/3154 3178/3178/3151 3179/3179/3152
f 3158/3158/3131 3151/3151/3124 3180/3180/3153
f 576/576/576 3181/3181/3154 698/698/697
f 3182/3182/3155 3179/3179/3152 3180/3180/3153
f 3183/3183/3156 3179/3179/3152 3182/3182/3155
f 3183/3183/3156 3181/3181/3154 3179/3179/3152
f 3151/3151/3124 3184/3184/3157 3180/3180/3153
f 3180/3180/3153 3184/3184/3157 3182/3182/3155
f 3181/3181/3154 3185/3185/3158 698/698/697
f 3185/3185/3158 3181/3181/3154 3183/3183/3156
f 3151/3151/3124 3146/3146/3119 3184/3184/3157
f 3184/3184/3157 3186/3186/3159 3182/3182/3155
f 3182/3182/3155 3187/3187/3160 3183/3183/3156
f 3182/3182/3155 3186/3186/3159 3187/3187/3160
f 3183/3183/3156 3187/3187/3160 3188/3188/3161
f 3183/3183/3156 3188/3188/3161 3185/3185/3158
f 3146/3146/3119 3189/3189/3162 3184/3184/3157
f 3184/3184/3157 3189/3189/3162 3186/3186/3159
f 698/698/697 3185/3185/3158 3190/3190/3163
f 3185/3185/3158 3188/3188/3161 3191/3191/3164
f 3185/3185/3158 3191/3191/3164 3190/3190/3163
f 698/698/697 3190/3190/3163 697/697/696
f 3146/3146/3119 3141/3141/3114 3189/3189/3162
f 3189/3189/3162 3192/3192/3165 3186/3186/3159
f 3186/3186/3159 3193/3193/3166 3187/3187/3160
f 3186/3186/3159 3192/3192/3165 3193/3193/3166
f 3187/3187/3160 3193/3193/3166 3194/3194/3167
f 3194/3194/3167 3188/3188/3161 3187/3187/3160
f 3195/3195/3168 3188/3188/3161 3194/3194/3167
f 3188/3188/3161 3195/3195/3168 3191/3191/3164
f 3141/3141/3114 3196/3196/3169 3189/3189/3162
f 3189/3189/3162 3196/3196/3169 3192/3192/3165
f 3190/3190/3163 3191/3191/3164 3197/3197/3170
f 3197/3197/3170 3198/3198/3171 3190/3190/3163
f 697/697/696 3190/3190/3163 3198/3198/3171
f 3191/3191/3164 3195/3195/3168 3199/3199/3172
f 3191/3191/3164 3199/3199/3172 3197/3197/3170
f 3198/3198/3171 717/717/716 697/697/696
f 3141/3141/3114 3134/3134/3107 3196/3196/3169
f 3196/3196/3169 3200/3200/3173 3192/3192/3165
f 3192/3192/3165 3201/3201/3174 3193/3193/3166
f 3192/3192/3165 3200/3200/3173 3201/3201/3174
f 3193/3193/3166 3201/3201/3174 3202/3202/3175
f 3193/3193/3166 3202/3202/3175 3194/3194/3167
f 3084/3084/3057 3086/3086/3059 3081/3081/3054
f 3203/3203/3176 3082/3082/3055 3078/3078/3051
f 3078/3078/3051 3057/3057/3030 3204/3204/3177
f 3204/3204/3177 3203/3203/3176 3078/3078/3051
f 3047/3047/3020 3204/3204/3177 3057/3057/3030
f 3203/3203/3176 3205/3205/3178 3082/3082/3055
f 3082/3082/3055 3206/3206/3179 3083/3083/3056
f 3205/3205/3178 3206/3206/3179 3082/3082/3055
f 3084/3084/3057 3083/3083/3056 3207/3207/3180
f 3207/3207/3180 3083/3083/3056 3206/3206/3179
f 3208/3208/3181 3086/3086/3059 3084/3084/3057
f 3209/3209/3182 3084/3084/3057 3207/3207/3180
f 3208/3208/3181 3084/3084/3057 3209/3209/3182
f 3210/3210/3183 3205/3205/3178 3203/3203/3176
f 3211/3211/3184 3203/3203/3176 3204/3204/3177
f 3211/3211/3184 3210/3210/3183 3203/3203/3176
f 3212/3212/3185 3211/3211/3184 3204/3204/3177
f 3212/3212/3185 3204/3204/3177 3047/3047/3020
f 3205/3205/3178 3210/3210/3183 3213/3213/3186
f 3214/3214/3187 3205/3205/3178 3213/3213/3186
f 3206/3206/3179 3205/3205/3178 3214/3214/3187
f 3207/3207/3180 3206/3206/3179 3215/3215/3188
f 3215/3215/3188 3206/3206/3179 3214/3214/3187
f 3209/3209/3182 3207/3207/3180 3216/3216/3189
f 3216/3216/3189 3207/3207/3180 3215/3215/3188
f 3213/3213/3186 3210/3210/3183 3217/3217/3190
f 3218/3218/3191 3210/3210/3183 3211/3211/3184
f 3210/3210/3183 3218/3218/3191 3217/3217/3190
f 3219/3219/3192 3218/3218/3191 3211/3211/3184
f 3219/3219/3192 3211/3211/3184 3212/3212/3185
f 3217/3217/3190 2500/2500/2473 3213/3213/3186
f 3213/3213/3186 2508/2508/2481 3214/3214/3187
f 2500/2500/2473 2508/2508/2481 3213/3213/3186
f 2508/2508/2481 2519/2519/2492 3214/3214/3187
f 3214/3214/3187 2519/2519/2492 3215/3215/3188
f 2519/2519/2492 3220/3220/3193 3215/3215/3188
f 3215/3215/3188 3220/3220/3193 3216/3216/3189
f 2497/2497/2470 2500/2500/2473 3217/3217/3190
f 3217/3217/3190 3218/3218/3191 2510/2510/2483
f 2510/2510/2483 2497/2497/2470 3217/3217/3190
f 3221/3221/3194 3218/3218/3191 3219/3219/3192
f 3218/3218/3191 3221/3221/3194 2510/2510/2483
f 2519/2519/2492 2518/2518/2491 3220/3220/3193
f 2510/2510/2483 3221/3221/3194 2509/2509/2482
f 3221/3221/3194 2521/2521/2494 2509/2509/2482
f 3222/3222/3195 3221/3221/3194 3219/3219/3192
f 2521/2521/2494 3221/3221/3194 3222/3222/3195
f 3222/3222/3195 3219/3219/3192 3223/3223/3196
f 3223/3223/3196 3219/3219/3192 3212/3212/3185
f 3222/3222/3195 3223/3223/3196 2528/2528/2501
f 2528/2528/2501 2521/2521/2494 3222/3222/3195
f 3212/3212/3185 3047/3047/3020 3223/3223/3196
f 2528/2528/2501 3223/3223/3196 3224/3224/3197
f 3223/3223/3196 3037/3037/3010 3224/3224/3197
f 3223/3223/3196 3047/3047/3020 3037/3037/3010
f 3224/3224/3197 2535/2535/2508 2528/2528/2501
f 3225/3225/3198 2535/2535/2508 3224/3224/3197
f 3224/3224/3197 3027/3027/3000 3225/3225/3198
f 3224/3224/3197 3037/3037/3010 3027/3027/3000
f 3225/3225/3198 2542/2542/2515 2535/2535/2508
f 3226/3226/3199 2542/2542/2515 3225/3225/3198
f 3017/3017/2990 3226/3226/3199 3225/3225/3198
f 3225/3225/3198 3027/3027/3000 3017/3017/2990
f 3226/3226/3199 2547/2547/2520 2542/2542/2515
f 3007/3007/2980 3226/3226/3199 3017/3017/2990
f 3007/3007/2980 3227/3227/3200 3226/3226/3199
f 3227/3227/3200 2547/2547/2520 3226/3226/3199
f 2547/2547/2520 3227/3227/3200 2557/2557/2530
f 2995/2995/2968 3227/3227/3200 3007/3007/2980
f 3227/3227/3200 2995/2995/2968 3228/3228/3201
f 2557/2557/2530 3227/3227/3200 3228/3228/3201
f 3228/3228/3201 2563/2563/2536 2557/2557/2530
f 3228/3228/3201 2995/2995/2968 2984/2984/2957
f 3228/3228/3201 2984/2984/2957 3229/3229/3202
f 3229/3229/3202 2563/2563/2536 3228/3228/3201
f 3229/3229/3202 2570/2570/2543 2563/2563/2536
f 3229/3229/3202 2984/2984/2957 2975/2975/2948
f 3230/3230/3203 2570/2570/2543 3229/3229/3202
f 3229/3229/3202 2975/2975/2948 3230/3230/3203
f 3230/3230/3203 2719/2719/2692 2570/2570/2543
f 3230/3230/3203 2975/2975/2948 2965/2965/2938
f 2729/2729/2702 2719/2719/2692 3230/3230/3203
f 2965/2965/2938 2729/2729/2702 3230/3230/3203
f 2736/2736/2709 2729/2729/2702 2965/2965/2938
f 2832/2832/2805 2827/2827/2800 3231/3231/3204
f 3231/3231/3204 2827/2827/2800 3232/3232/3205
f 3232/3232/3205 3233/3233/3206 3231/3231/3204
f 3232/3232/3205 2827/2827/2800 3234/3234/3207
f 3234/3234/3207 2827/2827/2800 2838/2838/2811
f 3235/3235/3208 3233/3233/3206 3232/3232/3205
f 3236/3236/3209 3232/3232/3205 3234/3234/3207
f 3235/3235/3208 3232/3232/3205 3236/3236/3209
f 3233/3233/3206 3235/3235/3208 3237/3237/3210
f 2849/2849/2822 3234/3234/3207 2838/2838/2811
f 3238/3238/3211 3234/3234/3207 2849/2849/2822
f 3239/3239/3212 3234/3234/3207 3238/3238/3211
f 3236/3236/3209 3234/3234/3207 3239/3239/3212
f 3237/3237/3210 3235/3235/3208 3240/3240/3213
f 3235/3235/3208 3241/3241/3214 3240/3240/3213
f 3236/3236/3209 3241/3241/3214 3235/3235/3208
f 3239/3239/3212 3242/3242/3215 3236/3236/3209
f 3236/3236/3209 3242/3242/3215 3241/3241/3214
f 3243/3243/3216 3239/3239/3212 3238/3238/3211
f 3244/3244/3217 3238/3238/3211 2849/2849/2822
f 3243/3243/3216 3238/3238/3211 3244/3244/3217
f 3245/3245/3218 3239/3239/3212 3243/3243/3216
f 3239/3239/3212 3245/3245/3218 3242/3242/3215
f 3244/3244/3217 2849/2849/2822 2848/2848/2821
f 3240/3240/3213 3246/3246/3219 3237/3237/3210
f 3247/3247/3220 3240/3240/3213 3241/3241/3214
f 3246/3246/3219 3240/3240/3213 3247/3247/3220
f 3242/3242/3215 3248/3248/3221 3241/3241/3214
f 3241/3241/3214 3248/3248/3221 3247/3247/3220
f 3242/3242/3215 3249/3249/3222 3248/3248/3221
f 3250/3250/3223 3249/3249/3222 3242/3242/3215
f 3242/3242/3215 3245/3245/3218 3250/3250/3223
f 3244/3244/3217 3251/3251/3224 3243/3243/3216
f 3252/3252/3225 3245/3245/3218 3243/3243/3216
f 3243/3243/3216 3251/3251/3224 3252/3252/3225
f 3251/3251/3224 3244/3244/3217 3253/3253/3226
f 3253/3253/3226 3244/3244/3217 2848/2848/2821
f 3254/3254/3227 3245/3245/3218 3252/3252/3225
f 3245/3245/3218 3254/3254/3227 3250/3250/3223
f 3249/3249/3222 3255/3255/3228 3248/3248/3221
f 3248/3248/3221 3255/3255/3228 3247/3247/3220
f 3247/3247/3220 3255/3255/3228 3256/3256/3229
f 3256/3256/3229 3246/3246/3219 3247/3247/3220
f 3250/3250/3223 3257/3257/3230 3249/3249/3222
f 3250/3250/3223 3254/3254/3227 3257/3257/3230
f 3253/3253/3226 2848/2848/2821 2847/2847/2820
f 3249/3249/3222 3257/3257/3230 3258/3258/3231
f 3259/3259/3232 3255/3255/3228 3249/3249/3222
f 3249/3249/3222 3258/3258/3231 3259/3259/3232
f 3260/3260/3233 3251/3251/3224 3253/3253/3226
f 3261/3261/3234 3251/3251/3224 3260/3260/3233
f 3251/3251/3224 3261/3261/3234 3252/3252/3225
f 3262/3262/3235 3254/3254/3227 3252/3252/3225
f 3252/3252/3225 3261/3261/3234 3262/3262/3235
f 3260/3260/3233 3253/3253/3226 3263/3263/3236
f 3263/3263/3236 3253/3253/3226 2847/2847/2820
f 3264/3264/3237 3254/3254/3227 3262/3262/3235
f 3264/3264/3237 3257/3257/3230 3254/3254/3227
f 3265/3265/3238 3258/3258/3231 3257/3257/3230
f 3265/3265/3238 3257/3257/3230 3264/3264/3237
f 3259/3259/3232 3266/3266/2075 3255/3255/3228
f 3255/3255/3228 3267/3267/2071 3256/3256/3229
f 3266/3266/2075 3267/3267/2071 3255/3255/3228
f 3263/3263/3236 2847/2847/2820 2844/2844/2817
f 3268/3268/3239 3258/3258/3231 3265/3265/3238
f 3259/3259/3232 3258/3258/3231 3269/3269/3240
f 3268/3268/3239 3269/3269/3240 3258/3258/3231
f 3270/3270/3241 3266/3266/2075 3259/3259/3232
f 3269/3269/3240 3270/3270/3241 3259/3259/3232
f 3263/3263/3236 3271/3271/3242 3260/3260/3233
f 3272/3272/3243 3261/3261/3234 3260/3260/3233
f 3260/3260/3233 3271/3271/3242 3272/3272/3243
f 3273/3273/3244 3261/3261/3234 3272/3272/3243
f 3273/3273/3244 3262/3262/3235 3261/3261/3234
f 3274/3274/3245 3262/3262/3235 3273/3273/3244
f 3274/3274/3245 3264/3264/3237 3262/3262/3235
f 3271/3271/3242 3263/3263/3236 3275/3275/3246
f 3275/3275/3246 3263/3263/3236 2844/2844/2817
f 3276/3276/3247 3264/3264/3237 3274/3274/3245
f 3264/3264/3237 3276/3276/3247 3265/3265/3238
f 3265/3265/3238 3276/3276/3247 3277/3277/3248
f 3277/3277/3248 3268/3268/3239 3265/3265/3238
f 3275/3275/3246 2844/2844/2817 2845/2845/2818
f 3278/3278/3249 3269/3269/3240 3268/3268/3239
f 3279/3279/3250 3278/3278/3249 3268/3268/3239
f 3279/3279/3250 3268/3268/3239 3277/3277/3248
f 3278/3278/3249 3280/3280/2086 3269/3269/3240
f 3280/3280/2086 3270/3270/3241 3269/3269/3240
f 3281/3281/3251 3271/3271/3242 3275/3275/3246
f 3282/3282/3252 3271/3271/3242 3281/3281/3251
f 3271/3271/3242 3282/3282/3252 3272/3272/3243
f 3272/3272/3243 3282/3282/3252 3283/3283/3253
f 3283/3283/3253 3273/3273/3244 3272/3272/3243
f 3284/3284/3254 3273/3273/3244 3283/3283/3253
f 3284/3284/3254 3274/3274/3245 3273/3273/3244
f 3285/3285/3255 3274/3274/3245 3284/3284/3254
f 3285/3285/3255 3276/3276/3247 3274/3274/3245
f 3281/3281/3251 3275/3275/3246 2948/2948/2921
f 2948/2948/2921 3275/3275/3246 2845/2845/2818
f 3286/3286/3256 3276/3276/3247 3285/3285/3255
f 3276/3276/3247 3286/3286/3256 3277/3277/3248
f 3287/3287/3257 3279/3279/3250 3277/3277/3248
f 3277/3277/3248 3286/3286/3256 3287/3287/3257
f 3288/3288/2158 3280/3280/2086 3278/3278/3249
f 3289/3289/3258 3288/3288/2158 3278/3278/3249
f 3289/3289/3258 3278/3278/3249 3279/3279/3250
f 3290/3290/3259 3279/3279/3250 3287/3287/3257
f 3290/3290/3259 3289/3289/3258 3279/3279/3250
f 3291/3291/3260 3282/3282/3252 3281/3281/3251
f 2958/2958/2931 3281/3281/3251 2948/2948/2921
f 3291/3291/3260 3281/3281/3251 2958/2958/2931
f 3292/3292/3261 3282/3282/3252 3291/3291/3260
f 3282/3282/3252 3292/3292/3261 3283/3283/3253
f 3283/3283/3253 3292/3292/3261 3293/3293/3262
f 3293/3293/3262 3284/3284/3254 3283/3283/3253
f 3294/3294/3263 3285/3285/3255 3284/3284/3254
f 3294/3294/3263 3284/3284/3254 3293/3293/3262
f 3295/3295/3264 3285/3285/3255 3294/3294/3263
f 3295/3295/3264 3286/3286/3256 3285/3285/3255
f 3296/3296/3265 3286/3286/3256 3295/3295/3264
f 3286/3286/3256 3296/3296/3265 3287/3287/3257
f 3297/3297/3266 3290/3290/3259 3287/3287/3257
f 3287/3287/3257 3296/3296/3265 3297/3297/3266
f 3298/3298/2171 3288/3288/2158 3289/3289/3258
f 3299/3299/3267 3298/3298/2171 3289/3289/3258
f 3299/3299/3267 3289/3289/3258 3290/3290/3259
f 3300/3300/3268 3290/3290/3259 3297/3297/3266
f 3300/3300/3268 3299/3299/3267 3290/3290/3259
f 3301/3301/3269 3292/3292/3261 3291/3291/3260
f 2970/2970/2943 3291/3291/3260 2958/2958/2931
f 3301/3301/3269 3291/3291/3260 2970/2970/2943
f 3292/3292/3261 3302/3302/3270 3293/3293/3262
f 3302/3302/3270 3292/3292/3261 3301/3301/3269
f 3303/3303/3271 3294/3294/3263 3293/3293/3262
f 3293/3293/3262 3302/3302/3270 3303/3303/3271
f 3304/3304/3272 3294/3294/3263 3303/3303/3271
f 3304/3304/3272 3295/3295/3264 3294/3294/3263
f 3305/3305/3273 3296/3296/3265 3295/3295/3264
f 3305/3305/3273 3295/3295/3264 3304/3304/3272
f 3296/3296/3265 3306/3306/3274 3297/3297/3266
f 3306/3306/3274 3296/3296/3265 3305/3305/3273
f 3307/3307/3275 3300/3300/3268 3297/3297/3266
f 3297/3297/3266 3306/3306/3274 3307/3307/3275
f 3308/3308/2181 3298/3298/2171 3299/3299/3267
f 3309/3309/3276 3308/3308/2181 3299/3299/3267
f 3309/3309/3276 3299/3299/3267 3300/3300/3268
f 3310/3310/3277 3309/3309/3276 3300/3300/3268
f 3310/3310/3277 3300/3300/3268 3307/3307/3275
f 3311/3311/3278 3302/3302/3270 3301/3301/3269
f 2980/2980/2953 3301/3301/3269 2970/2970/2943
f 3311/3311/3278 3301/3301/3269 2980/2980/2953
f 3312/3312/3279 3302/3302/3270 3311/3311/3278
f 3312/3312/3279 3303/3303/3271 3302/3302/3270
f 3313/3313/3280 3303/3303/3271 3312/3312/3279
f 3313/3313/3280 3304/3304/3272 3303/3303/3271
f 3314/3314/3281 3304/3304/3272 3313/3313/3280
f 3314/3314/3281 3305/3305/3273 3304/3304/3272
f 3315/3315/3282 3305/3305/3273 3314/3314/3281
f 3315/3315/3282 3306/3306/3274 3305/3305/3273
f 3316/3316/3283 3306/3306/3274 3315/3315/3282
f 3306/3306/3274 3316/3316/3283 3307/3307/3275
f 3307/3307/3275 3317/3317/3284 3310/3310/3277
f 3307/3307/3275 3316/3316/3283 3317/3317/3284
f 3318/3318/2192 3308/3308/2181 3309/3309/3276
f 3319/3319/3285 3318/3318/2192 3309/3309/3276
f 3319/3319/3285 3309/3309/3276 3310/3310/3277
f 3310/3310/3277 3317/3317/3284 3320/3320/3286
f 3310/3310/3277 3320/3320/3286 3319/3319/3285
f 3321/3321/3287 3312/3312/3279 3311/3311/3278
f 2987/2987/2960 3311/3311/3278 2980/2980/2953
f 3321/3321/3287 3311/3311/3278 2987/2987/2960
f 3322/3322/3288 3312/3312/3279 3321/3321/3287
f 3194/3194/3167 3202/3202/3175 3323/3323/3289
f 3323/3323/3289 3195/3195/3168 3194/3194/3167
f 3324/3324/3290 3195/3195/3168 3323/3323/3289
f 3195/3195/3168 3324/3324/3290 3199/3199/3172
f 3134/3134/3107 3325/3325/3291 3196/3196/3169
f 3196/3196/3169 3325/3325/3291 3200/3200/3173
f 3198/3198/3171 724/724/723 717/717/716
f 724/724/723 3198/3198/3171 3197/3197/3170
f 3197/3197/3170 3199/3199/3172 732/732/731
f 3197/3197/3170 732/732/731 724/724/723
f 3199/3199/3172 3324/3324/3290 740/740/739
f 3199/3199/3172 740/740/739 732/732/731
f 3325/3325/3291 3134/3134/3107 3123/3123/3096
f 3325/3325/3291 3326/3326/3292 3200/3200/3173
f 3200/3200/3173 3327/3327/3293 3201/3201/3174
f 3200/3200/3173 3326/3326/3292 3327/3327/3293
f 3201/3201/3174 3327/3327/3293 3328/3328/3294
f 3201/3201/3174 3328/3328/3294 3202/3202/3175
f 3202/3202/3175 3328/3328/3294 3329/3329/3295
f 3202/3202/3175 3329/3329/3295 3323/3323/3289
f 3323/3323/3289 3329/3329/3295 3330/3330/3296
f 3330/3330/3296 3324/3324/3290 3323/3323/3289
f 747/747/746 3324/3324/3290 3330/3330/3296
f 3324/3324/3290 747/747/746 740/740/739
f 3326/3326/3292 3325/3325/3291 3127/3127/3100
f 3127/3127/3100 3325/3325/3291 3123/3123/3096
f 3331/3331/3297 3327/3327/3293 3326/3326/3292
f 3332/3332/3298 3326/3326/3292 3127/3127/3100
f 3331/3331/3297 3326/3326/3292 3332/3332/3298
f 3333/3333/3299 3327/3327/3293 3331/3331/3297
f 3327/3327/3293 3333/3333/3299 3328/3328/3294
f 3328/3328/3294 3333/3333/3299 3334/3334/3300
f 3334/3334/3300 3329/3329/3295 3328/3328/3294
f 3335/3335/3301 3329/3329/3295 3334/3334/3300
f 3335/3335/3301 3330/3330/3296 3329/3329/3295
f 757/757/756 3330/3330/3296 3335/3335/3301
f 757/757/756 747/747/746 3330/3330/3296
f 3127/3127/3100 3098/3098/3071 3332/3332/3298
f 3332/3332/3298 3098/3098/3071 3336/3336/3302
f 3332/3332/3298 3336/3336/3302 3331/3331/3297
f 3331/3331/3297 3337/3337/3303 3333/3333/3299
f 3331/3331/3297 3336/3336/3302 3337/3337/3303
f 3338/3338/3304 3334/3334/3300 3333/3333/3299
f 3333/3333/3299 3337/3337/3303 3338/3338/3304
f 3339/3339/3305 3334/3334/3300 3338/3338/3304
f 3334/3334/3300 3339/3339/3305 3335/3335/3301
f 3335/3335/3301 3339/3339/3305 765/765/764
f 3335/3335/3301 765/765/764 757/757/756
f 3336/3336/3302 3098/3098/3071 3092/3092/3065
f 2159/2159/2146 2160/2160/2147 3340/3340/157
f 3340/3340/157 2160/2160/2147 3341/3341/3306
f 2160/2160/2147 2314/2314/2301 3341/3341/3306
f 3341/3341/3306 2314/2314/2301 3342/3342/3307
f 3342/3342/3307 2314/2314/2301 2324/2324/167
f 3343/3343/3308 194/194/194 206/206/206
f 3344/3344/3309 3343/3343/3308 206/206/206
f 3345/3345/3310 3343/3343/3308 3344/3344/3309
f 206/206/206 213/213/213 3344/3344/3309
f 3346/3346/3311 3345/3345/3310 3344/3344/3309
f 3346/3346/3311 3344/3344/3309 3347/3347/3312
f 3344/3344/3309 213/213/213 3348/3348/3313
f 3347/3347/3312 3344/3344/3309 3348/3348/3313
f 3349/3349/3314 3345/3345/3310 3346/3346/3311
f 213/213/213 214/214/214 3348/3348/3313
f 3348/3348/3313 214/214/214 3350/3350/3315
f 3348/3348/3313 3350/3350/3315 3347/3347/3312
f 3351/3351/3316 3346/3346/3311 3347/3347/3312
f 3352/3352/3317 3346/3346/3311 3351/3351/3316
f 3352/3352/3317 3349/3349/3314 3346/3346/3311
f 3347/3347/3312 3350/3350/3315 3353/3353/3318
f 3354/3354/3319 3347/3347/3312 3353/3353/3318
f 3351/3351/3316 3347/3347/3312 3354/3354/3319
f 3355/3355/3320 3349/3349/3314 3352/3352/3317
f 214/214/214 226/226/226 3350/3350/3315
f 226/226/226 3356/3356/3321 3350/3350/3315
f 3350/3350/3315 3356/3356/3321 3353/3353/3318
f 3356/3356/3321 3357/3357/3322 3353/3353/3318
f 3353/3353/3318 3357/3357/3322 3354/3354/3319
f 3358/3358/3323 3352/3352/3317 3351/3351/3316
f 3359/3359/3324 3351/3351/3316 3354/3354/3319
f 3358/3358/3323 3351/3351/3316 3359/3359/3324
f 3360/3360/3325 3352/3352/3317 3358/3358/3323
f 3360/3360/3325 3355/3355/3320 3352/3352/3317
f 3357/3357/3322 3361/3361/3326 3354/3354/3319
f 3354/3354/3319 3361/3361/3326 3359/3359/3324
f 3362/3362/3327 3355/3355/3320 3360/3360/3325
f 226/226/226 234/234/234 3356/3356/3321
f 234/234/234 3363/3363/3328 3356/3356/3321
f 3356/3356/3321 3363/3363/3328 3357/3357/3322
f 3363/3363/3328 3364/3364/3329 3357/3357/3322
f 3357/3357/3322 3364/3364/3329 3361/3361/3326
f 3365/3365/3330 3360/3360/3325 3358/3358/3323
f 3366/3366/3331 3358/3358/3323 3359/3359/3324
f 3365/3365/3330 3358/3358/3323 3366/3366/3331
f 3361/3361/3326 3367/3367/3332 3359/3359/3324
f 3359/3359/3324 3367/3367/3332 3366/3366/3331
f 3368/3368/3333 3362/3362/3327 3360/3360/3325
f 3368/3368/3333 3360/3360/3325 3365/3365/3330
f 3367/3367/3332 3361/3361/3326 3369/3369/3334
f 3369/3369/3334 3361/3361/3326 3364/3364/3329
f 3370/3370/3335 3362/3362/3327 3368/3368/3333
f 3363/3363/3328 234/234/234 242/242/242
f 3364/3364/3329 3363/3363/3328 3371/3371/3336
f 3371/3371/3336 3363/3363/3328 242/242/242
f 3369/3369/3334 3364/3364/3329 3372/3372/3337
f 3372/3372/3337 3364/3364/3329 3371/3371/3336
f 3373/3373/3338 3368/3368/3333 3365/3365/3330
f 3374/3374/3339 3365/3365/3330 3366/3366/3331
f 3373/3373/3338 3365/3365/3330 3374/3374/3339
f 3367/3367/3332 3375/3375/3340 3366/3366/3331
f 3366/3366/3331 3375/3375/3340 3374/3374/3339
f 3369/3369/3334 3376/3376/3341 3367/3367/3332
f 3367/3367/3332 3376/3376/3341 3375/3375/3340
f 3377/3377/3342 3368/3368/3333 3373/3373/3338
f 3377/3377/3342 3370/3370/3335 3368/3368/3333
f 3376/3376/3341 3369/3369/3334 3378/3378/3343
f 3378/3378/3343 3369/3369/3334 3372/3372/3337
f 3379/3379/3344 3370/3370/3335 3377/3377/3342
f 3371/3371/3336 242/242/242 3380/3380/3345
f 3381/3381/3346 3371/3371/3336 3380/3380/3345
f 3372/3372/3337 3371/3371/3336 3381/3381/3346
f 3378/3378/3343 3372/3372/3337 3382/3382/3347
f 3382/3382/3347 3372/3372/3337 3381/3381/3346
f 3380/3380/3345 242/242/242 243/243/243
f 3383/3383/3348 3377/3377/3342 3373/3373/3338
f 3384/3384/3349 3373/3373/3338 3374/3374/3339
f 3383/3383/3348 3373/3373/3338 3384/3384/3349
f 3375/3375/3340 3385/3385/3350 3374/3374/3339
f 3374/3374/3339 3385/3385/3350 3384/3384/3349
f 3385/3385/3350 3375/3375/3340 3386/3386/3351
f 3386/3386/3351 3375/3375/3340 3376/3376/3341
f 3386/3386/3351 3376/3376/3341 3387/3387/3352
f 3387/3387/3352 3376/3376/3341 3378/3378/3343
f 3388/3388/3353 3377/3377/3342 3383/3383/3348
f 3388/3388/3353 3379/3379/3344 3377/3377/3342
f 3387/3387/3352 3378/3378/3343 3389/3389/3354
f 3389/3389/3354 3378/3378/3343 3382/3382/3347
f 3390/3390/3355 3379/3379/3344 3388/3388/3353
f 3381/3381/3346 3380/3380/3345 3391/3391/3356
f 243/243/243 254/254/254 3380/3380/3345
f 3391/3391/3356 3380/3380/3345 254/254/254
f 3391/3391/3356 3392/3392/3357 3381/3381/3346
f 3381/3381/3346 3392/3392/3357 3382/3382/3347
f 3392/3392/3357 3393/3393/3358 3382/3382/3347
f 3382/3382/3347 3393/3393/3358 3389/3389/3354
f 622/622/622 3388/3388/3353 3383/3383/3348
f 3394/3394/3359 3383/3383/3348 3384/3384/3349
f 622/622/622 3383/3383/3348 3394/3394/3359
f 3385/3385/3350 3395/3395/3360 3384/3384/3349
f 3384/3384/3349 3395/3395/3360 3394/3394/3359
f 3395/3395/3360 3385/3385/3350 3396/3396/3361
f 3396/3396/3361 3385/3385/3350 3386/3386/3351
f 3396/3396/3361 3386/3386/3351 3397/3397/3362
f 3397/3397/3362 3386/3386/3351 3387/3387/3352
f 3397/3397/3362 3387/3387/3352 3398/3398/3363
f 3398/3398/3363 3387/3387/3352 3389/3389/3354
f 620/620/620 3390/3390/3355 3388/3388/3353
f 620/620/620 3388/3388/3353 622/622/622
f 3398/3398/3363 3389/3389/3354 3399/3399/3364
f 3399/3399/3364 3389/3389/3354 3393/3393/3358
f 621/621/621 3390/3390/3355 620/620/620
f 3391/3391/3356 254/254/254 261/261/261
f 3392/3392/3357 3391/3391/3356 3400/3400/3365
f 3401/3401/3366 3392/3392/3357 3400/3400/3365
f 3393/3393/3358 3392/3392/3357 3401/3401/3366
f 3399/3399/3364 3393/3393/3358 3402/3402/3367
f 3402/3402/3367 3393/3393/3358 3401/3401/3366
f 3395/3395/3360 3403/3403/3368 3394/3394/3359
f 618/618/618 622/622/622 3394/3394/3359
f 3394/3394/3359 3403/3403/3368 618/618/618
f 3396/3396/3361 3404/3404/3369 3395/3395/3360
f 3395/3395/3360 3404/3404/3369 3403/3403/3368
f 3404/3404/3369 3396/3396/3361 3405/3405/3370
f 3405/3405/3370 3396/3396/3361 3397/3397/3362
f 3405/3405/3370 3397/3397/3362 3406/3406/3371
f 3406/3406/3371 3397/3397/3362 3398/3398/3363
f 3399/3399/3364 3407/3407/3372 3398/3398/3363
f 3398/3398/3363 3407/3407/3372 3406/3406/3371
f 3407/3407/3372 3399/3399/3364 3408/3408/3373
f 3408/3408/3373 3399/3399/3364 3402/3402/3367
f 3401/3401/3366 3409/3409/3374 3402/3402/3367
f 3410/3410/3375 3409/3409/3374 3401/3401/3366
f 3400/3400/3365 3410/3410/3375 3401/3401/3366
f 3409/3409/3374 3411/3411/3376 3402/3402/3367
f 3402/3402/3367 3411/3411/3376 3408/3408/3373
f 3403/3403/3368 612/612/612 618/618/618
f 3412/3412/3377 3403/3403/3368 3404/3404/3369
f 612/612/612 3403/3403/3368 3412/3412/3377
f 3412/3412/3377 3404/3404/3369 3413/3413/3378
f 3413/3413/3378 3404/3404/3369 3405/3405/3370
f 3413/3413/3378 3405/3405/3370 3414/3414/3379
f 3414/3414/3379 3405/3405/3370 3406/3406/3371
f 3407/3407/3372 3415/3415/3380 3406/3406/3371
f 3406/3406/3371 3415/3415/3380 3414/3414/3379
f 3415/3415/3380 3407/3407/3372 3416/3416/3381
f 3416/3416/3381 3407/3407/3372 3408/3408/3373
f 3411/3411/3376 3417/3417/3382 3408/3408/3373
f 3408/3408/3373 3417/3417/3382 3416/3416/3381
f 3409/3409/3374 3410/3410/3375 3418/3418/3383
f 3419/3419/3384 3409/3409/3374 3418/3418/3383
f 3411/3411/3376 3409/3409/3374 3419/3419/3384
f 3419/3419/3384 3420/3420/3385 3411/3411/3376
f 3411/3411/3376 3420/3420/3385 3417/3417/3382
f 612/612/612 3412/3412/3377 607/607/607
f 3412/3412/3377 3413/3413/3378 3421/3421/3386
f 607/607/607 3412/3412/3377 3421/3421/3386
f 3421/3421/3386 3413/3413/3378 3422/3422/3387
f 3414/3414/3379 3422/3422/3387 3413/3413/3378
f 3415/3415/3380 3423/3423/3388 3414/3414/3379
f 3423/3423/3388 3422/3422/3387 3414/3414/3379
f 3424/3424/3389 3423/3423/3388 3415/3415/3380
f 3416/3416/3381 3424/3424/3389 3415/3415/3380
f 3425/3425/3390 3424/3424/3389 3416/3416/3381
f 3417/3417/3382 3425/3425/3390 3416/3416/3381
f 3420/3420/3385 3426/3426/3391 3417/3417/3382
f 3322/3322/3288 3313/3313/3280 3312/3312/3279
f 3427/3427/3392 3313/3313/3280 3322/3322/3288
f 3427/3427/3392 3314/3314/3281 3313/3313/3280
f 3428/3428/3393 3315/3315/3282 3314/3314/3281
f 3428/3428/3393 3314/3314/3281 3427/3427/3392
f 3429/3429/3394 3316/3316/3283 3315/3315/3282
f 3429/3429/3394 3315/3315/3282 3428/3428/3393
f 3430/3430/3395 3316/3316/3283 3429/3429/3394
f 3316/3316/3283 3430/3430/3395 3317/3317/3284
f 3317/3317/3284 3431/3431/3396 3320/3320/3286
f 3317/3317/3284 3430/3430/3395 3431/3431/3396
f 3432/3432/3397 3318/3318/2192 3319/3319/3285
f 3433/3433/3398 3432/3432/3397 3319/3319/3285
f 3319/3319/3285 3320/3320/3286 3433/3433/3398
f 3320/3320/3286 3431/3431/3396 3434/3434/3399
f 3320/3320/3286 3434/3434/3399 3433/3433/3398
f 3435/3435/3400 3322/3322/3288 3321/3321/3287
f 2998/2998/2971 3321/3321/3287 2987/2987/2960
f 3435/3435/3400 3321/3321/3287 2998/2998/2971
f 3322/3322/3288 3436/3436/3401 3427/3427/3392
f 3436/3436/3401 3322/3322/3288 3435/3435/3400
f 3427/3427/3392 3436/3436/3401 3437/3437/3402
f 3427/3427/3392 3437/3437/3402 3428/3428/3393
f 3438/3438/3403 3429/3429/3394 3428/3428/3393
f 3428/3428/3393 3437/3437/3402 3438/3438/3403
f 3439/3439/3404 3430/3430/3395 3429/3429/3394
f 3439/3439/3404 3429/3429/3394 3438/3438/3403
f 3440/3440/3405 3430/3430/3395 3439/3439/3404
f 3430/3430/3395 3440/3440/3405 3431/3431/3396
f 3441/3441/3406 3434/3434/3399 3431/3431/3396
f 3431/3431/3396 3440/3440/3405 3441/3441/3406
f 3442/3442/3407 3432/3432/3397 3433/3433/3398
f 3443/3443/3408 3442/3442/3407 3433/3433/3398
f 3433/3433/3398 3434/3434/3399 3443/3443/3408
f 3444/3444/3409 3434/3434/3399 3441/3441/3406
f 3444/3444/3409 3443/3443/3408 3434/3434/3399
f 3435/3435/3400 3445/3445/3410 3436/3436/3401
f 3435/3435/3400 2997/2997/2970 3445/3445/3410
f 2998/2998/2971 2997/2997/2970 3435/3435/3400
f 3436/3436/3401 3446/3446/3411 3437/3437/3402
f 3436/3436/3401 3445/3445/3410 3446/3446/3411
f 3437/3437/3402 3447/3447/3412 3438/3438/3403
f 3437/3437/3402 3446/3446/3411 3447/3447/3412
f 3448/3448/3413 3439/3439/3404 3438/3438/3403
f 3438/3438/3403 3447/3447/3412 3448/3448/3413
f 3449/3449/3414 3440/3440/3405 3439/3439/3404
f 3449/3449/3414 3439/3439/3404 3448/3448/3413
f 3450/3450/3415 3440/3440/3405 3449/3449/3414
f 3440/3440/3405 3450/3450/3415 3441/3441/3406
f 3451/3451/3416 3444/3444/3409 3441/3441/3406
f 3441/3441/3406 3450/3450/3415 3451/3451/3416
f 3445/3445/3410 2997/2997/2970 3452/3452/3417
f 3452/3452/3417 3446/3446/3411 3445/3445/3410
f 3453/3453/3418 3446/3446/3411 3452/3452/3417
f 3453/3453/3418 3447/3447/3412 3446/3446/3411
f 3454/3454/3419 3442/3442/3407 3443/3443/3408
f 3455/3455/3420 3454/3454/3419 3443/3443/3408
f 3455/3455/3420 3443/3443/3408 3444/3444/3409
f 3456/3456/3421 3444/3444/3409 3451/3451/3416
f 3456/3456/3421 3455/3455/3420 3444/3444/3409
f 3447/3447/3412 3457/3457/3422 3448/3448/3413
f 3457/3457/3422 3447/3447/3412 3453/3453/3418
f 3448/3448/3413 3457/3457/3422 3458/3458/3423
f 3448/3448/3413 3458/3458/3423 3449/3449/3414
f 3449/3449/3414 3458/3458/3423 3459/3459/3424
f 3449/3449/3414 3459/3459/3424 3450/3450/3415
f 3450/3450/3415 3459/3459/3424 3460/3460/3425
f 3450/3450/3415 3460/3460/3425 3451/3451/3416
f 3451/3451/3416 3460/3460/3425 3461/3461/3426
f 3451/3451/3416 3461/3461/3426 3456/3456/3421
f 3457/3457/3422 3453/3453/3418 3462/3462/3427
f 3457/3457/3422 3462/3462/3427 3458/3458/3423
f 3452/3452/3417 3463/3463/3428 3453/3453/3418
f 3462/3462/3427 3453/3453/3418 3463/3463/3428
f 3458/3458/3423 3462/3462/3427 3464/3464/3429
f 3458/3458/3423 3464/3464/3429 3459/3459/3424
f 3459/3459/3424 3464/3464/3429 3465/3465/3430
f 3459/3459/3424 3465/3465/3430 3460/3460/3425
f 3466/3466/3431 3454/3454/3419 3455/3455/3420
f 3467/3467/3432 3466/3466/3431 3455/3455/3420
f 3467/3467/3432 3455/3455/3420 3456/3456/3421
f 3456/3456/3421 3461/3461/3426 3468/3468/3433
f 3456/3456/3421 3468/3468/3433 3467/3467/3432
f 3460/3460/3425 3465/3465/3430 3469/3469/3434
f 3460/3460/3425 3469/3469/3434 3461/3461/3426
f 3461/3461/3426 3470/3470/3435 3468/3468/3433
f 3461/3461/3426 3469/3469/3434 3470/3470/3435
f 3462/3462/3427 3471/3471/3436 3464/3464/3429
f 3464/3464/3429 3471/3471/3436 3465/3465/3430
f 3462/3462/3427 3463/3463/3428 3472/3472/3437
f 3472/3472/3437 3471/3471/3436 3462/3462/3427
f 3465/3465/3430 3471/3471/3436 3473/3473/3438
f 3465/3465/3430 3473/3473/3438 3469/3469/3434
f 3469/3469/3434 3473/3473/3438 3474/3474/3439
f 3469/3469/3434 3474/3474/3439 3470/3470/3435
f 3475/3475/3440 3466/3466/3431 3467/3467/3432
f 3467/3467/3432 3468/3468/3433 3476/3476/3441
f 3476/3476/3441 3475/3475/3440 3467/3467/3432
f 3468/3468/3433 3470/3470/3435 3477/3477/3442
f 3468/3468/3433 3477/3477/3442 3476/3476/3441
f 3470/3470/3435 3474/3474/3439 3478/3478/3443
f 3470/3470/3435 3478/3478/3443 3477/3477/3442
f 3473/3473/3438 3479/3479/3444 3474/3474/3439
f 3474/3474/3439 3479/3479/3444 3478/3478/3443
f 3471/3471/3436 3480/3480/3445 3473/3473/3438
f 3480/3480/3445 3479/3479/3444 3473/3473/3438
f 3472/3472/3437 3481/3481/3446 3471/3471/3436
f 3481/3481/3446 3480/3480/3445 3471/3471/3436
f 3482/3482/3447 3475/3475/3440 3476/3476/3441
f 3483/3483/3448 3482/3482/3447 3476/3476/3441
f 3476/3476/3441 3477/3477/3442 3483/3483/3448
f 3477/3477/3442 3478/3478/3443 3484/3484/3449
f 3477/3477/3442 3484/3484/3449 3483/3483/3448
f 3478/3478/3443 3485/3485/3450 3484/3484/3449
f 3478/3478/3443 3479/3479/3444 3485/3485/3450
f 3480/3480/3445 3486/3486/3451 3479/3479/3444
f 3487/3487/3452 3479/3479/3444 3486/3486/3451
f 3485/3485/3450 3479/3479/3444 3487/3487/3452
f 3481/3481/3446 3488/3488/3453 3480/3480/3445
f 3488/3488/3453 3486/3486/3451 3480/3480/3445
f 3489/3489/3454 3482/3482/3447 3483/3483/3448
f 3483/3483/3448 3484/3484/3449 3490/3490/3455
f 3490/3490/3455 3489/3489/3454 3483/3483/3448
f 3484/3484/3449 3485/3485/3450 3491/3491/3456
f 3484/3484/3449 3491/3491/3456 3490/3490/3455
f 3491/3491/3456 3485/3485/3450 3492/3492/3457
f 3492/3492/3457 3485/3485/3450 3487/3487/3452
f 3488/3488/3453 3493/3493/3458 3486/3486/3451
f 3486/3486/3451 3494/3494/3459 3487/3487/3452
f 3493/3493/3458 3494/3494/3459 3486/3486/3451
f 3494/3494/3459 3495/3495/3460 3487/3487/3452
f 3487/3487/3452 3495/3495/3460 3492/3492/3457
f 3496/3496/3461 3489/3489/3454 3490/3490/3455
f 3497/3497/3462 3496/3496/3461 3490/3490/3455
f 3490/3490/3455 3491/3491/3456 3497/3497/3462
f 3497/3497/3462 3491/3491/3456 3498/3498/3463
f 3498/3498/3463 3491/3491/3456 3492/3492/3457
f 3495/3495/3460 3499/3499/3464 3492/3492/3457
f 3492/3492/3457 3499/3499/3464 3498/3498/3463
f 3494/3494/3459 3500/3500/3465 3495/3495/3460
f 3500/3500/3465 3499/3499/3464 3495/3495/3460
f 3501/3501/3466 3500/3500/3465 3494/3494/3459
f 3493/3493/3458 3501/3501/3466 3494/3494/3459
f 3498/3498/3463 3502/3502/3467 3497/3497/3462
f 3502/3502/3467 3496/3496/3461 3497/3497/3462
f 3499/3499/3464 3503/3503/3468 3498/3498/3463
f 3504/3504/3469 3502/3502/3467 3498/3498/3463
f 3498/3498/3463 3503/3503/3468 3504/3504/3469
f 3499/3499/3464 3505/3505/3470 3503/3503/3468
f 3506/3506/3471 3505/3505/3470 3499/3499/3464
f 3506/3506/3471 3499/3499/3464 3500/3500/3465
f 3507/3507/3472 3501/3501/3466 3493/3493/3458
f 3508/3508/3473 3507/3507/3472 3509/3509/3474
f 3509/3509/3474 3507/3507/3472 3493/3493/3458
f 3509/3509/3474 3493/3493/3458 3488/3488/3453
f 3510/3510/3475 3508/3508/3473 3509/3509/3474
f 3511/3511/3476 3509/3509/3474 3488/3488/3453
f 3510/3510/3475 3509/3509/3474 3511/3511/3476
f 3512/3512/3477 3508/3508/3473 3510/3510/3475
f 3511/3511/3476 3488/3488/3453 3481/3481/3446
f 3510/3510/3475 3513/3513/3478 3512/3512/3477
f 3514/3514/3479 3510/3510/3475 3511/3511/3476
f 3513/3513/3478 3510/3510/3475 3514/3514/3479
f 3514/3514/3479 3511/3511/3476 3515/3515/3480
f 3515/3515/3480 3511/3511/3476 3481/3481/3446
f 3512/3512/3477 3513/3513/3478 3516/3516/3481
f 3515/3515/3480 3481/3481/3446 3472/3472/3437
f 3517/3517/3482 3516/3516/3481 3513/3513/3478
f 3518/3518/3483 3513/3513/3478 3514/3514/3479
f 3517/3517/3482 3513/3513/3478 3518/3518/3483
f 3515/3515/3480 3519/3519/3484 3514/3514/3479
f 3514/3514/3479 3519/3519/3484 3518/3518/3483
f 3472/3472/3437 3520/3520/3485 3515/3515/3480
f 3515/3515/3480 3520/3520/3485 3519/3519/3484
f 3521/3521/3486 3516/3516/3481 3517/3517/3482
f 3472/3472/3437 3463/3463/3428 3520/3520/3485
f 3517/3517/3482 3522/3522/3487 3521/3521/3486
f 3523/3523/3488 3517/3517/3482 3518/3518/3483
f 3522/3522/3487 3517/3517/3482 3523/3523/3488
f 3523/3523/3488 3518/3518/3483 3524/3524/3489
f 3524/3524/3489 3518/3518/3483 3519/3519/3484
f 3524/3524/3489 3519/3519/3484 3525/3525/3490
f 3525/3525/3490 3519/3519/3484 3520/3520/3485
f 3463/3463/3428 3526/3526/3491 3520/3520/3485
f 3520/3520/3485 3526/3526/3491 3525/3525/3490
f 3521/3521/3486 3522/3522/3487 3527/3527/3492
f 3526/3526/3491 3463/3463/3428 3452/3452/3417
f 3040/3040/3013 3522/3522/3487 3523/3523/3488
f 3049/3049/3022 3522/3522/3487 3040/3040/3013
f 3049/3049/3022 3527/3527/3492 3522/3522/3487
f 3040/3040/3013 3523/3523/3488 3029/3029/3002
f 3029/3029/3002 3523/3523/3488 3524/3524/3489
f 3525/3525/3490 3020/3020/2993 3524/3524/3489
f 3524/3524/3489 3020/3020/2993 3029/3029/3002
f 3526/3526/3491 3010/3010/2983 3525/3525/3490
f 3525/3525/3490 3010/3010/2983 3020/3020/2993
f 3010/3010/2983 3526/3526/3491 3000/3000/2973
f 3000/3000/2973 3526/3526/3491 3452/3452/3417
f 3059/3059/3032 3527/3527/3492 3049/3049/3022
f 3452/3452/3417 2997/2997/2970 3000/3000/2973
f 3528/3528/3493 3529/3529/2068 3530/3530/2067
f 3531/3531/3494 3529/3529/2068 3528/3528/3493
f 3531/3531/3494 3528/3528/3493 3246/3246/3219
f 3246/3246/3219 3528/3528/3493 3532/3532/3495
f 3531/3531/3494 3246/3246/3219 3256/3256/3229
f 3256/3256/3229 3529/3529/2068 3531/3531/3494
f 3267/3267/2071 3529/3529/2068 3256/3256/3229
f 3237/3237/3210 3246/3246/3219 3532/3532/3495
f 1564/1564/1562 3533/3533/3496 1550/1550/1548
f 1564/1564/1562 1577/1577/1575 3533/3533/3496
f 1550/1550/1548 3533/3533/3496 1543/1543/1541
f 3534/3534/3497 3533/3533/3496 1577/1577/1575
f 3535/3535/3498 3533/3533/3496 3534/3534/3497
f 3533/3533/3496 3535/3535/3498 1543/1543/1541
f 3534/3534/3497 1577/1577/1575 1586/1586/1584
f 1543/1543/1541 3535/3535/3498 1380/1380/1378
f 1597/1597/1595 3534/3534/3497 1586/1586/1584
f 3536/3536/3499 3534/3534/3497 1597/1597/1595
f 3534/3534/3497 3536/3536/3499 3535/3535/3498
f 3535/3535/3498 3536/3536/3499 3537/3537/3500
f 3535/3535/3498 3537/3537/3500 1380/1380/1378
f 1380/1380/1378 3537/3537/3500 1368/1368/1366
f 3536/3536/3499 1597/1597/1595 3538/3538/3501
f 3539/3539/3502 3536/3536/3499 3538/3538/3501
f 3537/3537/3500 3536/3536/3499 3539/3539/3502
f 1368/1368/1366 3537/3537/3500 1361/1361/1359
f 1361/1361/1359 3537/3537/3500 3539/3539/3502
f 3538/3538/3501 1597/1597/1595 1608/1608/1606
f 3538/3538/3501 1608/1608/1606 3540/3540/3503
f 3541/3541/3504 3538/3538/3501 3540/3540/3503
f 3539/3539/3502 3538/3538/3501 3541/3541/3504
f 3541/3541/3504 1352/1352/1350 3539/3539/3502
f 3539/3539/3502 1352/1352/1350 1361/1361/1359
f 3540/3540/3503 1608/1608/1606 1617/1617/1615
f 3540/3540/3503 3542/3542/3505 3541/3541/3504
f 3543/3543/3506 3542/3542/3505 3540/3540/3503
f 1617/1617/1615 3543/3543/3506 3540/3540/3503
f 1352/1352/1350 3541/3541/3504 1341/1341/1339
f 1341/1341/1339 3541/3541/3504 3542/3542/3505
f 1627/1627/1623 3543/3543/3506 1617/1617/1615
f 3542/3542/3505 1330/1330/1328 1341/1341/1339
f 3544/3544/3507 1330/1330/1328 3542/3542/3505
f 3543/3543/3506 3544/3544/3507 3542/3542/3505
f 3545/3545/3508 3544/3544/3507 3543/3543/3506
f 1627/1627/1623 3545/3545/3508 3543/3543/3506
f 1633/1633/1627 3545/3545/3508 1627/1627/1623
f 1330/1330/1328 3544/3544/3507 1319/1319/1317
f 3544/3544/3507 3545/3545/3508 3546/3546/3509
f 1319/1319/1317 3544/3544/3507 3546/3546/3509
f 1633/1633/1627 3547/3547/3510 3545/3545/3508
f 3546/3546/3509 3545/3545/3508 3547/3547/3510
f 1640/1640/1634 3547/3547/3510 1633/1633/1627
f 3546/3546/3509 1307/1307/1305 1319/1319/1317
f 3547/3547/3510 3548/3548/3511 3546/3546/3509
f 3548/3548/3511 1307/1307/1305 3546/3546/3509
f 3549/3549/3512 3548/3548/3511 3547/3547/3510
f 3426/3426/3391 3425/3425/3390 3417/3417/3382
f 289/289/289 3420/3420/3385 3419/3419/3384
f 283/283/283 3419/3419/3384 3418/3418/3383
f 289/289/289 3419/3419/3384 283/283/283
f 296/296/296 3420/3420/3385 289/289/289
f 296/296/296 3550/3550/3513 3420/3420/3385
f 3550/3550/3513 3426/3426/3391 3420/3420/3385
f 607/607/607 3421/3421/3386 602/602/602
f 3422/3422/3387 3551/3551/3514 3421/3421/3386
f 602/602/602 3421/3421/3386 3551/3551/3514
f 3552/3552/3515 3551/3551/3514 3422/3422/3387
f 3423/3423/3388 3552/3552/3515 3422/3422/3387
f 3424/3424/3389 3553/3553/3516 3423/3423/3388
f 3553/3553/3516 3552/3552/3515 3423/3423/3388
f 3554/3554/3517 3553/3553/3516 3424/3424/3389
f 3425/3425/3390 3554/3554/3517 3424/3424/3389
f 3555/3555/3518 3554/3554/3517 3425/3425/3390
f 3426/3426/3391 3555/3555/3518 3425/3425/3390
f 3550/3550/3513 3556/3556/3519 3426/3426/3391
f 3556/3556/3519 3555/3555/3518 3426/3426/3391
f 451/451/451 3550/3550/3513 296/296/296
f 451/451/451 3557/3557/3520 3550/3550/3513
f 3557/3557/3520 3556/3556/3519 3550/3550/3513
f 602/602/602 3551/3551/3514 597/597/597
f 3551/3551/3514 3552/3552/3515 3558/3558/3521
f 597/597/597 3551/3551/3514 3558/3558/3521
f 3558/3558/3521 3552/3552/3515 3559/3559/3522
f 3552/3552/3515 3553/3553/3516 3559/3559/3522
f 3553/3553/3516 3554/3554/3517 3560/3560/3523
f 3559/3559/3522 3553/3553/3516 3560/3560/3523
f 3560/3560/3523 3554/3554/3517 3561/3561/3524
f 3554/3554/3517 3555/3555/3518 3561/3561/3524
f 3561/3561/3524 3555/3555/3518 3562/3562/3525
f 3555/3555/3518 3556/3556/3519 3562/3562/3525
f 3556/3556/3519 3557/3557/3520 3563/3563/3526
f 3562/3562/3525 3556/3556/3519 3563/3563/3526
f 461/461/461 3557/3557/3520 451/451/451
f 3563/3563/3526 3557/3557/3520 3564/3564/3527
f 3557/3557/3520 461/461/461 3564/3564/3527
f 597/597/597 3558/3558/3521 592/592/592
f 3558/3558/3521 3559/3559/3522 3565/3565/3528
f 592/592/592 3558/3558/3521 3565/3565/3528
f 3565/3565/3528 3559/3559/3522 3566/3566/3529
f 3560/3560/3523 3566/3566/3529 3559/3559/3522
f 3561/3561/3524 3567/3567/3530 3560/3560/3523
f 3567/3567/3530 3566/3566/3529 3560/3560/3523
f 3568/3568/3531 3567/3567/3530 3561/3561/3524
f 3562/3562/3525 3568/3568/3531 3561/3561/3524
f 3569/3569/3532 3568/3568/3531 3562/3562/3525
f 3563/3563/3526 3569/3569/3532 3562/3562/3525
f 3564/3564/3527 3570/3570/3533 3563/3563/3526
f 3570/3570/3533 3569/3569/3532 3563/3563/3526
f 3564/3564/3527 461/461/461 468/468/468
f 3571/3571/3534 3570/3570/3533 3564/3564/3527
f 468/468/468 3571/3571/3534 3564/3564/3527
f 592/592/592 3565/3565/3528 587/587/587
f 3566/3566/3529 3572/3572/3535 3565/3565/3528
f 587/587/587 3565/3565/3528 3572/3572/3535
f 3573/3573/3536 3572/3572/3535 3566/3566/3529
f 3567/3567/3530 3573/3573/3536 3566/3566/3529
f 3568/3568/3531 3574/3574/3537 3567/3567/3530
f 3574/3574/3537 3573/3573/3536 3567/3567/3530
f 3575/3575/3538 3574/3574/3537 3568/3568/3531
f 3569/3569/3532 3575/3575/3538 3568/3568/3531
f 3576/3576/3539 3575/3575/3538 3569/3569/3532
f 3570/3570/3533 3576/3576/3539 3569/3569/3532
f 3571/3571/3534 3577/3577/3540 3570/3570/3533
f 3577/3577/3540 3576/3576/3539 3570/3570/3533
f 474/474/474 3571/3571/3534 468/468/468
f 474/474/474 3578/3578/3541 3571/3571/3534
f 3578/3578/3541 3577/3577/3540 3571/3571/3534
f 587/587/587 3572/3572/3535 441/441/441
f 3572/3572/3535 3573/3573/3536 3579/3579/3542
f 441/441/441 3572/3572/3535 3579/3579/3542
f 3579/3579/3542 3573/3573/3536 3580/3580/3543
f 3573/3573/3536 3574/3574/3537 3580/3580/3543
f 3574/3574/3537 3575/3575/3538 3581/3581/3544
f 3580/3580/3543 3574/3574/3537 3581/3581/3544
f 3581/3581/3544 3575/3575/3538 3582/3582/3545
f 3575/3575/3538 3576/3576/3539 3582/3582/3545
f 3582/3582/3545 3576/3576/3539 3583/3583/3546
f 3577/3577/3540 3583/3583/3546 3576/3576/3539
f 3578/3578/3541 3584/3584/3547 3577/3577/3540
f 3584/3584/3547 3583/3583/3546 3577/3577/3540
f 479/479/479 3578/3578/3541 474/474/474
f 3585/3585/3548 3584/3584/3547 3578/3578/3541
f 3578/3578/3541 479/479/479 3585/3585/3548
f 441/441/441 3579/3579/3542 436/436/436
f 3579/3579/3542 3580/3580/3543 3586/3586/3549
f 436/436/436 3579/3579/3542 3586/3586/3549
f 3586/3586/3549 3580/3580/3543 3587/3587/3550
f 3581/3581/3544 3587/3587/3550 3580/3580/3543
f 3582/3582/3545 3588/3588/3551 3581/3581/3544
f 3588/3588/3551 3587/3587/3550 3581/3581/3544
f 3589/3589/3552 3588/3588/3551 3582/3582/3545
f 3583/3583/3546 3589/3589/3552 3582/3582/3545
f 3590/3590/3553 3589/3589/3552 3583/3583/3546
f 3584/3584/3547 3590/3590/3553 3583/3583/3546
f 3585/3585/3548 3591/3591/3554 3584/3584/3547
f 3591/3591/3554 3590/3590/3553 3584/3584/3547
f 3585/3585/3548 479/479/479 486/486/486
f 486/486/486 3592/3592/3555 3585/3585/3548
f 3592/3592/3555 3591/3591/3554 3585/3585/3548
f 436/436/436 3586/3586/3549 431/431/431
f 3586/3586/3549 3587/3587/3550 3593/3593/3556
f 431/431/431 3586/3586/3549 3593/3593/3556
f 3593/3593/3556 3587/3587/3550 3594/3594/3557
f 3588/3588/3551 3594/3594/3557 3587/3587/3550
f 3589/3589/3552 3595/3595/3558 3588/3588/3551
f 3595/3595/3558 3594/3594/3557 3588/3588/3551
f 3596/3596/3559 3595/3595/3558 3589/3589/3552
f 3590/3590/3553 3596/3596/3559 3589/3589/3552
f 3597/3597/3560 3596/3596/3559 3590/3590/3553
f 3591/3591/3554 3597/3597/3560 3590/3590/3553
f 3592/3592/3555 3598/3598/3561 3591/3591/3554
f 3598/3598/3561 3597/3597/3560 3591/3591/3554
f 493/493/493 3592/3592/3555 486/486/486
f 493/493/493 3599/3599/3562 3592/3592/3555
f 3599/3599/3562 3598/3598/3561 3592/3592/3555
f 431/431/431 3593/3593/3556 426/426/426
f 3593/3593/3556 3594/3594/3557 3600/3600/3563
f 426/426/426 3593/3593/3556 3600/3600/3563
f 3600/3600/3563 3594/3594/3557 3601/3601/3564
f 3595/3595/3558 3601/3601/3564 3594/3594/3557
f 3596/3596/3559 3602/3602/3565 3595/3595/3558
f 3602/3602/3565 3601/3601/3564 3595/3595/3558
f 3603/3603/3566 3602/3602/3565 3596/3596/3559
f 3597/3597/3560 3603/3603/3566 3596/3596/3559
f 3604/3604/3567 3603/3603/3566 3597/3597/3560
f 3598/3598/3561 3604/3604/3567 3597/3597/3560
f 3599/3599/3562 3605/3605/3568 3598/3598/3561
f 3605/3605/3568 3604/3604/3567 3598/3598/3561
f 500/500/500 3599/3599/3562 493/493/493
f 500/500/500 3606/3606/3569 3599/3599/3562
f 3606/3606/3569 3605/3605/3568 3599/3599/3562
f 426/426/426 3600/3600/3563 421/421/421
f 3600/3600/3563 3601/3601/3564 3607/3607/3570
f 421/421/421 3600/3600/3563 3607/3607/3570
f 3607/3607/3570 3601/3601/3564 3608/3608/3571
f 3602/3602/3565 3608/3608/3571 3601/3601/3564
f 3603/3603/3566 3609/3609/3572 3602/3602/3565
f 3609/3609/3572 3608/3608/3571 3602/3602/3565
f 3610/3610/3573 3609/3609/3572 3603/3603/3566
f 3604/3604/3567 3610/3610/3573 3603/3603/3566
f 3611/3611/3574 3610/3610/3573 3604/3604/3567
f 3605/3605/3568 3611/3611/3574 3604/3604/3567
f 3606/3606/3569 3612/3612/3575 3605/3605/3568
f 3612/3612/3575 3611/3611/3574 3605/3605/3568
f 507/507/507 3606/3606/3569 500/500/500
f 507/507/507 3613/3613/3576 3606/3606/3569
f 3613/3613/3576 3612/3612/3575 3606/3606/3569
f 421/421/421 3607/3607/3570 416/416/416
f 3607/3607/3570 3608/3608/3571 3614/3614/3577
f 416/416/416 3607/3607/3570 3614/3614/3577
f 3614/3614/3577 3608/3608/3571 3615/3615/3578
f 3609/3609/3572 3615/3615/3578 3608/3608/3571
f 3610/3610/3573 3616/3616/3579 3609/3609/3572
f 3616/3616/3579 3615/3615/3578 3609/3609/3572
f 3617/3617/3580 3616/3616/3579 3610/3610/3573
f 3611/3611/3574 3617/3617/3580 3610/3610/3573
f 3618/3618/3581 3617/3617/3580 3611/3611/3574
f 3612/3612/3575 3618/3618/3581 3611/3611/3574
f 3613/3613/3576 3619/3619/3582 3612/3612/3575
f 3619/3619/3582 3618/3618/3581 3612/3612/3575
f 514/514/514 3613/3613/3576 507/507/507
f 514/514/514 3620/3620/3583 3613/3613/3576
f 3620/3620/3583 3619/3619/3582 3613/3613/3576
f 416/416/416 3614/3614/3577 411/411/411
f 3615/3615/3578 3621/3621/3584 3614/3614/3577
f 411/411/411 3614/3614/3577 3621/3621/3584
f 3622/3622/3585 3621/3621/3584 3615/3615/3578
f 3616/3616/3579 3622/3622/3585 3615/3615/3578
f 3617/3617/3580 3623/3623/3586 3616/3616/3579
f 3623/3623/3586 3622/3622/3585 3616/3616/3579
f 3624/3624/3587 3623/3623/3586 3617/3617/3580
f 3618/3618/3581 3624/3624/3587 3617/3617/3580
f 3625/3625/3588 3624/3624/3587 3618/3618/3581
f 3619/3619/3582 3625/3625/3588 3618/3618/3581
f 3620/3620/3583 3626/3626/3589 3619/3619/3582
f 3626/3626/3589 3625/3625/3588 3619/3619/3582
f 411/411/411 3621/3621/3584 407/407/407
f 3621/3621/3584 3622/3622/3585 3627/3627/3590
f 407/407/407 3621/3621/3584 3627/3627/3590
f 3627/3627/3590 3622/3622/3585 3628/3628/3591
f 3622/3622/3585 3623/3623/3586 3628/3628/3591
f 3623/3623/3586 3624/3624/3587 3629/3629/3592
f 3628/3628/3591 3623/3623/3586 3629/3629/3592
f 3629/3629/3592 3624/3624/3587 3630/3630/3593
f 3624/3624/3587 3625/3625/3588 3630/3630/3593
f 3630/3630/3593 3625/3625/3588 3631/3631/3594
f 3626/3626/3589 3631/3631/3594 3625/3625/3588
f 3632/3632/3595 3626/3626/3589 3620/3620/3583
f 3632/3632/3595 3633/3633/3596 3626/3626/3589
f 3633/3633/3596 3631/3631/3594 3626/3626/3589
f 407/407/407 3627/3627/3590 406/406/406
f 3628/3628/3591 3634/3634/3597 3627/3627/3590
f 406/406/406 3627/3627/3590 3634/3634/3597
f 3635/3635/3598 3634/3634/3597 3628/3628/3591
f 3629/3629/3592 3635/3635/3598 3628/3628/3591
f 3630/3630/3593 3636/3636/3599 3629/3629/3592
f 3636/3636/3599 3635/3635/3598 3629/3629/3592
f 3637/3637/3600 3636/3636/3599 3630/3630/3593
f 3631/3631/3594 3637/3637/3600 3630/3630/3593
f 3638/3638/3601 3637/3637/3600 3631/3631/3594
f 3633/3633/3596 3638/3638/3601 3631/3631/3594
f 3639/3639/3602 3633/3633/3596 3632/3632/3595
f 3640/3640/3603 3638/3638/3601 3633/3633/3596
f 3639/3639/3602 3640/3640/3603 3633/3633/3596
f 406/406/406 3634/3634/3597 404/404/404
f 3634/3634/3597 3635/3635/3598 3641/3641/3604
f 404/404/404 3634/3634/3597 3641/3641/3604
f 3641/3641/3604 3635/3635/3598 3642/3642/3605
f 3635/3635/3598 3636/3636/3599 3642/3642/3605
f 3636/3636/3599 3637/3637/3600 3643/3643/3606
f 3642/3642/3605 3636/3636/3599 3643/3643/3606
f 3643/3643/3606 3637/3637/3600 3644/3644/3607
f 3637/3637/3600 3638/3638/3601 3644/3644/3607
f 3644/3644/3607 3638/3638/3601 3645/3645/3608
f 3638/3638/3601 3640/3640/3603 3645/3645/3608
f 404/404/404 3641/3641/3604 405/405/405
f 3641/3641/3604 3642/3642/3605 3646/3646/3609
f 405/405/405 3641/3641/3604 3646/3646/3609
f 3646/3646/3609 3642/3642/3605 3647/3647/3610
f 3643/3643/3606 3647/3647/3610 3642/3642/3605
f 3644/3644/3607 3648/3648/3611 3643/3643/3606
f 3648/3648/3611 3647/3647/3610 3643/3643/3606
f 3649/3649/3612 3640/3640/3603 3639/3639/3602
f 3649/3649/3612 3650/3650/3613 3640/3640/3603
f 3645/3645/3608 3640/3640/3603 3651/3651/3614
f 3640/3640/3603 3650/3650/3613 3651/3651/3614
f 3645/3645/3608 3652/3652/3615 3644/3644/3607
f 3645/3645/3608 3651/3651/3614 3652/3652/3615
f 3653/3653/3616 3648/3648/3611 3644/3644/3607
f 3644/3644/3607 3652/3652/3615 3653/3653/3616
f 405/405/405 3646/3646/3609 408/408/408
f 3646/3646/3609 3647/3647/3610 3654/3654/630
f 408/408/408 3646/3646/3609 3654/3654/630
f 3654/3654/630 3647/3647/3610 3655/3655/628
f 3648/3648/3611 3655/3655/628 3647/3647/3610
f 3656/3656/625 3648/3648/3611 3653/3653/3616
f 3657/3657/624 3648/3648/3611 3656/3656/625
f 3657/3657/624 3655/3655/628 3648/3648/3611
f 3652/3652/3615 3658/3658/3617 3653/3653/3616
f 3653/3653/3616 3658/3658/3617 3656/3656/625
f 3652/3652/3615 3651/3651/3614 3659/3659/3618
f 3659/3659/3618 3658/3658/3617 3652/3652/3615
f 3650/3650/3613 3660/3660/3619 3651/3651/3614
f 3651/3651/3614 3660/3660/3619 3659/3659/3618
f 3649/3649/3612 3661/3661/3620 3650/3650/3613
f 3662/3662/3621 3660/3660/3619 3650/3650/3613
f 3650/3650/3613 3661/3661/3620 3662/3662/3621
f 3660/3660/3619 3663/3663/1653 3659/3659/3618
f 3663/3663/1653 3658/3658/3617 3659/3659/3618
f 3664/3664/1652 3663/3663/1653 3660/3660/3619
f 3665/3665/3622 3664/3664/1652 3660/3660/3619
f 3665/3665/3622 3660/3660/3619 3662/3662/3621
f 1640/1640/1634 3549/3549/3512 3547/3547/3510
f 1647/1647/1641 3549/3549/3512 1640/1640/1634
f 1307/1307/1305 3548/3548/3511 1296/1296/1294
f 3549/3549/3512 3666/3666/3623 3548/3548/3511
f 1296/1296/1294 3548/3548/3511 3666/3666/3623
f 3667/3667/3624 3666/3666/3623 3549/3549/3512
f 1647/1647/1641 3667/3667/3624 3549/3549/3512
f 1655/1655/1649 3667/3667/3624 1647/1647/1641
f 3666/3666/3623 1285/1285/1283 1296/1296/1294
f 3668/3668/3625 1285/1285/1283 3666/3666/3623
f 3667/3667/3624 3668/3668/3625 3666/3666/3623
f 3669/3669/3626 3668/3668/3625 3667/3667/3624
f 1655/1655/1649 3669/3669/3626 3667/3667/3624
f 1664/1664/1658 3669/3669/3626 1655/1655/1649
f 1285/1285/1283 3668/3668/3625 1275/1275/1273
f 3669/3669/3626 3670/3670/3627 3668/3668/3625
f 1275/1275/1273 3668/3668/3625 1287/1287/1285
f 3668/3668/3625 3670/3670/3627 1287/1287/1285
f 1664/1664/1658 1672/1672/1666 3669/3669/3626
f 3669/3669/3626 1672/1672/1666 3670/3670/3627
f 3670/3670/3627 3671/3671/3628 1287/1287/1285
f 3670/3670/3627 1682/1682/1676 3671/3671/3628
f 1672/1672/1666 1682/1682/1676 3670/3670/3627
f 1287/1287/1285 3671/3671/3628 1288/1288/1286
f 1837/1837/1824 3671/3671/3628 1682/1682/1676
f 3672/3672/3629 3671/3671/3628 1837/1837/1824
f 1277/1277/1275 3671/3671/3628 3672/3672/3629
f 1288/1288/1286 3671/3671/3628 1277/1277/1275
f 1259/1259/1257 3672/3672/3629 1837/1837/1824
f 1277/1277/1275 3672/3672/3629 1245/1245/1243
f 1258/1258/1256 3672/3672/3629 1259/1259/1257
f 1245/1245/1243 3672/3672/3629 1258/1258/1256
f 941/941/939 942/942/940 3673/3673/3630
f 3673/3673/3630 942/942/940 3674/3674/3631
f 3673/3673/3630 3675/3675/3632 941/941/939
f 3675/3675/3632 936/936/935 941/941/939
f 3674/3674/3631 3676/3676/3633 3673/3673/3630
f 3677/3677/3634 3675/3675/3632 3673/3673/3630
f 3673/3673/3630 3678/3678/3635 3677/3677/3634
f 3676/3676/3633 3678/3678/3635 3673/3673/3630
f 3679/3679/3636 3676/3676/3633 3674/3674/3631
f 3675/3675/3632 3680/3680/3637 936/936/935
f 3681/3681/3638 3680/3680/3637 3675/3675/3632
f 3675/3675/3632 3677/3677/3634 3681/3681/3638
f 935/935/934 936/936/935 3680/3680/3637
f 3676/3676/3633 3679/3679/3636 3682/3682/3639
f 3683/3683/3640 3676/3676/3633 3682/3682/3639
f 3678/3678/3635 3676/3676/3633 3683/3683/3640
f 3678/3678/3635 3684/3684/3641 3677/3677/3634
f 3681/3681/3638 3677/3677/3634 3685/3685/3642
f 3677/3677/3634 3684/3684/3641 3685/3685/3642
f 3684/3684/3641 3678/3678/3635 3686/3686/3643
f 3686/3686/3643 3678/3678/3635 3683/3683/3640
f 3682/3682/3639 3679/3679/3636 3687/3687/3644
f 3680/3680/3637 3681/3681/3638 3688/3688/3645
f 3689/3689/3646 3680/3680/3637 3688/3688/3645
f 935/935/934 3680/3680/3637 3689/3689/3646
f 3688/3688/3645 3681/3681/3638 3690/3690/3647
f 3681/3681/3638 3685/3685/3642 3690/3690/3647
f 932/932/931 935/935/934 3689/3689/3646
f 3682/3682/3639 3687/3687/3644 3691/3691/3648
f 3692/3692/3649 3682/3682/3639 3691/3691/3648
f 3683/3683/3640 3682/3682/3639 3692/3692/3649
f 3686/3686/3643 3683/3683/3640 3693/3693/3650
f 3693/3693/3650 3683/3683/3640 3692/3692/3649
f 3684/3684/3641 3694/3694/3651 3685/3685/3642
f 3695/3695/3652 3684/3684/3641 3686/3686/3643
f 3694/3694/3651 3684/3684/3641 3695/3695/3652
f 3685/3685/3642 3694/3694/3651 3696/3696/3653
f 3690/3690/3647 3685/3685/3642 3696/3696/3653
f 3695/3695/3652 3686/3686/3643 3697/3697/3654
f 3697/3697/3654 3686/3686/3643 3693/3693/3650
f 3691/3691/3648 3687/3687/3644 3698/3698/3655
f 3689/3689/3646 3688/3688/3645 3699/3699/3656
f 3688/3688/3645 3690/3690/3647 3700/3700/3657
f 3699/3699/3656 3688/3688/3645 3700/3700/3657
f 932/932/931 3689/3689/3646 946/946/944
f 946/946/944 3689/3689/3646 3699/3699/3656
f 3691/3691/3648 3698/3698/3655 3701/3701/3658
f 3691/3691/3648 3702/3702/3659 3692/3692/3649
f 3701/3701/3658 3702/3702/3659 3691/3691/3648
f 3702/3702/3659 3703/3703/3660 3692/3692/3649
f 3692/3692/3649 3703/3703/3660 3693/3693/3650
f 3703/3703/3660 3704/3704/3661 3693/3693/3650
f 3693/3693/3650 3704/3704/3661 3697/3697/3654
f 3694/3694/3651 1440/1440/1438 3696/3696/3653
f 1439/1439/1437 3694/3694/3651 3695/3695/3652
f 1440/1440/1438 3694/3694/3651 1439/1439/1437
f 1439/1439/1437 3695/3695/3652 1449/1449/1447
f 1449/1449/1447 3695/3695/3652 3697/3697/3654
f 1449/1449/1447 3697/3697/3654 1460/1460/1458
f 1460/1460/1458 3697/3697/3654 3704/3704/3661
f 3701/3701/3658 3698/3698/3655 3705/3705/3662
f 3705/3705/3662 3706/3706/3663 3701/3701/3658
f 3701/3701/3658 3706/3706/3663 3702/3702/3659
f 3702/3702/3659 3707/3707/3664 3703/3703/3660
f 3702/3702/3659 3706/3706/3663 3707/3707/3664
f 946/946/944 3699/3699/3656 954/954/952
f 3703/3703/3660 3708/3708/3665 3704/3704/3661
f 3709/3709/3666 3708/3708/3665 3703/3703/3660
f 3703/3703/3660 3707/3707/3664 3709/3709/3666
f 1460/1460/1458 3704/3704/3661 1471/1471/1469
f 1471/1471/1469 3704/3704/3661 3708/3708/3665
f 3707/3707/3664 3710/3710/3667 3709/3709/3666
f 3706/3706/3663 3710/3710/3667 3707/3707/3664
f 3711/3711/3668 3706/3706/3663 3705/3705/3662
f 3711/3711/3668 3712/3712/3669 3706/3706/3663
f 3712/3712/3669 3710/3710/3667 3706/3706/3663
f 3709/3709/3666 3713/3713/3670 3708/3708/3665
f 3708/3708/3665 1477/1477/1475 1471/1471/1469
f 3713/3713/3670 1477/1477/1475 3708/3708/3665
f 3714/3714/3671 3713/3713/3670 3709/3709/3666
f 3709/3709/3666 3710/3710/3667 3714/3714/3671
f 3715/3715/3672 3710/3710/3667 3712/3712/3669
f 3716/3716/3673 3710/3710/3667 3715/3715/3672
f 3716/3716/3673 3714/3714/3671 3710/3710/3667
f 3717/3717/3674 3712/3712/3669 3711/3711/3668
f 3712/3712/3669 3717/3717/3674 3715/3715/3672
f 3718/3718/3675 3714/3714/3671 3716/3716/3673
f 3714/3714/3671 3718/3718/3675 3713/3713/3670
f 3713/3713/3670 3718/3718/3675 3719/3719/3676
f 1487/1487/1485 3713/3713/3670 3719/3719/3676
f 1477/1477/1475 3713/3713/3670 1487/1487/1485
f 3720/3720/3677 3716/3716/3673 3715/3715/3672
f 3715/3715/3672 3721/3721/3678 3720/3720/3677
f 3715/3715/3672 3717/3717/3674 3721/3721/3678
f 3722/3722/3679 3716/3716/3673 3720/3720/3677
f 3723/3723/3680 3716/3716/3673 3722/3722/3679
f 3718/3718/3675 3716/3716/3673 3723/3723/3680
f 3719/3719/3676 3718/3718/3675 3724/3724/3681
f 3724/3724/3681 3718/3718/3675 3723/3723/3680
f 1487/1487/1485 3719/3719/3676 1495/1495/1493
f 1495/1495/1493 3719/3719/3676 3724/3724/3681
f 3725/3725/3682 3722/3722/3679 3720/3720/3677
f 3726/3726/3683 3725/3725/3682 3720/3720/3677
f 3720/3720/3677 3721/3721/3678 3726/3726/3683
f 3722/3722/3679 3727/3727/3684 3723/3723/3680
f 3728/3728/3685 3727/3727/3684 3722/3722/3679
f 3728/3728/3685 3722/3722/3679 3725/3725/3682
f 3724/3724/3681 3723/3723/3680 3729/3729/3686
f 3729/3729/3686 3723/3723/3680 3727/3727/3684
f 3729/3729/3686 3730/3730/3687 3724/3724/3681
f 3724/3724/3681 3730/3730/3687 1495/1495/1493
f 3727/3727/3684 3731/3731/3688 3729/3729/3686
f 3728/3728/3685 3731/3731/3688 3727/3727/3684
f 3729/3729/3686 3731/3731/3688 3732/3732/3689
f 3729/3729/3686 3732/3732/3689 3730/3730/3687
f 3730/3730/3687 1494/1494/1492 1495/1495/1493
f 3733/3733/3690 3725/3725/3682 3726/3726/3683
f 3725/3725/3682 3733/3733/3690 3734/3734/3691
f 3734/3734/3691 3728/3728/3685 3725/3725/3682
f 3735/3735/3692 3731/3731/3688 3728/3728/3685
f 3735/3735/3692 3728/3728/3685 3734/3734/3691
f 3730/3730/3687 3736/3736/3693 1494/1494/1492
f 3730/3730/3687 3732/3732/3689 3736/3736/3693
f 3737/3737/3694 3731/3731/3688 3735/3735/3692
f 3738/3738/3695 3731/3731/3688 3737/3737/3694
f 3731/3731/3688 3738/3738/3695 3732/3732/3689
f 3732/3732/3689 3738/3738/3695 1762/1762/1749
f 3732/3732/3689 1762/1762/1749 3736/3736/3693
f 3737/3737/3694 3735/3735/3692 3739/3739/3696
f 3739/3739/3696 3735/3735/3692 3734/3734/3691
f 3734/3734/3691 3733/3733/3690 3740/3740/3697
f 3740/3740/3697 3741/3741/3698 3734/3734/3691
f 3734/3734/3691 3741/3741/3698 3739/3739/3696
f 1494/1494/1492 3736/3736/3693 3742/3742/3699
f 3736/3736/3693 1763/1763/1750 3742/3742/3699
f 3736/3736/3693 1762/1762/1749 1763/1763/1750
f 3742/3742/3699 1488/1488/1486 1494/1494/1492
f 3743/3743/3700 3738/3738/3695 3737/3737/3694
f 3744/3744/3701 3737/3737/3694 3739/3739/3696
f 3743/3743/3700 3737/3737/3694 3744/3744/3701
f 3738/3738/3695 1755/1755/1742 1762/1762/1749
f 1755/1755/1742 3738/3738/3695 3743/3743/3700
f 3741/3741/3698 3745/3745/3702 3739/3739/3696
f 3739/3739/3696 3745/3745/3702 3744/3744/3701
f 3746/3746/3703 1488/1488/1486 3742/3742/3699
f 3747/3747/3704 3746/3746/3703 3742/3742/3699
f 3742/3742/3699 1763/1763/1750 3747/3747/3704
f 1763/1763/1750 1756/1756/1743 3747/3747/3704
f 1488/1488/1486 3746/3746/3703 1480/1480/1478
f 3743/3743/3700 1746/1746/1734 1755/1755/1742
f 3748/3748/3705 3743/3743/3700 3744/3744/3701
f 1746/1746/1734 3743/3743/3700 3748/3748/3705
f 3748/3748/3705 3744/3744/3701 1749/1749/1737
f 1749/1749/1737 3744/3744/3701 3745/3745/3702
f 1480/1480/1478 3746/3746/3703 3749/3749/3706
f 3746/3746/3703 3750/3750/3707 3749/3749/3706
f 3750/3750/3707 3746/3746/3703 3747/3747/3704
f 3747/3747/3704 1756/1756/1743 3751/3751/3708
f 3751/3751/3708 3750/3750/3707 3747/3747/3704
f 1749/1749/1737 1737/1737/1726 3748/3748/3705
f 1737/1737/1726 1746/1746/1734 3748/3748/3705
f 1756/1756/1743 1748/1748/1736 3751/3751/3708
f 3749/3749/3706 1468/1468/1466 1480/1480/1478
f 3752/3752/3709 1468/1468/1466 3749/3749/3706
f 3753/3753/3710 3752/3752/3709 3749/3749/3706
f 3749/3749/3706 3750/3750/3707 3753/3753/3710
f 3754/3754/3711 3753/3753/3710 3750/3750/3707
f 3754/3754/3711 3750/3750/3707 3751/3751/3708
f 3751/3751/3708 1748/1748/1736 3755/3755/3712
f 3751/3751/3708 3755/3755/3712 3754/3754/3711
f 1748/1748/1736 1536/1536/1534 3755/3755/3712
f 1469/1469/1467 1468/1468/1466 3752/3752/3709
f 3756/3756/3713 3752/3752/3709 3753/3753/3710
f 3752/3752/3709 3756/3756/3713 1469/1469/1467
f 3757/3757/3714 3756/3756/3713 3753/3753/3710
f 3757/3757/3714 3753/3753/3710 3754/3754/3711
f 3754/3754/3711 3758/3758/3715 3757/3757/3714
f 3754/3754/3711 3755/3755/3712 3758/3758/3715
f 3755/3755/3712 1536/1536/1534 1526/1526/1524
f 3755/3755/3712 1526/1526/1524 3758/3758/3715
f 3759/3759/3716 3756/3756/3713 3757/3757/3714
f 1469/1469/1467 3756/3756/3713 3760/3760/3717
f 3756/3756/3713 3759/3759/3716 3760/3760/3717
f 3757/3757/3714 3761/3761/3718 3759/3759/3716
f 3757/3757/3714 3758/3758/3715 3761/3761/3718
f 3758/3758/3715 1516/1516/1514 3761/3761/3718
f 3758/3758/3715 1526/1526/1524 1516/1516/1514
f 1470/1470/1468 1469/1469/1467 3760/3760/3717
f 3762/3762/3719 1470/1470/1468 3760/3760/3717
f 3760/3760/3717 3759/3759/3716 3762/3762/3719
f 3759/3759/3716 3761/3761/3718 3763/3763/3720
f 3759/3759/3716 3763/3763/3720 3762/3762/3719
f 3761/3761/3718 1509/1509/1507 3763/3763/3720
f 3761/3761/3718 1516/1516/1514 1509/1509/1507
f 1482/1482/1480 1470/1470/1468 3762/3762/3719
f 1489/1489/1487 1482/1482/1480 3762/3762/3719
f 3762/3762/3719 3763/3763/3720 1489/1489/1487
f 3763/3763/3720 1509/1509/1507 1497/1497/1495
f 3763/3763/3720 1497/1497/1495 1489/1489/1487
f 3764/3764/3721 1180/1180/1178 1169/1169/1167
f 1157/1157/1155 3764/3764/3721 1169/1169/1167
f 1150/1150/1148 3764/3764/3721 1157/1157/1155
f 3764/3764/3721 3765/3765/3722 1180/1180/1178
f 3766/3766/3723 3765/3765/3722 3764/3764/3721
f 1150/1150/1148 3766/3766/3723 3764/3764/3721
f 3765/3765/3722 1188/1188/1186 1180/1180/1178
f 1144/1144/1142 3766/3766/3723 1150/1150/1148
f 3766/3766/3723 3767/3767/3724 3765/3765/3722
f 3765/3765/3722 3768/3768/3725 1188/1188/1186
f 3767/3767/3724 3768/3768/3725 3765/3765/3722
f 3769/3769/3726 3767/3767/3724 3766/3766/3723
f 1144/1144/1142 3769/3769/3726 3766/3766/3723
f 3768/3768/3725 1197/1197/1195 1188/1188/1186
f 1134/1134/1132 3769/3769/3726 1144/1144/1142
f 3767/3767/3724 3770/3770/3727 3768/3768/3725
f 3771/3771/3728 3770/3770/3727 3767/3767/3724
f 3769/3769/3726 3771/3771/3728 3767/3767/3724
f 3770/3770/3727 3772/3772/3729 3768/3768/3725
f 3768/3768/3725 3772/3772/3729 1197/1197/1195
f 3773/3773/3730 3771/3771/3728 3769/3769/3726
f 1134/1134/1132 3773/3773/3730 3769/3769/3726
f 3772/3772/3729 1207/1207/1205 1197/1197/1195
f 1125/1125/1123 3773/3773/3730 1134/1134/1132
f 3770/3770/3727 3771/3771/3728 3774/3774/3731
f 3775/3775/3732 3665/3665/3622 3662/3662/3621
f 3662/3662/3621 3776/3776/3733 3775/3775/3732
f 3661/3661/3620 3776/3776/3733 3662/3662/3621
f 3777/3777/3734 3664/3664/1652 3665/3665/3622
f 3778/3778/3735 3777/3777/3734 3665/3665/3622
f 3778/3778/3735 3665/3665/3622 3775/3775/3732
f 3776/3776/3733 3779/3779/3736 3775/3775/3732
f 3775/3775/3732 3780/3780/3737 3778/3778/3735
f 3775/3775/3732 3779/3779/3736 3780/3780/3737
f 3776/3776/3733 3661/3661/3620 3781/3781/3738
f 3782/3782/3739 3776/3776/3733 3781/3781/3738
f 3779/3779/3736 3776/3776/3733 3782/3782/3739
f 3783/3783/1664 3777/3777/3734 3778/3778/3735
f 3778/3778/3735 3780/3780/3737 3784/3784/3740
f 3784/3784/3740 3783/3783/1664 3778/3778/3735
f 3779/3779/3736 3785/3785/3741 3780/3780/3737
f 537/537/537 3779/3779/3736 3782/3782/3739
f 3785/3785/3741 3779/3779/3736 537/537/537
f 3780/3780/3737 3785/3785/3741 3786/3786/3742
f 3780/3780/3737 3787/3787/3743 3784/3784/3740
f 3786/3786/3742 3787/3787/3743 3780/3780/3737
f 530/530/530 537/537/537 3782/3782/3739
f 3782/3782/3739 3788/3788/3744 530/530/530
f 3781/3781/3738 3788/3788/3744 3782/3782/3739
f 3789/3789/1670 3783/3783/1664 3784/3784/3740
f 3787/3787/3743 3790/3790/1678 3784/3784/3740
f 3784/3784/3740 3790/3790/1678 3789/3789/1670
f 537/537/537 548/548/548 3785/3785/3741
f 3791/3791/3745 3785/3785/3741 548/548/548
f 3786/3786/3742 3785/3785/3741 3791/3791/3745
f 3787/3787/3743 3786/3786/3742 3792/3792/3746
f 3792/3792/3746 3786/3786/3742 3791/3791/3745
f 3790/3790/1678 3787/3787/3743 3793/3793/1821
f 3793/3793/1821 3787/3787/3743 3792/3792/3746
f 3788/3788/3744 521/521/521 530/530/530
f 3791/3791/3745 548/548/548 558/558/558
f 3792/3792/3746 3791/3791/3745 3794/3794/3747
f 3794/3794/3747 3791/3791/3745 558/558/558
f 3793/3793/1821 3792/3792/3746 3795/3795/1828
f 3795/3795/1828 3792/3792/3746 3794/3794/3747
f 3794/3794/3747 558/558/558 570/570/570
f 3795/3795/1828 3794/3794/3747 3796/3796/1834
f 3796/3796/1834 3794/3794/3747 570/570/570
f 521/521/521 3788/3788/3744 3797/3797/3748
f 514/514/514 521/521/521 3797/3797/3748
f 570/570/570 3798/3798/3749 3796/3796/1834
f 571/571/571 3798/3798/3749 570/570/570
f 3797/3797/3748 3620/3620/3583 514/514/514
f 3798/3798/3749 571/571/571 583/583/583
f 3799/3799/3750 3620/3620/3583 3797/3797/3748
f 3797/3797/3748 3788/3788/3744 3799/3799/3750
f 3632/3632/3595 3620/3620/3583 3799/3799/3750
f 3788/3788/3744 3781/3781/3738 3799/3799/3750
f 3632/3632/3595 3799/3799/3750 3639/3639/3602
f 3799/3799/3750 3781/3781/3738 3800/3800/3751
f 3639/3639/3602 3799/3799/3750 3800/3800/3751
f 3781/3781/3738 3661/3661/3620 3800/3800/3751
f 3661/3661/3620 3649/3649/3612 3800/3800/3751
f 3800/3800/3751 3649/3649/3612 3639/3639/3602
f 3400/3400/3365 3391/3391/3356 261/261/261
f 261/261/261 269/269/269 3400/3400/3365
f 269/269/269 3410/3410/3375 3400/3400/3365
f 269/269/269 275/275/275 3410/3410/3375
f 3418/3418/3383 3410/3410/3375 275/275/275
f 3418/3418/3383 275/275/275 283/283/283
f 2659/2659/2632 1024/1024/1022 1023/1023/1021
f 2659/2659/2632 3801/3801/3752 1024/1024/1022
f 2653/2653/2626 3801/3801/3752 2659/2659/2632
f 1035/1035/1033 1024/1024/1022 3801/3801/3752
f 2653/2653/2626 3802/3802/3753 3801/3801/3752
f 3803/3803/3754 3801/3801/3752 3802/3802/3753
f 1035/1035/1033 3801/3801/3752 3803/3803/3754
f 2644/2644/2617 3802/3802/3753 2653/2653/2626
f 1045/1045/1043 1035/1035/1033 3803/3803/3754
f 3802/3802/3753 2644/2644/2617 3804/3804/3755
f 3805/3805/3756 3802/3802/3753 3804/3804/3755
f 3803/3803/3754 3802/3802/3753 3805/3805/3756
f 1045/1045/1043 3803/3803/3754 3806/3806/3757
f 3806/3806/3757 3803/3803/3754 3805/3805/3756
f 3804/3804/3755 2644/2644/2617 2637/2637/2610
f 1052/1052/1050 1045/1045/1043 3806/3806/3757
f 3804/3804/3755 3807/3807/3758 3805/3805/3756
f 3808/3808/3759 3807/3807/3758 3804/3804/3755
f 2637/2637/2610 3808/3808/3759 3804/3804/3755
f 3807/3807/3758 3809/3809/3760 3805/3805/3756
f 3805/3805/3756 3809/3809/3760 3806/3806/3757
f 3809/3809/3760 3810/3810/3761 3806/3806/3757
f 3806/3806/3757 3810/3810/3761 1052/1052/1050
f 2626/2626/2599 3808/3808/3759 2637/2637/2610
f 3810/3810/3761 1057/1057/1055 1052/1052/1050
f 3807/3807/3758 3808/3808/3759 3811/3811/3762
f 3812/3812/3763 3807/3807/3758 3811/3811/3762
f 3809/3809/3760 3807/3807/3758 3812/3812/3763
f 2626/2626/2599 3813/3813/3764 3808/3808/3759
f 3811/3811/3762 3808/3808/3759 3813/3813/3764
f 3810/3810/3761 3809/3809/3760 3814/3814/3765
f 3814/3814/3765 3809/3809/3760 3812/3812/3763
f 1057/1057/1055 3810/3810/3761 1068/1068/1066
f 1068/1068/1066 3810/3810/3761 3814/3814/3765
f 2618/2618/2591 3813/3813/3764 2626/2626/2599
f 3813/3813/3764 3815/3815/3766 3811/3811/3762
f 3811/3811/3762 3816/3816/3767 3812/3812/3763
f 3815/3815/3766 3816/3816/3767 3811/3811/3762
f 3816/3816/3767 3817/3817/3768 3812/3812/3763
f 3812/3812/3763 3817/3817/3768 3814/3814/3765
f 3818/3818/3769 3815/3815/3766 3813/3813/3764
f 2618/2618/2591 3818/3818/3769 3813/3813/3764
f 3817/3817/3768 1075/1075/1073 3814/3814/3765
f 3814/3814/3765 1075/1075/1073 1068/1068/1066
f 2609/2609/2582 3818/3818/3769 2618/2618/2591
f 3817/3817/3768 3816/3816/3767 3819/3819/3770
f 3816/3816/3767 3815/3815/3766 3820/3820/3771
f 3819/3819/3770 3816/3816/3767 3820/3820/3771
f 1075/1075/1073 3817/3817/3768 1083/1083/1081
f 1083/1083/1081 3817/3817/3768 3819/3819/3770
f 3821/3821/3772 3815/3815/3766 3818/3818/3769
f 3822/3822/3773 3815/3815/3766 3821/3821/3772
f 3820/3820/3771 3815/3815/3766 3822/3822/3773
f 3821/3821/3772 3818/3818/3769 2601/2601/2574
f 2601/2601/2574 3818/3818/3769 2609/2609/2582
f 3819/3819/3770 1240/1240/1238 1083/1083/1081
f 3823/3823/3774 1240/1240/1238 3819/3819/3770
f 3820/3820/3771 3823/3823/3774 3819/3819/3770
f 3824/3824/3775 3823/3823/3774 3820/3820/3771
f 3820/3820/3771 3825/3825/3776 3824/3824/3775
f 3822/3822/3773 3825/3825/3776 3820/3820/3771
f 3821/3821/3772 3826/3826/3777 3822/3822/3773
f 3822/3822/3773 3826/3826/3777 3825/3825/3776
f 3826/3826/3777 3821/3821/3772 2593/2593/2566
f 2593/2593/2566 3821/3821/3772 2601/2601/2574
f 3823/3823/3774 3824/3824/3775 3827/3827/3778
f 3823/3823/3774 3827/3827/3778 1240/1240/1238
f 3827/3827/3778 3824/3824/3775 3828/3828/3779
f 3825/3825/3776 3828/3828/3779 3824/3824/3775
f 1240/1240/1238 3827/3827/3778 1252/1252/1250
f 3826/3826/3777 3829/3829/3780 3825/3825/3776
f 3830/3830/3781 3828/3828/3779 3825/3825/3776
f 3825/3825/3776 3829/3829/3780 3830/3830/3781
f 2593/2593/2566 2585/2585/2558 3826/3826/3777
f 3826/3826/3777 2585/2585/2558 3829/3829/3780
f 3831/3831/3782 3830/3830/3781 3829/3829/3780
f 2585/2585/2558 3831/3831/3782 3829/3829/3780
f 3832/3832/3783 3830/3830/3781 3831/3831/3782
f 3830/3830/3781 3832/3832/3783 3828/3828/3779
f 3833/3833/3784 3827/3827/3778 3828/3828/3779
f 3828/3828/3779 3832/3832/3783 3833/3833/3784
f 3834/3834/3785 1252/1252/1250 3827/3827/3778
f 3834/3834/3785 3827/3827/3778 3833/3833/3784
f 3831/3831/3782 3835/3835/3786 3832/3832/3783
f 3832/3832/3783 3835/3835/3786 3833/3833/3784
f 1261/1261/1259 1252/1252/1250 3834/3834/3785
f 3836/3836/3787 3834/3834/3785 3833/3833/3784
f 3833/3833/3784 3835/3835/3786 3836/3836/3787
f 1270/1270/1268 1261/1261/1259 3834/3834/3785
f 1270/1270/1268 3834/3834/3785 3836/3836/3787
f 2577/2577/2550 3831/3831/3782 2585/2585/2558
f 2577/2577/2550 3837/3837/3788 3831/3831/3782
f 3837/3837/3788 3835/3835/3786 3831/3831/3782
f 3835/3835/3786 3838/3838/3789 3836/3836/3787
f 3837/3837/3788 3838/3838/3789 3835/3835/3786
f 1282/1282/1280 1270/1270/1268 3836/3836/3787
f 3836/3836/3787 3838/3838/3789 1282/1282/1280
f 2428/2428/2401 3837/3837/3788 2577/2577/2550
f 2427/2427/2400 3838/3838/3789 3837/3837/3788
f 2428/2428/2401 2427/2427/2400 3837/3837/3788
f 2427/2427/2400 1294/1294/1292 3838/3838/3789
f 3838/3838/3789 1294/1294/1292 1282/1282/1280
f 2416/2416/2391 1294/1294/1292 2427/2427/2400
f 1305/1305/1303 1294/1294/1292 2416/2416/2391
f 3839/3839/3790 3840/3840/3791 3841/3841/3792
f 3841/3841/3792 3840/3840/3791 3842/3842/3793
f 3840/3840/3791 3843/3843/3794 3842/3842/3793
f 3842/3842/3793 3844/3844/3795 3841/3841/3792
f 3845/3845/3796 3844/3844/3795 3842/3842/3793
f 3846/3846/3797 3845/3845/3796 3842/3842/3793
f 3842/3842/3793 3843/3843/3794 3846/3846/3797
f 3847/3847/3798 3846/3846/3797 3843/3843/3794
f 3845/3845/3796 3848/3848/3799 3844/3844/3795
f 3849/3849/3800 3848/3848/3799 3845/3845/3796
f 3850/3850/3801 3849/3849/3800 3845/3845/3796
f 3850/3850/3801 3845/3845/3796 3846/3846/3797
f 3851/3851/3802 3850/3850/3801 3846/3846/3797
f 3851/3851/3802 3846/3846/3797 3847/3847/3798
f 3852/3852/3803 3851/3851/3802 3847/3847/3798
f 3848/3848/3799 3849/3849/3800 3853/3853/3804
f 3853/3853/3804 3849/3849/3800 3854/3854/3805
f 3855/3855/3806 3854/3854/3805 3849/3849/3800
f 3855/3855/3806 3849/3849/3800 3850/3850/3801
f 3856/3856/3807 3850/3850/3801 3851/3851/3802
f 3856/3856/3807 3855/3855/3806 3850/3850/3801
f 3857/3857/3808 3851/3851/3802 3852/3852/3803
f 3857/3857/3808 3856/3856/3807 3851/3851/3802
f 3853/3853/3804 3854/3854/3805 3858/3858/3809
f 3859/3859/3810 3854/3854/3805 3855/3855/3806
f 3858/3858/3809 3854/3854/3805 3860/3860/3811
f 3859/3859/3810 3860/3860/3811 3854/3854/3805
f 3861/3861/3812 3855/3855/3806 3856/3856/3807
f 3855/3855/3806 3861/3861/3812 3859/3859/3810
f 3862/3862/3813 3856/3856/3807 3857/3857/3808
f 3862/3862/3813 3861/3861/3812 3856/3856/3807
f 3852/3852/3803 3863/3863/3814 3857/3857/3808
f 3857/3857/3808 3864/3864/3815 3862/3862/3813
f 3863/3863/3814 3864/3864/3815 3857/3857/3808
f 3865/3865/3816 3863/3863/3814 3852/3852/3803
f 3864/3864/3815 3866/3866/3817 3862/3862/3813
f 3866/3866/3817 3861/3861/3812 3862/3862/3813
f 3859/3859/3810 3861/3861/3812 3867/3867/3818
f 3866/3866/3817 3867/3867/3818 3861/3861/3812
f 3859/3859/3810 3867/3867/3818 3868/3868/3819
f 3868/3868/3819 3860/3860/3811 3859/3859/3810
f 3858/3858/3809 3860/3860/3811 3869/3869/3820
f 3860/3860/3811 3868/3868/3819 3870/3870/3821
f 3869/3869/3820 3860/3860/3811 3870/3870/3821
f 3863/3863/3814 3865/3865/3816 3871/3871/3822
f 3863/3863/3814 3872/3872/3823 3864/3864/3815
f 3871/3871/3822 3872/3872/3823 3863/3863/3814
f 3873/3873/3824 3866/3866/3817 3864/3864/3815
f 3872/3872/3823 3873/3873/3824 3864/3864/3815
f 3873/3873/3824 3874/3874/3825 3866/3866/3817
f 3874/3874/3825 3867/3867/3818 3866/3866/3817
f 3874/3874/3825 3875/3875/3826 3867/3867/3818
f 3868/3868/3819 3867/3867/3818 3875/3875/3826
f 3868/3868/3819 3875/3875/3826 3876/3876/3827
f 3870/3870/3821 3868/3868/3819 3876/3876/3827
f 3871/3871/3822 3865/3865/3816 3877/3877/3828
f 3877/3877/3828 3878/3878/3829 3871/3871/3822
f 3878/3878/3829 3872/3872/3823 3871/3871/3822
f 3869/3869/3820 3870/3870/3821 3879/3879/3830
f 3870/3870/3821 3876/3876/3827 3880/3880/3831
f 3879/3879/3830 3870/3870/3821 3880/3880/3831
f 2918/2918/2891 3872/3872/3823 3878/3878/3829
f 3881/3881/3832 3873/3873/3824 3872/3872/3823
f 2918/2918/2891 3881/3881/3832 3872/3872/3823
f 3882/3882/3833 3874/3874/3825 3873/3873/3824
f 3881/3881/3832 3882/3882/3833 3873/3873/3824
f 3882/3882/3833 334/334/334 3874/3874/3825
f 3883/3883/3834 3875/3875/3826 3874/3874/3825
f 3874/3874/3825 334/334/334 3883/3883/3834
f 3875/3875/3826 3883/3883/3834 1/1/1
f 3876/3876/3827 3875/3875/3826 1/1/1
f 3880/3880/3831 3876/3876/3827 4/4/4
f 3876/3876/3827 1/1/1 4/4/4
f 6/6/6 3879/3879/3830 3880/3880/3831
f 4/4/4 6/6/6 3880/3880/3831
f 2919/2919/2892 3878/3878/3829 3877/3877/3828
f 3878/3878/3829 2919/2919/2892 2913/2913/2886
f 2913/2913/2886 2918/2918/2891 3878/3878/3829
f 18/18/18 3882/3882/3833 3881/3881/3832
f 3882/3882/3833 18/18/18 334/334/334
f 9/9/9 3879/3879/3830 6/6/6
f 14/14/14 3881/3881/3832 2918/2918/2891
f 18/18/18 3881/3881/3832 16/16/16
f 16/16/16 3881/3881/3832 14/14/14
f 334/334/334 11/11/11 3883/3883/3834
f 1/1/1 3883/3883/3834 2/2/2
f 3883/3883/3834 11/11/11 2/2/2
f 3884/3884/3835 3770/3770/3727 3774/3774/3731
f 3772/3772/3729 3770/3770/3727 3884/3884/3835
f 3771/3771/3728 3773/3773/3730 3885/3885/3836
f 3774/3774/3731 3771/3771/3728 3885/3885/3836
f 3884/3884/3835 1219/1219/1217 3772/3772/3729
f 3772/3772/3729 1219/1219/1217 1207/1207/1205
f 3885/3885/3836 3773/3773/3730 3886/3886/3837
f 3773/3773/3730 1125/1125/1123 3886/3886/3837
f 3887/3887/3838 1219/1219/1217 3884/3884/3835
f 3774/3774/3731 3887/3887/3838 3884/3884/3835
f 3885/3885/3836 3888/3888/3839 3774/3774/3731
f 3888/3888/3839 3887/3887/3838 3774/3774/3731
f 3886/3886/3837 3889/3889/3840 3885/3885/3836
f 3889/3889/3840 3888/3888/3839 3885/3885/3836
f 3886/3886/3837 1125/1125/1123 1116/1116/1114
f 3890/3890/3841 3889/3889/3840 3886/3886/3837
f 1116/1116/1114 3890/3890/3841 3886/3886/3837
f 1229/1229/1227 1219/1219/1217 3887/3887/3838
f 3891/3891/3842 1229/1229/1227 3887/3887/3838
f 3888/3888/3839 3891/3891/3842 3887/3887/3838
f 3889/3889/3840 3892/3892/3843 3888/3888/3839
f 3892/3892/3843 3891/3891/3842 3888/3888/3839
f 3890/3890/3841 3893/3893/3844 3889/3889/3840
f 3893/3893/3844 3892/3892/3843 3889/3889/3840
f 1108/1108/1106 3890/3890/3841 1116/1116/1114
f 3894/3894/3845 3893/3893/3844 3890/3890/3841
f 1108/1108/1106 3894/3894/3845 3890/3890/3841
f 1389/1389/1387 1229/1229/1227 3891/3891/3842
f 3895/3895/3846 1389/1389/1387 3891/3891/3842
f 3892/3892/3843 3895/3895/3846 3891/3891/3842
f 3896/3896/3847 3895/3895/3846 3892/3892/3843
f 3893/3893/3844 3896/3896/3847 3892/3892/3843
f 3897/3897/3848 3896/3896/3847 3893/3893/3844
f 3894/3894/3845 3897/3897/3848 3893/3893/3844
f 1099/1099/1097 3894/3894/3845 1108/1108/1106
f 3898/3898/3849 3897/3897/3848 3894/3894/3845
f 1099/1099/1097 3898/3898/3849 3894/3894/3845
f 1398/1398/1396 1389/1389/1387 3895/3895/3846
f 3899/3899/3850 1398/1398/1396 3895/3895/3846
f 3896/3896/3847 3899/3899/3850 3895/3895/3846
f 3897/3897/3848 3900/3900/3851 3896/3896/3847
f 3900/3900/3851 3899/3899/3850 3896/3896/3847
f 3898/3898/3849 3901/3901/3852 3897/3897/3848
f 3901/3901/3852 3900/3900/3851 3897/3897/3848
f 1089/1089/1087 3898/3898/3849 1099/1099/1097
f 3902/3902/3853 3901/3901/3852 3898/3898/3849
f 1089/1089/1087 3902/3902/3853 3898/3898/3849
f 1407/1407/1405 1398/1398/1396 3899/3899/3850
f 3903/3903/3854 1407/1407/1405 3899/3899/3850
f 3900/3900/3851 3903/3903/3854 3899/3899/3850
f 3901/3901/3852 3904/3904/3855 3900/3900/3851
f 3904/3904/3855 3903/3903/3854 3900/3900/3851
f 3902/3902/3853 3905/3905/3856 3901/3901/3852
f 3905/3905/3856 3904/3904/3855 3901/3901/3852
f 3906/3906/3857 3903/3903/3854 3904/3904/3855
f 3905/3905/3856 3906/3906/3857 3904/3904/3855
f 973/973/971 3902/3902/3853 1089/1089/1087
f 3907/3907/3858 3905/3905/3856 3902/3902/3853
f 973/973/971 3907/3907/3858 3902/3902/3853
f 3907/3907/3858 3908/3908/3859 3905/3905/3856
f 3908/3908/3859 3906/3906/3857 3905/3905/3856
f 1417/1417/1415 1407/1407/1405 3903/3903/3854
f 3909/3909/3860 3903/3903/3854 3906/3906/3857
f 3909/3909/3860 1417/1417/1415 3903/3903/3854
f 3908/3908/3859 3910/3910/3861 3906/3906/3857
f 3910/3910/3861 3909/3909/3860 3906/3906/3857
f 964/964/962 3907/3907/3858 973/973/971
f 3911/3911/3862 3908/3908/3859 3907/3907/3858
f 964/964/962 3911/3911/3862 3907/3907/3858
f 3911/3911/3862 3700/3700/3657 3908/3908/3859
f 3700/3700/3657 3910/3910/3861 3908/3908/3859
f 1427/1427/1425 1417/1417/1415 3909/3909/3860
f 3912/3912/3863 1427/1427/1425 3909/3909/3860
f 3912/3912/3863 3909/3909/3860 3910/3910/3861
f 3700/3700/3657 3690/3690/3647 3910/3910/3861
f 3690/3690/3647 3912/3912/3863 3910/3910/3861
f 954/954/952 3911/3911/3862 964/964/962
f 3699/3699/3656 3700/3700/3657 3911/3911/3862
f 954/954/952 3699/3699/3656 3911/3911/3862
f 1440/1440/1438 1427/1427/1425 3912/3912/3863
f 3696/3696/3653 1440/1440/1438 3912/3912/3863
f 3696/3696/3653 3912/3912/3863 3690/3690/3647
