# Blender v2.80 (sub 75) OBJ File: 'fifa21.blend'
# www.blender.org
o shorts_0_1_shorts_mat.009
v -19.555109 197.543869 21.776653
v -19.752872 194.327255 21.872219
v -13.092670 195.275772 24.376375
v -20.037136 190.644180 22.642975
v -13.187596 191.534988 24.605856
v -20.000317 185.748154 23.162668
v -13.355809 187.618195 25.105991
v -13.546779 182.839096 25.157339
v -20.306353 180.330139 23.345400
v -13.697092 177.591522 24.976540
v -13.767857 171.806320 24.746754
v -7.487456 199.056595 25.053064
v -13.247306 199.630188 23.641895
v -7.129933 193.953140 26.091131
v -6.659733 189.457901 25.860559
v -6.663594 185.521347 26.158421
v -6.755296 180.832062 26.474146
v -6.892103 175.550491 26.821312
v -6.912438 169.941162 26.469952
v -7.036280 164.045410 25.589125
v 0.124769 198.690598 26.129240
v -0.154535 193.150360 27.157776
v 0.023206 188.867905 26.814985
v 0.001004 184.786438 26.811094
v -0.011488 180.086868 27.153610
v 0.000918 174.768448 27.696894
v 0.002033 169.087357 27.279848
v 0.003243 163.384079 26.039330
v -2.619815 158.718048 23.510654
v 6.769704 189.512573 26.114265
v 7.221097 194.037125 26.459646
v 6.672351 185.484695 26.306034
v 6.638782 180.686966 26.498005
v 6.700687 175.335037 26.759815
v 6.765976 169.732239 26.419960
v 13.300786 176.982986 24.743036
v 13.369487 182.391907 25.057676
v 13.379355 187.317764 25.208689
v 13.302796 191.356201 24.876341
v 20.028446 184.992554 22.707602
v 20.196873 190.078156 22.356373
v 6.978394 163.920303 25.589594
v 13.353639 171.203079 24.494251
v 20.010534 179.284454 22.742577
v 25.132439 191.963730 19.197514
v 25.775747 187.624786 19.561079
v 19.924334 193.939163 21.800966
v 13.171836 195.193909 24.827662
v 24.897453 196.038925 18.564737
v 28.810913 194.141846 14.864126
v 19.794239 197.258469 21.968153
v 13.492907 165.300919 24.770233
v 20.422159 166.997894 23.867109
v 20.207300 173.129837 23.185406
v 26.052477 175.464554 20.574923
v 25.897587 181.956512 19.862518
v 30.239994 184.361206 15.763916
v 29.932913 190.237671 15.221954
v 12.762243 199.784454 24.197227
v 7.295114 199.232437 25.950735
v 26.429924 168.895370 21.531006
v 30.638119 177.676865 16.510405
v 31.159069 170.749756 17.457363
v 20.669764 161.239258 24.242094
v 26.781166 162.760117 21.789629
v 33.398350 178.994873 10.798870
v 32.481697 185.963455 10.125794
v 31.454878 164.301331 17.550030
v 34.117306 171.945770 11.443362
v 34.762520 165.465439 11.523466
v 34.748276 171.831467 4.459279
v 32.027420 158.245697 17.410349
v 27.218954 157.050049 21.796831
v 35.253574 159.229950 11.177605
v 35.596523 165.644318 4.251568
v 32.993740 185.441238 3.888191
v 33.912521 178.536774 4.278973
v 33.401512 170.657867 -2.484415
v 32.142223 176.811859 -2.128156
v 32.820309 151.322388 17.034096
v 35.912766 152.009689 10.675158
v 36.104366 159.401688 4.005080
v 34.406246 164.777069 -2.756551
v 31.305681 183.170135 -2.141495
v 29.409180 174.973557 -8.200924
v 31.024279 169.159454 -8.752768
v 28.590925 181.035507 -7.866165
v 36.615913 152.070450 3.717901
v 35.068138 158.757919 -2.857445
v 32.200378 163.596298 -8.994002
v 33.548626 142.417755 15.794998
v 36.401905 142.995682 9.658544
v 25.405355 178.993362 -13.385484
v 26.391418 172.961029 -13.969183
v 27.552778 167.517868 -14.270364
v 25.177982 185.131409 -13.376384
v 28.202688 186.915817 -7.937360
v 36.977161 143.181763 3.136984
v 35.413586 151.643372 -2.949859
v 32.656178 157.832657 -9.110464
v 28.387356 162.484818 -14.333097
v 33.592621 132.473236 13.721408
v 35.982716 133.149353 8.023773
v 21.015301 177.008102 -18.813421
v 20.493664 183.706406 -18.686199
v 21.811836 170.718323 -19.116926
v 22.282288 165.899170 -18.807831
v 24.565048 190.793167 -13.351422
v 19.905481 189.888504 -18.274719
v 36.493511 133.465378 2.105753
v 35.626873 143.027832 -3.384766
v 32.808487 151.022766 -9.147125
v 28.729536 157.046997 -14.348049
v 22.596493 161.810059 -18.377539
v 33.026901 123.496567 11.521219
v 35.342388 124.102562 6.385822
v 13.416168 189.553711 -21.510553
v 13.702765 182.845078 -22.482647
v 12.860528 196.116501 -19.969986
v 19.654448 195.892120 -17.755531
v 35.173309 133.401627 -4.129189
v 35.520149 124.497803 1.027670
v 32.492119 142.618744 -9.379064
v 28.764469 150.384735 -14.323807
v 22.825762 156.775772 -18.057770
v 35.062538 116.757195 4.978611
v 32.648689 116.083641 9.604678
v 6.209975 189.160706 -21.994640
v 6.636541 195.503448 -20.021317
v 31.577301 133.174484 -9.818926
v 33.981377 124.558197 -4.676608
v 34.945198 117.229118 -0.067179
v 28.382877 142.119980 -14.320630
v 22.952034 150.067657 -17.664957
v 27.632149 132.953156 -14.424958
v 30.769310 124.482689 -9.990140
v 33.276455 117.296707 -5.302063
v 22.782507 141.617737 -17.072878
v 22.493900 132.613342 -16.719566
v 27.108278 124.467491 -14.150377
v 30.612284 117.273621 -10.330935
v 16.508432 141.255859 -17.594379
v 22.436796 124.308945 -16.220825
v 16.872898 132.221802 -16.906647
v 26.803236 117.232330 -13.588592
v 16.073067 150.125519 -18.465521
v 10.200953 140.813583 -16.079178
v 17.415693 124.032097 -16.284227
v 22.561941 117.059349 -15.516745
v 11.373117 131.829742 -15.183031
v 12.709049 123.683884 -14.575326
v 9.261399 149.983627 -16.701853
v 15.465690 157.132767 -19.008459
v 5.134463 140.093964 -11.832156
v 4.062894 148.878525 -12.355183
v 13.800671 116.278603 -14.294517
v 18.037575 116.705887 -15.851278
v -5.841942 205.066971 -14.826006
v -6.568701 201.316376 -17.511215
v -11.700823 205.045563 -14.418900
v -6.601457 195.472107 -19.502769
v -12.295751 201.732986 -17.025499
v -12.838082 196.099762 -19.239363
v -13.481803 189.405518 -21.060097
v -6.363515 189.099670 -21.654285
v -18.444815 201.920517 -14.929015
v -19.218733 195.876328 -16.306351
v -20.053596 189.774628 -17.998604
v -17.776432 205.150620 -13.050195
v -20.637159 183.452637 -19.094212
v -13.791743 182.630478 -22.229258
v -6.501962 182.493042 -23.225660
v -23.671022 201.720505 -10.788934
v -23.941715 196.358002 -11.654238
v -24.769648 190.918411 -12.739013
v -25.505085 185.039841 -13.561732
v -6.383738 175.728882 -23.037745
v -23.226896 204.736816 -9.784621
v -21.016256 176.725693 -19.132162
v -26.086750 178.772690 -13.928441
v -14.142358 175.458603 -22.067167
v -0.073058 175.735168 -22.042063
v -28.351477 192.796402 -7.303118
v -28.054430 197.593842 -6.777111
v -28.669914 187.216599 -7.657420
v -29.466570 181.073837 -7.990509
v -7.129344 168.940582 -21.062124
v -21.740482 170.525726 -19.092438
v -27.015598 172.743378 -14.240496
v -30.367401 174.859299 -8.312074
v -14.598450 168.869141 -21.007738
v -31.111935 190.107101 -2.064803
v -30.845768 195.218048 -1.805821
v -31.723356 183.837723 -2.139888
v -32.575336 177.163803 -2.191460
v -7.466920 164.851089 -18.359762
v -0.000173 166.274658 -16.355654
v -22.144272 165.790070 -18.749105
v -27.756805 167.388748 -14.317952
v -31.334272 169.044220 -8.654180
v -33.539330 170.726151 -2.445702
v -14.712564 164.860657 -19.767920
v -32.180908 192.901184 3.983370
v -33.043510 186.703613 3.990555
v -34.079796 179.620895 4.182202
v -34.991085 172.486526 4.323827
v -14.900223 161.919983 -19.035173
v -7.420292 161.985733 -16.586155
v -28.277136 162.432404 -14.316765
v -22.414839 161.763870 -18.356548
v -32.119896 163.548218 -8.900252
v -34.453327 164.756653 -2.725367
v -35.795033 165.843689 4.227870
v -33.622730 180.606186 10.983108
v -32.420296 187.575119 10.405723
v -34.512344 173.154999 11.580375
v -35.059734 166.075226 11.649636
v -8.462070 157.209717 -16.572823
v -15.410610 157.117432 -18.894064
v -22.743525 156.768250 -18.081377
v -28.676109 157.036453 -14.332199
v -32.641651 157.824310 -9.098024
v -35.092236 158.757370 -2.858890
v -36.221020 159.410370 4.009838
v -35.384361 159.355423 11.244334
v -30.272329 186.089142 16.326429
v -30.986929 179.402008 17.110075
v -31.632530 172.148941 17.894541
v -31.784533 165.135529 17.802668
v -16.072905 150.117523 -18.467081
v -9.261397 149.975922 -16.701670
v -28.764473 150.384720 -14.323803
v -22.952036 150.062973 -17.664854
v -32.810329 151.022842 -9.148216
v -35.418983 151.643723 -2.951534
v -36.657757 152.073166 3.717228
v -35.956184 152.010971 10.688600
v -32.141987 158.481979 17.524963
v -26.066179 183.422073 20.647617
v -26.470121 177.008224 21.259701
v -26.888868 170.149231 22.002821
v -27.075396 163.517120 22.034075
v -32.492111 142.618713 -9.379058
v -28.382877 142.119980 -14.320626
v -35.630573 143.027969 -3.386017
v -37.012066 143.182571 3.136184
v -36.445148 142.994583 9.673216
v -33.556393 142.416870 15.804777
v -32.819187 151.322433 17.037964
v -27.319021 157.270752 21.876448
v -20.646404 174.222595 23.687431
v -20.839664 167.892578 24.185417
v -20.933929 161.745773 24.357395
v -35.155117 133.402786 -4.121322
v -31.577291 133.174484 -9.818923
v -36.506451 133.465424 2.106155
v -36.042473 133.144333 8.041130
v -33.612587 132.470108 13.736312
v -13.796246 165.753510 24.881340
v -27.813532 150.383728 21.540840
v -20.999586 156.034103 23.950474
v -13.566962 159.931046 24.621832
v -35.512047 124.498802 1.029449
v -33.961708 124.559509 -4.667970
v -35.359108 124.101120 6.390310
v -33.037159 123.495079 11.527752
v -21.419903 149.493027 23.337620
v -13.658910 154.721573 24.124208
v -6.283152 157.856339 23.901543
v -35.064083 116.757149 4.979239
v -34.929771 117.230019 -0.064304
v -32.660107 116.081718 9.612118
v -14.234013 148.531555 23.289179
v -6.102193 153.114395 22.379671
v -2.313289 155.349640 20.938862
v -34.076950 110.408592 3.803143
v -32.233894 109.831818 8.214907
v -28.813850 115.390839 14.032763
v -28.863861 109.191437 12.288651
v -6.862792 146.679764 21.359259
v -1.092343 151.359543 17.210022
v 0.013460 156.224670 20.960930
v 0.017280 153.368195 17.519815
v -32.032486 103.738991 7.077587
v -28.897057 103.231415 10.967134
v -23.533798 108.546333 15.048743
v -23.766069 102.727333 13.813560
v -28.698404 98.015411 10.274053
v -24.071064 97.817841 12.829068
v -2.375637 145.354095 15.480811
v -0.377521 149.644562 9.050235
v 0.128404 151.655731 9.292252
v 1.092350 151.359543 17.210020
v 2.312522 155.348694 20.940508
v -18.982246 97.478622 13.213399
v -18.377876 102.381462 14.351078
v -24.593567 93.401482 12.260469
v -19.876497 93.079605 12.178450
v 0.377526 149.644562 9.050234
v -13.402078 102.093140 11.917083
v -14.555273 96.920563 10.609710
v 2.375642 145.354111 15.480812
v 6.098835 153.113495 22.386679
v 6.862794 146.578506 21.361649
v 0.479542 144.893860 8.465800
v -15.816036 92.570610 9.335592
v 6.554318 131.419342 -11.319405
v 8.338762 123.317253 -11.105309
v 9.822740 115.866806 -11.392200
v 8.456357 157.233780 -16.813494
v 3.037381 155.222183 -12.602964
v 15.008712 161.968872 -19.420218
v 2.133042 139.189072 -5.999705
v 1.174599 147.013367 -6.466852
v 0.414451 153.189316 -6.817797
v 3.316578 130.990158 -5.849542
v 5.068794 122.997879 -6.092943
v 6.719228 115.549103 -6.855445
v 7.406275 162.020111 -16.994944
v 2.136795 159.102081 -12.518251
v 14.819242 164.941254 -20.255081
v 7.451472 164.890793 -18.855028
v 1.011199 138.520325 0.873848
v 0.231685 145.561203 0.811350
v 0.580420 150.789536 0.808837
v 0.178645 153.454803 0.629285
v 0.027372 163.335999 -13.208602
v 1.536266 138.101196 7.805611
v 14.703614 169.000595 -21.544437
v -0.014481 170.047562 -19.377426
v 14.191145 175.658020 -22.501858
v 7.055803 168.997162 -21.558226
v 6.176652 175.802475 -23.366480
v -0.073058 175.735168 -22.042063
v 6.264836 182.573593 -23.499884
v -0.143421 182.067673 -22.315660
v -0.118286 188.675980 -21.164591
v 0.021967 195.267990 -19.399351
v 0.119318 201.069275 -17.564102
v 6.779548 201.308197 -18.123699
v 6.283160 204.997787 -15.201932
v 0.168229 204.917267 -15.105723
v 11.984643 205.156845 -15.091660
v 12.396622 201.646423 -17.909414
v 17.147556 205.303329 -14.052877
v 18.494057 201.675400 -16.420528
v 23.619825 201.205246 -11.832177
v 23.783888 196.016388 -12.676264
v 22.833988 204.820618 -10.377824
v 27.478455 200.948532 -6.509637
v 27.781132 196.841721 -7.278210
v 28.060507 192.222443 -7.907664
v 26.495480 204.391769 -5.647291
v 29.924438 200.921890 -0.983317
v 30.244692 197.876953 -1.606651
v 30.593935 194.178543 -2.123723
v 30.825714 189.207657 -2.333316
v 28.427092 203.885040 -0.312812
v 31.495510 195.931702 4.004728
v 30.989742 198.665955 4.031764
v 32.146297 191.617157 3.775957
v 29.197527 203.537521 4.422834
v 30.790567 200.939072 4.500358
v 31.732157 191.815460 9.813137
v 30.910135 195.892014 9.749170
v 30.238237 198.656479 9.718312
v 29.006594 203.160095 9.973245
v 29.791159 200.564056 9.983006
v 28.116188 197.862106 14.469842
v 26.983488 202.472824 14.745243
v 27.726509 199.839417 14.734056
v 24.534304 198.647568 18.539932
v 24.263645 201.634155 18.120453
v 19.239100 200.612198 21.035044
v -2.162506 159.090988 -12.408628
v 0.081873 158.330582 -7.693479
v -3.041434 155.211533 -12.523286
v -4.062892 148.871994 -12.355026
v -0.414449 153.189316 -6.817797
v 0.178645 153.454803 0.629285
v -1.174597 147.013382 -6.466851
v -0.580417 150.787247 0.808889
v -5.135675 140.088028 -11.831010
v -10.200250 140.805466 -16.080404
v -0.231681 145.555023 0.811504
v -2.133038 139.182648 -5.999548
v -0.377521 149.644562 9.050235
v -11.366500 131.824280 -15.196828
v -6.562069 131.416000 -11.313386
v -16.871006 132.218842 -16.925045
v -16.508430 141.252029 -17.594288
v -0.479538 144.890579 8.465883
v -1.011194 138.511185 0.874071
v -3.345222 130.987579 -5.839023
v -8.344778 123.319145 -11.102504
v -12.706544 123.684654 -14.583754
v -5.105899 123.000595 -6.078158
v -1.536261 138.094238 7.805781
v -2.045342 130.612900 0.490310
v -2.716329 130.302063 6.840602
v -3.725716 122.712631 -0.202510
v -4.248867 122.407974 5.723383
v -6.754605 115.555092 -6.840505
v -9.859697 115.872597 -11.362730
v -5.096145 115.278358 -1.274846
v -5.415712 115.006081 4.538388
v -5.826577 108.634323 -2.355239
v -7.646027 109.072205 -7.521659
v -6.542455 102.511002 -3.604156
v -10.665188 109.603867 -11.592032
v -8.722752 103.190292 -8.688610
v -7.488229 95.973534 1.084996
v -7.426414 96.350761 -5.078815
v -14.407027 110.187637 -14.201459
v -11.887933 104.192467 -12.209459
v -9.975106 97.625000 -10.370271
v -8.871102 91.381706 -0.164761
v -8.586878 92.110878 -6.204003
v -11.292555 93.301544 -11.880352
v -13.676198 99.447670 -13.623795
v -15.176764 105.214478 -14.213974
v -15.935996 101.645004 -14.701823
v -10.058293 85.952293 -1.197355
v -9.226708 86.484352 -7.465126
v -17.354408 95.599785 -15.884629
v -12.012848 87.279030 -13.213537
v -19.006943 100.800758 -15.387747
v -18.842880 105.514061 -15.062184
v -9.351422 76.576492 -8.577454
v -12.247223 77.569923 -14.448363
v -18.297022 88.068184 -17.743870
v -26.339743 96.377266 -15.697047
v -23.783722 101.390083 -15.173457
v -10.882747 63.609905 -9.172339
v -13.671782 64.611916 -14.912710
v -19.031622 77.882629 -19.183519
v -26.697489 88.611694 -18.125578
v -29.012617 101.082680 -12.706223
v -32.356998 94.633980 -10.601087
v -22.950840 106.070877 -14.641604
v -26.645607 102.947586 -13.949570
v -19.926174 88.790504 11.032331
v -24.472021 89.158607 11.123166
v -9.091146 101.814743 7.918854
v -10.694304 96.148804 6.683735
v 8.153214 138.693039 19.618938
v 3.831323 138.223526 14.068790
v 15.316970 139.581009 22.447781
v 14.232396 148.484085 23.308287
v -12.353528 91.373253 5.490068
v -16.520123 89.188194 8.279642
v -25.186350 84.065392 9.808238
v -19.870020 83.662720 9.545828
v -6.425072 101.999405 2.371188
v 16.182741 130.216507 21.124357
v 9.458799 129.977631 18.077103
v 4.883280 130.082092 12.841218
v -14.438556 86.029839 5.302539
v 2.718298 130.310196 6.840182
v -20.960140 73.800117 8.756693
v -14.355967 74.428268 4.395666
v 6.222795 122.020470 11.472366
v -10.591246 75.996216 -1.761248
v 16.726562 121.584656 19.458723
v 10.332384 121.544403 16.814030
v 4.241953 122.411598 5.724751
v -15.817123 61.681957 2.635519
v -12.948844 62.939056 -3.256732
v 7.299882 114.623764 10.033436
v 11.313016 114.197144 15.088389
v 17.213135 114.166237 17.665586
v 5.414321 115.006020 4.538399
v -14.665312 51.313393 -4.625372
v 12.313982 107.900848 13.299265
v 8.184020 107.974510 8.786858
v 17.757111 108.087158 15.693099
v 23.436954 114.707481 17.031225
v 6.060709 108.291550 3.426043
v 18.374947 102.377136 14.367724
v 13.413532 102.099014 11.902013
v 9.156330 101.836433 7.876138
v 23.535631 108.544640 15.055586
v 18.978552 97.473976 13.229842
v 23.768656 102.725319 13.823447
v 14.572665 96.930077 10.587488
v 10.773200 96.180565 6.622508
v 28.803629 115.394165 14.020198
v 28.849373 109.195541 12.270570
v 7.589225 95.996742 1.061864
v 24.074677 97.815399 12.842904
v 19.871578 93.074532 12.194879
v 28.883772 103.234360 10.950667
v 15.827124 92.575890 9.321589
v 12.421374 91.395554 5.433863
v 32.213989 109.835083 8.201968
v 8.966411 91.394669 -0.194663
v 28.689388 98.016861 10.263027
v 24.597885 93.397758 12.277534
v 32.000546 103.742523 7.056942
v 19.929077 88.792976 11.023694
v 24.476274 89.154205 11.138568
v 16.526009 89.189629 8.273458
v 10.048784 85.944313 -1.195063
v 14.437193 86.026047 5.306017
v 34.059536 110.410477 3.799311
v 31.470644 98.002632 6.086357
v 28.313467 93.481628 10.005864
v 27.793966 89.754372 9.429523
v 33.646545 104.298180 2.746232
v 25.184256 84.066528 9.801353
v 19.870478 83.662987 9.544189
v 31.013500 92.731445 5.866998
v 33.709942 98.235329 1.812002
v 14.353269 74.427727 4.398156
v 29.904003 86.896255 6.220512
v 34.093189 111.014725 -0.930170
v 33.621723 104.842712 -1.879479
v 20.962563 73.801094 8.749499
v 34.297031 92.734695 1.101952
v 33.703892 98.757339 -3.065325
v 15.817134 61.681957 2.635517
v 32.669746 111.322479 -5.802402
v 32.418255 105.433014 -6.810536
v 34.641159 93.418144 -4.413064
v 35.118034 86.164558 0.755309
v 32.467617 99.737091 -8.511136
v 30.030373 111.476219 -10.347995
v 29.663757 106.145050 -11.176173
v 32.366180 94.636169 -10.606583
v 35.883934 87.089211 -5.909458
v 28.999207 101.080353 -12.691164
v 26.715656 111.466309 -13.434548
v 26.629639 102.945053 -13.922386
v 26.594679 106.639023 -13.533008
v 26.333422 96.374207 -15.682284
v 23.777130 101.388672 -15.149064
v 33.520988 88.056450 -13.088308
v 26.686598 88.603912 -18.093285
v 22.948229 106.071739 -14.635935
v 22.715195 111.124069 -15.063499
v 18.840527 105.514786 -15.065575
v 19.007685 100.800858 -15.371769
v 18.470881 110.655922 -15.444319
v 18.296007 88.068291 -17.746977
v 17.360582 95.597214 -15.865786
v 19.024643 77.882912 -19.206554
v 27.745918 78.288681 -20.484390
v 15.161575 105.213676 -14.240149
v 15.935887 101.646210 -14.697587
v 13.673420 99.447655 -13.626305
v 14.393839 110.183983 -14.221479
v 12.237214 77.569160 -14.457424
v 12.001097 87.278648 -13.223982
v 11.307718 93.300346 -11.867958
v 11.863108 104.190582 -12.235397
v 9.969626 97.623604 -10.372512
v 13.675268 64.612076 -14.910482
v 20.592785 64.950089 -19.392126
v 9.212836 86.479958 -7.469056
v 9.340298 76.574791 -8.579220
v 8.651201 92.114342 -6.189744
v 10.626460 109.598610 -11.626501
v 8.676931 103.184204 -8.713825
v 7.496535 96.355255 -5.058492
v 10.048784 85.944313 -1.195063
v 10.897397 63.612202 -9.170293
v 16.082209 52.353981 -14.351954
v 10.582057 75.994690 -1.757848
v 7.610111 109.067253 -7.539075
v 6.559042 102.509598 -3.596682
v 12.948854 62.939056 -3.256734
v 13.527069 51.608974 -9.647995
v 5.798712 108.630104 -2.358621
v 6.478806 102.008202 2.363498
v 14.666548 51.313602 -4.625748
v 15.757390 40.318645 -9.471071
v -13.511078 51.605751 -9.650710
v -16.074718 52.352036 -14.358988
v -20.579184 64.945808 -19.432833
v -27.758774 78.291046 -20.524981
v -33.516560 88.054619 -13.084674
v -29.690220 106.147263 -11.199992
v -32.458374 99.736290 -8.507037
v -26.601175 106.638390 -13.540964
v -34.635410 93.417252 -4.412097
v -35.859844 87.085762 -5.906382
v -35.186501 77.823021 -15.289099
v -28.849915 65.342415 -20.271227
v -14.665312 51.313393 -4.625372
v -17.941236 40.795162 -13.689518
v -21.526754 52.785183 -17.738798
v -28.352608 53.159451 -17.921652
v -32.407894 105.432655 -6.807206
v -33.677994 98.754257 -3.061103
v -35.510403 64.946442 -15.070315
v -38.078411 76.498260 -7.202906
v -35.096935 86.164452 0.747403
v -34.288383 92.735542 1.101009
v -22.567638 40.697742 -16.283022
v -27.954113 40.698647 -15.696383
v -33.935188 52.545238 -14.071113
v -37.778099 64.043739 -7.729017
v -35.934643 75.601387 0.000798
v -33.631023 104.842896 -1.880518
v -33.715565 98.236115 1.815228
v -31.529079 74.764091 5.189122
v -29.925653 86.893936 6.242928
v -31.046982 92.729439 5.893095
v -35.337528 63.343533 -1.297019
v -36.422958 51.796635 -7.743531
v -32.730736 40.458881 -12.154678
v -27.399483 34.258926 -14.793365
v -33.666111 104.297569 2.750835
v -31.509592 98.000221 6.113243
v -27.785219 89.757828 9.417670
v -28.312191 93.482224 10.004052
v -26.375689 73.998154 9.024315
v -31.659834 62.361214 4.066582
v -34.133083 51.478836 -1.727868
v -34.787140 39.660950 -7.560238
v -31.546909 33.964294 -11.686294
v -27.089592 61.579369 7.679585
v -31.000141 50.842793 3.085571
v -33.683472 39.281631 -2.532441
v -30.634909 39.309582 1.639712
v -33.673504 33.769627 -7.688472
v -26.760666 50.235542 5.895492
v -21.448786 61.308941 7.195426
v -21.713726 50.048279 5.122993
v -26.702528 39.013882 4.074026
v -33.243725 33.790440 -3.055828
v -30.811834 33.667896 1.009905
v -26.576717 33.498783 3.420321
v -22.020176 38.853619 3.254775
v -17.114340 50.353115 0.858960
v -32.489082 27.661703 -3.535037
v -30.704731 27.870134 0.995543
v -26.648872 28.903217 2.745778
v -21.925480 33.393574 2.741034
v -22.201042 29.090973 1.871407
v -18.203831 38.879642 -0.672634
v -18.579704 33.356945 -0.936085
v -16.919889 33.596317 -4.716212
v -26.866066 26.041498 3.828906
v -30.732800 25.571049 1.192077
v -21.946785 26.000601 3.214435
v -18.660683 25.860752 -0.844967
v -18.985996 28.580801 -1.390359
v -17.805040 28.536459 -4.524070
v -21.559120 20.915058 6.195287
v -18.104401 21.034468 0.119455
v -31.232798 21.083979 1.849639
v -27.318100 20.845804 6.792737
v -32.783722 25.480391 -3.696574
v -18.172268 13.979254 1.622282
v -21.142900 14.343982 6.855116
v -27.432837 14.323482 7.305737
v -31.639536 14.016227 2.757172
v -33.023903 13.731501 -4.128732
v -33.353523 20.892258 -3.849872
v -32.586514 27.734245 -7.871339
v -32.730309 25.557846 -7.841307
v -32.960899 20.696766 -8.115239
v -31.265961 28.185978 -11.560723
v -30.967358 25.287836 -11.969742
v -32.463341 13.844384 -8.316720
v -30.944529 20.639505 -12.356784
v -27.474655 25.186790 -14.726396
v -27.113173 28.743488 -14.709403
v -30.657864 14.528553 -12.834397
v -27.314192 20.632408 -15.145021
v -22.122379 25.229918 -15.063815
v -22.334572 28.935116 -15.088187
v -22.397148 34.180145 -15.524802
v -27.104855 14.606102 -15.585748
v -22.438215 14.685071 -15.981249
v -22.185102 20.654652 -15.463011
v -19.992306 28.880352 -12.125050
v -18.936079 34.170898 -12.638721
v -19.719465 25.662329 -11.877823
v -19.037981 20.987213 -12.146954
v -19.202362 14.847144 -12.609806
v -18.046389 28.769106 -9.246161
v -17.054893 33.699062 -9.258550
v -15.746693 40.316681 -9.473648
v -17.900541 25.771351 -9.202132
v -17.567629 20.671637 -9.443521
v -17.607145 13.976946 -9.923859
v -16.041599 39.617424 -4.463381
v -17.294836 25.711966 -4.254206
v -16.955734 13.736103 -3.623420
v -16.667877 21.042978 -3.840024
v -6.053267 108.289948 3.426659
v -8.177012 107.972168 8.790768
v -5.415712 115.006081 4.538388
v -7.303840 114.624298 10.031215
v -12.303739 107.895668 13.312881
v -4.248867 122.407974 5.723383
v -6.243374 122.021751 11.460626
v -11.316760 114.198799 15.083350
v -17.759005 108.090645 15.680820
v -2.716329 130.302063 6.840602
v -10.337877 121.552017 16.806789
v -17.214441 114.168701 17.657206
v -23.436396 114.708023 17.029171
v -4.887727 130.077942 12.838562
v -9.464776 130.009109 18.068779
v -16.727400 121.589584 19.453667
v 17.946127 40.796307 -13.684875
v 5.087519 115.276726 -1.275825
v 17.059399 33.699905 -9.257218
v 18.937145 34.171120 -12.637814
v 5.414321 115.006020 4.538399
v 3.722153 122.717613 -0.202780
v 18.046705 28.769115 -9.246061
v 19.991564 28.880297 -12.125632
v 22.396126 34.179783 -15.528338
v 22.333536 28.935030 -15.090814
v 2.054713 130.623245 0.490839
v 17.806004 28.536451 -4.524217
v 19.719223 25.662348 -11.878014
v 17.900557 25.771343 -9.202135
v 22.122396 25.229908 -15.063818
v 27.114450 28.743490 -14.712683
v 19.037996 20.987206 -12.146958
v 2.718298 130.310196 6.840182
v 17.294851 25.711958 -4.254209
v 17.567644 20.671627 -9.443526
v 19.202379 14.847136 -12.609812
v 22.185120 20.654642 -15.463016
v 27.474672 25.186787 -14.726398
v 27.314205 20.632401 -15.145027
v 22.438232 14.685063 -15.981255
v 16.667891 21.042969 -3.840027
v 17.607161 13.976939 -9.923864
v 16.955751 13.736095 -3.623425
v 27.104872 14.606095 -15.585754
v 30.657881 14.528545 -12.834402
v 30.944542 20.639503 -12.356791
v 32.463356 13.844377 -8.316727
v 32.960918 20.696764 -8.115245
v 30.967373 25.287836 -11.969747
v 33.023922 13.731494 -4.128739
v 33.353539 20.892256 -3.849878
v 32.730324 25.557840 -7.841310
v 31.232815 21.083971 1.849634
v 32.783741 25.480387 -3.696579
v 31.639553 14.016219 2.757166
v 32.586525 27.734241 -7.871342
v 31.266226 28.185970 -11.560925
v 32.489098 27.661701 -3.535041
v 30.732815 25.571047 1.192073
v 33.676937 33.769138 -7.689095
v 27.318117 20.845797 6.792730
v 26.866083 26.041491 3.828903
v 30.704742 27.870134 0.995540
v 33.243736 33.790440 -3.055830
v 27.432854 14.323474 7.305732
v 31.552439 33.963509 -11.690909
v 21.559137 20.915049 6.195282
v 34.798973 39.659313 -7.561744
v 33.683483 39.281628 -2.532443
v 30.811842 33.667896 1.009903
v 26.648884 28.903208 2.745776
v 21.946798 26.000593 3.214432
v 21.142918 14.343974 6.855110
v 32.732925 40.458385 -12.156624
v 27.401459 34.258526 -14.798462
v 18.172285 13.979246 1.622277
v 18.104416 21.034458 0.119451
v 34.135677 51.478561 -1.726644
v 36.455971 51.792507 -7.745421
v 30.634918 39.309582 1.639710
v 26.576729 33.498775 3.420320
v 22.201054 29.090965 1.871405
v 18.660700 25.860744 -0.844970
v 27.952230 40.699310 -15.692739
v 33.945408 52.543598 -14.080734
v 22.568708 40.698551 -16.278309
v 37.820122 64.040367 -7.730734
v 35.341812 63.343113 -1.294898
v 28.347286 53.162518 -17.909349
v 35.515152 64.946899 -15.077011
v 21.529280 52.787128 -17.728811
v 18.986010 28.580795 -1.390361
v 28.840830 65.345894 -20.246109
v 38.114609 76.500053 -7.206058
v 35.946346 75.601059 0.006370
v 35.179657 77.823120 -15.287658
v 17.806004 28.536451 -4.524217
v 31.529091 74.764091 5.189119
v 26.375698 73.998154 9.024313
v 31.659845 62.361214 4.066579
v 27.089603 61.579365 7.679583
v 31.000151 50.842793 3.085569
v 26.760675 50.235535 5.895490
v 21.448795 61.308941 7.195425
v 21.713736 50.048275 5.122992
v 26.702538 39.013874 4.074024
v 22.020185 38.853611 3.254774
v 17.114353 50.353107 0.858959
v 21.925489 33.393566 2.741033
v 18.203844 38.879639 -0.672635
v 16.054155 39.619263 -4.466477
v 18.579720 33.356934 -0.936086
v 16.925043 33.597076 -4.717195
v -26.647133 204.195480 -5.512983
v -27.669119 201.332962 -6.156141
v -28.670267 203.774796 -0.802519
v -29.990217 201.520218 -0.834809
v -30.474680 198.940033 -1.427780
v -29.664614 203.437103 4.858804
v -30.307774 201.477829 4.763577
v -31.072056 199.538681 4.425453
v -31.568993 197.173706 4.208118
v -28.850683 203.089188 9.851580
v -29.586199 201.489471 10.183678
v -30.024443 199.712921 9.927646
v -30.682163 197.114258 9.990809
v -31.512255 193.204895 10.113912
v -27.212831 202.446442 14.397155
v -27.640533 200.578705 14.601892
v -27.922035 198.742981 14.575747
v -28.531809 195.287674 15.186540
v -29.713175 191.642517 15.686900
v -25.725786 188.846771 20.214647
v -23.696524 201.486771 18.198641
v -24.134077 199.062393 18.661474
v -24.618229 196.683609 18.735790
v -24.979959 192.890869 19.631256
v -19.284704 200.559402 20.884306
v -3.831317 138.219925 14.068877
v -23.370667 122.114746 19.163383
v -28.991991 122.807007 16.258286
v -16.187449 130.276428 21.098848
v -8.157197 138.768982 19.611151
v -23.152548 130.893280 21.237295
v -15.323674 139.705460 22.401558
v -29.241230 131.651596 18.690586
v -22.478430 140.555191 22.808807
v -28.609703 141.458878 20.403702
v -34.098820 111.014343 -0.930713
v -33.249660 117.297508 -5.290667
v -32.659233 111.322510 -5.798751
v -30.780634 124.482269 -9.998436
v -30.622524 117.273750 -10.338448
v -30.036249 111.476128 -10.352575
v -27.632137 132.953156 -14.424954
v -27.114296 124.467339 -14.158005
v -26.805038 117.232536 -13.589756
v -26.721304 111.466248 -13.441035
v -22.782501 141.615479 -17.072823
v -22.493818 132.613373 -16.719255
v -22.435402 124.309395 -16.218657
v -22.558594 117.060837 -15.507865
v -22.716927 111.124199 -15.067998
v -17.412180 124.033073 -16.308750
v -18.038397 116.709381 -15.836813
v -18.472486 110.658028 -15.436733
v -13.810284 116.282631 -14.282709
v 28.986923 122.808708 16.251865
v 29.243750 131.651108 18.691393
v 23.158508 130.860153 21.258873
v 23.372511 122.113190 19.169792
v 22.486996 140.491135 22.845922
v 28.628506 141.443710 20.427265
v 21.434982 149.487305 23.410686
v 27.839521 150.382446 21.576921
v 20.904034 155.907684 23.945889
v 13.649942 154.703506 24.152128
v 13.440087 159.726074 24.639269
v 6.284869 157.835144 23.910442
v 2.620738 158.709198 23.511444
v 0.010118 158.584854 23.340475
vt 0.414551 0.970657
vt 0.413818 0.951904
vt 0.446289 0.965240
vt 0.413086 0.930176
vt 0.443604 0.942505
vt 0.412842 0.907166
vt 0.442383 0.919250
vt 0.441162 0.895386
vt 0.411865 0.880798
vt 0.439941 0.869019
vt 0.439209 0.837891
vt 0.475830 0.987503
vt 0.451172 0.987831
vt 0.471191 0.961761
vt 0.469482 0.936951
vt 0.468506 0.911926
vt 0.468018 0.887817
vt 0.466797 0.859985
vt 0.465332 0.827271
vt 0.465332 0.790161
vt 0.500000 0.987633
vt 0.500000 0.960175
vt 0.500000 0.933228
vt 0.500000 0.906067
vt 0.500000 0.883606
vt 0.500000 0.856567
vt 0.500000 0.822998
vt 0.500000 0.794189
vt 0.479736 0.770020
vt 0.530762 0.936890
vt 0.528809 0.961792
vt 0.531250 0.911865
vt 0.532227 0.887695
vt 0.533203 0.859863
vt 0.534668 0.827271
vt 0.560059 0.868896
vt 0.558594 0.895325
vt 0.557617 0.919250
vt 0.556152 0.942505
vt 0.586914 0.907166
vt 0.586914 0.930176
vt 0.534668 0.790161
vt 0.560547 0.837891
vt 0.587891 0.880798
vt 0.613770 0.942719
vt 0.615723 0.919250
vt 0.586426 0.951904
vt 0.553711 0.965240
vt 0.616211 0.961761
vt 0.641602 0.950287
vt 0.585449 0.970657
vt 0.562012 0.804932
vt 0.590820 0.818359
vt 0.589355 0.850830
vt 0.617188 0.862793
vt 0.616699 0.892944
vt 0.643555 0.902954
vt 0.643555 0.929443
vt 0.548828 0.987831
vt 0.524414 0.987503
vt 0.619141 0.829712
vt 0.645020 0.871948
vt 0.646973 0.838501
vt 0.592773 0.786255
vt 0.620605 0.796387
vt 0.673340 0.876892
vt 0.671387 0.908142
vt 0.648438 0.806519
vt 0.675781 0.841675
vt 0.677734 0.809692
vt 0.704590 0.837036
vt 0.650391 0.775757
vt 0.623047 0.766602
vt 0.679688 0.780029
vt 0.707031 0.805298
vt 0.700195 0.904541
vt 0.702148 0.872559
vt 0.734863 0.822510
vt 0.732910 0.855591
vt 0.652832 0.740723
vt 0.681152 0.744629
vt 0.708496 0.777344
vt 0.736816 0.793945
vt 0.729980 0.890198
vt 0.763672 0.834351
vt 0.765625 0.806274
vt 0.760742 0.868530
vt 0.710449 0.744385
vt 0.738770 0.768555
vt 0.767578 0.783325
vt 0.657715 0.692383
vt 0.686035 0.694092
vt 0.790039 0.851562
vt 0.791992 0.819946
vt 0.793457 0.795410
vt 0.788086 0.883179
vt 0.757812 0.901428
vt 0.714355 0.692383
vt 0.740234 0.736816
vt 0.768555 0.758667
vt 0.794922 0.776489
vt 0.664551 0.636475
vt 0.692871 0.635986
vt 0.819824 0.842407
vt 0.819336 0.877075
vt 0.821777 0.809570
vt 0.822754 0.788696
vt 0.786133 0.912598
vt 0.818848 0.907410
vt 0.720703 0.634033
vt 0.743652 0.687500
vt 0.770020 0.727295
vt 0.795898 0.753052
vt 0.823730 0.771973
vt 0.669434 0.580322
vt 0.697754 0.579834
vt 0.849121 0.907104
vt 0.849609 0.875793
vt 0.851074 0.939240
vt 0.818848 0.938568
vt 0.750000 0.630371
vt 0.725098 0.577637
vt 0.774902 0.680908
vt 0.797852 0.719482
vt 0.824219 0.750000
vt 0.701172 0.532959
vt 0.673340 0.532227
vt 0.878906 0.907410
vt 0.877441 0.938416
vt 0.780762 0.626953
vt 0.753906 0.575195
vt 0.728516 0.531250
vt 0.802246 0.675781
vt 0.824707 0.714600
vt 0.806641 0.625244
vt 0.783203 0.572510
vt 0.756836 0.527100
vt 0.827148 0.672363
vt 0.829102 0.623779
vt 0.808105 0.572266
vt 0.784668 0.524170
vt 0.850586 0.668701
vt 0.829590 0.571045
vt 0.850586 0.620850
vt 0.808105 0.523438
vt 0.850586 0.712158
vt 0.874512 0.665771
vt 0.850586 0.570312
vt 0.830078 0.522949
vt 0.873047 0.618896
vt 0.871582 0.568848
vt 0.875977 0.709717
vt 0.852051 0.748291
vt 0.899902 0.662354
vt 0.899414 0.705566
vt 0.870605 0.519287
vt 0.850098 0.520996
vt 0.096985 0.989609
vt 0.096985 0.963684
vt 0.122070 0.989609
vt 0.122437 0.963745
vt 0.145264 0.989609
vt 0.122437 0.938416
vt 0.096985 0.937897
vt 0.146851 0.963867
vt 0.148926 0.939240
vt 0.150879 0.907104
vt 0.121033 0.907410
vt 0.096985 0.906189
vt 0.178345 0.964264
vt 0.181030 0.938568
vt 0.181396 0.907410
vt 0.176025 0.989609
vt 0.180908 0.877075
vt 0.150513 0.875793
vt 0.120850 0.875793
vt 0.096985 0.874756
vt 0.213745 0.966156
vt 0.213623 0.941162
vt 0.213745 0.912598
vt 0.212036 0.883179
vt 0.119507 0.839355
vt 0.212524 0.989609
vt 0.180176 0.842407
vt 0.210083 0.851562
vt 0.149658 0.837524
vt 0.096985 0.840576
vt 0.244385 0.926331
vt 0.245972 0.949921
vt 0.241943 0.901428
vt 0.239136 0.868530
vt 0.121338 0.802734
vt 0.096985 0.811646
vt 0.178223 0.809570
vt 0.207886 0.819946
vt 0.236450 0.834351
vt 0.148438 0.802368
vt 0.272217 0.920105
vt 0.273926 0.940643
vt 0.269775 0.890198
vt 0.267334 0.855591
vt 0.120483 0.782715
vt 0.096985 0.785767
vt 0.177368 0.788696
vt 0.206299 0.795410
vt 0.234131 0.806274
vt 0.264893 0.822510
vt 0.147095 0.782593
vt 0.301758 0.932373
vt 0.300049 0.904541
vt 0.297607 0.872559
vt 0.295410 0.837036
vt 0.147217 0.772095
vt 0.119080 0.765381
vt 0.205200 0.776489
vt 0.176392 0.771973
vt 0.232544 0.783325
vt 0.262939 0.793945
vt 0.293213 0.805298
vt 0.326660 0.876892
vt 0.328613 0.908142
vt 0.324463 0.841675
vt 0.322266 0.809692
vt 0.121948 0.746582
vt 0.148071 0.748291
vt 0.176025 0.750000
vt 0.203979 0.753052
vt 0.231445 0.758667
vt 0.261475 0.768555
vt 0.291504 0.777344
vt 0.320557 0.780029
vt 0.356445 0.902954
vt 0.354980 0.871948
vt 0.353271 0.838501
vt 0.351318 0.806519
vt 0.149414 0.712158
vt 0.124207 0.709717
vt 0.202271 0.719482
vt 0.175171 0.714600
vt 0.230103 0.727295
vt 0.259766 0.736816
vt 0.289551 0.744385
vt 0.318604 0.744629
vt 0.349609 0.775757
vt 0.383301 0.892944
vt 0.382812 0.862793
vt 0.381104 0.829712
vt 0.379150 0.796387
vt 0.225220 0.680908
vt 0.197632 0.675781
vt 0.256104 0.687500
vt 0.285645 0.692383
vt 0.314209 0.694092
vt 0.342285 0.692383
vt 0.347168 0.740723
vt 0.377197 0.766602
vt 0.410645 0.850830
vt 0.409180 0.818359
vt 0.407227 0.786255
vt 0.249878 0.630371
vt 0.219238 0.626953
vt 0.279541 0.634033
vt 0.307129 0.635986
vt 0.335449 0.636475
vt 0.437988 0.804810
vt 0.374268 0.734375
vt 0.404785 0.757812
vt 0.435791 0.773926
vt 0.274902 0.577637
vt 0.245850 0.575195
vt 0.302490 0.579834
vt 0.330811 0.580322
vt 0.400879 0.727783
vt 0.432617 0.748535
vt 0.462158 0.763184
vt 0.298828 0.532959
vt 0.271240 0.531250
vt 0.326904 0.532227
vt 0.427490 0.720947
vt 0.458008 0.739258
vt 0.479004 0.755127
vt 0.297119 0.489746
vt 0.324707 0.490234
vt 0.355713 0.532715
vt 0.352295 0.491699
vt 0.451904 0.710693
vt 0.479248 0.726074
vt 0.500000 0.756836
vt 0.500000 0.745361
vt 0.322998 0.448730
vt 0.350098 0.451172
vt 0.380859 0.487793
vt 0.379395 0.448242
vt 0.351074 0.416992
vt 0.379150 0.415527
vt 0.471680 0.699463
vt 0.493896 0.711182
vt 0.500000 0.724365
vt 0.520508 0.726074
vt 0.520996 0.755127
vt 0.404785 0.412598
vt 0.405518 0.445312
vt 0.377930 0.387695
vt 0.402344 0.384277
vt 0.488281 0.694336
vt 0.506348 0.711182
vt 0.431396 0.441895
vt 0.429443 0.406738
vt 0.528320 0.699463
vt 0.541992 0.739258
vt 0.547852 0.710693
vt 0.511719 0.694336
vt 0.426758 0.377930
vt 0.899414 0.616455
vt 0.895996 0.567627
vt 0.893066 0.516357
vt 0.877930 0.746582
vt 0.900391 0.729248
vt 0.852539 0.772095
vt 0.925293 0.656982
vt 0.922852 0.698486
vt 0.922363 0.722412
vt 0.925293 0.612549
vt 0.921387 0.563232
vt 0.917969 0.513916
vt 0.880859 0.765381
vt 0.903809 0.744141
vt 0.920898 0.746582
vt 0.853027 0.782593
vt 0.879395 0.782715
vt 0.952148 0.656738
vt 0.950684 0.695068
vt 0.952637 0.712402
vt 0.951660 0.727783
vt 0.909668 0.763794
vt 0.902832 0.785767
vt 0.984863 0.711182
vt 0.982422 0.694336
vt 0.987793 0.730469
vt 0.979980 0.659424
vt 0.851562 0.802368
vt 0.902832 0.811646
vt 0.850586 0.837524
vt 0.878418 0.802734
vt 0.880371 0.839355
vt 0.902832 0.840576
vt 0.878906 0.875793
vt 0.902832 0.874756
vt 0.902832 0.906189
vt 0.902832 0.937897
vt 0.902832 0.963684
vt 0.877441 0.963745
vt 0.877930 0.989609
vt 0.902832 0.989609
vt 0.854980 0.989609
vt 0.853027 0.963867
vt 0.823730 0.989609
vt 0.821777 0.964264
vt 0.786133 0.966156
vt 0.786133 0.941162
vt 0.787598 0.989609
vt 0.754883 0.968292
vt 0.753906 0.949921
vt 0.755371 0.926331
vt 0.755371 0.989609
vt 0.724121 0.972534
vt 0.724609 0.958099
vt 0.726074 0.940643
vt 0.727539 0.920105
vt 0.722168 0.989609
vt 0.697266 0.951874
vt 0.696289 0.964722
vt 0.698242 0.932373
vt 0.697266 0.989609
vt 0.696289 0.976624
vt 0.670410 0.934082
vt 0.669434 0.953156
vt 0.668945 0.966339
vt 0.667969 0.989609
vt 0.668457 0.976227
vt 0.643066 0.966553
vt 0.641602 0.989609
vt 0.642578 0.976807
vt 0.615234 0.975204
vt 0.612305 0.989578
vt 0.583008 0.988914
vt 0.090149 0.763794
vt 0.096008 0.744141
vt 0.079285 0.746582
vt 0.099365 0.729248
vt 0.100708 0.705566
vt 0.077698 0.722412
vt 0.048401 0.727783
vt 0.077148 0.698486
vt 0.047424 0.712402
vt 0.100159 0.662354
vt 0.125488 0.665771
vt 0.012085 0.730469
vt 0.049103 0.695068
vt 0.074707 0.656982
vt 0.015137 0.711182
vt 0.126831 0.618896
vt 0.100830 0.616455
vt 0.149414 0.620850
vt 0.149414 0.668701
vt 0.017670 0.694336
vt 0.048065 0.656738
vt 0.074890 0.612549
vt 0.104004 0.567627
vt 0.128540 0.568848
vt 0.078674 0.563232
vt 0.019882 0.659424
vt 0.048553 0.609863
vt 0.020279 0.613037
vt 0.052917 0.559082
vt 0.024246 0.561279
vt 0.081848 0.513916
vt 0.106750 0.516357
vt 0.055084 0.515137
vt 0.024811 0.516846
vt 0.054291 0.470215
vt 0.081543 0.473145
vt 0.024811 0.473145
vt 0.024811 0.435059
vt 0.056122 0.432129
vt 0.106201 0.475586
vt 0.085327 0.433594
vt 0.024811 0.395508
vt 0.059204 0.390625
vt 0.128418 0.476562
vt 0.109375 0.436523
vt 0.093018 0.390625
vt 0.024811 0.365723
vt 0.063416 0.365234
vt 0.100220 0.363281
vt 0.118774 0.399902
vt 0.129028 0.440918
vt 0.132568 0.416016
vt 0.024811 0.332031
vt 0.066589 0.333984
vt 0.138428 0.372559
vt 0.104980 0.331055
vt 0.148804 0.408203
vt 0.149170 0.440918
vt 0.068970 0.280273
vt 0.101196 0.283203
vt 0.141602 0.330078
vt 0.177979 0.375977
vt 0.170898 0.412109
vt 0.024811 0.277832
vt 0.066040 0.215820
vt 0.102356 0.223633
vt 0.140015 0.280273
vt 0.178101 0.330566
vt 0.201538 0.410645
vt 0.224731 0.372070
vt 0.169556 0.443848
vt 0.186768 0.422363
vt 0.024811 0.211914
vt 0.402344 0.357422
vt 0.377441 0.360352
vt 0.458740 0.436523
vt 0.456055 0.399902
vt 0.556641 0.668457
vt 0.534180 0.661377
vt 0.581055 0.676270
vt 0.572754 0.720947
vt 0.514160 0.659424
vt 0.452881 0.368652
vt 0.426025 0.356445
vt 0.373779 0.328613
vt 0.404541 0.326660
vt 0.484131 0.395508
vt 0.484131 0.435059
vt 0.587402 0.625488
vt 0.562988 0.619385
vt 0.537598 0.613525
vt 0.443359 0.336914
vt 0.513672 0.613037
vt 0.484131 0.365723
vt 0.484131 0.332031
vt 0.403564 0.270996
vt 0.447266 0.271973
vt 0.537598 0.563721
vt 0.484131 0.277832
vt 0.590820 0.573730
vt 0.565918 0.569336
vt 0.515625 0.561279
vt 0.443604 0.205566
vt 0.484131 0.211914
vt 0.538574 0.519531
vt 0.567383 0.523193
vt 0.592773 0.525879
vt 0.516113 0.516846
vt 0.484131 0.160156
vt 0.567383 0.481445
vt 0.539551 0.474609
vt 0.593262 0.484375
vt 0.617188 0.529785
vt 0.516113 0.473145
vt 0.594727 0.445312
vt 0.568848 0.441895
vt 0.541016 0.436523
vt 0.619141 0.487793
vt 0.516113 0.435059
vt 0.595215 0.412598
vt 0.620605 0.448242
vt 0.570801 0.406738
vt 0.543945 0.399902
vt 0.644043 0.532715
vt 0.647949 0.491699
vt 0.516113 0.395508
vt 0.620605 0.415527
vt 0.597656 0.384277
vt 0.649902 0.451172
vt 0.573242 0.377930
vt 0.547363 0.368652
vt 0.675293 0.490234
vt 0.516113 0.365723
vt 0.648926 0.416992
vt 0.622070 0.387695
vt 0.677246 0.448730
vt 0.597656 0.357422
vt 0.622559 0.360352
vt 0.574219 0.356445
vt 0.516113 0.332031
vt 0.556641 0.336914
vt 0.703125 0.489746
vt 0.675781 0.411133
vt 0.645996 0.388184
vt 0.643555 0.365723
vt 0.704102 0.449707
vt 0.625977 0.328613
vt 0.595703 0.326660
vt 0.671875 0.377930
vt 0.704590 0.408203
vt 0.516113 0.277832
vt 0.552734 0.271973
vt 0.661621 0.343750
vt 0.730957 0.489746
vt 0.732422 0.448242
vt 0.596191 0.270996
vt 0.704590 0.374512
vt 0.735352 0.406250
vt 0.516113 0.211914
vt 0.556152 0.205566
vt 0.758301 0.487793
vt 0.760742 0.446777
vt 0.738281 0.371582
vt 0.703125 0.339355
vt 0.767090 0.405273
vt 0.516113 0.160156
vt 0.785156 0.484863
vt 0.788574 0.447754
vt 0.775391 0.372070
vt 0.739746 0.335449
vt 0.798340 0.410645
vt 0.808105 0.481934
vt 0.813477 0.422363
vt 0.810059 0.448730
vt 0.822266 0.375977
vt 0.829102 0.412109
vt 0.781250 0.336426
vt 0.821777 0.330566
vt 0.830566 0.443848
vt 0.829590 0.479004
vt 0.851074 0.440918
vt 0.851074 0.408203
vt 0.850098 0.477539
vt 0.858398 0.330078
vt 0.861816 0.372559
vt 0.859863 0.280273
vt 0.821289 0.281738
vt 0.871094 0.440918
vt 0.867188 0.416016
vt 0.881348 0.399902
vt 0.871582 0.476562
vt 0.898926 0.283203
vt 0.895020 0.331055
vt 0.899902 0.363281
vt 0.890625 0.436523
vt 0.907227 0.390625
vt 0.897461 0.223633
vt 0.859375 0.221191
vt 0.933594 0.333984
vt 0.931152 0.280273
vt 0.936523 0.365234
vt 0.894043 0.475586
vt 0.914551 0.433594
vt 0.940918 0.390625
vt 0.975098 0.332031
vt 0.975098 0.365723
vt 0.934082 0.215820
vt 0.898926 0.167969
vt 0.975098 0.277832
vt 0.918457 0.473145
vt 0.943848 0.432129
vt 0.975098 0.395508
vt 0.975098 0.211914
vt 0.936523 0.163086
vt 0.945801 0.470215
vt 0.975098 0.435059
vt 0.975098 0.160156
vt 0.940430 0.113770
vt 0.063416 0.163086
vt 0.101196 0.167969
vt 0.140381 0.221191
vt 0.178833 0.281738
vt 0.218750 0.336426
vt 0.211426 0.447754
vt 0.232788 0.405273
vt 0.189819 0.448730
vt 0.261963 0.371582
vt 0.260254 0.335449
vt 0.219116 0.282227
vt 0.181030 0.224609
vt 0.024811 0.160156
vt 0.098389 0.116699
vt 0.140137 0.171387
vt 0.179565 0.171875
vt 0.239258 0.446777
vt 0.264404 0.406250
vt 0.220093 0.223633
vt 0.259521 0.280273
vt 0.296875 0.339355
vt 0.295410 0.374512
vt 0.138428 0.115234
vt 0.181519 0.112793
vt 0.223145 0.171387
vt 0.261475 0.220215
vt 0.299072 0.279297
vt 0.267822 0.448242
vt 0.295410 0.408203
vt 0.341064 0.272461
vt 0.338379 0.343750
vt 0.328369 0.377930
vt 0.302246 0.217285
vt 0.263916 0.166504
vt 0.226929 0.111816
vt 0.180298 0.083496
vt 0.295898 0.449707
vt 0.324219 0.411133
vt 0.356201 0.365723
vt 0.354004 0.388184
vt 0.375000 0.272949
vt 0.343750 0.210449
vt 0.304932 0.162598
vt 0.265869 0.107910
vt 0.226807 0.083008
vt 0.375244 0.208496
vt 0.344971 0.158203
vt 0.302734 0.105957
vt 0.341064 0.104980
vt 0.266602 0.081055
vt 0.375244 0.158691
vt 0.403564 0.208008
vt 0.404541 0.156250
vt 0.372803 0.105957
vt 0.299072 0.079590
vt 0.336670 0.078125
vt 0.369629 0.077148
vt 0.406006 0.106445
vt 0.444336 0.155762
vt 0.296143 0.053711
vt 0.335693 0.051270
vt 0.371094 0.050293
vt 0.406982 0.079102
vt 0.407959 0.051758
vt 0.448242 0.106934
vt 0.484131 0.109375
vt 0.450195 0.081543
vt 0.484131 0.084961
vt 0.373047 0.043457
vt 0.330566 0.044434
vt 0.410645 0.045410
vt 0.453857 0.047852
vt 0.448730 0.053711
vt 0.484131 0.061035
vt 0.484131 0.049805
vt 0.409180 0.033203
vt 0.453613 0.035645
vt 0.484131 0.038086
vt 0.332520 0.032227
vt 0.375244 0.031738
vt 0.293945 0.044922
vt 0.484131 0.016113
vt 0.450439 0.016113
vt 0.407227 0.016113
vt 0.376953 0.016113
vt 0.337402 0.016113
vt 0.294434 0.016113
vt 0.293213 0.033203
vt 0.264893 0.055664
vt 0.262451 0.045410
vt 0.261963 0.033203
vt 0.222046 0.058105
vt 0.225586 0.046387
vt 0.263916 0.016113
vt 0.228271 0.033691
vt 0.176514 0.046387
vt 0.176880 0.058594
vt 0.227661 0.016113
vt 0.173584 0.033691
vt 0.134888 0.046387
vt 0.136475 0.058594
vt 0.137085 0.084473
vt 0.171875 0.016113
vt 0.137451 0.016113
vt 0.135132 0.034180
vt 0.091553 0.062988
vt 0.095215 0.086914
vt 0.089111 0.051270
vt 0.089111 0.038086
vt 0.088989 0.016113
vt 0.057617 0.061523
vt 0.058929 0.086426
vt 0.059570 0.113770
vt 0.057434 0.051758
vt 0.057068 0.038574
vt 0.056824 0.016113
vt 0.024811 0.061035
vt 0.024811 0.084961
vt 0.024811 0.109375
vt 0.024811 0.049805
vt 0.024811 0.016113
vt 0.024811 0.038086
vt 0.484131 0.473145
vt 0.460693 0.474609
vt 0.484131 0.516846
vt 0.461426 0.519531
vt 0.432373 0.481445
vt 0.484375 0.561279
vt 0.462158 0.563721
vt 0.432373 0.523193
vt 0.406494 0.484375
vt 0.486084 0.613037
vt 0.433838 0.569336
vt 0.407227 0.525879
vt 0.382812 0.529785
vt 0.462402 0.613525
vt 0.437256 0.619385
vt 0.409180 0.573730
vt 0.901367 0.116699
vt 0.944824 0.515137
vt 0.975098 0.473145
vt 0.975098 0.109375
vt 0.940918 0.086426
vt 0.904785 0.086914
vt 0.975098 0.516846
vt 0.947266 0.559082
vt 0.975098 0.084961
vt 0.942383 0.061523
vt 0.908203 0.062988
vt 0.862793 0.084473
vt 0.863281 0.058594
vt 0.975586 0.561279
vt 0.951660 0.609863
vt 0.975098 0.061035
vt 0.910645 0.051270
vt 0.942383 0.051758
vt 0.865234 0.046387
vt 0.823242 0.058594
vt 0.911133 0.038086
vt 0.979492 0.613037
vt 0.975098 0.049805
vt 0.942871 0.038574
vt 0.911133 0.016113
vt 0.864746 0.034180
vt 0.823242 0.046387
vt 0.826660 0.033691
vt 0.862305 0.016113
vt 0.975098 0.038086
vt 0.943359 0.016113
vt 0.975098 0.016113
vt 0.828125 0.016113
vt 0.772461 0.016113
vt 0.771484 0.033691
vt 0.736328 0.016113
vt 0.738281 0.033203
vt 0.774414 0.046387
vt 0.705566 0.016113
vt 0.707031 0.033203
vt 0.737793 0.045410
vt 0.667480 0.032227
vt 0.706055 0.044922
vt 0.662598 0.016113
vt 0.734863 0.055664
vt 0.777832 0.058105
vt 0.703613 0.053711
vt 0.669434 0.044434
vt 0.733398 0.081055
vt 0.624512 0.031738
vt 0.626953 0.043457
vt 0.664551 0.051270
vt 0.701172 0.079590
vt 0.623047 0.016113
vt 0.773438 0.083008
vt 0.590820 0.033203
vt 0.734375 0.107910
vt 0.697266 0.105957
vt 0.663574 0.078125
vt 0.628906 0.050293
vt 0.589355 0.045410
vt 0.592773 0.016113
vt 0.772949 0.111816
vt 0.819824 0.083496
vt 0.549316 0.016113
vt 0.546387 0.035645
vt 0.694824 0.162598
vt 0.735840 0.166504
vt 0.658691 0.104980
vt 0.630371 0.077148
vt 0.592285 0.051758
vt 0.546387 0.047852
vt 0.818359 0.112793
vt 0.776855 0.171387
vt 0.861816 0.115234
vt 0.516113 0.016113
vt 0.516113 0.038086
vt 0.738770 0.220215
vt 0.697754 0.217285
vt 0.820312 0.171875
vt 0.779785 0.223633
vt 0.859863 0.171387
vt 0.551270 0.053711
vt 0.516113 0.049805
vt 0.818848 0.224609
vt 0.740723 0.280273
vt 0.701172 0.279297
vt 0.780762 0.282227
vt 0.516113 0.061035
vt 0.659180 0.272461
vt 0.625000 0.272949
vt 0.656250 0.210449
vt 0.624512 0.208496
vt 0.655273 0.158203
vt 0.624512 0.158691
vt 0.596680 0.208008
vt 0.595215 0.156250
vt 0.626953 0.105957
vt 0.593750 0.106445
vt 0.555664 0.155762
vt 0.592773 0.079102
vt 0.551758 0.106934
vt 0.516113 0.109375
vt 0.549805 0.081543
vt 0.516113 0.084961
vt 0.244873 0.989609
vt 0.245117 0.968292
vt 0.277832 0.989609
vt 0.276123 0.972534
vt 0.275391 0.958099
vt 0.302734 0.989609
vt 0.303711 0.976624
vt 0.303711 0.964722
vt 0.302979 0.951874
vt 0.332275 0.989609
vt 0.331543 0.976227
vt 0.331055 0.966339
vt 0.330566 0.953156
vt 0.329834 0.934082
vt 0.358398 0.989609
vt 0.357422 0.976807
vt 0.357178 0.966553
vt 0.358154 0.950287
vt 0.356689 0.929443
vt 0.384277 0.919250
vt 0.387451 0.989578
vt 0.385010 0.975204
vt 0.383789 0.961761
vt 0.385986 0.942719
vt 0.416992 0.988914
vt 0.485840 0.659424
vt 0.465820 0.661377
vt 0.385254 0.577393
vt 0.359131 0.580566
vt 0.412598 0.625488
vt 0.443604 0.668457
vt 0.388672 0.630615
vt 0.418945 0.676270
vt 0.363281 0.635254
vt 0.394287 0.683350
vt 0.369385 0.689453
vt 0.269043 0.489746
vt 0.243164 0.527100
vt 0.241699 0.487793
vt 0.216919 0.572510
vt 0.215576 0.524170
vt 0.214722 0.484863
vt 0.193237 0.625244
vt 0.191895 0.572266
vt 0.191895 0.523438
vt 0.191895 0.481934
vt 0.172852 0.672363
vt 0.171021 0.623779
vt 0.170166 0.571045
vt 0.170166 0.522949
vt 0.170288 0.479004
vt 0.149658 0.570312
vt 0.149780 0.520996
vt 0.149780 0.477539
vt 0.129272 0.519287
vt 0.641113 0.580566
vt 0.636719 0.635254
vt 0.611328 0.630615
vt 0.614746 0.577393
vt 0.605469 0.683350
vt 0.630859 0.689453
vt 0.599121 0.727783
vt 0.625488 0.734375
vt 0.595215 0.757812
vt 0.567383 0.748535
vt 0.563965 0.773926
vt 0.537598 0.763184
vt 0.520508 0.770020
vt 0.500000 0.770874
vn -0.4084 0.1531 0.8999
vn -0.3925 0.1430 0.9086
vn -0.2879 0.1058 0.9518
vn -0.3585 0.1394 0.9231
vn -0.2569 0.0854 0.9627
vn -0.3403 0.0605 0.9384
vn -0.2249 0.0875 0.9704
vn -0.2342 0.0285 0.9718
vn -0.3105 0.0688 0.9481
vn -0.2432 -0.0064 0.9699
vn -0.1642 0.0112 0.9864
vn -0.1758 0.1786 0.9681
vn -0.2884 0.1892 0.9386
vn -0.1793 0.0803 0.9805
vn -0.1555 0.0131 0.9877
vn -0.1284 0.0593 0.9900
vn -0.1483 0.0534 0.9875
vn -0.1703 0.0006 0.9854
vn -0.1822 -0.1010 0.9781
vn -0.0753 -0.1742 0.9818
vn -0.0390 0.1642 0.9857
vn -0.0351 0.0500 0.9981
vn -0.0156 -0.0253 0.9996
vn -0.0087 0.0490 0.9988
vn -0.0005 0.0730 0.9973
vn 0.0030 -0.0004 1.0000
vn 0.0023 -0.1207 0.9927
vn -0.0020 -0.3017 0.9534
vn 0.0593 -0.4606 0.8856
vn 0.1402 -0.0099 0.9901
vn 0.1504 0.0441 0.9876
vn 0.1303 0.0318 0.9910
vn 0.1628 0.0315 0.9862
vn 0.1876 -0.0071 0.9822
vn 0.1969 -0.0965 0.9757
vn 0.2820 -0.0242 0.9591
vn 0.2751 -0.0088 0.9614
vn 0.2702 0.0426 0.9619
vn 0.2947 0.0402 0.9547
vn 0.3951 0.0128 0.9186
vn 0.4163 0.0846 0.9053
vn 0.0795 -0.1673 0.9827
vn 0.1971 0.0272 0.9800
vn 0.3481 0.0550 0.9359
vn 0.5885 0.1548 0.7936
vn 0.5947 0.0982 0.7979
vn 0.4462 0.0798 0.8914
vn 0.3232 0.0754 0.9433
vn 0.6340 0.1210 0.7638
vn 0.8088 0.2121 0.5485
vn 0.4432 0.1305 0.8869
vn 0.0939 -0.0015 0.9956
vn 0.2296 0.0770 0.9702
vn 0.2715 0.1036 0.9569
vn 0.5010 0.1246 0.8564
vn 0.5548 0.0922 0.8268
vn 0.8063 0.1107 0.5811
vn 0.8321 0.1511 0.5337
vn 0.3193 0.1744 0.9315
vn 0.1486 0.1319 0.9801
vn 0.4949 0.1027 0.8629
vn 0.7799 0.1314 0.6119
vn 0.7721 0.1063 0.6266
vn 0.2096 0.0045 0.9778
vn 0.5118 0.0448 0.8580
vn 0.9576 0.1305 0.2569
vn 0.9655 0.1296 0.2259
vn 0.7838 0.0587 0.6182
vn 0.9523 0.1121 0.2837
vn 0.9515 0.0810 0.2968
vn 0.9884 0.1379 -0.0643
vn 0.7926 0.0527 0.6075
vn 0.5084 0.0135 0.8610
vn 0.9540 0.0682 0.2920
vn 0.9930 0.1129 -0.0336
vn 0.9861 0.1220 -0.1125
vn 0.9861 0.1325 -0.1001
vn 0.9310 0.1885 -0.3127
vn 0.9208 0.1593 -0.3559
vn 0.8021 0.0134 0.5971
vn 0.9593 0.0444 0.2788
vn 0.9967 0.0779 -0.0236
vn 0.9526 0.1361 -0.2720
vn 0.9248 0.0991 -0.3674
vn 0.8534 0.1955 -0.4831
vn 0.8529 0.2124 -0.4770
vn 0.8721 0.0972 -0.4795
vn 0.9979 0.0542 -0.0349
vn 0.9615 0.0726 -0.2652
vn 0.8705 0.1297 -0.4748
vn 0.8199 -0.0588 0.5694
vn 0.9652 -0.0263 0.2602
vn 0.7960 0.1043 -0.5963
vn 0.7645 0.1714 -0.6214
vn 0.7340 0.1438 -0.6637
vn 0.7978 0.0640 -0.5996
vn 0.8769 0.0518 -0.4780
vn 0.9986 -0.0016 -0.0521
vn 0.9563 0.0384 -0.2897
vn 0.8725 0.0499 -0.4860
vn 0.7036 0.0709 -0.7070
vn 0.8365 -0.1338 0.5313
vn 0.9665 -0.0965 0.2379
vn 0.5884 0.0626 -0.8062
vn 0.6012 0.0794 -0.7951
vn 0.5336 0.0303 -0.8452
vn 0.4635 -0.0355 -0.8854
vn 0.7768 0.1122 -0.6196
vn 0.5668 0.1366 -0.8124
vn 0.9948 -0.0673 -0.0765
vn 0.9437 -0.0026 -0.3308
vn 0.8599 0.0084 -0.5103
vn 0.6764 0.0129 -0.7364
vn 0.3831 -0.0378 -0.9229
vn 0.8369 -0.1725 0.5195
vn 0.9678 -0.1132 0.2246
vn 0.2429 0.1881 -0.9516
vn 0.2886 0.0844 -0.9537
vn 0.1718 0.2690 -0.9477
vn 0.5308 0.2131 -0.8203
vn 0.9274 -0.0569 -0.3697
vn 0.9900 -0.0803 -0.1162
vn 0.8359 -0.0239 -0.5483
vn 0.6533 -0.0220 -0.7568
vn 0.3325 -0.0369 -0.9424
vn 0.9698 -0.1285 0.2075
vn 0.8332 -0.1766 0.5240
vn -0.0405 0.2306 -0.9722
vn -0.0503 0.2920 -0.9551
vn 0.8145 -0.0545 -0.5776
vn 0.9184 -0.0649 -0.3904
vn 0.9846 -0.0803 -0.1550
vn 0.6302 -0.0412 -0.7753
vn 0.3033 -0.0554 -0.9513
vn 0.6081 -0.0518 -0.7922
vn 0.8042 -0.0504 -0.5923
vn 0.9181 -0.0515 -0.3931
vn 0.2695 -0.0574 -0.9613
vn 0.2360 -0.0548 -0.9702
vn 0.5879 -0.0600 -0.8067
vn 0.7949 -0.0401 -0.6054
vn -0.0867 -0.0876 -0.9924
vn 0.2263 -0.0708 -0.9715
vn -0.1214 -0.0858 -0.9889
vn 0.5590 -0.0541 -0.8274
vn -0.0764 -0.0805 -0.9938
vn -0.4452 -0.1211 -0.8872
vn -0.1471 -0.0854 -0.9854
vn 0.2381 -0.0710 -0.9686
vn -0.4613 -0.1337 -0.8771
vn -0.4751 -0.1171 -0.8721
vn -0.4389 -0.1000 -0.8929
vn -0.0860 -0.0755 -0.9934
vn -0.7539 -0.1416 -0.6416
vn -0.7496 -0.1279 -0.6495
vn -0.4667 -0.0800 -0.8808
vn -0.1335 -0.0752 -0.9882
vn -0.0274 0.5700 -0.8212
vn -0.0072 0.4111 -0.9115
vn -0.0200 0.5800 -0.8144
vn -0.0133 0.4358 -0.8999
vn -0.1226 0.5948 -0.7945
vn -0.0000 0.3074 -0.9516
vn 0.0384 0.2979 -0.9538
vn -0.1773 0.4378 -0.8814
vn -0.2161 0.3113 -0.9254
vn -0.2424 0.2416 -0.9396
vn 0.0048 0.2459 -0.9693
vn 0.1015 0.2253 -0.9690
vn -0.4540 0.3615 -0.8143
vn -0.5215 0.2725 -0.8086
vn -0.5479 0.2296 -0.8044
vn -0.3663 0.5187 -0.7726
vn -0.5602 0.1108 -0.8209
vn -0.2598 0.0888 -0.9616
vn -0.0045 0.0872 -0.9962
vn -0.0204 0.2282 -0.9734
vn -0.6691 0.2672 -0.6935
vn -0.7032 0.2069 -0.6802
vn -0.7480 0.1925 -0.6352
vn -0.7782 0.1314 -0.6141
vn 0.0352 -0.1574 -0.9869
vn -0.6304 0.3963 -0.6675
vn -0.5338 0.0361 -0.8449
vn -0.7706 0.1136 -0.6271
vn -0.2292 -0.0749 -0.9705
vn -0.0266 -0.2076 -0.9779
vn -0.8430 0.1278 -0.5226
vn -0.8150 0.1606 -0.5567
vn -0.8678 0.1165 -0.4830
vn -0.8748 0.1319 -0.4662
vn 0.1173 -0.3819 -0.9167
vn -0.0334 -0.6950 -0.7182
vn -0.4843 -0.0074 -0.8749
vn -0.7495 0.1180 -0.6514
vn -0.8741 0.1513 -0.4617
vn -0.1444 -0.2094 -0.9671
vn -0.9381 0.1017 -0.3311
vn -0.9416 0.1075 -0.3191
vn -0.9336 0.1241 -0.3362
vn -0.9362 0.1387 -0.3231
vn 0.2478 -0.5122 -0.8223
vn 0.2834 -0.6312 -0.7220
vn -0.4263 -0.0561 -0.9029
vn -0.7308 0.0858 -0.6771
vn -0.8734 0.1463 -0.4645
vn -0.9414 0.1470 -0.3037
vn -0.0164 -0.2937 -0.9557
vn -0.9893 0.1334 -0.0598
vn -0.9858 0.1404 -0.0919
vn -0.9855 0.1376 -0.0994
vn -0.9890 0.1239 -0.0803
vn 0.0919 -0.1436 -0.9854
vn 0.3933 -0.3098 -0.8656
vn -0.7008 0.0578 -0.7110
vn -0.3611 -0.0299 -0.9321
vn -0.8712 0.1122 -0.4779
vn -0.9512 0.1205 -0.2840
vn -0.9943 0.0950 -0.0492
vn -0.9618 0.1490 0.2296
vn -0.9630 0.1587 0.2180
vn -0.9618 0.1044 0.2531
vn -0.9586 0.0556 0.2793
vn 0.4377 -0.0772 -0.8958
vn 0.1013 -0.0513 -0.9935
vn -0.3252 -0.0242 -0.9453
vn -0.6747 0.0215 -0.7377
vn -0.8691 0.0559 -0.4914
vn -0.9588 0.0704 -0.2753
vn -0.9974 0.0654 -0.0311
vn -0.9564 0.0456 0.2886
vn -0.8164 0.1498 0.5577
vn -0.7975 0.1437 0.5860
vn -0.7909 0.0856 0.6059
vn -0.7949 0.0219 0.6064
vn 0.0802 -0.0738 -0.9940
vn 0.4397 -0.0899 -0.8936
vn -0.6533 -0.0197 -0.7568
vn -0.3028 -0.0525 -0.9516
vn -0.8588 0.0096 -0.5122
vn -0.9551 0.0370 -0.2939
vn -0.9980 0.0499 -0.0386
vn -0.9593 0.0371 0.2800
vn -0.7951 0.0221 0.6061
vn -0.5513 0.1187 0.8258
vn -0.5001 0.1164 0.8581
vn -0.4976 0.0670 0.8648
vn -0.5131 0.0038 0.8583
vn -0.8361 -0.0244 -0.5480
vn -0.6303 -0.0412 -0.7753
vn -0.9429 -0.0035 -0.3330
vn -0.9984 -0.0020 -0.0558
vn -0.9648 -0.0262 0.2617
vn -0.8169 -0.0583 0.5738
vn -0.7999 0.0039 0.6001
vn -0.5069 -0.0158 0.8619
vn -0.2465 0.0821 0.9656
vn -0.2122 0.0414 0.9763
vn -0.1993 -0.0250 0.9796
vn -0.9271 -0.0578 -0.3703
vn -0.8152 -0.0545 -0.5766
vn -0.9943 -0.0686 -0.0812
vn -0.9664 -0.0977 0.2376
vn -0.8340 -0.1343 0.5352
vn -0.0774 -0.0249 0.9967
vn -0.5050 -0.0349 0.8624
vn -0.1748 -0.0706 0.9821
vn -0.0199 -0.1136 0.9933
vn -0.9894 -0.0816 -0.1204
vn -0.9188 -0.0654 -0.3892
vn -0.9681 -0.1154 0.2226
vn -0.8358 -0.1737 0.5209
vn -0.1515 -0.0748 0.9856
vn 0.0631 -0.1403 0.9881
vn 0.0983 -0.2151 0.9716
vn -0.9703 -0.1278 0.2053
vn -0.9843 -0.0794 -0.1580
vn -0.8334 -0.1758 0.5239
vn 0.1227 -0.1369 0.9830
vn 0.3677 -0.2291 0.9013
vn 0.4284 -0.5004 0.7524
vn -0.9741 -0.1303 0.1849
vn -0.8472 -0.1560 0.5078
vn -0.6265 -0.2255 0.7461
vn -0.6309 -0.1911 0.7520
vn 0.4827 -0.2272 0.8458
vn 0.8339 -0.2883 0.4707
vn -0.0006 -0.6957 0.7183
vn 0.0059 -0.7991 0.6012
vn -0.8618 -0.1231 0.4921
vn -0.6468 -0.1519 0.7474
vn -0.3113 -0.2399 0.9195
vn -0.3086 -0.1850 0.9330
vn -0.6744 -0.1195 0.7286
vn -0.2922 -0.1536 0.9439
vn 0.8543 -0.2345 0.4638
vn 0.9856 -0.1466 0.0842
vn -0.7390 0.0607 0.6710
vn -0.8399 -0.2754 0.4678
vn -0.4308 -0.4999 0.7513
vn 0.2109 -0.2602 0.9422
vn 0.1630 -0.2495 0.9546
vn -0.2649 -0.1794 0.9474
vn 0.2421 -0.2710 0.9317
vn 0.9837 0.0264 0.1779
vn -0.9798 -0.0723 0.1862
vn 0.5517 -0.2817 0.7850
vn 0.5537 -0.3318 0.7637
vn -0.8550 -0.2342 0.4627
vn -0.3721 -0.2295 0.8994
vn -0.4855 -0.2258 0.8446
vn -0.9498 -0.1023 0.2957
vn 0.5797 -0.3338 0.7433
vn -0.7423 -0.1626 -0.6500
vn -0.7289 -0.1486 -0.6683
vn -0.7158 -0.0945 -0.6919
vn -0.4356 -0.1038 -0.8941
vn -0.7388 -0.1354 -0.6602
vn -0.0636 -0.1733 -0.9828
vn -0.9337 -0.1366 -0.3311
vn -0.9479 -0.1112 -0.2987
vn -0.9614 -0.1122 -0.2512
vn -0.9196 -0.1658 -0.3562
vn -0.9049 -0.1721 -0.3893
vn -0.8966 -0.1143 -0.4278
vn -0.4016 -0.3306 -0.8541
vn -0.7065 -0.2419 -0.6650
vn -0.0120 0.2776 -0.9606
vn 0.0483 -0.3005 -0.9526
vn -0.2654 -0.5152 -0.8150
vn -0.9893 -0.1342 -0.0569
vn -0.9958 -0.0752 -0.0519
vn -0.9983 -0.0479 -0.0336
vn -0.0190 -0.9516 -0.3066
vn -0.4529 -0.6228 -0.6380
vn -0.9317 -0.3128 0.1848
vn 0.1766 -0.1899 -0.9658
vn 0.2622 -0.0463 -0.9639
vn -0.1405 -0.3719 -0.9176
vn -0.0617 -0.1444 -0.9876
vn -0.0212 0.0865 -0.9960
vn -0.0436 0.4395 -0.8972
vn -0.0336 0.5981 -0.8007
vn 0.0799 0.6167 -0.7831
vn 0.1169 0.4473 -0.8867
vn 0.3647 0.5707 -0.7357
vn 0.4497 0.3967 -0.8003
vn 0.7130 0.3008 -0.6334
vn 0.7559 0.1691 -0.6324
vn 0.6523 0.4482 -0.6113
vn 0.8344 0.2583 -0.4870
vn 0.8429 0.1465 -0.5177
vn 0.8603 0.0971 -0.5005
vn 0.8072 0.3890 -0.4439
vn 0.9154 0.2980 -0.2707
vn 0.9391 0.1425 -0.3126
vn 0.9408 0.1015 -0.3235
vn 0.9349 0.0736 -0.3471
vn 0.8624 0.4483 -0.2350
vn 0.9865 0.1543 -0.0540
vn 0.9874 0.1543 -0.0345
vn 0.9879 0.1245 -0.0920
vn 0.8873 0.4610 -0.0099
vn 0.9503 0.3113 0.0033
vn 0.9618 0.1615 0.2209
vn 0.9439 0.2078 0.2566
vn 0.9435 0.1795 0.2784
vn 0.9010 0.3460 0.2617
vn 0.9262 0.2546 0.2781
vn 0.8193 0.1641 0.5493
vn 0.8153 0.2213 0.5351
vn 0.8212 0.1726 0.5439
vn 0.6153 0.1445 0.7750
vn 0.6118 0.2153 0.7612
vn 0.4184 0.2314 0.8783
vn 0.6890 -0.2419 -0.6832
vn 0.7333 -0.1253 -0.6683
vn 0.7487 -0.1228 -0.6515
vn 0.9548 -0.1326 -0.2662
vn -0.0190 -0.9516 -0.3067
vn 0.9479 -0.1106 -0.2988
vn 0.9956 -0.0822 -0.0440
vn 0.7543 -0.1421 -0.6410
vn 0.4457 -0.1206 -0.8870
vn -0.0050 -0.9930 0.1183
vn 0.9958 -0.0751 -0.0519
vn 0.9334 -0.1374 -0.3315
vn 0.4627 -0.1334 -0.8764
vn 0.7440 -0.1634 -0.6478
vn 0.1205 -0.0850 -0.9891
vn 0.0864 -0.0870 -0.9925
vn 0.9893 -0.1342 -0.0576
vn 0.9190 -0.1670 -0.3572
vn 0.7309 -0.1509 -0.6655
vn 0.4773 -0.1194 -0.8706
vn 0.9043 -0.1728 -0.3904
vn 0.9316 -0.3128 0.1850
vn 0.9834 -0.1708 -0.0611
vn 0.9603 -0.1872 0.2066
vn 0.9786 -0.1888 -0.0821
vn 0.9594 -0.2019 0.1968
vn 0.8956 -0.1153 -0.4297
vn 0.7173 -0.0970 -0.6900
vn 0.9838 -0.1364 -0.1159
vn 0.9679 -0.1653 0.1892
vn 0.9845 -0.0861 -0.1526
vn 0.8816 -0.0668 -0.4672
vn 0.9697 0.0628 0.2359
vn 0.9968 0.0365 0.0707
vn 0.9764 -0.0950 -0.1941
vn 0.6993 -0.0590 -0.7124
vn 0.8502 -0.0447 -0.5245
vn 0.9958 -0.0439 0.0798
vn 0.9633 -0.1525 -0.2208
vn 0.4390 -0.0594 -0.8965
vn 0.6627 -0.0206 -0.7486
vn 0.7973 -0.0430 -0.6020
vn 0.9940 -0.0933 0.0578
vn 0.9664 -0.1409 -0.2149
vn 0.7391 0.0243 -0.6732
vn 0.5750 0.0277 -0.8177
vn 0.3997 -0.0144 -0.9166
vn 0.3577 0.0756 -0.9308
vn 0.9849 0.0499 0.1657
vn 0.9847 -0.0349 -0.1706
vn 0.2815 0.1656 -0.9452
vn 0.7380 0.0662 -0.6716
vn 0.0691 0.0984 -0.9927
vn 0.0626 0.0050 -0.9980
vn 0.9882 -0.0765 -0.1323
vn 0.7367 -0.0060 -0.6762
vn 0.3139 0.1678 -0.9345
vn -0.3330 0.2558 -0.9076
vn -0.1497 0.1305 -0.9801
vn 0.9779 -0.1009 0.1829
vn 0.9797 -0.1630 -0.1167
vn 0.7158 -0.1080 -0.6899
vn 0.3477 0.0433 -0.9366
vn -0.2673 0.2605 -0.9277
vn -0.6904 0.1532 -0.7070
vn -0.8083 0.2485 -0.5338
vn -0.1863 0.0258 -0.9821
vn -0.4409 0.1671 -0.8818
vn 0.9028 -0.2584 0.3437
vn 0.3209 -0.2701 0.9078
vn -0.2522 -0.2554 0.9333
vn 0.7895 -0.2551 0.5581
vn 0.7452 -0.3448 0.5709
vn -0.5391 -0.2181 0.8135
vn -0.8456 -0.2191 0.4867
vn -0.1731 -0.1548 0.9727
vn -0.1256 -0.1353 0.9828
vn 0.7417 -0.3425 0.5767
vn 0.6279 -0.2644 0.7320
vn -0.3456 -0.0869 0.9343
vn 0.4033 -0.1333 0.9053
vn -0.1907 -0.1877 0.9635
vn -0.5717 -0.2013 0.7954
vn -0.8482 -0.2025 0.4895
vn 0.7413 -0.1428 0.6558
vn -0.9607 -0.1866 0.2057
vn 0.3808 -0.1206 0.9168
vn 0.7463 -0.1289 0.6530
vn -0.8548 -0.2143 0.4726
vn -0.1703 -0.2278 0.9587
vn -0.5879 -0.2222 0.7778
vn -0.9598 -0.2013 0.1957
vn 0.7686 -0.1732 0.6158
vn -0.8543 -0.2169 0.4723
vn -0.5878 -0.2675 0.7635
vn -0.1453 -0.2833 0.9480
vn -0.9678 -0.1659 0.1894
vn 0.9390 -0.1643 0.3023
vn -0.5722 -0.2771 0.7719
vn -0.8318 -0.2119 0.5130
vn -0.1439 -0.2851 0.9476
vn 0.2993 -0.2661 0.9163
vn -0.9696 0.0561 0.2383
vn -0.1655 -0.2496 0.9541
vn -0.5568 -0.2845 0.7804
vn -0.7897 -0.2610 0.5553
vn 0.3137 -0.2392 0.9189
vn -0.8648 -0.1933 0.4635
vn -0.2144 -0.2605 0.9414
vn 0.3115 -0.1842 0.9322
vn -0.5617 -0.3326 0.7576
vn -0.7478 -0.3463 0.5665
vn 0.6280 -0.2260 0.7447
vn 0.6330 -0.1912 0.7502
vn -0.8098 -0.2820 0.5144
vn 0.2947 -0.1525 0.9434
vn -0.2453 -0.2719 0.9305
vn 0.6500 -0.1515 0.7447
vn -0.5879 -0.3316 0.7378
vn -0.7472 -0.3336 0.5748
vn 0.8467 -0.1575 0.5083
vn -0.8165 -0.5427 0.1970
vn 0.6788 -0.1180 0.7248
vn 0.2659 -0.1791 0.9472
vn 0.8614 -0.1237 0.4927
vn -0.3222 -0.2709 0.9071
vn 0.2524 -0.2580 0.9326
vn -0.6323 -0.2607 0.7295
vn -0.9282 -0.1123 0.3547
vn -0.7419 -0.1390 0.6559
vn 0.9734 -0.1324 0.1869
vn 0.8539 -0.0921 0.5121
vn 0.6870 -0.1282 0.7153
vn 0.6576 -0.1982 0.7269
vn 0.9795 -0.0694 0.1891
vn 0.3464 -0.0869 0.9340
vn -0.4029 -0.1333 0.9055
vn 0.8069 -0.0613 0.5875
vn 0.9687 0.0032 0.2484
vn -0.9302 0.0633 0.3614
vn -0.7458 -0.1292 0.6535
vn 0.7023 -0.0220 0.7116
vn 0.9852 -0.0795 -0.1516
vn 0.9919 -0.0011 -0.1269
vn -0.3803 -0.1206 0.9170
vn 0.9342 0.0603 0.3516
vn 0.9887 0.0961 -0.1150
vn -0.9105 -0.1321 0.3918
vn -0.7686 -0.1734 0.6158
vn 0.9213 -0.0349 -0.3874
vn 0.9214 0.0524 -0.3850
vn 0.9766 0.1849 -0.1095
vn 0.8908 0.0713 0.4488
vn 0.8876 0.1318 -0.4414
vn -0.9353 -0.0655 0.3477
vn 0.7873 -0.0142 -0.6164
vn 0.7688 0.0808 -0.6344
vn 0.8066 0.2488 -0.5361
vn 0.9782 0.1922 -0.0781
vn 0.6879 0.1555 -0.7089
vn 0.5287 -0.0237 -0.8485
vn 0.4418 0.1663 -0.8816
vn 0.4861 0.0549 -0.8722
vn 0.3321 0.2561 -0.9078
vn 0.1505 0.1299 -0.9800
vn 0.7784 0.2676 -0.5679
vn 0.2676 0.2602 -0.9277
vn 0.1883 0.0237 -0.9818
vn 0.2323 -0.0544 -0.9711
vn -0.0591 0.0029 -0.9982
vn -0.0673 0.0969 -0.9930
vn -0.0956 -0.0676 -0.9931
vn -0.3120 0.1693 -0.9349
vn -0.2805 0.1665 -0.9453
vn -0.3455 0.0424 -0.9375
vn 0.2518 0.1052 -0.9621
vn -0.3955 -0.0165 -0.9183
vn -0.3538 0.0714 -0.9326
vn -0.5728 0.0230 -0.8194
vn -0.4353 -0.0587 -0.8984
vn -0.7365 -0.0072 -0.6764
vn -0.7383 0.0687 -0.6709
vn -0.7407 0.0262 -0.6713
vn -0.6605 -0.0236 -0.7504
vn -0.7992 -0.0502 -0.5990
vn -0.7155 -0.1092 -0.6901
vn -0.3181 -0.0886 -0.9439
vn -0.9852 -0.0305 -0.1689
vn -0.9882 -0.0775 -0.1324
vn -0.9685 -0.1350 -0.2090
vn -0.6978 -0.0586 -0.7139
vn -0.8523 -0.0511 -0.5206
vn -0.9638 -0.1594 -0.2135
vn -0.9795 -0.1638 -0.1170
vn -0.6924 -0.1641 -0.7026
vn -0.8832 -0.0678 -0.4641
vn -0.9768 -0.1034 -0.1874
vn -0.9694 -0.1881 -0.1578
vn -0.9850 -0.0890 -0.1479
vn -0.9642 -0.1759 -0.1985
vn 0.9695 -0.1880 -0.1575
vn 0.6926 -0.1645 -0.7023
vn 0.3196 -0.0881 -0.9434
vn -0.2517 0.1055 -0.9620
vn -0.7802 0.2675 -0.5654
vn -0.7709 0.0810 -0.6318
vn -0.8889 0.1302 -0.4393
vn -0.4841 0.0571 -0.8731
vn -0.9767 0.1844 -0.1096
vn -0.9785 0.1914 -0.0772
vn -0.7931 0.1214 -0.5968
vn -0.2759 -0.0723 -0.9585
vn 0.6927 -0.1632 -0.7025
vn 0.2706 -0.1565 -0.9499
vn -0.2954 -0.1690 -0.9403
vn -0.9222 0.0514 -0.3832
vn -0.9886 0.0953 -0.1166
vn -0.7994 -0.0599 -0.5978
vn -0.9966 0.0676 -0.0467
vn -0.8923 0.0705 0.4459
vn -0.9359 0.0587 0.3474
vn 0.2165 -0.1492 -0.9648
vn -0.3411 -0.1633 -0.9257
vn -0.7695 -0.1551 -0.6196
vn -0.9971 -0.0718 -0.0256
vn -0.8877 0.0003 0.4604
vn -0.9916 -0.0022 -0.1296
vn -0.9700 0.0023 0.2430
vn -0.7005 -0.0249 0.7132
vn -0.7032 -0.0228 0.7106
vn -0.8076 -0.0630 0.5864
vn -0.8902 -0.0836 0.4478
vn -0.9917 -0.1233 -0.0372
vn -0.7602 -0.1651 -0.6284
vn -0.3785 -0.1096 -0.9191
vn -0.9802 -0.0695 0.1855
vn -0.8544 -0.0928 0.5112
vn -0.6528 -0.1969 0.7315
vn -0.6820 -0.1301 0.7196
vn -0.3298 -0.0646 0.9418
vn -0.7261 -0.0865 0.6821
vn -0.8954 -0.0955 0.4348
vn -0.9878 -0.1348 -0.0784
vn -0.7465 -0.1288 -0.6528
vn -0.2986 -0.1206 0.9467
vn -0.7208 -0.1086 0.6846
vn -0.9097 -0.0940 0.4045
vn -0.7030 -0.1002 0.7041
vn -0.9737 -0.1514 -0.1702
vn -0.2369 -0.1556 0.9590
vn 0.4023 -0.1583 0.9017
vn 0.4495 -0.1703 0.8769
vn -0.2047 -0.1401 0.9687
vn -0.9447 -0.1163 0.3066
vn -0.7144 -0.0827 0.6949
vn -0.1777 -0.1118 0.9777
vn 0.4770 -0.1400 0.8677
vn 0.7970 -0.1577 0.5831
vn -0.9678 -0.0644 0.2434
vn -0.7469 0.0040 0.6649
vn -0.1749 0.0499 0.9833
vn 0.4795 -0.1237 0.8688
vn 0.4945 0.0341 0.8685
vn 0.8052 -0.1236 0.5800
vn 0.9662 0.0918 0.2409
vn 0.8155 -0.1144 0.5674
vn 0.9398 0.0451 0.3387
vn -0.2488 0.4170 0.8742
vn -0.7943 0.2136 0.5688
vn 0.4980 0.3989 0.7700
vn 0.8409 0.2427 0.4837
vn 0.8394 0.0106 0.5435
vn 0.9330 0.2112 0.2915
vn 0.8928 0.3383 0.2975
vn 0.5191 0.2448 0.8189
vn 0.8964 0.1326 0.4230
vn 0.9249 0.2903 0.2456
vn -0.8639 0.1244 0.4881
vn -0.3482 0.2432 0.9053
vn -0.9752 0.1054 0.1947
vn 0.9735 -0.2132 0.0821
vn 0.9100 0.0650 0.4096
vn 0.5702 0.1080 0.8143
vn -0.3980 0.1054 0.9113
vn -0.8834 0.0575 0.4651
vn -0.9931 -0.0122 0.1166
vn -0.9886 0.0355 0.1462
vn -0.9799 -0.0823 -0.1820
vn -0.9726 0.0616 -0.2241
vn -0.9669 -0.0003 -0.2552
vn -0.7744 -0.0404 -0.6314
vn -0.7786 0.0483 -0.6257
vn -0.9648 -0.0451 -0.2590
vn -0.7959 0.0203 -0.6050
vn -0.3464 0.0567 -0.9364
vn -0.3564 -0.0222 -0.9341
vn -0.7963 -0.0017 -0.6049
vn -0.3413 0.0676 -0.9375
vn 0.3526 0.0684 -0.9333
vn 0.3033 -0.0543 -0.9514
vn 0.2496 -0.1279 -0.9599
vn -0.3401 0.0612 -0.9384
vn 0.3200 0.0635 -0.9453
vn 0.3499 0.0778 -0.9336
vn 0.7840 -0.0901 -0.6142
vn 0.7398 -0.1698 -0.6510
vn 0.8027 0.0746 -0.5917
vn 0.7966 0.0627 -0.6013
vn 0.7924 0.0275 -0.6093
vn 0.9527 -0.0999 -0.2871
vn 0.9492 -0.1909 -0.2502
vn 0.9641 -0.1763 -0.1987
vn 0.9534 0.0938 -0.2866
vn 0.9646 0.0338 -0.2614
vn 0.9706 -0.0080 -0.2407
vn 0.8324 -0.2071 0.5141
vn 0.8545 -0.2151 0.4729
vn 0.5704 -0.2747 0.7741
vn 0.8545 -0.2145 0.4732
vn 0.5878 -0.2661 0.7640
vn 0.1426 -0.2849 0.9479
vn 0.9603 -0.1872 0.2067
vn 0.5875 -0.2213 0.7784
vn 0.1452 -0.2829 0.9481
vn -0.2976 -0.2661 0.9169
vn 0.8472 -0.2033 0.4908
vn 0.5699 -0.2003 0.7969
vn 0.1704 -0.2262 0.9591
vn -0.6933 -0.1627 -0.7020
vn -0.9843 -0.1363 -0.1125
vn -0.9664 0.0924 0.2399
vn -0.9495 -0.1901 -0.2498
vn -0.7402 -0.1690 -0.6508
vn -0.9678 -0.1659 0.1895
vn -0.9789 -0.1882 -0.0794
vn -0.9033 -0.3856 0.1882
vn -0.9529 -0.0993 -0.2867
vn -0.7845 -0.0899 -0.6136
vn -0.2500 -0.1272 -0.9599
vn -0.3037 -0.0546 -0.9512
vn -0.9598 -0.2013 0.1956
vn -0.9837 -0.1700 -0.0593
vn -0.9904 -0.0481 0.1293
vn -0.8027 0.0745 -0.5917
vn -0.9534 0.0939 -0.2866
vn -0.3526 0.0681 -0.9333
vn 0.3562 -0.0229 -0.9341
vn -0.7966 0.0627 -0.6013
vn -0.9065 0.4132 0.0872
vn -0.9646 0.0338 -0.2614
vn -0.7924 0.0275 -0.6093
vn -0.3499 0.0778 -0.9336
vn 0.3464 0.0564 -0.9364
vn 0.3413 0.0676 -0.9375
vn -0.3200 0.0635 -0.9453
vn -0.9396 0.3346 0.0723
vn -0.9706 -0.0080 -0.2407
vn -0.9735 -0.2132 0.0821
vn 0.3401 0.0612 -0.9384
vn 0.7963 -0.0017 -0.6049
vn 0.7959 0.0203 -0.6050
vn 0.9648 -0.0451 -0.2590
vn 0.9669 -0.0003 -0.2552
vn 0.7788 0.0481 -0.6255
vn 0.9931 -0.0122 0.1166
vn 0.9886 0.0355 0.1462
vn 0.9726 0.0616 -0.2241
vn 0.8639 0.1244 0.4881
vn 0.9752 0.1054 0.1947
vn 0.8834 0.0575 0.4651
vn 0.9799 -0.0827 -0.1816
vn 0.7744 -0.0411 -0.6313
vn 0.9678 -0.0644 0.2435
vn 0.7943 0.2136 0.5688
vn 0.9737 -0.1520 -0.1698
vn 0.3482 0.2432 0.9053
vn 0.2488 0.4170 0.8742
vn 0.7469 0.0040 0.6649
vn 0.9445 -0.1165 0.3072
vn 0.3980 0.1054 0.9113
vn 0.7461 -0.1289 -0.6533
vn -0.5191 0.2448 0.8189
vn 0.9877 -0.1359 -0.0779
vn 0.9091 -0.0945 0.4057
vn 0.7144 -0.0827 0.6949
vn 0.1749 0.0499 0.9833
vn -0.4980 0.3989 0.7700
vn -0.5702 0.1080 0.8143
vn 0.7588 -0.1655 -0.6299
vn 0.3779 -0.1091 -0.9194
vn -0.9100 0.0650 0.4096
vn -0.8964 0.1326 0.4230
vn 0.8945 -0.0958 0.4367
vn 0.9916 -0.1241 -0.0369
vn 0.7030 -0.1003 0.7040
vn 0.1778 -0.1118 0.9777
vn -0.4945 0.0341 0.8685
vn -0.8410 0.2427 0.4835
vn 0.3403 -0.1627 -0.9261
vn 0.7677 -0.1553 -0.6217
vn -0.2168 -0.1484 -0.9649
vn 0.9971 -0.0719 -0.0259
vn 0.8891 -0.0838 0.4499
vn 0.2937 -0.1682 -0.9410
vn 0.7974 -0.0593 -0.6006
vn -0.2703 -0.1553 -0.9502
vn -0.8396 0.0107 0.5431
vn 0.2746 -0.0720 -0.9589
vn 0.9966 0.0679 -0.0477
vn 0.8864 0.0002 0.4630
vn 0.7910 0.1218 -0.5996
vn 0.6998 -0.0245 0.7139
vn 0.3300 -0.0640 0.9418
vn 0.7258 -0.0866 0.6824
vn 0.2986 -0.1206 0.9467
vn 0.7208 -0.1087 0.6846
vn 0.2369 -0.1556 0.9590
vn -0.4023 -0.1582 0.9017
vn -0.4495 -0.1703 0.8769
vn 0.2047 -0.1401 0.9687
vn -0.4770 -0.1400 0.8677
vn -0.7974 -0.1578 0.5825
vn -0.4795 -0.1237 0.8688
vn -0.8055 -0.1236 0.5795
vn -0.8158 -0.1145 0.5668
vn -0.7861 0.3850 -0.4836
vn -0.8061 0.2619 -0.5307
vn -0.8682 0.4295 -0.2484
vn -0.9100 0.3315 -0.2492
vn -0.9345 0.1795 -0.3073
vn -0.9159 0.4013 0.0112
vn -0.9395 0.3421 0.0189
vn -0.9732 0.2300 0.0048
vn -0.9873 0.1573 -0.0223
vn -0.8971 0.3609 0.2549
vn -0.9134 0.2885 0.2871
vn -0.9281 0.2270 0.2951
vn -0.9340 0.2205 0.2810
vn -0.9551 0.1824 0.2335
vn -0.7731 0.2974 0.5602
vn -0.7891 0.2168 0.5747
vn -0.8028 0.1990 0.5621
vn -0.7946 0.2542 0.5514
vn -0.8319 0.1937 0.5200
vn -0.5825 0.1505 0.7988
vn -0.5786 0.2603 0.7730
vn -0.5912 0.1874 0.7845
vn -0.6048 0.1845 0.7747
vn -0.5499 0.2215 0.8053
vn -0.3975 0.2360 0.8868
vn 0.8445 -0.2191 0.4886
vn -0.2580 -0.2364 0.9368
vn -0.6158 -0.2221 0.7559
vn 0.1903 -0.1850 0.9641
vn 0.5362 -0.2182 0.8154
vn -0.2076 -0.1789 0.9617
vn 0.1714 -0.1542 0.9731
vn -0.5885 -0.1636 0.7917
vn -0.1674 -0.1072 0.9800
vn -0.5430 -0.0850 0.8354
vn -0.9850 -0.0773 -0.1543
vn -0.9189 -0.0510 -0.3913
vn -0.9218 -0.0332 -0.3862
vn -0.8056 -0.0503 -0.5903
vn -0.7964 -0.0404 -0.6035
vn -0.7890 -0.0130 -0.6142
vn -0.6078 -0.0513 -0.7924
vn -0.5868 -0.0598 -0.8075
vn -0.5577 -0.0542 -0.8283
vn -0.5274 -0.0224 -0.8493
vn -0.2701 -0.0572 -0.9611
vn -0.2369 -0.0543 -0.9700
vn -0.2273 -0.0715 -0.9712
vn -0.2374 -0.0715 -0.9688
vn -0.2306 -0.0533 -0.9716
vn 0.1461 -0.0870 -0.9854
vn 0.1340 -0.0772 -0.9880
vn 0.0982 -0.0673 -0.9929
vn 0.4695 -0.0831 -0.8790
vn 0.6176 -0.2224 0.7544
vn 0.5913 -0.1647 0.7895
vn 0.2102 -0.1812 0.9607
vn 0.2600 -0.2377 0.9359
vn 0.1688 -0.1088 0.9796
vn 0.5467 -0.0863 0.8328
vn 0.1526 -0.0706 0.9858
vn 0.5089 -0.0264 0.8604
vn 0.1786 -0.0556 0.9823
vn -0.0652 -0.1384 0.9882
vn 0.0237 -0.1030 0.9944
vn -0.1017 -0.2159 0.9711
vn -0.0641 -0.4632 0.8839
vn -0.0011 -0.5839 0.8119
s 1
f 1/1/1 2/2/2 3/3/3
f 4/4/4 5/5/5 2/2/2
f 3/3/3 2/2/2 5/5/5
f 6/6/6 7/7/7 4/4/4
f 7/7/7 5/5/5 4/4/4
f 8/8/8 7/7/7 6/6/6
f 6/6/6 9/9/9 10/10/10
f 6/6/6 10/10/10 8/8/8
f 9/9/9 11/11/11 10/10/10
f 3/3/3 12/12/12 13/13/13
f 14/14/14 12/12/12 3/3/3
f 5/5/5 14/14/14 3/3/3
f 7/7/7 15/15/15 5/5/5
f 15/15/15 14/14/14 5/5/5
f 8/8/8 16/16/16 7/7/7
f 16/16/16 15/15/15 7/7/7
f 17/17/17 16/16/16 8/8/8
f 10/10/10 17/17/17 8/8/8
f 18/18/18 17/17/17 10/10/10
f 10/10/10 11/11/11 19/19/19
f 10/10/10 19/19/19 18/18/18
f 11/11/11 20/20/20 19/19/19
f 12/12/12 14/14/14 21/21/21
f 14/14/14 15/15/15 22/22/22
f 21/21/21 14/14/14 22/22/22
f 15/15/15 16/16/16 23/23/23
f 22/22/22 15/15/15 23/23/23
f 16/16/16 17/17/17 24/24/24
f 23/23/23 16/16/16 24/24/24
f 17/17/17 18/18/18 25/25/25
f 24/24/24 17/17/17 25/25/25
f 18/18/18 19/19/19 26/26/26
f 25/25/25 18/18/18 26/26/26
f 26/26/26 19/19/19 27/27/27
f 28/28/28 19/19/19 20/20/20
f 28/28/28 27/27/27 19/19/19
f 29/29/29 28/28/28 20/20/20
f 30/30/30 22/22/22 23/23/23
f 31/31/31 22/22/22 30/30/30
f 22/22/22 31/31/31 21/21/21
f 30/30/30 23/23/23 32/32/32
f 32/32/32 23/23/23 24/24/24
f 32/32/32 24/24/24 33/33/33
f 33/33/33 24/24/24 25/25/25
f 33/33/33 25/25/25 34/34/34
f 34/34/34 25/25/25 26/26/26
f 34/34/34 26/26/26 35/35/35
f 35/35/35 26/26/26 27/27/27
f 28/28/28 35/35/35 27/27/27
f 36/36/36 33/33/33 34/34/34
f 36/36/36 34/34/34 35/35/35
f 37/37/37 32/32/32 33/33/33
f 37/37/37 33/33/33 36/36/36
f 38/38/38 32/32/32 37/37/37
f 32/32/32 38/38/38 30/30/30
f 30/30/30 38/38/38 39/39/39
f 30/30/30 39/39/39 31/31/31
f 40/40/40 38/38/38 37/37/37
f 40/40/40 37/37/37 36/36/36
f 41/41/41 38/38/38 40/40/40
f 38/38/38 41/41/41 39/39/39
f 28/28/28 42/42/42 35/35/35
f 43/43/43 35/35/35 42/42/42
f 36/36/36 35/35/35 43/43/43
f 44/44/44 36/36/36 43/43/43
f 40/40/40 36/36/36 44/44/44
f 45/45/45 41/41/41 40/40/40
f 45/45/45 40/40/40 46/46/46
f 46/46/46 40/40/40 44/44/44
f 41/41/41 45/45/45 47/47/47
f 39/39/39 41/41/41 47/47/47
f 39/39/39 47/47/47 48/48/48
f 31/31/31 39/39/39 48/48/48
f 47/47/47 45/45/45 49/49/49
f 45/45/45 50/50/50 49/49/49
f 50/50/50 45/45/45 46/46/46
f 47/47/47 49/49/49 51/51/51
f 48/48/48 47/47/47 51/51/51
f 43/43/43 42/42/42 52/52/52
f 53/53/53 43/43/43 52/52/52
f 54/54/54 43/43/43 53/53/53
f 44/44/44 43/43/43 54/54/54
f 55/55/55 44/44/44 54/54/54
f 56/56/56 44/44/44 55/55/55
f 46/46/46 44/44/44 56/56/56
f 56/56/56 57/57/57 46/46/46
f 50/50/50 46/46/46 58/58/58
f 46/46/46 57/57/57 58/58/58
f 48/48/48 51/51/51 59/59/59
f 60/60/60 48/48/48 59/59/59
f 31/31/31 48/48/48 60/60/60
f 21/21/21 31/31/31 60/60/60
f 55/55/55 54/54/54 61/61/61
f 61/61/61 54/54/54 53/53/53
f 57/57/57 56/56/56 62/62/62
f 62/62/62 56/56/56 55/55/55
f 62/62/62 55/55/55 63/63/63
f 63/63/63 55/55/55 61/61/61
f 53/53/53 52/52/52 64/64/64
f 65/65/65 53/53/53 64/64/64
f 61/61/61 53/53/53 65/65/65
f 66/66/66 57/57/57 62/62/62
f 67/67/67 57/57/57 66/66/66
f 57/57/57 67/67/67 58/58/58
f 63/63/63 61/61/61 68/68/68
f 68/68/68 61/61/61 65/65/65
f 66/66/66 62/62/62 69/69/69
f 69/69/69 62/62/62 63/63/63
f 69/69/69 63/63/63 70/70/70
f 70/70/70 63/63/63 68/68/68
f 69/69/69 70/70/70 71/71/71
f 71/71/71 66/66/66 69/69/69
f 68/68/68 65/65/65 72/72/72
f 65/65/65 64/64/64 73/73/73
f 72/72/72 65/65/65 73/73/73
f 70/70/70 68/68/68 74/74/74
f 74/74/74 68/68/68 72/72/72
f 71/71/71 70/70/70 75/75/75
f 70/70/70 74/74/74 75/75/75
f 67/67/67 66/66/66 76/76/76
f 77/77/77 66/66/66 71/71/71
f 76/76/76 66/66/66 77/77/77
f 71/71/71 75/75/75 78/78/78
f 71/71/71 79/79/79 77/77/77
f 78/78/78 79/79/79 71/71/71
f 72/72/72 73/73/73 80/80/80
f 81/81/81 72/72/72 80/80/80
f 74/74/74 72/72/72 81/81/81
f 74/74/74 81/81/81 82/82/82
f 75/75/75 74/74/74 82/82/82
f 78/78/78 75/75/75 83/83/83
f 75/75/75 82/82/82 83/83/83
f 79/79/79 84/84/84 77/77/77
f 77/77/77 84/84/84 76/76/76
f 79/79/79 78/78/78 85/85/85
f 78/78/78 83/83/83 86/86/86
f 85/85/85 78/78/78 86/86/86
f 84/84/84 79/79/79 87/87/87
f 87/87/87 79/79/79 85/85/85
f 82/82/82 81/81/81 88/88/88
f 83/83/83 82/82/82 89/89/89
f 88/88/88 89/89/89 82/82/82
f 86/86/86 83/83/83 90/90/90
f 83/83/83 89/89/89 90/90/90
f 91/91/91 81/81/81 80/80/80
f 92/92/92 81/81/81 91/91/91
f 92/92/92 88/88/88 81/81/81
f 85/85/85 93/93/93 87/87/87
f 94/94/94 93/93/93 85/85/85
f 86/86/86 94/94/94 85/85/85
f 95/95/95 94/94/94 86/86/86
f 86/86/86 90/90/90 95/95/95
f 93/93/93 96/96/96 87/87/87
f 87/87/87 97/97/97 84/84/84
f 87/87/87 96/96/96 97/97/97
f 98/98/98 88/88/88 92/92/92
f 99/99/99 89/89/89 88/88/88
f 98/98/98 99/99/99 88/88/88
f 89/89/89 99/99/99 100/100/100
f 90/90/90 89/89/89 100/100/100
f 95/95/95 90/90/90 101/101/101
f 90/90/90 100/100/100 101/101/101
f 102/102/102 92/92/92 91/91/91
f 103/103/103 92/92/92 102/102/102
f 92/92/92 103/103/103 98/98/98
f 94/94/94 104/104/104 93/93/93
f 93/93/93 105/105/105 96/96/96
f 104/104/104 105/105/105 93/93/93
f 106/106/106 104/104/104 94/94/94
f 95/95/95 106/106/106 94/94/94
f 107/107/107 106/106/106 95/95/95
f 95/95/95 101/101/101 107/107/107
f 96/96/96 108/108/108 97/97/97
f 96/96/96 109/109/109 108/108/108
f 105/105/105 109/109/109 96/96/96
f 98/98/98 103/103/103 110/110/110
f 98/98/98 110/110/110 111/111/111
f 111/111/111 99/99/99 98/98/98
f 111/111/111 112/112/112 99/99/99
f 100/100/100 99/99/99 112/112/112
f 112/112/112 113/113/113 100/100/100
f 101/101/101 100/100/100 113/113/113
f 107/107/107 101/101/101 114/114/114
f 101/101/101 113/113/113 114/114/114
f 102/102/102 115/115/115 103/103/103
f 103/103/103 116/116/116 110/110/110
f 103/103/103 115/115/115 116/116/116
f 109/109/109 105/105/105 117/117/117
f 104/104/104 118/118/118 105/105/105
f 117/117/117 105/105/105 118/118/118
f 119/119/119 109/109/109 117/117/117
f 120/120/120 109/109/109 119/119/119
f 109/109/109 120/120/120 108/108/108
f 111/111/111 110/110/110 121/121/121
f 110/110/110 116/116/116 122/122/122
f 110/110/110 122/122/122 121/121/121
f 111/111/111 121/121/121 123/123/123
f 123/123/123 112/112/112 111/111/111
f 123/123/123 124/124/124 112/112/112
f 124/124/124 113/113/113 112/112/112
f 124/124/124 125/125/125 113/113/113
f 114/114/114 113/113/113 125/125/125
f 116/116/116 126/126/126 122/122/122
f 116/116/116 127/127/127 126/126/126
f 115/115/115 127/127/127 116/116/116
f 117/117/117 118/118/118 128/128/128
f 129/129/129 117/117/117 128/128/128
f 119/119/119 117/117/117 129/129/129
f 123/123/123 121/121/121 130/130/130
f 121/121/121 131/131/131 130/130/130
f 121/121/121 122/122/122 131/131/131
f 122/122/122 126/126/126 132/132/132
f 122/122/122 132/132/132 131/131/131
f 123/123/123 130/130/130 133/133/133
f 133/133/133 124/124/124 123/123/123
f 133/133/133 134/134/134 124/124/124
f 134/134/134 125/125/125 124/124/124
f 133/133/133 130/130/130 135/135/135
f 130/130/130 136/136/136 135/135/135
f 130/130/130 131/131/131 136/136/136
f 131/131/131 132/132/132 137/137/137
f 131/131/131 137/137/137 136/136/136
f 133/133/133 135/135/135 138/138/138
f 138/138/138 134/134/134 133/133/133
f 138/138/138 135/135/135 139/139/139
f 135/135/135 140/140/140 139/139/139
f 135/135/135 136/136/136 140/140/140
f 136/136/136 137/137/137 141/141/141
f 136/136/136 141/141/141 140/140/140
f 138/138/138 139/139/139 142/142/142
f 142/142/142 134/134/134 138/138/138
f 139/139/139 140/140/140 143/143/143
f 143/143/143 144/144/144 139/139/139
f 142/142/142 139/139/139 144/144/144
f 140/140/140 145/145/145 143/143/143
f 140/140/140 141/141/141 145/145/145
f 146/146/146 134/134/134 142/142/142
f 146/146/146 125/125/125 134/134/134
f 142/142/142 144/144/144 147/147/147
f 147/147/147 146/146/146 142/142/142
f 148/148/148 144/144/144 143/143/143
f 143/143/143 149/149/149 148/148/148
f 143/143/143 145/145/145 149/149/149
f 147/147/147 144/144/144 150/150/150
f 144/144/144 151/151/151 150/150/150
f 148/148/148 151/151/151 144/144/144
f 152/152/152 146/146/146 147/147/147
f 152/152/152 153/153/153 146/146/146
f 153/153/153 125/125/125 146/146/146
f 153/153/153 114/114/114 125/125/125
f 147/147/147 150/150/150 154/154/154
f 147/147/147 155/155/155 152/152/152
f 154/154/154 155/155/155 147/147/147
f 148/148/148 156/156/156 151/151/151
f 157/157/157 156/156/156 148/148/148
f 148/148/148 149/149/149 157/157/157
f 342/158/158 339/159/159 158/160/160
f 158/160/160 339/159/159 159/161/161
f 158/160/160 159/161/161 160/162/162
f 339/159/159 161/163/163 159/161/161
f 338/164/164 161/163/163 339/159/159
f 160/162/162 159/161/161 162/165/165
f 163/166/166 159/161/161 161/163/163
f 162/165/165 159/161/161 163/166/166
f 163/166/166 161/163/163 164/167/167
f 338/164/164 165/168/168 161/163/163
f 164/167/167 161/163/163 165/168/168
f 337/169/169 165/168/168 338/164/164
f 166/170/170 160/162/162 162/165/165
f 167/171/171 162/165/165 163/166/166
f 166/170/170 162/165/165 167/171/171
f 167/171/171 163/166/166 168/172/172
f 168/172/172 163/166/166 164/167/167
f 169/173/173 160/162/162 166/170/170
f 164/167/167 170/174/174 168/172/172
f 171/175/175 170/174/174 164/167/167
f 165/168/168 171/175/175 164/167/167
f 172/176/176 171/175/175 165/168/168
f 337/169/169 172/176/176 165/168/168
f 336/177/177 172/176/176 337/169/169
f 173/178/178 169/173/173 166/170/170
f 174/179/179 166/170/170 167/171/171
f 173/178/178 166/170/170 174/179/179
f 174/179/179 167/171/171 175/180/180
f 175/180/180 167/171/171 168/172/172
f 170/174/174 176/181/181 168/172/172
f 168/172/172 176/181/181 175/180/180
f 172/176/176 177/182/182 171/175/175
f 336/177/177 177/182/182 172/176/176
f 178/183/183 169/173/173 173/178/178
f 170/174/174 171/175/175 179/184/184
f 180/185/185 170/174/174 179/184/184
f 176/181/181 170/174/174 180/185/185
f 171/175/175 177/182/182 181/186/186
f 179/184/184 171/175/175 181/186/186
f 182/187/187 177/182/182 336/177/177
f 183/188/188 174/179/179 175/180/180
f 184/189/189 174/179/179 183/188/188
f 184/189/189 173/178/178 174/179/179
f 176/181/181 185/190/190 175/180/180
f 175/180/180 185/190/190 183/188/188
f 185/190/190 176/181/181 186/191/191
f 186/191/191 176/181/181 180/185/185
f 177/182/182 187/192/192 181/186/186
f 177/182/182 330/193/193 187/192/192
f 182/187/187 330/193/193 177/182/182
f 179/184/184 181/186/186 188/194/194
f 179/184/184 189/195/195 180/185/185
f 188/194/194 189/195/195 179/184/184
f 189/195/195 190/196/196 180/185/185
f 180/185/185 190/196/196 186/191/191
f 188/194/194 181/186/186 191/197/197
f 181/186/186 187/192/192 191/197/197
f 185/190/190 192/198/198 183/188/188
f 193/199/199 184/189/189 183/188/188
f 183/188/188 192/198/198 193/199/199
f 192/198/198 185/190/190 194/200/200
f 194/200/200 185/190/190 186/191/191
f 190/196/196 195/201/201 186/191/191
f 186/191/191 195/201/201 194/200/200
f 187/192/192 196/202/202 191/197/197
f 187/192/192 197/203/203 196/202/202
f 330/193/193 197/203/203 187/192/192
f 191/197/197 198/204/204 188/194/194
f 188/194/194 199/205/205 189/195/195
f 198/204/204 199/205/205 188/194/194
f 199/205/205 200/206/206 189/195/195
f 189/195/195 200/206/206 190/196/196
f 200/206/206 201/207/207 190/196/196
f 190/196/196 201/207/207 195/201/201
f 202/208/208 198/204/204 191/197/197
f 191/197/197 196/202/202 202/208/208
f 192/198/198 203/209/209 193/199/199
f 204/210/210 192/198/198 194/200/200
f 203/209/209 192/198/198 204/210/210
f 195/201/201 205/211/211 194/200/200
f 194/200/200 205/211/211 204/210/210
f 201/207/207 206/212/212 195/201/201
f 195/201/201 206/212/212 205/211/211
f 196/202/202 207/213/213 202/208/208
f 208/214/214 207/213/213 196/202/202
f 197/203/203 208/214/214 196/202/202
f 202/208/208 207/213/213 198/204/204
f 198/204/204 209/215/215 199/205/205
f 210/216/216 209/215/215 198/204/204
f 198/204/204 207/213/213 210/216/216
f 209/215/215 211/217/217 199/205/205
f 199/205/205 211/217/217 200/206/206
f 211/217/217 212/218/218 200/206/206
f 200/206/206 212/218/218 201/207/207
f 212/218/218 213/219/219 201/207/207
f 201/207/207 213/219/219 206/212/212
f 205/211/211 214/220/220 204/210/210
f 215/221/221 203/209/209 204/210/210
f 204/210/210 214/220/220 215/221/221
f 206/212/212 216/222/222 205/211/211
f 205/211/211 216/222/222 214/220/220
f 213/219/219 217/223/223 206/212/212
f 206/212/212 217/223/223 216/222/222
f 208/214/214 218/224/224 207/213/213
f 207/213/213 219/225/225 210/216/216
f 207/213/213 218/224/224 219/225/225
f 210/216/216 219/225/225 220/226/226
f 210/216/216 220/226/226 209/215/215
f 209/215/215 220/226/226 221/227/227
f 209/215/215 222/228/228 211/217/217
f 221/227/227 222/228/228 209/215/215
f 222/228/228 223/229/229 211/217/217
f 211/217/217 223/229/229 212/218/218
f 223/229/229 224/230/230 212/218/218
f 212/218/218 224/230/230 213/219/219
f 224/230/230 225/231/231 213/219/219
f 213/219/219 225/231/231 217/223/223
f 215/221/221 214/220/220 226/232/232
f 214/220/220 216/222/222 227/233/233
f 226/232/232 214/220/220 227/233/233
f 216/222/222 217/223/223 228/234/234
f 227/233/233 216/222/222 228/234/234
f 228/234/234 217/223/223 229/235/235
f 217/223/223 225/231/231 229/235/235
f 230/236/236 220/226/226 219/225/225
f 231/237/237 219/225/225 218/224/224
f 230/236/236 219/225/225 231/237/237
f 220/226/226 232/238/238 221/227/227
f 233/239/239 232/238/238 220/226/226
f 233/239/239 220/226/226 230/236/236
f 232/238/238 234/240/240 221/227/227
f 221/227/227 234/240/240 222/228/228
f 234/240/240 235/241/241 222/228/228
f 222/228/228 235/241/241 223/229/229
f 235/241/241 236/242/242 223/229/229
f 223/229/229 236/242/242 224/230/230
f 236/242/242 237/243/243 224/230/230
f 224/230/230 237/243/243 225/231/231
f 225/231/231 237/243/243 238/244/244
f 229/235/235 225/231/231 238/244/244
f 227/233/233 239/245/245 226/232/232
f 240/246/246 239/245/245 227/233/233
f 228/234/234 240/246/246 227/233/233
f 228/234/234 229/235/235 241/247/247
f 241/247/247 240/246/246 228/234/234
f 241/247/247 229/235/235 242/248/248
f 229/235/235 238/244/244 242/248/248
f 232/238/238 243/249/249 234/240/240
f 244/250/250 243/249/249 232/238/238
f 233/239/239 244/250/250 232/238/238
f 243/249/249 245/251/251 234/240/240
f 234/240/240 245/251/251 235/241/241
f 245/251/251 246/252/252 235/241/241
f 235/241/241 246/252/252 236/242/242
f 246/252/252 247/253/253 236/242/242
f 236/242/242 247/253/253 237/243/243
f 247/253/253 248/254/254 237/243/243
f 238/244/244 237/243/243 249/255/255
f 237/243/243 248/254/254 249/255/255
f 249/255/255 250/256/256 238/244/244
f 242/248/248 238/244/244 250/256/256
f 240/246/246 9/9/9 239/245/245
f 251/257/257 9/9/9 240/246/246
f 241/247/247 251/257/257 240/246/246
f 241/247/247 242/248/248 252/258/258
f 252/258/258 251/257/257 241/247/247
f 252/258/258 242/248/248 253/259/259
f 242/248/248 250/256/256 253/259/259
f 243/249/249 254/260/260 245/251/251
f 255/261/261 254/260/260 243/249/249
f 244/250/250 255/261/261 243/249/249
f 254/260/260 256/262/262 245/251/251
f 245/251/251 256/262/262 246/252/252
f 256/262/262 257/263/263 246/252/252
f 246/252/252 257/263/263 247/253/253
f 257/263/263 258/264/264 247/253/253
f 247/253/253 258/264/264 248/254/254
f 251/257/257 252/258/258 11/11/11
f 9/9/9 251/257/257 11/11/11
f 252/258/258 253/259/259 259/265/265
f 11/11/11 252/258/258 259/265/265
f 260/266/266 250/256/256 249/255/255
f 253/259/259 250/256/256 261/267/267
f 260/266/266 261/267/267 250/256/256
f 259/265/265 253/259/259 262/268/268
f 253/259/259 261/267/267 262/268/268
f 256/262/262 254/260/260 263/269/269
f 254/260/260 255/261/261 264/270/270
f 263/269/269 254/260/260 264/270/270
f 257/263/263 256/262/262 265/271/271
f 265/271/271 256/262/262 263/269/269
f 258/264/264 257/263/263 266/272/272
f 266/272/272 257/263/263 265/271/271
f 259/265/265 262/268/268 20/20/20
f 11/11/11 259/265/265 20/20/20
f 267/273/273 261/267/267 260/266/266
f 261/267/267 267/273/273 268/274/274
f 262/268/268 261/267/267 268/274/274
f 20/20/20 262/268/268 269/275/275
f 262/268/268 268/274/274 269/275/275
f 265/271/271 263/269/269 270/276/276
f 263/269/269 264/270/270 271/277/277
f 270/276/276 263/269/269 271/277/277
f 266/272/272 265/271/271 272/278/278
f 272/278/278 265/271/271 270/276/276
f 268/274/274 267/273/273 273/279/279
f 269/275/275 268/274/274 274/280/280
f 273/279/279 274/280/280 268/274/274
f 269/275/275 29/29/29 20/20/20
f 269/275/275 274/280/280 275/281/281
f 275/281/281 29/29/29 269/275/275
f 270/276/276 271/277/277 276/282/282
f 277/283/283 270/276/276 276/282/282
f 272/278/278 270/276/276 277/283/283
f 278/284/284 266/272/272 272/278/278
f 279/285/285 272/278/278 277/283/283
f 278/284/284 272/278/278 279/285/285
f 280/286/286 274/280/280 273/279/279
f 274/280/280 280/286/286 281/287/287
f 275/281/281 274/280/280 281/287/287
f 29/29/29 275/281/281 282/288/288
f 275/281/281 283/289/289 282/288/288
f 275/281/281 281/287/287 283/289/289
f 277/283/283 276/282/282 284/290/290
f 285/291/291 277/283/283 284/290/290
f 279/285/285 277/283/283 285/291/291
f 286/292/292 278/284/284 279/285/285
f 287/293/293 279/285/285 285/291/291
f 286/292/292 279/285/285 287/293/293
f 285/291/291 284/290/290 288/294/294
f 289/295/295 285/291/291 288/294/294
f 287/293/293 285/291/291 289/295/295
f 281/287/287 280/286/286 290/296/296
f 281/287/287 290/296/296 291/297/297
f 283/289/289 281/287/287 292/298/298
f 292/298/298 281/287/287 291/297/297
f 292/298/298 293/299/299 283/289/289
f 294/300/300 283/289/289 293/299/299
f 294/300/300 282/288/288 283/289/289
f 295/301/301 287/293/293 289/295/295
f 296/302/302 287/293/293 295/301/301
f 296/302/302 286/292/292 287/293/293
f 289/295/295 288/294/294 297/303/303
f 298/304/304 289/295/295 297/303/303
f 295/301/301 289/295/295 298/304/304
f 291/297/297 290/296/296 392/305/305
f 299/306/306 293/299/299 292/298/298
f 296/302/302 295/301/301 300/307/307
f 295/301/301 298/304/304 301/308/308
f 300/307/307 295/301/301 301/308/308
f 293/299/299 299/306/306 302/309/309
f 303/310/310 294/300/300 293/299/299
f 304/311/311 293/299/299 302/309/309
f 303/310/310 293/299/299 304/311/311
f 302/309/309 299/306/306 305/312/312
f 301/308/308 298/304/304 306/313/313
f 154/154/154 150/150/150 307/314/314
f 150/150/150 308/315/315 307/314/314
f 151/151/151 308/315/315 150/150/150
f 156/156/156 309/316/316 151/151/151
f 151/151/151 309/316/316 308/315/315
f 310/317/317 153/153/153 152/152/152
f 152/152/152 311/318/318 310/317/317
f 155/155/155 311/318/318 152/152/152
f 310/317/317 312/319/319 153/153/153
f 312/319/319 114/114/114 153/153/153
f 312/319/319 107/107/107 114/114/114
f 154/154/154 307/314/314 313/320/320
f 154/154/154 314/321/321 155/155/155
f 313/320/320 314/321/321 154/154/154
f 314/321/321 315/322/322 155/155/155
f 155/155/155 315/322/322 311/318/318
f 313/320/320 307/314/314 316/323/323
f 307/314/314 317/324/324 316/323/323
f 308/315/315 317/324/324 307/314/314
f 309/316/316 318/325/325 308/315/315
f 308/315/315 318/325/325 317/324/324
f 319/326/326 312/319/319 310/317/317
f 310/317/317 320/327/327 319/326/326
f 311/318/318 320/327/327 310/317/317
f 315/322/322 376/328/328 311/318/318
f 311/318/318 376/328/328 320/327/327
f 321/329/329 107/107/107 312/319/319
f 312/319/319 322/330/330 321/329/329
f 319/326/326 322/330/330 312/319/319
f 313/320/320 316/323/323 323/331/331
f 324/332/332 313/320/320 323/331/331
f 314/321/321 313/320/320 324/332/332
f 315/322/322 314/321/321 325/333/333
f 325/333/333 314/321/321 324/332/332
f 376/328/328 315/322/322 326/334/334
f 326/334/334 315/322/322 325/333/333
f 327/335/335 319/326/326 320/327/327
f 327/335/335 320/327/327 376/328/328
f 322/330/330 319/326/326 197/336/203
f 197/336/203 319/326/326 327/335/335
f 324/332/332 299/337/306 325/333/333
f 305/338/312 299/337/306 324/332/332
f 323/331/331 305/338/312 324/332/332
f 326/334/334 325/333/333 292/339/298
f 292/339/298 325/333/333 299/337/306
f 328/340/336 305/338/312 323/331/331
f 322/330/330 329/341/337 321/329/329
f 329/341/337 107/107/107 321/329/329
f 330/342/193 322/330/330 197/336/203
f 106/106/106 107/107/107 329/341/337
f 329/341/337 331/343/338 106/106/106
f 106/106/106 331/343/338 104/104/104
f 329/341/337 332/344/339 331/343/338
f 332/344/339 329/341/337 322/330/330
f 332/344/339 322/330/330 330/342/193
f 331/343/338 332/344/339 333/345/340
f 330/342/193 333/345/340 332/344/339
f 331/343/338 333/345/340 118/118/118
f 331/343/338 118/118/118 104/104/104
f 334/346/187 333/345/340 330/342/193
f 118/118/118 333/345/340 335/347/341
f 336/348/177 333/345/340 334/346/187
f 335/347/341 333/345/340 336/348/177
f 128/128/128 118/118/118 335/347/341
f 128/128/128 335/347/341 337/349/169
f 337/349/169 335/347/341 336/348/177
f 338/350/164 128/128/128 337/349/169
f 129/129/129 128/128/128 338/350/164
f 339/351/159 129/129/129 338/350/164
f 340/352/342 129/129/129 339/351/159
f 340/352/342 119/119/119 129/129/129
f 340/352/342 339/351/159 341/353/343
f 341/353/343 339/351/159 342/354/158
f 343/355/344 340/352/342 341/353/343
f 344/356/345 340/352/342 343/355/344
f 344/356/345 119/119/119 340/352/342
f 345/357/346 344/356/345 343/355/344
f 346/358/347 344/356/345 345/357/346
f 346/358/347 119/119/119 344/356/345
f 120/120/120 119/119/119 346/358/347
f 346/358/347 345/357/346 347/359/348
f 348/360/349 346/358/347 347/359/348
f 120/120/120 346/358/347 348/360/349
f 347/359/348 345/357/346 349/361/350
f 108/108/108 120/120/120 348/360/349
f 347/359/348 349/361/350 350/362/351
f 351/363/352 347/359/348 350/362/351
f 348/360/349 347/359/348 351/363/352
f 108/108/108 348/360/349 352/364/353
f 352/364/353 348/360/349 351/363/352
f 350/362/351 349/361/350 353/365/354
f 97/97/97 108/108/108 352/364/353
f 350/362/351 353/365/354 354/366/355
f 355/367/356 350/362/351 354/366/355
f 351/363/352 350/362/351 355/367/356
f 352/364/353 351/363/352 356/368/357
f 356/368/357 351/363/352 355/367/356
f 97/97/97 352/364/353 357/369/358
f 357/369/358 352/364/353 356/368/357
f 354/366/355 353/365/354 358/370/359
f 84/84/84 97/97/97 357/369/358
f 355/367/356 359/371/360 356/368/357
f 360/372/361 359/371/360 355/367/356
f 354/366/355 360/372/361 355/367/356
f 357/369/358 356/368/357 361/373/362
f 361/373/362 356/368/357 359/371/360
f 361/373/362 76/76/76 357/369/358
f 357/369/358 76/76/76 84/84/84
f 362/374/363 354/366/355 358/370/359
f 363/375/364 354/366/355 362/374/363
f 363/375/364 360/372/361 354/366/355
f 359/371/360 364/376/365 361/373/362
f 365/377/366 364/376/365 359/371/360
f 359/371/360 360/372/361 365/377/366
f 365/377/366 360/372/361 366/378/367
f 360/372/361 363/375/364 366/378/367
f 364/376/365 67/67/67 361/373/362
f 361/373/362 67/67/67 76/76/76
f 367/379/368 363/375/364 362/374/363
f 368/380/369 363/375/364 367/379/368
f 366/378/367 363/375/364 368/380/369
f 369/381/370 365/377/366 366/378/367
f 366/378/367 368/380/369 369/381/370
f 365/377/366 50/50/50 364/376/365
f 50/50/50 365/377/366 369/381/370
f 364/376/365 50/50/50 58/58/58
f 58/58/58 67/67/67 364/376/365
f 370/382/371 368/380/369 367/379/368
f 371/383/372 368/380/369 370/382/371
f 369/381/370 368/380/369 371/383/372
f 49/49/49 50/50/50 369/381/370
f 372/384/373 369/381/370 371/383/372
f 49/49/49 369/381/370 372/384/373
f 372/384/373 371/383/372 373/385/374
f 373/385/374 371/383/372 370/382/371
f 51/51/51 49/49/49 372/384/373
f 51/51/51 372/384/373 374/386/375
f 374/386/375 372/384/373 373/385/374
f 59/59/59 51/51/51 374/386/375
f 327/387/335 208/214/214 197/203/203
f 327/387/335 375/388/376 208/214/214
f 327/387/335 376/389/328 375/388/376
f 375/388/376 218/224/224 208/214/214
f 375/388/376 376/389/328 377/390/377
f 377/390/377 218/224/224 375/388/376
f 377/390/377 231/237/237 218/224/224
f 378/391/378 231/237/237 377/390/377
f 377/390/377 376/389/328 379/392/379
f 377/390/377 379/392/379 378/391/378
f 376/389/328 380/393/380 379/392/379
f 378/391/378 379/392/379 381/394/381
f 382/395/382 381/394/381 379/392/379
f 379/392/379 380/393/380 382/395/382
f 378/391/378 381/394/381 383/396/383
f 384/397/384 378/391/378 383/396/383
f 231/237/237 378/391/378 384/397/384
f 384/397/384 230/236/236 231/237/237
f 380/393/380 292/398/385 382/395/382
f 385/399/386 381/394/381 382/395/382
f 381/394/381 385/399/386 386/400/387
f 383/396/383 381/394/381 386/400/387
f 387/401/297 385/399/386 382/395/382
f 382/395/382 292/398/385 387/401/297
f 383/396/383 388/402/388 384/397/384
f 389/403/389 388/402/388 383/396/383
f 386/400/387 389/403/389 383/396/383
f 388/402/388 390/404/390 384/397/384
f 391/405/391 230/236/236 384/397/384
f 384/397/384 390/404/390 391/405/391
f 392/406/305 385/399/386 387/401/297
f 386/400/387 385/399/386 393/407/392
f 392/406/305 393/407/392 385/399/386
f 393/407/392 394/408/393 386/400/387
f 394/408/393 389/403/389 386/400/387
f 395/409/394 388/402/388 389/403/389
f 396/410/395 388/402/388 395/409/394
f 388/402/388 396/410/395 390/404/390
f 394/408/393 397/411/396 389/403/389
f 389/403/389 397/411/396 395/409/394
f 398/412/397 393/407/392 392/406/305
f 399/413/398 394/408/393 393/407/392
f 393/407/392 400/414/399 399/413/398
f 398/412/397 400/414/399 393/407/392
f 399/413/398 401/415/400 394/408/393
f 394/408/393 401/415/400 397/411/396
f 400/414/399 402/416/401 399/413/398
f 399/413/398 402/416/401 401/415/400
f 397/411/396 403/417/402 395/409/394
f 395/409/394 404/418/403 396/410/395
f 395/409/394 403/417/402 404/418/403
f 401/415/400 405/419/404 397/411/396
f 397/411/396 405/419/404 403/417/402
f 402/416/401 406/420/405 401/415/400
f 401/415/400 406/420/405 405/419/404
f 405/419/404 407/421/406 403/417/402
f 403/417/402 408/422/407 404/418/403
f 403/417/402 407/421/406 408/422/407
f 406/420/405 693/423/408 405/419/404
f 405/419/404 693/423/408 407/421/406
f 693/423/408 454/424/409 407/421/406
f 407/421/406 409/425/410 408/422/407
f 407/421/406 454/424/409 409/425/410
f 404/418/403 408/422/407 410/426/411
f 408/422/407 411/427/412 410/426/411
f 408/422/407 409/425/410 411/427/412
f 454/424/409 412/428/413 409/425/410
f 409/425/410 412/428/413 413/429/414
f 409/425/410 413/429/414 411/427/412
f 414/430/415 404/418/403 410/426/411
f 410/426/411 415/431/416 414/430/415
f 410/426/411 411/427/412 415/431/416
f 411/427/412 413/429/414 416/432/417
f 416/432/417 415/431/416 411/427/412
f 412/428/413 417/433/418 413/429/414
f 413/429/414 417/433/418 418/434/419
f 413/429/414 418/434/419 416/432/417
f 416/432/417 418/434/419 419/435/420
f 416/432/417 419/435/420 420/436/421
f 420/436/421 415/431/416 416/432/417
f 414/430/415 415/431/416 421/437/422
f 422/438/423 415/431/416 420/436/421
f 421/437/422 415/431/416 422/438/423
f 417/433/418 423/439/424 418/434/419
f 418/434/419 424/440/425 419/435/420
f 418/434/419 423/439/424 424/440/425
f 420/436/421 419/435/420 425/441/426
f 426/442/427 425/441/426 419/435/420
f 419/435/420 424/440/425 426/442/427
f 425/441/426 427/443/428 420/436/421
f 420/436/421 427/443/428 422/438/423
f 421/437/422 422/438/423 428/444/429
f 428/444/429 422/438/423 427/443/428
f 424/440/425 423/439/424 429/445/430
f 424/440/425 430/446/431 426/442/427
f 429/445/430 430/446/431 424/440/425
f 430/446/431 431/447/432 426/442/427
f 431/447/432 425/441/426 426/442/427
f 425/441/426 431/447/432 432/448/433
f 425/441/426 432/448/433 427/443/428
f 433/449/434 428/444/429 427/443/428
f 427/443/428 432/448/433 433/449/434
f 429/445/430 423/439/424 463/450/435
f 429/445/430 463/450/435 434/451/436
f 429/445/430 435/452/437 430/446/431
f 434/451/436 435/452/437 429/445/430
f 436/453/438 431/447/432 430/446/431
f 435/452/437 436/453/438 430/446/431
f 432/448/433 431/447/432 437/454/439
f 431/447/432 436/453/438 437/454/439
f 432/448/433 438/455/440 433/449/434
f 432/448/433 439/456/441 438/455/440
f 432/448/433 437/454/439 439/456/441
f 440/457/442 428/444/429 433/449/434
f 433/449/434 438/455/440 441/458/443
f 441/458/443 440/457/442 433/449/434
f 434/451/436 463/450/435 468/459/444
f 298/304/304 442/460/445 306/313/313
f 298/304/304 443/461/446 442/460/445
f 297/303/303 443/461/446 298/304/304
f 300/307/307 301/308/308 444/462/447
f 301/308/308 306/313/313 445/463/448
f 444/462/447 301/308/308 445/463/448
f 304/311/311 302/309/309 446/464/449
f 305/312/312 447/465/450 302/309/309
f 446/464/449 302/309/309 447/465/450
f 448/466/451 304/311/311 446/464/449
f 449/467/452 304/311/311 448/466/451
f 449/467/452 303/310/310 304/311/311
f 328/468/336 447/465/450 305/312/312
f 445/463/448 306/313/313 450/469/453
f 306/313/313 442/460/445 451/470/454
f 306/313/313 451/470/454 450/469/453
f 443/461/446 452/471/455 442/460/445
f 453/472/456 451/470/454 442/460/445
f 442/460/445 452/471/455 453/472/456
f 445/463/448 450/469/453 412/473/413
f 454/474/409 445/463/448 412/473/413
f 444/462/447 445/463/448 454/474/409
f 448/466/451 446/464/449 455/475/457
f 446/464/449 447/465/450 456/476/458
f 455/475/457 446/464/449 456/476/458
f 447/465/450 328/468/336 457/477/459
f 456/476/458 447/465/450 457/477/459
f 458/478/460 451/470/454 453/472/456
f 450/469/453 451/470/454 458/478/460
f 457/477/459 328/468/336 459/479/461
f 412/473/413 450/469/453 417/480/418
f 450/469/453 423/481/424 417/480/418
f 458/478/460 423/481/424 450/469/453
f 453/472/456 452/471/455 460/482/462
f 461/483/463 453/472/456 460/482/462
f 458/478/460 453/472/456 461/483/463
f 459/479/461 462/484/464 457/477/459
f 462/484/464 456/476/458 457/477/459
f 461/483/463 463/485/435 458/478/460
f 458/478/460 463/485/435 423/481/424
f 456/476/458 464/486/465 455/475/457
f 465/487/466 464/486/465 456/476/458
f 465/487/466 456/476/458 462/484/464
f 466/488/467 462/484/464 459/479/461
f 461/483/463 460/482/462 467/489/468
f 461/483/463 468/490/444 463/485/435
f 467/489/468 468/490/444 461/483/463
f 466/488/467 469/491/469 462/484/464
f 462/484/464 470/492/470 465/487/466
f 469/491/469 470/492/470 462/484/464
f 470/492/470 471/493/471 465/487/466
f 465/487/466 471/493/471 464/486/465
f 472/494/472 469/491/469 466/488/467
f 467/489/468 473/495/473 468/490/444
f 469/491/469 474/496/474 470/492/470
f 475/497/475 474/496/474 469/491/469
f 472/494/472 475/497/475 469/491/469
f 474/496/474 476/498/476 470/492/470
f 470/492/470 476/498/476 471/493/471
f 471/493/471 477/499/477 464/486/465
f 471/493/471 476/498/476 477/499/477
f 478/500/478 475/497/475 472/494/472
f 474/496/474 479/501/479 476/498/476
f 480/502/480 479/501/479 474/496/474
f 475/497/475 480/502/480 474/496/474
f 478/500/478 481/503/481 475/497/475
f 481/503/481 480/502/480 475/497/475
f 477/499/477 476/498/476 482/504/482
f 476/498/476 479/501/479 482/504/482
f 574/505/483 481/503/481 478/500/478
f 480/502/480 483/506/484 479/501/479
f 479/501/479 483/506/484 484/507/485
f 482/504/482 479/501/479 484/507/485
f 485/508/486 483/506/484 480/502/480
f 481/503/481 485/508/486 480/502/480
f 486/509/487 485/508/486 481/503/481
f 574/505/483 486/509/487 481/503/481
f 477/499/477 482/504/482 487/510/488
f 482/504/482 484/507/485 488/511/489
f 487/510/488 482/504/482 488/511/489
f 489/512/490 486/509/487 574/505/483
f 484/507/485 483/506/484 490/513/491
f 485/508/486 491/514/492 483/506/484
f 483/506/484 491/514/492 490/513/491
f 484/507/485 490/513/491 492/515/493
f 488/511/489 484/507/485 492/515/493
f 493/516/494 491/514/492 485/508/486
f 486/509/487 493/516/494 485/508/486
f 489/512/490 494/517/495 486/509/487
f 494/517/495 493/516/494 486/509/487
f 487/510/488 488/511/489 127/127/127
f 488/511/489 492/515/493 495/518/496
f 127/127/127 488/511/489 495/518/496
f 496/519/497 494/517/495 489/512/490
f 492/515/493 490/513/491 497/520/498
f 490/513/491 491/514/492 498/521/499
f 490/513/491 498/521/499 497/520/498
f 492/515/493 497/520/498 499/522/500
f 495/518/496 492/515/493 499/522/500
f 491/514/492 493/516/494 500/523/501
f 501/524/502 491/514/492 500/523/501
f 498/521/499 491/514/492 501/524/502
f 493/516/494 494/517/495 502/525/503
f 500/523/501 493/516/494 502/525/503
f 496/519/497 503/526/504 494/517/495
f 502/525/503 494/517/495 504/527/505
f 494/517/495 503/526/504 504/527/505
f 127/127/127 495/518/496 126/126/126
f 495/518/496 499/522/500 505/528/506
f 126/126/126 495/518/496 505/528/506
f 499/522/500 497/520/498 506/529/507
f 507/530/508 506/529/507 497/520/498
f 497/520/498 498/521/499 507/530/508
f 507/530/508 498/521/499 508/531/509
f 508/531/509 498/521/499 501/524/502
f 499/522/500 506/529/507 509/532/510
f 505/528/506 499/522/500 509/532/510
f 500/523/501 510/533/511 501/524/502
f 510/533/511 508/531/509 501/524/502
f 511/534/512 510/533/511 500/523/501
f 500/523/501 502/525/503 511/534/512
f 511/534/512 502/525/503 504/527/505
f 512/535/513 506/529/507 507/530/508
f 508/531/509 512/535/513 507/530/508
f 509/532/510 506/529/507 513/536/514
f 506/529/507 512/535/513 513/536/514
f 568/537/515 504/527/505 503/526/504
f 514/538/516 511/534/512 504/527/505
f 514/538/516 504/527/505 568/537/515
f 515/539/517 508/531/509 510/533/511
f 515/539/517 512/535/513 508/531/509
f 126/126/126 505/528/506 132/132/132
f 505/528/506 509/532/510 516/540/518
f 132/132/132 505/528/506 516/540/518
f 509/532/510 513/536/514 517/541/519
f 516/540/518 509/532/510 517/541/519
f 518/542/520 510/533/511 511/534/512
f 518/542/520 511/534/512 514/538/516
f 513/536/514 512/535/513 519/543/521
f 512/535/513 515/539/517 519/543/521
f 517/541/519 513/536/514 520/544/522
f 513/536/514 519/543/521 520/544/522
f 571/545/523 514/538/516 568/537/515
f 521/546/524 518/542/520 514/538/516
f 521/546/524 514/538/516 571/545/523
f 132/132/132 516/540/518 137/137/137
f 516/540/518 517/541/519 522/547/525
f 137/137/137 516/540/518 522/547/525
f 517/541/519 520/544/522 523/548/526
f 522/547/525 517/541/519 523/548/526
f 520/544/522 519/543/521 524/549/527
f 519/543/521 525/550/528 524/549/527
f 519/543/521 515/539/517 525/550/528
f 523/548/526 520/544/522 526/551/529
f 520/544/522 524/549/527 526/551/529
f 575/552/530 521/546/524 571/545/523
f 137/137/137 522/547/525 141/141/141
f 522/547/525 523/548/526 527/553/531
f 141/141/141 522/547/525 527/553/531
f 523/548/526 526/551/529 528/554/532
f 527/553/531 523/548/526 528/554/532
f 526/551/529 524/549/527 529/555/533
f 524/549/527 530/556/534 529/555/533
f 524/549/527 525/550/528 530/556/534
f 528/554/532 526/551/529 531/557/535
f 529/555/533 531/557/535 526/551/529
f 141/141/141 527/553/531 145/145/145
f 527/553/531 528/554/532 532/558/536
f 145/145/145 527/553/531 532/558/536
f 531/557/535 533/559/537 528/554/532
f 532/558/536 528/554/532 534/560/538
f 528/554/532 533/559/537 534/560/538
f 535/561/539 531/557/535 529/555/533
f 531/557/535 536/562/540 533/559/537
f 535/561/539 536/562/540 531/557/535
f 529/555/533 530/556/534 537/563/541
f 538/564/542 529/555/533 537/563/541
f 535/561/539 529/555/533 538/564/542
f 534/560/538 533/559/537 539/565/543
f 539/565/543 533/559/537 536/562/540
f 532/558/536 534/560/538 540/566/544
f 540/566/544 534/560/538 539/565/543
f 145/145/145 532/558/536 149/149/149
f 149/149/149 532/558/536 540/566/544
f 539/565/543 536/562/540 541/567/545
f 535/561/539 542/568/546 536/562/540
f 541/567/545 536/562/540 542/568/546
f 540/566/544 539/565/543 543/569/547
f 543/569/547 539/565/543 541/567/545
f 538/564/542 544/570/548 535/561/539
f 545/571/549 542/568/546 535/561/539
f 535/561/539 544/570/548 545/571/549
f 149/149/149 540/566/544 157/157/157
f 157/157/157 540/566/544 543/569/547
f 544/570/548 538/564/542 546/572/550
f 537/563/541 547/573/551 538/564/542
f 546/572/550 538/564/542 547/573/551
f 541/567/545 548/574/552 543/569/547
f 541/567/545 549/575/553 548/574/552
f 542/568/546 549/575/553 541/567/545
f 545/571/549 550/576/554 542/568/546
f 542/568/546 550/576/554 549/575/553
f 157/157/157 543/569/547 156/156/156
f 543/569/547 548/574/552 551/577/555
f 156/156/156 543/569/547 551/577/555
f 552/578/556 544/570/548 546/572/550
f 553/579/557 544/570/548 552/578/556
f 553/579/557 545/571/549 544/570/548
f 554/580/558 550/576/554 545/571/549
f 554/580/558 545/571/549 553/579/557
f 548/574/552 555/581/559 551/577/555
f 548/574/552 549/575/553 555/581/559
f 555/581/559 549/575/553 550/576/554
f 550/576/554 556/582/560 555/581/559
f 556/582/560 550/576/554 554/580/558
f 546/572/550 557/583/561 552/578/556
f 558/584/562 557/583/561 546/572/550
f 546/572/550 547/573/551 558/584/562
f 552/578/556 559/585/563 553/579/557
f 553/579/557 559/585/563 554/580/558
f 557/583/561 560/586/564 552/578/556
f 560/586/564 559/585/563 552/578/556
f 554/580/558 561/587/565 556/582/560
f 554/580/558 559/585/563 561/587/565
f 156/156/156 551/577/555 309/316/316
f 551/577/555 555/581/559 562/588/566
f 309/316/316 551/577/555 562/588/566
f 555/581/559 563/589/567 562/588/566
f 555/581/559 556/582/560 563/589/567
f 556/582/560 564/590/568 563/589/567
f 556/582/560 561/587/565 564/590/568
f 560/586/564 565/591/504 559/585/563
f 565/591/504 561/587/565 559/585/563
f 561/587/565 496/592/497 564/590/568
f 496/592/497 561/587/565 565/591/504
f 566/593/569 560/586/564 557/583/561
f 558/584/562 567/594/570 557/583/561
f 567/594/570 566/593/569 557/583/561
f 568/595/515 565/591/504 560/586/564
f 566/593/569 568/595/515 560/586/564
f 562/588/566 569/596/571 309/316/316
f 562/588/566 563/589/567 569/596/571
f 563/589/567 564/590/568 570/597/572
f 563/589/567 570/597/572 569/596/571
f 564/590/568 489/598/490 570/597/572
f 564/590/568 496/592/497 489/598/490
f 571/599/523 568/595/515 566/593/569
f 572/600/573 566/593/569 567/594/570
f 566/593/569 572/600/573 571/599/523
f 309/316/316 569/596/571 318/325/325
f 569/596/571 573/601/574 318/325/325
f 569/596/571 570/597/572 573/601/574
f 570/597/572 489/598/490 574/602/483
f 570/597/572 574/602/483 573/601/574
f 571/599/523 572/600/573 575/603/530
f 572/600/573 576/604/575 575/603/530
f 434/451/436 468/459/444 577/605/576
f 434/451/436 578/606/577 435/452/437
f 577/605/576 578/606/577 434/451/436
f 579/607/578 436/453/438 435/452/437
f 435/452/437 578/606/577 579/607/578
f 437/454/439 436/453/438 580/608/579
f 436/453/438 579/607/578 580/608/579
f 580/608/579 581/609/580 437/454/439
f 439/456/441 437/454/439 581/609/580
f 582/610/581 441/458/443 438/455/440
f 438/455/440 439/456/441 583/611/582
f 583/611/582 582/610/581 438/455/440
f 584/612/583 440/457/442 441/458/443
f 584/612/583 441/458/443 582/610/581
f 585/613/584 583/611/582 439/456/441
f 439/456/441 586/614/585 585/613/584
f 581/609/580 586/614/585 439/456/441
f 587/615/586 581/609/580 580/608/579
f 587/615/586 586/614/585 581/609/580
f 580/608/579 579/607/578 588/616/587
f 588/616/587 587/615/586 580/608/579
f 577/605/576 468/459/444 589/617/473
f 577/605/576 590/618/588 578/606/577
f 579/607/578 578/606/577 591/619/589
f 578/606/577 590/618/588 591/619/589
f 591/619/589 592/620/590 579/607/578
f 579/607/578 592/620/590 588/616/587
f 593/621/591 582/610/581 583/611/582
f 594/622/592 583/611/582 585/613/584
f 594/622/592 593/621/591 583/611/582
f 595/623/593 587/615/586 588/616/587
f 588/616/587 592/620/590 595/623/593
f 596/624/594 586/614/585 587/615/586
f 595/623/593 596/624/594 587/615/586
f 596/624/594 597/625/595 586/614/585
f 586/614/585 597/625/595 585/613/584
f 598/626/596 594/622/592 585/613/584
f 585/613/584 597/625/595 598/626/596
f 591/619/589 590/618/588 599/627/597
f 591/619/589 599/627/597 592/620/590
f 592/620/590 599/627/597 600/628/598
f 595/623/593 592/620/590 601/629/599
f 592/620/590 600/628/598 601/629/599
f 602/630/600 596/624/594 595/623/593
f 601/629/599 602/630/600 595/623/593
f 603/631/601 597/625/595 596/624/594
f 602/630/600 603/631/601 596/624/594
f 604/632/602 593/621/591 594/622/592
f 605/633/603 594/622/592 598/626/596
f 605/633/603 604/632/602 594/622/592
f 603/631/601 606/634/604 597/625/595
f 597/625/595 607/635/605 598/626/596
f 597/625/595 606/634/604 607/635/605
f 608/636/606 605/633/603 598/626/596
f 598/626/596 607/635/605 608/636/606
f 609/637/607 603/631/601 602/630/600
f 609/637/607 606/634/604 603/631/601
f 610/638/608 602/630/600 601/629/599
f 602/630/600 610/638/608 609/637/607
f 601/629/599 600/628/598 611/639/609
f 611/639/609 610/638/608 601/629/599
f 599/627/597 612/640/610 600/628/598
f 600/628/598 612/640/610 611/639/609
f 613/641/611 604/632/602 605/633/603
f 614/642/612 605/633/603 608/636/606
f 614/642/612 613/641/611 605/633/603
f 606/634/604 452/471/455 607/635/605
f 615/643/613 608/636/606 607/635/605
f 452/471/455 615/643/613 607/635/605
f 616/644/614 614/642/612 608/636/606
f 616/644/614 608/636/606 615/643/613
f 617/645/615 452/471/455 606/634/604
f 618/646/616 617/645/615 606/634/604
f 618/646/616 606/634/604 609/637/607
f 609/637/607 610/638/608 619/647/617
f 619/647/617 618/646/616 609/637/607
f 610/638/608 620/648/618 619/647/617
f 620/648/618 610/638/608 611/639/609
f 611/639/609 612/640/610 621/649/619
f 621/649/619 620/648/618 611/639/609
f 284/290/290 613/641/611 614/642/612
f 288/294/294 614/642/612 616/644/614
f 288/294/294 284/290/290 614/642/612
f 297/303/303 288/294/294 616/644/614
f 616/644/614 615/643/613 297/303/303
f 443/461/446 615/643/613 452/471/455
f 297/303/303 615/643/613 443/461/446
f 460/482/462 452/471/455 617/645/615
f 622/650/620 460/482/462 617/645/615
f 622/650/620 617/645/615 618/646/616
f 623/651/621 618/646/616 619/647/617
f 618/646/616 623/651/621 622/650/620
f 619/647/617 620/648/618 624/652/622
f 619/647/617 625/653/623 623/651/621
f 624/652/622 625/653/623 619/647/617
f 626/654/624 620/648/618 621/649/619
f 620/648/618 626/654/624 624/652/622
f 623/651/621 625/653/623 627/655/625
f 622/650/620 623/651/621 627/655/625
f 628/656/626 460/482/462 622/650/620
f 622/650/620 627/655/625 628/656/626
f 467/489/468 460/482/462 628/656/626
f 628/656/626 627/655/625 629/657/627
f 628/656/626 629/657/627 467/489/468
f 627/655/625 625/653/623 630/658/628
f 627/655/625 630/658/628 629/657/627
f 624/652/622 626/654/624 631/659/629
f 624/652/622 632/660/630 625/653/623
f 631/659/629 632/660/630 624/652/622
f 630/658/628 625/653/623 633/661/631
f 633/661/631 625/653/623 632/660/630
f 630/658/628 633/661/631 634/662/632
f 629/657/627 630/658/628 634/662/632
f 629/657/627 634/662/632 635/663/633
f 467/489/468 629/657/627 635/663/633
f 635/663/633 473/495/473 467/489/468
f 631/659/629 626/654/624 636/664/634
f 631/659/629 637/665/635 632/660/630
f 636/664/634 637/665/635 631/659/629
f 633/661/631 632/660/630 638/666/636
f 638/666/636 632/660/630 637/665/635
f 634/662/632 633/661/631 639/667/637
f 640/668/638 633/661/631 638/666/636
f 639/667/637 633/661/631 640/668/638
f 634/662/632 639/667/637 641/669/639
f 635/663/633 634/662/632 641/669/639
f 641/669/639 689/670/640 635/663/633
f 635/663/633 689/670/640 473/495/473
f 641/669/639 639/667/637 642/671/641
f 639/667/637 640/668/638 642/671/641
f 642/671/641 643/672/642 641/669/639
f 641/669/639 643/672/642 689/670/640
f 638/666/636 637/665/635 644/673/643
f 636/664/634 645/674/644 637/665/635
f 644/673/643 637/665/635 645/674/644
f 640/668/638 638/666/636 646/675/645
f 646/675/645 638/666/636 644/673/643
f 647/676/646 640/668/638 646/675/645
f 648/677/647 640/668/638 647/676/646
f 642/671/641 640/668/638 648/677/647
f 648/677/647 649/678/648 642/671/641
f 642/671/641 649/678/648 643/672/642
f 647/676/646 690/679/649 648/677/647
f 648/677/647 690/679/649 649/678/648
f 646/675/645 644/673/643 650/680/650
f 651/681/651 646/675/645 650/680/650
f 647/676/646 646/675/645 651/681/651
f 651/681/651 692/682/652 647/676/646
f 647/676/646 692/682/652 690/679/649
f 645/674/644 652/683/653 644/673/643
f 650/680/650 644/673/643 653/684/654
f 644/673/643 652/683/653 653/684/654
f 654/685/655 652/683/653 645/674/644
f 654/685/655 645/674/644 636/664/634
f 651/681/651 691/686/656 692/682/652
f 655/687/657 691/686/656 651/681/651
f 651/681/651 650/680/650 655/687/657
f 655/687/657 650/680/650 656/688/658
f 650/680/650 657/689/659 656/688/658
f 653/684/654 657/689/659 650/680/650
f 652/683/653 658/690/660 653/684/654
f 653/684/654 658/690/660 657/689/659
f 658/690/660 652/683/653 659/691/661
f 660/692/662 652/683/653 654/685/655
f 659/691/661 652/683/653 660/692/662
f 636/664/634 661/693/663 654/685/655
f 654/685/655 662/694/664 660/692/662
f 654/685/655 661/693/663 662/694/664
f 636/664/634 626/654/624 661/693/663
f 660/692/662 663/695/665 659/691/661
f 660/692/662 662/694/664 663/695/665
f 664/696/666 662/694/664 661/693/663
f 661/693/663 626/654/624 664/696/666
f 665/697/667 662/694/664 664/696/666
f 665/697/667 663/695/665 662/694/664
f 659/691/661 663/695/665 666/698/668
f 667/699/669 666/698/668 663/695/665
f 667/699/669 663/695/665 665/697/667
f 664/696/666 668/700/670 665/697/667
f 665/697/667 668/700/670 667/699/669
f 664/696/666 626/654/624 621/649/619
f 669/701/671 668/700/670 664/696/666
f 621/649/619 669/701/671 664/696/666
f 670/702/672 666/698/668 667/699/669
f 667/699/669 671/703/673 670/702/672
f 667/699/669 668/700/670 671/703/673
f 669/701/671 672/704/674 668/700/670
f 672/704/674 671/703/673 668/700/670
f 612/640/610 669/701/671 621/649/619
f 673/705/675 672/704/674 669/701/671
f 674/706/676 669/701/671 612/640/610
f 673/705/675 669/701/671 674/706/676
f 670/702/672 671/703/673 675/707/677
f 671/703/673 676/708/678 675/707/677
f 677/709/679 676/708/678 671/703/673
f 677/709/679 671/703/673 672/704/674
f 674/706/676 612/640/610 599/627/597
f 673/705/675 678/710/680 672/704/674
f 673/705/675 679/711/681 678/710/680
f 674/706/676 679/711/681 673/705/675
f 599/627/597 590/618/588 674/706/676
f 674/706/676 590/618/588 679/711/681
f 672/704/674 678/710/680 680/712/682
f 672/704/674 681/713/683 677/709/679
f 680/712/682 681/713/683 672/704/674
f 681/713/683 682/714/684 677/709/679
f 677/709/679 682/714/684 676/708/678
f 683/715/685 680/712/682 678/710/680
f 684/716/686 678/710/680 679/711/681
f 683/715/685 678/710/680 684/716/686
f 684/716/686 679/711/681 685/717/687
f 685/717/687 679/711/681 590/618/588
f 686/718/688 680/712/682 683/715/685
f 686/718/688 681/713/683 680/712/682
f 687/719/689 682/714/684 681/713/683
f 687/719/689 681/713/683 686/718/688
f 685/717/687 590/618/588 577/605/576
f 688/720/690 682/714/684 687/719/689
f 683/715/685 649/721/648 686/718/688
f 683/715/685 643/722/642 649/721/648
f 684/716/686 643/722/642 683/715/685
f 685/717/687 689/723/640 684/716/686
f 684/716/686 689/723/640 643/722/642
f 577/605/576 589/617/473 685/717/687
f 685/717/687 589/617/473 689/723/640
f 686/718/688 649/721/648 690/724/649
f 686/718/688 690/724/649 687/719/689
f 687/719/689 691/725/656 688/720/690
f 692/726/652 691/725/656 687/719/689
f 687/719/689 690/724/649 692/726/652
f 693/727/408 444/462/447 454/474/409
f 694/728/691 444/462/447 693/727/408
f 695/729/405 694/728/691 693/727/408
f 694/728/691 300/307/307 444/462/447
f 696/730/692 694/728/691 695/729/405
f 696/730/692 697/731/693 694/728/691
f 697/731/693 300/307/307 694/728/691
f 698/732/401 696/730/692 695/729/405
f 697/731/693 296/302/302 300/307/307
f 699/733/694 696/730/692 698/732/401
f 700/734/695 697/731/693 696/730/692
f 699/733/694 700/734/695 696/730/692
f 700/734/695 701/735/696 697/731/693
f 701/735/696 296/302/302 697/731/693
f 702/736/697 699/733/694 698/732/401
f 701/735/696 286/292/292 296/302/302
f 703/737/698 700/734/695 699/733/694
f 703/737/698 704/738/699 700/734/695
f 704/738/699 701/735/696 700/734/695
f 704/738/699 705/739/700 701/735/696
f 701/735/696 705/739/700 286/292/292
f 706/740/701 699/733/694 702/736/697
f 699/733/694 707/741/702 703/737/698
f 706/740/701 707/741/702 699/733/694
f 707/741/702 708/742/703 703/737/698
f 708/742/703 704/738/699 703/737/698
f 709/743/704 572/600/573 567/594/570
f 576/604/575 572/600/573 709/743/704
f 318/325/325 573/601/574 710/744/705
f 573/601/574 478/745/478 710/744/705
f 573/601/574 574/602/483 478/745/478
f 575/603/530 576/604/575 804/746/706
f 576/604/575 711/747/707 804/746/706
f 712/748/708 576/604/575 709/743/704
f 711/747/707 576/604/575 712/748/708
f 710/744/705 478/745/478 713/749/709
f 318/325/325 710/744/705 317/324/324
f 710/744/705 713/749/709 714/750/710
f 317/324/324 710/744/705 714/750/710
f 804/746/706 711/747/707 806/751/711
f 711/747/707 715/752/712 806/751/711
f 716/753/713 711/747/707 712/748/708
f 715/752/712 711/747/707 716/753/713
f 709/743/704 717/754/714 712/748/708
f 712/748/708 718/755/715 716/753/713
f 717/754/714 718/755/715 712/748/708
f 714/750/710 713/749/709 466/756/716
f 317/324/324 714/750/710 316/323/323
f 714/750/710 466/756/716 719/757/717
f 316/323/323 714/750/710 719/757/717
f 806/751/711 715/752/712 720/758/718
f 721/759/719 715/752/712 716/753/713
f 722/760/720 715/752/712 721/759/719
f 715/752/712 722/760/720 720/758/718
f 718/755/715 723/761/721 716/753/713
f 716/753/713 723/761/721 721/759/719
f 718/755/715 724/762/722 723/761/721
f 717/754/714 724/762/722 718/755/715
f 725/763/723 722/760/720 721/759/719
f 723/761/721 725/763/723 721/759/719
f 719/757/717 466/756/716 726/764/461
f 323/331/331 316/323/323 719/757/717
f 726/764/461 323/331/331 719/757/717
f 720/758/718 722/760/720 727/765/724
f 722/760/720 728/766/725 727/765/724
f 728/766/725 722/760/720 725/763/723
f 729/767/726 728/766/725 725/763/723
f 730/768/727 725/763/723 723/761/721
f 730/768/727 729/767/726 725/763/723
f 723/761/721 724/762/722 731/769/728
f 723/761/721 732/770/729 730/768/727
f 731/769/728 732/770/729 723/761/721
f 730/768/727 732/770/729 733/771/730
f 733/771/730 729/767/726 730/768/727
f 328/340/336 323/331/331 726/764/461
f 727/765/724 728/766/725 734/772/731
f 735/773/732 728/766/725 729/767/726
f 728/766/725 736/774/733 734/772/731
f 735/773/732 736/774/733 728/766/725
f 733/771/730 732/770/729 737/775/734
f 732/770/729 738/776/735 737/775/734
f 739/777/736 738/776/735 732/770/729
f 731/769/728 739/777/736 732/770/729
f 738/776/735 739/777/736 740/778/737
f 740/778/737 739/777/736 741/779/738
f 739/777/736 742/780/739 741/779/738
f 742/780/739 739/777/736 731/769/728
f 741/779/738 743/781/740 740/778/737
f 744/782/741 743/781/740 741/779/738
f 745/783/742 744/782/741 741/779/738
f 741/779/738 742/780/739 745/783/742
f 744/782/741 746/784/743 743/781/740
f 744/782/741 747/785/744 746/784/743
f 747/785/744 744/782/741 745/783/742
f 743/781/740 746/784/743 748/786/745
f 749/787/746 747/785/744 745/783/742
f 745/783/742 750/788/747 749/787/746
f 742/780/739 750/788/747 745/783/742
f 742/780/739 731/769/728 750/788/747
f 751/789/748 747/785/744 749/787/746
f 746/784/743 747/785/744 752/790/749
f 747/785/744 751/789/748 752/790/749
f 750/788/747 753/791/750 749/787/746
f 753/791/750 751/789/748 749/787/746
f 754/792/751 748/786/745 746/784/743
f 755/793/752 746/784/743 752/790/749
f 754/792/751 746/784/743 755/793/752
f 756/794/753 755/793/752 752/790/749
f 752/790/749 751/789/748 756/794/753
f 757/795/754 751/789/748 753/791/750
f 751/789/748 757/795/754 756/794/753
f 758/796/755 748/786/745 754/792/751
f 750/788/747 731/769/728 724/762/722
f 759/797/756 753/791/750 750/788/747
f 750/788/747 724/762/722 759/797/756
f 760/798/757 758/796/755 754/792/751
f 755/793/752 760/798/757 754/792/751
f 759/797/756 761/799/758 753/791/750
f 762/800/759 753/791/750 761/799/758
f 757/795/754 753/791/750 762/800/759
f 757/795/754 762/800/759 763/801/760
f 756/794/753 757/795/754 763/801/760
f 764/802/761 755/793/752 756/794/753
f 763/801/760 764/802/761 756/794/753
f 764/802/761 765/803/762 755/793/752
f 765/803/762 760/798/757 755/793/752
f 766/804/763 758/796/755 760/798/757
f 767/805/764 761/799/758 759/797/756
f 759/797/756 768/806/765 767/805/764
f 759/797/756 724/762/722 768/806/765
f 768/806/765 724/762/722 717/754/714
f 760/798/757 769/807/766 766/804/763
f 770/808/767 769/807/766 760/798/757
f 765/803/762 770/808/767 760/798/757
f 762/800/759 761/799/758 771/809/768
f 767/805/764 772/810/769 761/799/758
f 771/809/768 761/799/758 772/810/769
f 763/801/760 762/800/759 773/811/770
f 762/800/759 771/809/768 773/811/770
f 773/811/770 774/812/771 763/801/760
f 774/812/771 764/802/761 763/801/760
f 775/813/772 765/803/762 764/802/761
f 774/812/771 775/813/772 764/802/761
f 775/813/772 776/814/773 765/803/762
f 776/814/773 770/808/767 765/803/762
f 767/805/764 768/806/765 777/815/774
f 778/816/775 772/810/769 767/805/764
f 767/805/764 777/815/774 778/816/775
f 777/815/774 768/806/765 779/817/776
f 779/817/776 768/806/765 717/754/714
f 779/817/776 717/754/714 709/743/704
f 769/807/766 770/808/767 736/818/733
f 736/818/733 770/808/767 734/819/731
f 770/808/767 776/814/773 734/819/731
f 778/816/775 780/820/777 772/810/769
f 781/821/778 772/810/769 780/820/777
f 771/809/768 772/810/769 781/821/778
f 779/817/776 782/822/779 777/815/774
f 778/816/775 777/815/774 782/822/779
f 778/816/775 782/822/779 783/823/780
f 783/823/780 780/820/777 778/816/775
f 779/817/776 709/743/704 784/824/781
f 784/824/781 782/822/779 779/817/776
f 785/825/782 776/814/773 775/813/772
f 776/814/773 785/825/782 727/826/724
f 734/819/731 776/814/773 727/826/724
f 784/824/781 709/743/704 567/594/570
f 784/824/781 567/594/570 558/584/562
f 558/584/562 782/822/779 784/824/781
f 786/827/783 782/822/779 558/584/562
f 783/823/780 782/822/779 786/827/783
f 783/823/780 787/828/784 780/820/777
f 788/829/785 780/820/777 787/828/784
f 781/821/778 780/820/777 788/829/785
f 783/823/780 786/827/783 789/830/786
f 789/830/786 787/828/784 783/823/780
f 558/584/562 547/573/551 786/827/783
f 789/830/786 786/827/783 547/573/551
f 727/826/724 785/825/782 790/831/718
f 789/830/786 530/556/534 787/828/784
f 525/550/528 787/828/784 530/556/534
f 788/829/785 787/828/784 525/550/528
f 789/830/786 547/573/551 537/563/541
f 537/563/541 530/556/534 789/830/786
f 788/829/785 525/550/528 791/832/787
f 788/829/785 791/832/787 781/821/778
f 791/832/787 525/550/528 515/539/517
f 510/533/511 791/832/787 515/539/517
f 792/833/788 791/832/787 510/533/511
f 792/833/788 793/834/789 791/832/787
f 781/821/778 791/832/787 793/834/789
f 781/821/778 793/834/789 771/809/768
f 792/833/788 510/533/511 518/542/520
f 518/542/520 794/835/790 792/833/788
f 794/835/790 793/834/789 792/833/788
f 771/809/768 793/834/789 795/836/791
f 794/835/790 795/836/791 793/834/789
f 773/811/770 771/809/768 795/836/791
f 796/837/792 773/811/770 795/836/791
f 796/837/792 795/836/791 794/835/790
f 797/838/793 794/835/790 518/542/520
f 797/838/793 796/837/792 794/835/790
f 797/838/793 518/542/520 521/546/524
f 798/839/794 796/837/792 797/838/793
f 521/546/524 798/839/794 797/838/793
f 799/840/795 773/811/770 796/837/792
f 798/839/794 799/840/795 796/837/792
f 799/840/795 774/812/771 773/811/770
f 800/841/796 774/812/771 799/840/795
f 800/841/796 799/840/795 798/839/794
f 801/842/797 800/841/796 798/839/794
f 801/842/797 798/839/794 521/546/524
f 801/842/797 521/546/524 575/552/530
f 802/843/798 774/812/771 800/841/796
f 803/844/799 800/841/796 801/842/797
f 803/844/799 802/843/798 800/841/796
f 803/844/799 801/842/797 804/845/706
f 804/845/706 801/842/797 575/552/530
f 802/843/798 775/813/772 774/812/771
f 805/846/800 802/843/798 803/844/799
f 805/846/800 775/813/772 802/843/798
f 805/846/800 803/844/799 806/847/711
f 806/847/711 803/844/799 804/845/706
f 785/825/782 775/813/772 805/846/800
f 785/825/782 805/846/800 790/831/718
f 790/831/718 805/846/800 806/847/711
f 173/178/178 807/848/801 178/183/183
f 808/849/802 807/848/801 173/178/178
f 808/849/802 173/178/178 184/189/189
f 808/849/802 809/850/803 807/848/801
f 810/851/804 809/850/803 808/849/802
f 811/852/805 808/849/802 184/189/189
f 810/851/804 808/849/802 811/852/805
f 811/852/805 184/189/189 193/199/199
f 809/850/803 810/851/804 812/853/806
f 812/853/806 810/851/804 813/854/807
f 814/855/808 810/851/804 811/852/805
f 813/854/807 810/851/804 814/855/808
f 814/855/808 811/852/805 815/856/809
f 815/856/809 811/852/805 193/199/199
f 193/199/199 203/209/209 815/856/809
f 813/854/807 816/857/810 812/853/806
f 817/858/811 816/857/810 813/854/807
f 818/859/812 813/854/807 814/855/808
f 817/858/811 813/854/807 818/859/812
f 818/859/812 814/855/808 819/860/813
f 819/860/813 814/855/808 815/856/809
f 203/209/209 820/861/814 815/856/809
f 815/856/809 820/861/814 819/860/813
f 820/861/814 203/209/209 215/221/221
f 817/858/811 821/862/815 816/857/810
f 822/863/816 821/862/815 817/858/811
f 818/859/812 822/863/816 817/858/811
f 819/860/813 823/864/817 818/859/812
f 823/864/817 822/863/816 818/859/812
f 820/861/814 824/865/818 819/860/813
f 824/865/818 823/864/817 819/860/813
f 825/866/819 824/865/818 820/861/814
f 215/221/221 825/866/819 820/861/814
f 226/232/232 825/866/819 215/221/221
f 226/232/232 826/867/820 825/866/819
f 824/865/818 825/866/819 826/867/820
f 822/863/816 827/868/821 821/862/815
f 828/869/822 827/868/821 822/863/816
f 823/864/817 828/869/822 822/863/816
f 824/865/818 829/870/823 823/864/817
f 829/870/823 828/869/822 823/864/817
f 830/871/824 829/870/823 824/865/818
f 824/865/818 826/867/820 830/871/824
f 239/245/245 826/867/820 226/232/232
f 826/867/820 239/245/245 9/9/9
f 830/871/824 826/867/820 6/6/6
f 826/867/820 9/9/9 6/6/6
f 827/868/821 828/869/822 831/872/825
f 831/872/825 828/869/822 1/1/1
f 828/869/822 829/870/823 1/1/1
f 829/870/823 830/871/824 2/2/2
f 1/1/1 829/870/823 2/2/2
f 2/2/2 830/871/824 4/4/4
f 830/871/824 6/6/6 4/4/4
f 831/872/825 1/1/1 13/13/13
f 13/13/13 1/1/1 3/3/3
f 708/742/703 705/739/700 704/738/699
f 398/873/397 706/740/701 702/736/697
f 832/874/826 706/740/701 398/873/397
f 832/874/826 707/741/702 706/740/701
f 705/739/700 278/284/284 286/292/292
f 833/875/827 705/739/700 708/742/703
f 705/739/700 834/876/828 278/284/284
f 833/875/827 834/876/828 705/739/700
f 835/877/829 833/875/827 708/742/703
f 835/877/829 708/742/703 707/741/702
f 836/878/830 835/877/829 707/741/702
f 836/878/830 707/741/702 832/874/826
f 837/879/831 833/875/827 835/877/829
f 837/879/831 834/876/828 833/875/827
f 838/880/832 837/879/831 835/877/829
f 838/880/832 835/877/829 836/878/830
f 398/873/397 392/305/305 832/874/826
f 832/874/826 290/296/296 836/878/830
f 832/874/826 392/305/305 290/296/296
f 836/878/830 290/296/296 280/286/286
f 836/878/830 280/286/286 838/880/832
f 834/876/828 266/272/272 278/284/284
f 839/881/833 834/876/828 837/879/831
f 834/876/828 258/264/264 266/272/272
f 839/881/833 258/264/264 834/876/828
f 840/882/834 837/879/831 838/880/832
f 840/882/834 839/881/833 837/879/831
f 838/880/832 273/279/279 840/882/834
f 838/880/832 280/286/286 273/279/279
f 841/883/835 839/881/833 840/882/834
f 248/254/254 839/881/833 841/883/835
f 258/264/264 839/881/833 248/254/254
f 840/882/834 273/279/279 267/273/273
f 840/882/834 267/273/273 841/883/835
f 841/883/835 267/273/273 260/266/266
f 249/255/255 841/883/835 260/266/266
f 248/254/254 841/883/835 249/255/255
f 284/290/290 276/282/282 613/641/611
f 276/282/282 842/884/836 613/641/611
f 276/282/282 271/277/277 842/884/836
f 613/641/611 842/884/836 604/632/602
f 271/277/277 843/885/837 842/884/836
f 842/884/836 844/886/838 604/632/602
f 842/884/836 843/885/837 844/886/838
f 271/277/277 264/270/270 843/885/837
f 604/632/602 844/886/838 593/621/591
f 264/270/270 845/887/839 843/885/837
f 843/885/837 846/888/840 844/886/838
f 843/885/837 845/887/839 846/888/840
f 844/886/838 846/888/840 847/889/841
f 844/886/838 847/889/841 593/621/591
f 264/270/270 255/261/261 845/887/839
f 593/621/591 847/889/841 582/610/581
f 255/261/261 848/890/842 845/887/839
f 845/887/839 849/891/843 846/888/840
f 845/887/839 848/890/842 849/891/843
f 846/888/840 849/891/843 850/892/844
f 846/888/840 850/892/844 847/889/841
f 847/889/841 850/892/844 851/893/845
f 847/889/841 851/893/845 582/610/581
f 848/890/842 255/261/261 244/250/250
f 582/610/581 851/893/845 584/612/583
f 852/894/846 848/890/842 244/250/250
f 853/895/847 848/890/842 852/894/846
f 848/890/842 853/895/847 849/891/843
f 849/891/843 853/895/847 854/896/848
f 849/891/843 854/896/848 850/892/844
f 850/892/844 854/896/848 855/897/849
f 850/892/844 855/897/849 851/893/845
f 851/893/845 855/897/849 856/898/850
f 851/893/845 856/898/850 584/612/583
f 852/894/846 244/250/250 233/239/239
f 584/612/583 856/898/850 440/457/442
f 391/405/391 853/895/847 852/894/846
f 230/236/236 852/894/846 233/239/239
f 391/405/391 852/894/846 230/236/236
f 390/404/390 853/895/847 391/405/391
f 853/895/847 390/404/390 854/896/848
f 854/896/848 390/404/390 857/899/851
f 854/896/848 857/899/851 855/897/849
f 855/897/849 857/899/851 858/900/852
f 855/897/849 858/900/852 856/898/850
f 856/898/850 858/900/852 859/901/853
f 856/898/850 859/901/853 440/457/442
f 857/899/851 860/902/854 858/900/852
f 858/900/852 860/902/854 859/901/853
f 390/404/390 396/410/395 857/899/851
f 396/410/395 860/902/854 857/899/851
f 440/457/442 859/901/853 428/444/429
f 859/901/853 860/902/854 414/430/415
f 859/901/853 421/437/422 428/444/429
f 414/430/415 421/437/422 859/901/853
f 396/410/395 404/418/403 860/902/854
f 860/902/854 404/418/403 414/430/415
f 115/115/115 487/510/488 127/127/127
f 861/903/855 487/510/488 115/115/115
f 102/102/102 861/903/855 115/115/115
f 861/903/855 477/499/477 487/510/488
f 862/904/856 861/903/855 102/102/102
f 863/905/857 861/903/855 862/904/856
f 864/906/858 861/903/855 863/905/857
f 864/906/858 477/499/477 861/903/855
f 91/91/91 862/904/856 102/102/102
f 464/486/465 477/499/477 864/906/858
f 464/486/465 864/906/858 455/475/457
f 455/475/457 864/906/858 863/905/857
f 862/904/856 865/907/859 863/905/857
f 866/908/860 865/907/859 862/904/856
f 866/908/860 862/904/856 91/91/91
f 865/907/859 448/466/451 863/905/857
f 863/905/857 448/466/451 455/475/457
f 91/91/91 80/80/80 866/908/860
f 865/907/859 449/467/452 448/466/451
f 867/909/861 449/467/452 865/907/859
f 866/908/860 867/909/861 865/907/859
f 868/910/862 867/909/861 866/908/860
f 866/908/860 80/80/80 868/910/862
f 80/80/80 73/73/73 868/910/862
f 73/73/73 869/911/863 868/910/862
f 868/910/862 869/911/863 867/909/861
f 869/911/863 870/912/864 867/909/861
f 867/909/861 870/912/864 449/467/452
f 870/912/864 303/310/310 449/467/452
f 73/73/73 64/64/64 869/911/863
f 64/64/64 871/913/865 869/911/863
f 869/911/863 871/913/865 870/912/864
f 871/913/865 872/914/866 870/912/864
f 870/912/864 872/914/866 303/310/310
f 872/914/866 294/300/300 303/310/310
f 64/64/64 52/52/52 871/913/865
f 52/52/52 42/42/42 871/913/865
f 871/913/865 42/42/42 872/914/866
f 873/915/867 872/914/866 42/42/42
f 294/300/300 872/914/866 873/915/867
f 873/915/867 282/288/288 294/300/300
f 28/28/28 873/915/867 42/42/42
f 873/915/867 874/916/868 282/288/288
f 874/916/868 873/915/867 28/28/28
f 874/916/868 28/28/28 29/29/29
f 29/29/29 282/288/288 874/916/868
