# Blender 3.6.4
# www.blender.org
o _jersey_ss__
v 3.537740 263.308685 -25.249605
v 0.000000 266.962585 -25.329649
v 3.560487 266.954559 -25.410387
v 10.406021 263.196198 -25.978781
v 10.211651 259.543243 -25.649920
v 7.024097 263.262970 -25.532785
v 13.565320 259.436859 -26.110579
v 13.403708 255.841751 -25.956730
v 7.081055 266.941956 -25.682640
v 17.064039 255.712967 -26.164211
v 13.325945 252.324234 -25.787718
v 17.080786 259.344116 -26.350924
v 13.801359 263.120483 -26.393282
v 10.539179 266.919891 -26.043591
v 0.000000 270.630310 -25.313919
v -3.560487 266.954559 -25.410387
v -3.537740 263.308685 -25.249605
v 3.599191 270.630707 -25.397434
v 7.171348 270.646149 -25.622591
v 20.676065 259.262604 -26.285326
v 17.278946 263.058350 -26.673233
v 13.976545 266.887604 -26.406763
v 10.694876 270.676483 -25.939388
v 0.000000 274.363098 -25.139536
v -3.599191 270.630707 -25.397434
v 3.656311 274.372101 -25.218874
v 7.289259 274.426239 -25.420469
v 20.794397 262.975739 -26.701906
v 17.445681 266.853058 -26.666655
v 14.192319 270.711304 -26.263018
v 10.892660 274.527069 -25.725679
v 24.401379 262.974945 -26.038206
v 20.917294 266.791077 -26.748260
v 0.000000 278.123810 -24.807266
v -3.656311 274.372101 -25.218874
v 3.730215 278.139526 -24.888069
v 7.434354 278.236603 -25.072573
v 17.726421 270.759033 -26.500807
v 14.478600 274.669678 -26.022791
v 11.112069 278.381317 -25.342222
v 24.505180 266.725800 -26.233294
v 21.219692 270.738525 -26.585068
v 27.845968 263.039276 -25.140902
v 18.090931 274.750366 -26.212275
v 0.000000 281.666199 -24.307938
v -3.730215 278.139526 -24.888069
v 3.817407 281.682037 -24.408262
v 7.590024 281.810486 -24.484884
v 14.783483 278.572357 -25.618660
v 11.337961 282.146179 -24.657616
v 28.070812 266.715546 -25.534170
v 24.808115 270.629150 -26.197376
v 21.687395 274.790375 -26.194098
v 18.500643 278.808167 -25.752163
v 30.955530 263.106750 -24.307945
v 15.091007 282.538513 -24.959789
v 0.000000 285.405731 -23.398993
v -3.817407 281.682037 -24.408262
v 3.805538 285.463257 -23.454041
v 7.579796 285.628357 -23.650997
v 11.382427 285.924011 -23.683943
v 31.226089 266.726868 -24.797813
v 28.331181 270.531830 -25.560856
v 25.219500 274.684906 -25.838388
v 22.202990 278.888245 -25.421572
v 18.952219 282.882843 -24.727814
v 15.312387 286.350311 -23.532608
v 0.000000 289.031006 -21.879850
v -3.805538 285.463257 -23.454041
v 3.762667 289.083130 -21.911482
v 7.461202 289.238251 -21.925144
v 11.195584 289.501923 -21.832399
v 3.569753 292.189148 -19.914158
v 0.000000 292.104889 -19.993868
v -3.569753 292.189148 -19.914158
v -3.762667 289.083130 -21.911482
v 0.000000 295.066223 -18.147854
v 3.383540 295.117737 -18.057802
v 6.704933 295.236542 -17.868893
v -3.383540 295.117737 -18.057802
v -7.102930 292.350586 -19.848080
v -6.704934 295.236542 -17.868893
v 9.966187 295.510498 -17.518122
v -9.966187 295.510498 -17.518122
v 36.738415 255.837921 -6.393352
v 36.763378 256.327698 -3.634472
v 36.402199 254.996597 -6.262493
v 36.477612 255.531693 -3.393332
v 36.702396 257.087677 -1.102043
v 36.252827 254.108521 -3.329419
v 36.242416 253.496307 -6.239874
v 36.365238 256.305420 -0.780213
v 36.112839 254.930649 -0.556808
v 36.664761 258.008881 1.169443
v 35.832455 252.440170 -3.068793
v 35.693558 253.238541 -0.178319
v 35.883854 251.827057 -6.064017
v 35.913925 255.860947 1.972093
v 36.265854 257.202637 1.604499
v 35.396721 254.135788 2.426014
v 36.658333 259.098846 3.265577
v 35.492905 250.720490 -2.769210
v 35.159309 251.565186 0.170341
v 34.831585 252.431717 2.833713
v 35.585369 250.029266 -5.846911
v 35.661697 256.987152 4.247191
v 35.056355 255.310135 4.805653
v 36.166637 258.306885 3.791402
v 34.389812 253.557281 5.330258
v 36.669128 260.439514 5.183860
v 34.818829 249.847839 0.457085
v 35.153362 248.907303 -2.490395
v 34.337128 250.642151 3.205277
v 33.792843 251.678513 5.797542
v 35.215511 248.106644 -5.567903
v 35.348370 258.448914 6.405833
v 34.655407 256.775360 7.104840
v 33.894436 254.969254 7.601073
v 36.051025 259.660339 5.793297
v 33.186337 253.028702 8.237958
v 36.736691 261.997925 6.927042
v 33.825233 248.419510 3.623719
v 34.357014 247.445084 0.789089
v 34.792660 246.707764 -2.188311
v 33.199898 249.438095 6.351267
v 32.394478 250.746918 8.849063
v 34.915565 245.928375 -5.263104
v 35.119141 259.896667 8.552924
v 34.294964 258.290314 9.410338
v 33.481319 256.337952 9.987894
v 32.700661 254.338394 10.541450
v 35.961979 261.251709 7.701020
v 31.925543 252.003952 11.349635
v 36.826588 264.162750 8.678282
v 33.982777 244.832367 1.098272
v 34.417248 244.070480 -1.919467
v 30.772861 249.210007 12.726146
v 31.656723 247.796906 9.720734
v 34.467861 243.369339 -4.954512
v 34.879692 262.295593 10.967532
v 33.869633 260.072266 11.958980
v 33.068890 257.695526 12.573283
v 32.250362 255.576279 12.988348
v 31.441929 253.421555 13.427301
v 35.934597 263.502411 9.708731
v 30.562550 251.535797 14.001251
v 36.874130 266.718201 9.943806
v 34.140591 241.190277 -1.636213
v 33.644203 241.925385 1.450926
v 30.174847 254.280426 16.092821
v 31.063509 256.756927 15.764581
v 31.902239 259.071533 15.391537
v 32.727264 262.075806 14.672646
v 35.694336 266.438263 11.244473
v 33.870266 265.734680 13.505790
v 29.205591 257.557343 18.437616
v 29.876350 260.041138 17.938354
v 30.546862 263.070648 17.060366
v 31.236406 266.498505 16.142393
v 31.684025 270.165863 15.025455
v 34.044590 269.854156 13.088040
v 27.776857 263.787231 19.202248
v 27.234327 260.854492 20.036255
v 28.316061 267.082977 18.174713
v 28.830704 270.675568 16.803093
v 29.219456 274.016602 15.237190
v 31.986731 273.576691 13.683378
v 24.741838 264.423676 20.867638
v 25.221487 267.686859 19.706919
v 25.761000 271.159821 18.170425
v 26.219702 274.435150 16.478031
v 26.578842 277.770416 14.660434
v 29.590605 277.369965 13.576143
v 32.227901 276.939514 12.353926
v 34.152042 273.236511 12.297461
v 21.907839 268.123413 20.838015
v 22.414103 271.570465 19.176840
v 22.980131 274.749054 17.463774
v 23.449226 278.090515 15.552996
v 23.958527 281.064575 13.676941
v 26.948238 280.812683 12.906625
v 29.971949 280.455170 11.968739
v 34.330170 276.574158 11.394748
v 32.514412 280.010986 11.034232
v 19.556145 275.010834 18.163906
v 18.958689 271.866699 19.853701
v 20.178867 278.445129 16.170956
v 20.827898 281.335022 14.320095
v 24.322716 283.854248 11.801786
v 21.425737 284.040314 12.457723
v 27.338957 283.588654 11.090808
v 30.261484 283.239899 10.261707
v 32.703903 282.849945 9.510223
v 34.515335 279.645081 10.224903
v 16.581976 278.696167 16.776468
v 15.954140 275.312439 18.727055
v 17.286623 281.552338 15.015584
v 17.977203 284.203918 13.181395
v 24.755667 286.101776 10.100807
v 21.870047 286.214600 10.772353
v 18.566961 286.329346 11.557047
v 27.614920 285.884735 9.363063
v 30.490137 285.582947 8.552656
v 32.882626 285.194244 7.927817
v 34.709057 282.497620 8.873010
v 12.801179 278.857513 17.268610
v 25.023638 288.010834 8.281033
v 22.180080 288.096313 9.080750
v 19.068722 288.128448 9.992502
v 27.821617 287.841675 7.419356
v 30.614914 287.522369 6.613604
v 33.020290 287.065704 5.917658
v 34.922905 284.698517 7.327919
v 25.195425 290.363464 5.164295
v 22.388079 289.806244 6.719256
v 19.495607 289.663483 7.890439
v 27.973240 289.942627 4.624843
v 30.816603 289.306915 4.052991
v 25.913996 292.636322 1.819955
v 22.997120 291.371246 4.763537
v 28.374746 291.852783 1.565306
v 19.877747 290.933014 6.265262
v 18.004816 297.315979 -13.819529
v 15.792157 296.630768 -15.587882
v 12.891404 295.963654 -16.820421
v 3.117393 249.266861 -23.920259
v 6.492167 245.797852 -24.370527
v 3.060843 245.880203 -23.678318
v 0.000000 249.288727 -23.772608
v 0.000000 245.891876 -23.518831
v -3.060843 245.880203 -23.678318
v -3.009290 242.568192 -23.514404
v -6.441760 242.513733 -24.192312
v -14.335100 243.801697 25.157196
v -14.751558 247.147095 25.231426
v -17.537846 243.519669 24.305275
v -11.572678 247.402222 25.559015
v -12.128438 250.508286 25.631140
v -11.210807 244.082413 25.509581
v -11.016274 240.494614 25.582542
v -8.258162 244.423935 25.680410
v -8.164378 240.778259 25.809380
v -8.513337 247.720673 25.655857
v -8.992848 250.797012 25.730791
v -9.627473 253.791260 25.706026
v -5.387825 244.841705 25.864126
v -5.251341 241.092468 26.057297
v -5.500836 248.180954 25.783798
v -6.702953 254.048431 25.619940
v -5.870863 251.344269 25.695681
v -7.190539 256.972076 25.461470
v -2.675931 245.261810 25.930363
v -2.700759 241.387238 26.167379
v -2.662921 248.786194 25.788567
v -4.615607 256.986145 25.387486
v -4.529061 254.455460 25.548237
v -2.767030 252.671722 25.593857
v -2.327225 256.555878 25.333271
v -4.744647 260.109924 24.975042
v -2.292660 260.023285 24.871611
v 0.000000 245.438263 25.887266
v 0.000000 241.505005 26.115992
v 0.000000 248.968872 25.755064
v 0.000000 252.652832 25.565292
v 0.000000 237.549500 26.525215
v 0.000000 256.471069 25.304838
v 0.000000 260.009827 24.808435
v -2.286492 262.999420 24.190699
v 2.662921 248.786194 25.788567
v 2.675931 245.261810 25.930363
v 2.700759 241.387238 26.167379
v 2.767030 252.671722 25.593857
v 2.327225 256.555878 25.333271
v 2.678493 237.493713 26.476267
v 5.500836 248.180954 25.783798
v 5.870863 251.344269 25.695681
v 5.387825 244.841705 25.864126
v 5.251341 241.092468 26.057297
v 4.529061 254.455460 25.548237
v 0.000000 262.978668 24.104643
v 0.000049 265.756226 23.451031
v 8.513337 247.720673 25.655857
v 8.992848 250.797012 25.730791
v 6.702953 254.048431 25.619940
v 8.258162 244.423935 25.680410
v 4.615607 256.986145 25.387486
v 11.572678 247.402222 25.559015
v 2.286492 262.999420 24.190699
v 2.292660 260.023285 24.871611
v 21.972858 290.610229 5.880281
v -37.030930 269.810638 10.393007
v -35.908947 273.033081 11.088546
v -37.277103 272.791199 10.281060
v -37.586269 275.661774 9.867628
v -36.175842 276.116272 10.528189
v -34.341515 276.593140 11.404942
v -37.854305 278.648193 9.015034
v -36.378056 279.157501 9.639075
v -34.518620 279.652039 10.223808
v -38.195786 281.268463 7.813836
v -36.640743 281.919861 8.327024
v -38.378269 283.558289 6.265792
v -34.709251 282.500122 8.873312
v -32.705006 282.851074 9.510080
v -36.850895 284.156433 6.752923
v -34.922905 284.698517 7.327919
v -32.882622 285.194244 7.927817
v -38.585735 285.371216 4.621110
v -36.986851 286.032013 4.899015
v -35.116676 286.603424 5.397870
v -33.020290 287.065704 5.917658
v -30.490133 285.582947 8.552656
v -30.614914 287.522369 6.613604
v -30.261480 283.239899 10.261707
v -38.792538 286.903442 2.673856
v -37.189651 287.675598 2.834186
v -35.314938 288.211670 3.124603
v -33.090668 288.731201 3.598073
v -30.816603 289.306915 4.052991
v -27.821617 287.841675 7.419356
v -27.614910 285.884735 9.363063
v -27.973240 289.942627 4.624843
v -27.338949 283.588654 11.090808
v -39.011803 288.363708 0.145688
v -37.399666 289.108551 0.475380
v -35.500347 289.697327 0.752851
v -33.267647 290.379333 1.086865
v -30.954096 291.081879 1.317368
v -28.374741 291.852783 1.565306
v -25.023632 288.010834 8.281033
v -25.195419 290.363464 5.164295
v -24.755663 286.101776 10.100807
v -25.913996 292.636322 1.819955
v -24.322710 283.854248 11.801786
v -37.546734 290.182465 -2.339688
v -35.711048 290.900787 -2.088111
v -33.454014 291.561951 -1.854925
v -31.180250 292.283752 -1.569414
v -28.730057 293.241547 -1.271810
v -26.278288 294.208862 -0.999300
v -22.388079 289.806244 6.719256
v -22.180080 288.096313 9.080750
v -22.997120 291.371246 4.763537
v -21.870047 286.214600 10.772353
v -23.685444 293.405396 2.027739
v -24.127003 295.013214 -0.735215
v -21.425737 284.040314 12.457723
v -35.866959 291.358582 -4.841816
v -33.679165 292.148926 -4.637335
v -31.415810 293.072296 -4.386960
v -29.078821 294.132172 -4.074933
v -26.571644 295.226624 -3.744610
v -24.394024 296.175659 -3.444991
v -19.068722 288.128448 9.992502
v -18.566961 286.329346 11.557047
v -21.046045 294.250824 2.293015
v -21.600332 296.009094 -0.383924
v -21.848454 297.313049 -3.059621
v -33.881218 292.275879 -7.355435
v -31.591408 293.370117 -7.141521
v -29.284647 294.537598 -6.864385
v -26.757772 295.739624 -6.555733
v -24.409290 296.822479 -6.285879
v -21.931627 298.057404 -5.916619
v -31.517811 292.883026 -10.180105
v -29.197754 294.094116 -10.038991
v -26.557449 295.304413 -9.893176
v -23.836422 296.733673 -9.495652
v -21.337908 298.109924 -8.934136
v -22.591059 296.234436 -12.607346
v -25.844118 294.293976 -13.599086
v -28.787300 292.768097 -13.709675
v -20.029047 297.791321 -11.525654
v -17.977203 284.203918 13.181395
v -17.286623 281.552338 15.015584
v -20.827898 281.335022 14.320095
v -20.178867 278.445129 16.170956
v -16.581976 278.696167 16.776468
v -23.958521 281.064575 13.676941
v -23.449530 278.093414 15.555003
v -19.556374 275.010315 18.164577
v -22.985888 274.746338 17.474279
v -15.954140 275.312439 18.727055
v -12.801179 278.857513 17.268610
v -26.230442 274.436432 16.492874
v -26.579805 277.779480 14.663303
v -26.947443 280.815247 12.908237
v -18.958866 271.867615 19.854029
v -22.414831 271.581329 19.186769
v -25.782204 271.176361 18.193001
v -15.416303 272.184967 20.426315
v -12.208650 275.594360 19.195763
v -29.219456 274.016602 15.237190
v -28.830704 270.675568 16.803093
v -29.600409 277.380432 13.578638
v -29.980047 280.460388 11.970137
v -18.383518 268.374481 21.519541
v -21.914389 268.117737 20.860590
v -25.221487 267.686859 19.706919
v -28.316061 267.082977 18.174713
v -14.915800 268.747345 22.071344
v -11.722306 272.448120 20.860233
v -31.684025 270.165863 15.025455
v -31.986731 273.576691 13.683378
v -31.236406 266.498505 16.142393
v -32.227901 276.939514 12.353926
v -32.527538 280.013184 11.036133
v -17.923161 265.358551 22.844278
v -21.400425 265.028992 22.082170
v -24.741838 264.423676 20.867638
v -27.776857 263.787231 19.202248
v -30.546862 263.070648 17.060366
v -33.870266 265.734680 13.505790
v -34.044590 269.854156 13.088040
v -34.152042 273.236511 12.297461
v -32.727264 262.075806 14.672646
v -20.972666 262.018860 22.874964
v -24.268101 261.467712 21.614561
v -27.234327 260.854492 20.036255
v -29.876350 260.041138 17.938354
v -31.902239 259.071533 15.391537
v -34.879692 262.295593 10.967532
v -35.694336 266.438263 11.244473
v -35.736805 269.875488 11.436307
v -33.869633 260.072266 11.958980
v -23.738993 258.620697 22.113453
v -26.613796 258.136536 20.532980
v -29.205591 257.557343 18.437616
v -31.063509 256.756927 15.764581
v -33.068890 257.695526 12.573283
v -35.934597 263.502411 9.708731
v -36.874130 266.718201 9.943806
v -35.119141 259.896667 8.552924
v -34.294964 258.290314 9.410338
v -25.843100 255.331802 20.875000
v -28.330027 254.881958 18.769058
v -30.174847 254.280426 16.092821
v -32.250362 255.576279 12.988348
v -33.481319 256.337952 9.987894
v -36.826588 264.162750 8.678282
v -35.348370 258.448914 6.405833
v -34.655407 256.775360 7.104840
v -27.650229 252.158371 18.880960
v -29.430956 251.830566 16.266912
v -30.562550 251.535797 14.001251
v -31.441929 253.421555 13.427301
v -32.700661 254.338394 10.541450
v -33.894436 254.969254 7.601073
v -28.955160 249.144135 16.107380
v -31.925543 252.003952 11.349635
v -30.772861 249.210007 12.726146
v -35.661697 256.987152 4.247191
v -35.056355 255.310135 4.805653
v -33.186337 253.028702 8.237958
v -34.389812 253.557281 5.330258
v -32.394478 250.746918 8.849063
v -33.792843 251.678513 5.797542
v -31.656723 247.796906 9.720734
v -29.925751 245.606903 13.161091
v -33.199898 249.438095 6.351267
v -35.913925 255.860947 1.972093
v -35.396721 254.135788 2.426014
v -34.831585 252.431717 2.833713
v -34.337128 250.642151 3.205277
v -32.470734 246.710739 6.933732
v -18.004818 297.315979 -13.819529
v -20.580482 295.113708 -15.873063
v -28.114861 290.322662 -17.737442
v -23.514336 291.903992 -18.222176
v -15.792160 296.630768 -15.587882
v -17.864302 294.122681 -17.917860
v -12.891404 295.963654 -16.820421
v -14.212929 293.245941 -19.277353
v -19.201775 290.845154 -20.431196
v -10.632005 292.665924 -19.720802
v -15.055387 290.082977 -21.559689
v -11.195584 289.501923 -21.832399
v -7.461202 289.238251 -21.925144
v -19.329050 286.803345 -23.060850
v -15.312387 286.350311 -23.532608
v -11.382427 285.924011 -23.683943
v -7.579796 285.628357 -23.650997
v -18.952219 282.882843 -24.727814
v -15.091007 282.538513 -24.959789
v -11.337961 282.146179 -24.657616
v -7.590024 281.810486 -24.484884
v -18.500643 278.808167 -25.752163
v -14.783483 278.572357 -25.618660
v -11.112069 278.381317 -25.342222
v -20.330667 292.256134 4.674793
v -7.434354 278.236603 -25.072573
v -18.090931 274.750366 -26.212275
v -14.478600 274.669678 -26.022791
v -10.892660 274.527069 -25.725679
v -21.972858 290.610229 5.880281
v -19.877747 290.933014 6.265262
v -7.289259 274.426239 -25.420469
v -19.495607 289.663483 7.890439
v -17.726421 270.759033 -26.500807
v -14.192319 270.711304 -26.263018
v -10.694876 270.676483 -25.939388
v -7.171348 270.646149 -25.622591
v -17.445681 266.853058 -26.666655
v -13.976545 266.887604 -26.406763
v -10.539179 266.919891 -26.043591
v -7.081055 266.941956 -25.682640
v -17.278946 263.058350 -26.673233
v -13.801359 263.120483 -26.393282
v -10.406022 263.196198 -25.978781
v -7.024097 263.262970 -25.532785
v -17.080786 259.344116 -26.350924
v -13.565320 259.436859 -26.110579
v -10.211651 259.543243 -25.649920
v -20.676065 259.262604 -26.285326
v -20.794397 262.975739 -26.701906
v -13.403708 255.841751 -25.956730
v -17.064039 255.712967 -26.164211
v -6.839953 259.680603 -25.103867
v -6.754484 256.135437 -24.881680
v -10.092500 255.957352 -25.482006
v -13.325945 252.324234 -25.787718
v -3.411830 259.749634 -24.790535
v -3.301355 256.221863 -24.439190
v -6.646547 252.633118 -24.731535
v -9.950521 252.454666 -25.321796
v -20.917294 266.791077 -26.748260
v -21.219692 270.738525 -26.585068
v -24.505180 266.725800 -26.233294
v -21.687395 274.790375 -26.194098
v -24.808115 270.629150 -26.197376
v -28.070807 266.715546 -25.534170
v -22.202990 278.888245 -25.421572
v -25.219494 274.684906 -25.838388
v -28.331181 270.531830 -25.560856
v -31.226084 266.726868 -24.797813
v -25.778666 278.754944 -24.856228
v -22.792068 283.039948 -24.108219
v -28.649637 274.440125 -25.220274
v -31.497892 270.387054 -24.963430
v -29.143667 278.439362 -24.239565
v -26.434612 282.845337 -23.491528
v -23.379148 287.210541 -22.063274
v -31.718382 274.243011 -24.423004
v -32.086010 278.149445 -23.585318
v -29.718948 282.341095 -22.697659
v -27.202631 286.654083 -21.206152
v -34.157261 273.974670 -23.812426
v -32.591114 281.822968 -22.054153
v -34.449871 277.745972 -22.981421
v -30.351084 285.896179 -20.391514
v -36.449463 277.309998 -22.481215
v -34.861187 281.350647 -21.502817
v -33.003910 285.264099 -19.766973
v -36.853130 280.739685 -20.957554
v -30.757347 289.253265 -17.269878
v -38.554729 280.031097 -20.437307
v -37.232605 283.748810 -18.790958
v -35.262207 284.609070 -19.270531
v -38.861660 282.803864 -18.431585
v -35.467167 287.342957 -16.479773
v -33.268677 288.373444 -16.851925
v -37.487438 286.373077 -16.223007
v -39.159874 285.367004 -16.002663
v -30.957600 244.642883 10.439814
v -33.825233 248.419510 3.623719
v -36.112839 254.930649 -0.556808
v -35.693558 253.238541 -0.178319
v -35.159309 251.565186 0.170341
v -34.818829 249.847839 0.457085
v -33.373974 245.697128 4.113340
v -32.008625 243.604263 7.588538
v -34.357014 247.445084 0.789089
v -36.252827 254.108521 -3.329419
v -35.832455 252.440170 -3.068793
v -35.492905 250.720490 -2.769210
v -35.153362 248.907303 -2.490395
v -33.982777 244.832367 1.098272
v -32.984585 242.710022 4.574708
v -34.792660 246.707764 -2.188311
v -36.242416 253.496307 -6.239874
v -35.883854 251.827057 -6.064017
v -35.585369 250.029266 -5.846911
v -35.215511 248.106644 -5.567903
v -34.417248 244.070480 -1.919467
v -33.644203 241.925385 1.450926
v -34.915565 245.928375 -5.263104
v -36.492538 254.892410 -6.412190
v -34.467861 243.369339 -4.954512
v -34.140591 241.190277 -1.636213
v -32.655384 239.660202 5.036205
v -33.355835 238.949738 1.834794
v -34.055798 240.547302 -4.720757
v -33.857578 238.267075 -1.330514
v -33.095421 235.989777 2.115570
v -32.399071 236.603409 5.346836
v -33.714321 237.704102 -4.349474
v -33.611732 235.376099 -1.097533
v -32.923302 233.215958 2.305521
v -32.210049 233.710129 5.519880
v -31.213211 234.193390 8.635139
v -31.390261 237.224564 8.491765
v -31.662867 240.413345 8.150717
v -33.542007 234.879089 -4.066446
v -33.393356 232.724426 -0.842484
v -32.794746 230.366776 2.528855
v -32.030602 230.840332 5.722262
v -31.018648 231.280701 8.776903
v -29.869869 231.673126 11.628253
v -30.037001 234.669434 11.531153
v -30.197372 237.806747 11.412590
v -30.520370 241.216125 11.024295
v -33.439011 232.299911 -3.904718
v -33.264809 229.915070 -0.655601
v -31.856833 227.811172 5.875285
v -32.625313 227.354172 2.724561
v -30.895969 228.225937 8.864848
v -29.782675 228.523422 11.710188
v -28.503279 232.006866 14.402823
v -28.292381 228.759583 14.426540
v -28.646027 235.094162 14.221442
v -28.847746 238.323669 14.036792
v -29.288553 241.939087 13.610106
v -33.262177 229.535828 -3.772421
v -33.119431 226.932114 -0.513422
v -31.640926 224.497772 5.902233
v -30.807781 224.804092 8.893439
v -32.425251 224.134247 2.840379
v -29.642405 225.025833 11.737416
v -28.044415 225.204117 14.433333
v -26.668631 232.287476 16.920832
v -26.965216 235.448395 16.843658
v -27.279991 238.717361 16.713205
v -27.663191 242.380920 16.388542
v -28.255108 245.989075 16.157326
v -33.044327 226.574234 -3.728410
v -32.874931 223.771515 -0.323300
v -29.438580 221.471222 11.717509
v -30.803282 221.338318 8.979768
v -27.866318 221.583893 14.429833
v -24.632933 232.517456 19.294338
v -24.949493 235.754852 19.244986
v -25.377558 239.056488 19.194122
v -25.849295 242.667511 19.006531
v -26.359333 246.180634 18.861734
v -26.995905 249.317535 18.827812
v -32.828522 223.450439 -3.557476
v -29.280708 217.902603 11.863629
v -30.620853 217.838577 8.973422
v -22.595341 236.021408 21.339193
v -22.961145 239.370300 21.291368
v -23.380537 242.969696 21.215628
v -23.889109 246.398407 21.135859
v -24.485636 249.516739 21.071365
v -25.144485 252.480896 20.969997
v -20.223734 239.641525 23.035513
v -20.566816 243.242783 22.945435
v -21.042515 246.648026 22.854984
v -21.670843 249.773819 22.773178
v -22.363712 252.801926 22.666803
v -23.078386 255.719940 22.481384
v -17.974457 246.898407 24.260937
v -18.556173 250.031281 24.195356
v -19.223581 253.100708 24.063599
v -19.920094 256.118805 23.848637
v -20.503057 259.110413 23.460560
v -15.332511 250.277161 25.188555
v -16.001713 253.363800 25.045414
v -16.630707 256.469635 24.864759
v -17.123034 259.536377 24.423090
v -17.555508 262.451019 23.713398
v -12.769398 253.594101 25.625769
v -13.325704 256.729767 25.431904
v -13.745811 259.854858 24.955250
v -14.119324 262.772430 24.250628
v -14.457178 265.617188 23.328663
v -10.140264 256.881348 25.502205
v -10.493588 260.044800 25.114220
v -10.804008 262.952606 24.455353
v -11.087305 265.756042 23.624119
v -11.386007 268.930359 22.476458
v -7.476040 260.114471 25.070694
v -7.676364 263.002533 24.428419
v -7.913467 265.765045 23.646910
v -8.149530 269.025391 22.589828
v -8.409292 272.649231 21.058578
v -4.821767 262.990997 24.312311
v -4.974783 265.772247 23.571951
v -5.105778 269.009552 22.591492
v -5.219271 272.722168 21.126148
v -8.733511 275.830994 19.527575
v -5.416265 275.983459 19.684692
v -2.310093 265.774933 23.511372
v -2.329775 268.986725 22.574648
v -2.371422 272.720337 21.123936
v -2.445622 276.073822 19.687515
v -9.157071 279.008118 17.724503
v -5.601522 279.124298 18.013348
v -2.497416 279.174591 18.178270
v -37.686272 288.518677 -13.367393
v -35.759216 289.531891 -13.441505
v -33.614620 290.464020 -13.549200
v -39.373726 287.472595 -13.294297
v -39.463371 288.799957 -10.635898
v -37.750469 289.856445 -10.526966
v -35.941071 290.694214 -10.438303
v -39.412701 289.558441 -7.777789
v -37.766510 290.501770 -7.641769
v -36.017323 291.331635 -7.559173
v -33.659363 291.805237 -10.310517
v -31.319576 291.530243 -13.640638
v -39.342560 289.513733 -5.174358
v -37.686806 290.533936 -5.016346
v -39.200989 289.279816 -2.493247
v 53.413502 240.968399 -3.422119
v 52.916901 240.707535 -5.135966
v 53.467182 240.795944 -5.096064
v 52.824104 240.848709 -3.375857
v 53.484280 241.270599 -1.637801
v 51.828674 241.775787 -3.568276
v 51.940891 241.683502 -5.328688
v 52.907764 241.162933 -1.526376
v 51.922855 242.133179 -1.642791
v 50.819649 242.912354 -3.694680
v 53.683544 241.668991 0.066675
v 53.159199 241.589996 0.215649
v 50.929333 242.757233 -5.513651
v 50.934597 243.305283 -1.749183
v 52.153088 242.555542 0.166138
v 49.787247 244.068314 -3.839750
v 53.998234 242.175476 1.789372
v 53.490364 242.105438 2.010060
v 49.872913 243.928802 -5.727345
v 49.887726 244.493271 -1.862054
v 51.162777 243.754852 0.098465
v 52.511532 243.112839 1.971609
v 48.684361 245.312057 -3.978878
v 54.483875 242.773407 3.389601
v 53.997147 242.730911 3.679847
v 48.834129 245.122482 -5.981958
v 48.825573 245.633362 -1.992203
v 50.158405 244.955704 0.017827
v 51.483414 244.282013 1.883679
v 53.020813 243.876404 3.678922
v 47.734818 246.364624 -4.156664
v 47.896954 246.701141 -2.125907
v 55.331703 243.828781 4.927657
v 54.890911 243.848709 5.297622
v 47.802143 246.241180 -6.187392
v 48.175480 247.080719 -0.196446
v 49.143192 246.064880 -0.030242
v 50.471935 245.472549 1.807696
v 52.024292 245.096634 3.569820
v 53.876728 244.977127 5.322499
v 46.770237 247.577591 -4.303674
v 46.934444 247.820496 -2.276845
v 47.249352 248.140961 -0.332984
v 56.383614 244.952469 6.114485
v 55.983658 245.018005 6.566089
v 46.741676 247.378769 -6.361136
v 48.610645 247.589600 1.715509
v 47.710823 248.683487 1.607736
v 49.524296 246.517319 1.755051
v 51.067940 246.293839 3.498457
v 52.869930 246.192490 5.239919
v 55.002464 246.207428 6.546496
v 57.214054 246.231049 7.155986
v 45.894539 248.952072 -2.404637
v 46.189964 249.369415 -0.476097
v 46.692799 249.908096 1.478375
v 50.188915 247.314575 3.438402
v 49.306248 248.421844 3.342469
v 48.422226 249.493607 3.279225
v 51.923958 247.365845 5.220886
v 54.051060 247.437164 6.427407
v 56.304539 247.438568 7.101341
v 51.127319 248.427567 5.150767
v 45.708244 251.067123 1.337087
v 45.198772 250.535187 -0.594954
v 53.177052 248.572922 6.300189
v 46.477173 251.838409 3.034310
v 47.440590 250.720078 3.151591
v 55.360882 248.653702 6.975974
v 50.359001 249.382492 5.025032
v 49.517384 250.427521 4.885783
v 48.518707 251.660934 4.680677
v 51.655479 250.457291 6.084850
v -0.000014 268.993134 22.464979
v 0.000000 272.785553 21.070465
v 0.000000 279.177124 18.201012
v 0.000000 276.096863 19.651073
v 2.445622 276.073822 19.687515
v 2.371422 272.720337 21.123936
v 2.497416 279.174591 18.178270
v 5.416265 275.983459 19.684692
v 5.219271 272.722168 21.126148
v 5.601522 279.124298 18.013348
v 8.409292 272.649231 21.058578
v 8.733511 275.830994 19.527575
v 9.157074 279.008118 17.724503
v 12.208650 275.594360 19.195763
v 11.722306 272.448120 20.860233
v 15.416303 272.184967 20.426315
v 14.915800 268.747345 22.071344
v 11.386007 268.930359 22.476458
v 8.148842 269.024658 22.591734
v 18.383600 268.374756 21.519337
v 14.457178 265.617188 23.328663
v 17.923161 265.358551 22.844278
v 11.087305 265.756042 23.624119
v 7.913467 265.765045 23.646910
v 5.101749 269.002045 22.599842
v 21.400425 265.028992 22.082170
v 14.119324 262.772430 24.250628
v 17.555508 262.451019 23.713398
v 20.972666 262.018860 22.874964
v 10.804008 262.952606 24.455353
v 7.676364 263.002533 24.428419
v 4.974783 265.772247 23.571951
v 2.324524 268.980499 22.581516
v 24.268101 261.467712 21.614561
v 13.745811 259.854858 24.955250
v 17.123034 259.536377 24.423090
v 20.503057 259.110413 23.460560
v 23.738993 258.620697 22.113453
v 10.493588 260.044800 25.114220
v 4.821767 262.990997 24.312311
v 7.476040 260.114471 25.070694
v 2.310093 265.774933 23.511372
v 26.613796 258.136536 20.532980
v 13.325704 256.729767 25.431904
v 16.630707 256.469635 24.864759
v 19.920094 256.118805 23.848637
v 23.078386 255.719940 22.481384
v 25.843100 255.331802 20.875000
v 10.140264 256.881348 25.502205
v 4.744647 260.109924 24.975042
v 7.190539 256.972076 25.461470
v 28.330027 254.881958 18.769058
v 12.769398 253.594101 25.625769
v 16.001713 253.363800 25.045414
v 19.223581 253.100708 24.063599
v 22.363712 252.801926 22.666803
v 25.144485 252.480896 20.969997
v 27.650229 252.158371 18.880960
v 9.627473 253.791260 25.706026
v 29.430956 251.830566 16.266912
v 15.332511 250.277161 25.188555
v 12.128438 250.508286 25.631140
v 18.556173 250.031281 24.195356
v 21.670843 249.773819 22.773178
v 24.485636 249.516739 21.071365
v 26.995905 249.317535 18.827812
v 28.955160 249.144135 16.107380
v 17.974457 246.898407 24.260937
v 14.751558 247.147095 25.231426
v 21.042515 246.648026 22.854984
v 23.889109 246.398407 21.135859
v 26.359333 246.180634 18.861734
v 28.255108 245.989075 16.157326
v 29.925751 245.606903 13.161091
v 17.537846 243.519669 24.305275
v 20.566816 243.242783 22.945435
v 14.335100 243.801697 25.157196
v 23.380537 242.969696 21.215628
v 25.849295 242.667511 19.006531
v 27.663191 242.380920 16.388542
v 29.288553 241.939087 13.610106
v 30.957600 244.642883 10.439814
v 22.961145 239.370300 21.291368
v 20.223734 239.641525 23.035513
v 25.377558 239.056488 19.194122
v 27.279991 238.717361 16.713205
v 28.847746 238.323669 14.036792
v 30.520370 241.216125 11.024295
v 24.949493 235.754852 19.244986
v 22.595341 236.021408 21.339193
v 26.965216 235.448395 16.843658
v 32.008625 243.604263 7.588538
v 32.470734 246.710739 6.933732
v 24.632933 232.517456 19.294338
v 28.646027 235.094162 14.221442
v 30.197372 237.806747 11.412590
v 31.662867 240.413345 8.150717
v 26.668631 232.287476 16.920832
v 32.984585 242.710022 4.574708
v 33.373974 245.697128 4.113340
v 28.503279 232.006866 14.402823
v 30.037001 234.669434 11.531153
v 31.390261 237.224564 8.491765
v 32.655384 239.660202 5.036205
v 24.400904 229.076645 19.302221
v 26.450970 228.929138 16.946180
v 29.869869 231.673126 11.628253
v 28.292381 228.759583 14.426540
v 52.454918 249.515121 6.191579
v 54.476742 249.795151 6.865972
v 47.580978 252.800461 4.531451
v 50.846973 251.465729 5.976859
v 49.805676 252.759949 5.829613
v 48.864708 253.885223 5.660306
v 53.706055 250.734055 6.778794
v 53.029610 251.599228 6.690354
v 52.148724 252.629333 6.558596
v 51.178749 253.818451 6.465772
v 50.176407 255.037125 6.309624
v 47.683762 255.272614 5.545210
v 52.357590 254.839066 6.622887
v 53.427643 253.614334 6.859606
v 54.257431 252.639313 6.971500
v 48.964092 256.472748 6.192563
v 51.344002 256.030182 6.509830
v 53.725594 256.032257 6.424009
v 54.832153 254.787979 6.545141
v 52.678898 257.277557 6.318778
v 50.181034 257.490448 6.385887
v 55.205246 257.324768 6.035234
v 46.502956 256.675262 5.488641
v 47.755413 257.944641 6.143631
v 56.348503 256.040894 6.081037
v 55.753471 253.789825 6.655256
v 54.049431 258.601440 6.042445
v 51.474060 258.769745 6.239542
v 48.972706 259.059326 6.390469
v 45.262161 258.124573 5.513166
v 46.498573 259.481171 6.171474
v 55.285309 259.701385 5.318590
v 56.444916 258.421295 5.299375
v 57.571381 257.138641 5.278586
v 52.757244 260.069763 6.028063
v 50.250568 260.364685 6.276861
v 47.668751 260.705292 6.425579
v 57.584904 259.395752 4.470281
v 44.150818 259.401184 5.629560
v 45.309853 260.889526 6.289355
v 56.396099 260.793793 4.528502
v 53.985447 261.237335 5.421750
v 51.421238 261.645111 6.062648
v 48.908840 262.001831 6.398386
v 46.370193 262.324585 6.574526
v 58.665318 258.125336 4.440300
v 58.683311 260.353271 3.396493
v 43.357853 260.304291 5.777090
v 44.405735 261.888214 6.464670
v 57.495491 261.804779 3.469068
v 55.098942 262.357574 4.633837
v 52.624432 262.862793 5.555433
v 50.016830 263.314941 6.206253
v 47.443069 263.713531 6.544868
v 45.431244 263.475342 6.762669
v 42.555038 261.124695 6.000203
v 43.531788 262.840820 6.708395
v 53.718288 263.995911 4.704720
v 56.158543 263.391022 3.534407
v 51.095558 264.558502 5.643362
v 48.522717 265.075439 6.322774
v 46.436588 264.924530 6.756943
v 44.468002 264.525421 7.039740
v 41.659744 261.948639 6.290441
v 42.498264 263.835846 7.061279
v 52.213142 265.767822 4.799697
v 54.722996 265.096954 3.594651
v 49.555763 266.322937 5.842888
v 47.439671 266.392731 6.547082
v 45.356579 266.171509 7.111053
v 43.282505 265.678009 7.446817
v 40.701923 262.780273 6.653618
v 41.375221 264.805054 7.471189
v 50.628147 267.563385 4.979171
v 53.219955 266.889069 3.650738
v 48.451439 267.730072 6.049401
v 46.263172 267.847168 6.926066
v 44.097446 267.544403 7.616949
v 42.006004 266.839172 7.920287
v 39.716881 263.501801 7.070797
v 40.267254 265.642242 7.938691
v 49.499676 269.077942 5.152296
v 51.710461 268.713898 3.759084
v 47.193718 269.500610 6.449761
v 44.962463 269.337860 7.448828
v 42.694988 268.881470 8.154241
v 40.781979 267.843475 8.428642
v 38.692822 264.042114 7.514241
v 39.068844 266.286285 8.426035
v 50.473812 270.364624 3.897952
v 48.112545 271.010834 5.533436
v 45.853378 271.270660 6.903556
v 43.433334 270.961731 7.998989
v 41.356239 270.118591 8.617658
v 39.437199 268.709442 8.943666
v 37.757420 264.296204 8.030946
v 37.984943 266.660950 9.026389
v 46.707001 272.976227 5.974193
v 49.042126 272.463074 4.246849
v 44.284401 273.135468 7.397567
v 41.982639 272.468079 8.410892
v 39.926037 271.267303 9.076228
v 38.237823 269.379242 9.585590
v 36.826588 264.162750 8.678282
v 36.874130 266.718201 9.943806
v 47.442383 274.612122 4.659012
v 44.949226 275.139221 6.449675
v 42.688309 274.764648 7.854226
v 40.455345 273.819366 8.875433
v 38.616535 272.178406 9.623594
v 37.030930 269.810638 10.393007
v 43.282211 276.959442 6.838519
v 45.700966 276.921509 5.095694
v 41.080135 276.359558 8.293931
v 39.059120 274.885559 9.344502
v 37.277103 272.791199 10.281060
v 41.660828 278.595612 7.134783
v 43.922592 278.931000 5.472034
v 39.520855 277.608307 8.595491
v 37.587246 275.653442 9.854288
v 39.994122 280.054932 7.450566
v 42.120422 280.750549 5.738635
v 37.859249 278.628906 9.011716
v 46.261051 278.392761 3.448366
v 44.421871 280.422729 3.796682
v 38.195957 281.265594 7.813218
v 40.412113 282.281860 5.956254
v 42.465244 282.428345 4.077684
v 46.787930 279.616425 1.590232
v 44.804062 281.712738 1.906931
v 38.378273 283.558289 6.265792
v 40.642841 283.992798 4.353829
v 42.804790 283.965790 2.172005
v 47.231388 280.412048 -0.502030
v 45.240955 282.767456 -0.276347
v 48.861614 277.114624 1.298043
v 49.291950 277.776642 -0.647141
v 38.585743 285.371216 4.621110
v 40.873077 285.710999 2.465258
v 43.121487 285.246124 -0.099854
v 47.608105 280.837372 -2.715667
v 49.597916 278.142639 -2.762287
v 45.574211 283.414246 -2.685021
v 51.087055 275.347717 -0.817015
v 51.359978 275.607819 -2.802890
v 38.792538 286.903442 2.673856
v 41.092152 287.063416 -0.007319
v 43.344784 286.003662 -2.628164
v 45.785782 283.562225 -5.137108
v 31.213211 234.193390 8.635139
v 32.399071 236.603409 5.346836
v 33.355835 238.949738 1.834794
v 26.261290 225.322357 16.949875
v 24.208153 225.410858 19.286770
v 31.018648 231.280701 8.776903
v 29.782675 228.523422 11.710188
v 28.044415 225.204117 14.433333
v 32.210049 233.710129 5.519880
v 33.095421 235.989777 2.115570
v 33.857578 238.267075 -1.330514
v 26.118717 221.642258 16.970953
v 32.030602 230.840332 5.722262
v 30.895969 228.225937 8.864848
v 29.642405 225.025833 11.737416
v 27.866318 221.583893 14.429833
v 32.923302 233.215958 2.305521
v 33.611732 235.376099 -1.097533
v 34.055798 240.547302 -4.720757
v 33.714321 237.704102 -4.349474
v 32.794746 230.366776 2.528855
v 31.856833 227.811172 5.875285
v 30.807781 224.804092 8.893439
v 29.438580 221.471222 11.717509
v 33.393356 232.724426 -0.842484
v 33.542007 234.879089 -4.066446
v 33.264809 229.915070 -0.655601
v 32.625313 227.354172 2.724561
v 31.640926 224.497772 5.902233
v 30.803282 221.338318 8.979768
v 33.439011 232.299911 -3.904718
v 33.262177 229.535828 -3.772421
v 33.119431 226.932114 -0.513422
v 32.425251 224.134247 2.840379
v 31.637283 221.127533 5.983859
v 30.620853 217.838577 8.973422
v 33.044327 226.574234 -3.728410
v 32.874931 223.771515 -0.323300
v 32.271500 220.860626 2.946609
v 31.630991 217.710892 6.077718
v 32.828522 223.450439 -3.557476
v 32.749786 220.565933 -0.155087
v 32.229424 217.505997 3.053249
v 31.531776 214.169144 6.181951
v 30.429180 214.273865 9.017226
v 29.280708 217.902603 11.863629
v 32.716228 220.283676 -3.327216
v 32.711895 217.270065 -0.026284
v 32.355576 214.003311 3.177717
v 30.479071 210.507996 9.161614
v 31.527290 210.441467 6.259242
v 29.282116 214.282089 11.977742
v 27.791887 217.939117 14.538642
v 32.853550 217.045395 -3.123212
v 32.934204 213.799225 0.063081
v 32.576622 210.250656 3.272336
v 31.700441 206.404709 6.403012
v 30.812607 206.459320 9.398893
v 29.432276 210.461166 12.138269
v 27.866669 214.221664 14.668432
v 26.053085 217.917404 17.026814
v 33.086788 213.596436 -3.046811
v 33.351032 210.086273 0.145490
v 32.759663 206.287552 3.343827
v 32.087585 202.401199 6.602162
v 31.329489 202.398773 9.609999
v 29.743837 206.415222 12.268034
v 27.983231 210.341156 14.788025
v 26.074244 214.113892 17.121128
v 24.008364 217.868805 19.338875
v 24.073214 221.666763 19.296879
v 33.397114 209.904022 -2.997321
v 33.662167 206.199158 0.211167
v 32.968616 202.346771 3.446423
v 33.396217 198.492249 3.578131
v 32.703003 198.467987 6.775424
v 30.041681 202.339935 12.396921
v 31.740923 198.379349 9.738382
v 28.161028 206.321381 14.887128
v 26.158508 210.196381 17.223450
v 24.018105 213.999481 19.408476
v 33.766823 206.114105 -2.966048
v 33.873783 202.334824 0.248742
v 34.194427 198.547882 0.260545
v 34.076622 194.594681 3.680132
v 33.182686 194.446106 6.848002
v 33.960621 202.318069 -2.941610
v 28.381308 202.270096 14.968025
v 26.311729 206.197189 17.330095
v 24.097263 210.052719 19.493462
v 34.143497 198.540710 -2.928756
v 34.735943 194.715103 0.219027
v 35.424191 191.014587 0.249151
v 34.610939 190.852997 3.748449
v 34.511963 194.712952 -3.008246
v 26.518347 202.166718 17.405443
v 24.241470 206.052246 19.588226
v 36.009937 187.410324 0.255198
v 35.121380 190.938751 -3.163380
v 24.444925 202.030060 19.682089
v 26.795816 198.158813 17.468733
v 21.930119 205.890823 21.581240
v 21.802454 209.905518 21.496595
v 35.783733 187.382187 -3.239813
v 22.113562 201.863800 21.689476
v 24.690414 198.023575 19.751497
v 19.388309 205.724350 23.254591
v 19.279608 209.761353 23.166235
v 19.538038 201.682663 23.369865
v 22.316532 197.848251 21.764854
v 24.984022 194.076172 19.812487
v 27.083614 194.226547 17.546818
v 28.663084 198.246689 15.013461
v 16.671518 205.563110 24.613647
v 16.590284 209.631302 24.531687
v 16.772251 201.503052 24.703611
v 19.690966 197.649902 23.443432
v 22.557737 193.877304 21.848640
v 27.382837 190.400833 17.656002
v 25.279461 190.220230 19.912676
v 28.989079 194.314468 15.099724
v 30.320271 198.297119 12.440747
v 13.847950 205.416870 25.652100
v 13.800555 209.525970 25.582098
v 13.903908 201.341171 25.695429
v 16.875359 197.451126 24.771576
v 19.834305 193.646912 23.547037
v 22.718872 189.995071 21.936817
v 27.812494 186.680359 17.756411
v 29.429699 190.525604 15.172388
v 25.650728 186.457687 20.065434
v 30.601818 194.339554 12.424232
v 11.035501 205.311462 26.373713
v 11.014904 209.455460 26.369568
v 13.961168 197.281723 25.742979
v 11.060358 201.229431 26.336981
v 16.982576 193.407883 24.838676
v 19.915117 189.730392 23.612267
v 22.988527 186.200989 22.105721
v 29.900185 186.854752 15.236752
v 28.310364 183.034149 17.933823
v 31.151026 190.595108 12.548935
v 26.047056 182.777924 20.217993
v 31.963202 194.354431 9.755705
v 11.105278 197.187927 26.339743
v 47.817657 280.950653 -5.038696
v 49.768490 278.204254 -4.935740
v 51.486732 275.650177 -4.881943
v 52.849510 273.198059 -2.817637
v 39.011803 288.363708 0.145688
v 41.286549 287.877747 -2.590310
v 43.491577 286.155426 -5.218539
v 45.850342 283.347565 -7.653307
v 43.596165 286.010712 -7.866754
v 47.837502 280.797058 -7.406069
v 49.731323 278.059052 -7.195416
v 52.982193 273.238525 -4.848707
v 51.449760 275.483215 -7.075852
v 39.200993 289.279816 -2.493247
v 41.366299 288.097198 -5.231688
v 39.342564 289.513733 -5.174358
v 41.451622 287.983582 -7.909607
v 43.538548 285.345001 -10.533361
v 45.833279 282.804901 -10.204541
v 41.364162 287.365936 -10.660247
v 47.736298 280.345093 -9.896780
v 49.701679 277.771576 -9.584617
v 39.412701 289.558441 -7.777789
v 39.463375 288.799957 -10.635898
v 51.397663 275.107574 -9.334660
v 53.030396 273.028900 -6.948476
v 41.219769 286.042999 -13.226543
v 43.327057 284.113007 -13.047847
v 45.636742 281.771484 -12.653115
v 39.373730 287.472595 -13.294297
v 47.548325 279.575623 -12.284135
v 49.459061 277.083252 -11.820850
v 51.203602 274.521759 -11.461350
v 53.004833 272.669342 -9.101491
v 40.978214 284.039368 -15.745586
v 39.159878 285.367004 -16.002666
v 42.998108 282.288971 -15.405351
v 45.236130 280.274811 -14.965627
v 47.125191 278.135345 -14.578505
v 48.974274 275.892303 -14.017812
v 52.827168 272.119720 -11.160308
v 50.748306 273.504974 -13.577465
v 40.591812 281.578583 -18.084673
v 38.861668 282.803864 -18.431585
v 42.503468 280.091827 -17.597633
v 44.666451 278.213593 -17.091633
v 46.466125 276.347748 -16.671539
v 48.319626 274.386566 -16.071358
v 50.114521 272.171448 -15.523954
v 52.389645 271.256683 -13.190278
v 38.554729 280.031097 -20.437307
v 40.095688 279.126740 -20.025171
v 41.877865 277.769470 -19.558392
v 43.938103 276.084015 -18.990480
v 45.748363 274.411255 -18.418886
v 47.506374 272.626953 -17.801689
v 49.260357 270.571930 -17.154259
v 51.718422 270.109680 -15.060019
v 38.171223 276.783783 -21.957802
v 39.568943 276.222351 -21.478706
v 41.232334 275.158600 -21.036282
v 43.139870 273.774658 -20.450832
v 44.824413 272.136475 -19.735149
v 46.453484 270.554382 -19.104654
v 48.157490 268.766205 -18.476202
v 50.826412 268.657654 -16.678352
v 37.671932 273.358582 -22.750044
v 38.947453 272.975861 -22.293119
v 40.435360 272.261200 -21.774664
v 42.230862 271.173737 -21.235479
v 43.811905 269.780823 -20.645090
v 45.366058 268.396667 -20.065441
v 46.906960 266.841309 -19.538139
v 49.665611 267.006500 -18.038956
v 37.137325 269.943054 -22.894472
v 38.298813 269.661224 -22.471752
v 39.694538 269.152222 -21.958660
v 41.193691 268.378021 -21.533203
v 42.744999 267.205505 -21.027475
v 44.147030 266.089874 -20.646025
v 45.475449 264.747040 -20.254803
v 48.276302 265.257019 -19.102631
v 36.674290 266.710602 -22.682592
v 37.767200 266.527283 -22.276613
v 38.985638 266.081177 -21.889946
v 40.289845 265.417267 -21.434347
v 41.569153 264.659485 -21.036100
v 42.857445 263.641235 -20.632385
v 44.068764 262.687744 -20.272839
v 46.781044 263.495270 -19.902668
v 36.275818 263.579956 -21.795574
v 37.206264 263.549500 -21.502108
v 38.263969 263.299561 -21.088661
v 39.365139 262.850464 -20.703417
v 40.434841 262.214813 -20.344498
v 41.477272 261.478546 -20.066139
v 42.477043 260.657288 -19.824848
v 45.239868 261.517151 -19.977114
v 35.967216 260.850983 -20.493933
v 36.790173 260.888031 -20.130308
v 37.655956 260.702820 -19.715693
v 38.564587 260.392578 -19.373285
v 39.413418 259.960754 -19.093914
v 40.391201 259.380157 -18.927080
v 41.309280 258.661865 -18.765274
v 43.683014 259.585571 -19.593170
v 35.886318 258.694336 -18.409807
v 36.578499 258.949188 -18.120657
v 37.347980 258.954346 -17.848726
v 38.095394 258.723999 -17.655106
v 38.863312 258.297638 -17.414158
v 39.557465 257.813354 -17.254223
v 40.277012 257.179962 -17.086107
v 42.225567 257.874390 -18.603058
v 35.977791 257.219971 -15.867673
v 36.553280 257.619934 -15.659616
v 37.162880 257.806732 -15.429558
v 37.857025 257.735138 -15.168899
v 38.528316 257.336029 -14.927212
v 39.155190 256.877716 -14.733393
v 39.786686 256.306122 -14.586057
v 41.076252 256.378998 -16.955780
v 36.259224 255.985779 -12.662194
v 36.671600 256.661835 -12.550966
v 37.129738 256.907227 -12.437855
v 37.686314 256.926178 -12.309348
v 38.243080 256.599304 -12.184962
v 38.831078 256.156708 -12.049737
v 39.403641 255.629181 -11.953851
v 40.473969 255.578857 -14.497048
v 36.575516 255.717621 -9.348391
v 36.893459 256.245087 -9.389101
v 37.238377 256.400360 -9.427412
v 37.657120 256.404053 -9.424635
v 38.103184 256.180695 -9.406301
v 38.690323 255.738373 -9.380535
v 39.188000 255.339188 -9.346133
v 40.061260 255.057495 -11.851656
v 37.799629 256.363098 -6.704023
v 37.411575 256.387878 -6.641904
v 37.062244 256.246887 -6.549600
v 38.254799 256.142914 -6.745739
v 38.752636 255.741119 -6.766108
v 36.738415 255.837921 -6.393352
v 39.258671 255.328857 -6.770841
v 39.811104 254.803696 -9.314647
v 39.816483 254.833405 -6.770549
v 14.011046 193.198563 25.766436
v 17.077448 189.439117 24.844183
v 20.106033 185.917191 23.754065
v 23.288546 182.504578 22.204029
v 32.509201 190.643845 9.823078
v 31.743439 186.995407 12.641663
v 30.470886 183.254547 15.360501
v 28.834238 179.398972 18.100334
v 26.441671 179.110092 20.358583
v 14.050056 189.170700 25.722902
v 11.143036 193.089020 26.360634
v 17.176870 185.616119 24.851250
v 20.251440 182.235733 23.855589
v 23.560780 178.829926 22.353130
v 26.847229 175.410507 20.514486
v 29.404976 175.710571 18.260494
v 14.106643 185.338882 25.662584
v 11.161944 189.017197 26.313679
v 17.242268 181.990036 24.906113
v 20.435076 178.582336 24.023457
v 23.877468 175.144409 22.503111
v 27.167080 171.854462 20.530502
v 29.836462 172.146072 18.285721
v 11.223998 185.181107 26.304243
v 14.179372 181.787430 25.723495
v 17.354496 178.381485 25.089630
v 20.611223 174.904861 24.156750
v 24.031847 171.596481 22.473291
v 30.254747 168.381638 18.228281
v 27.433628 168.089859 20.458433
v 14.324288 178.195175 25.866549
v 11.284722 181.644608 26.395535
v 17.477680 174.701614 25.213799
v 20.675674 171.336990 24.157475
v 24.154957 167.880066 22.363792
v 27.764946 164.481018 20.485916
v 14.423702 174.526810 25.958611
v 11.339217 178.024429 26.495155
v 17.591320 171.104355 25.315481
v 20.809494 167.726425 24.151211
v 24.437613 164.153214 22.398699
v 14.544662 170.925690 26.015835
v 11.443712 174.357422 26.524569
v 17.711100 167.492935 25.306725
v 20.935198 163.941376 24.146854
v 24.242102 163.199371 21.955843
v 27.510033 163.249298 19.998394
v 11.473063 170.796539 26.599388
v 14.581436 167.287979 25.985106
v 17.765923 163.759277 25.220814
v 20.781750 163.005798 23.729324
v 14.638386 163.551178 25.977352
v 11.496503 167.166992 26.545370
v 17.656713 162.683319 24.810675
v 8.711711 174.226227 26.980789
v 8.743402 170.675491 26.918690
v 14.539732 162.539230 25.455496
v 11.501447 163.465271 26.471851
v 8.824982 167.099030 26.989037
v 5.640918 174.113007 27.348976
v 5.669116 170.560562 27.292923
v 11.377268 162.508148 25.976860
v 8.781511 163.378326 26.957727
v 5.728536 166.991821 27.315552
v 2.904507 174.016312 27.617290
v 2.917411 170.455872 27.636572
v 2.889080 177.717865 27.666227
v 5.598684 177.790359 27.404430
v 8.682840 162.427505 26.420071
v 5.736639 163.334381 27.358829
v 2.915710 166.883087 27.618504
v 0.000000 173.947662 27.754965
v 0.000000 177.672043 27.780638
v 0.000000 170.371002 27.762297
v 2.874607 181.395523 27.612511
v 0.000000 181.373398 27.746714
v 5.566186 162.355545 26.899801
v 2.914376 163.329071 27.652975
v 0.000000 166.779495 27.754862
v -2.917411 170.455872 27.636572
v -2.904507 174.016312 27.617290
v -2.889080 177.717865 27.666227
v -2.915710 166.883087 27.618504
v 0.000000 184.956421 27.658798
v -2.874607 181.395523 27.612511
v 2.841861 162.337112 27.254183
v 0.000000 163.295486 27.822981
v -2.914376 163.329071 27.652975
v -5.669116 170.560562 27.292923
v -5.728536 166.991821 27.315552
v -5.640918 174.113007 27.348976
v -5.598684 177.790359 27.404430
v -5.736639 163.334381 27.358829
v -5.553414 181.452881 27.339207
v -2.844417 184.971329 27.531521
v 0.000000 162.322723 27.443304
v -2.841861 162.337112 27.254183
v -5.566186 162.355545 26.899801
v -8.743401 170.675491 26.918690
v -8.824982 167.099030 26.989037
v -8.781511 163.378326 26.957727
v -8.711711 174.226227 26.980789
v -8.631425 177.889969 27.041910
v -8.682840 162.427505 26.420071
v -8.545535 181.533127 26.950211
v -5.521720 185.015778 27.272339
v -11.473063 170.796539 26.599388
v -11.496503 167.166992 26.545370
v -11.501447 163.465271 26.471851
v -11.377268 162.508148 25.976860
v -11.443712 174.357422 26.524569
v -11.339217 178.024429 26.495155
v -11.284722 181.644608 26.395535
v -8.463454 185.088364 26.838953
v -14.544662 170.925690 26.015835
v -14.581436 167.287979 25.985106
v -14.638386 163.551178 25.977352
v -14.539732 162.539230 25.455496
v -14.423702 174.526810 25.958611
v -14.324288 178.195175 25.866549
v -14.179372 181.787430 25.723495
v -11.223998 185.181107 26.304243
v -17.591320 171.104355 25.315481
v -17.711100 167.492935 25.306725
v -17.765923 163.759277 25.220814
v -17.656710 162.683319 24.810675
v -17.477680 174.701614 25.213799
v -17.354496 178.381485 25.089630
v -17.242268 181.990036 24.906113
v -14.106643 185.338882 25.662584
v -20.675674 171.336990 24.157475
v -20.809494 167.726425 24.151211
v -20.935198 163.941376 24.146854
v -20.781750 163.005798 23.729324
v -20.611223 174.904861 24.156750
v -20.435076 178.582336 24.023457
v -20.251440 182.235733 23.855589
v -17.176870 185.616119 24.851250
v -24.031847 171.596481 22.473291
v -24.154957 167.880066 22.363792
v -24.437613 164.153214 22.398699
v -24.242102 163.199371 21.955843
v -23.877472 175.144409 22.503111
v -23.560780 178.829926 22.353130
v -23.288546 182.504578 22.204029
v -20.106033 185.917191 23.754065
v -27.167080 171.854462 20.530502
v -27.433628 168.089859 20.458433
v -27.764946 164.481018 20.485916
v 40.434254 254.206070 -9.300523
v 40.686260 254.400925 -11.809915
v 41.177170 254.781021 -14.394209
v 40.481998 254.186111 -6.792057
v 41.445530 253.201630 -9.232182
v 41.710480 253.335007 -11.723285
v 42.206890 253.670380 -14.256943
v 41.835266 255.539536 -16.822403
v 43.021885 254.283936 -16.599892
v 41.382088 253.313187 -6.742446
v 43.315144 252.330704 -14.060914
v 42.792904 252.080841 -11.579612
v 44.385357 252.944260 -16.373877
v 42.439789 252.184830 -6.726089
v 42.497871 252.033798 -9.169260
v 44.430897 255.523453 -18.328379
v 43.205952 256.833954 -18.504610
v 45.758568 254.093887 -18.010864
v 44.430443 251.041763 -13.821116
v 45.605137 251.641449 -16.123175
v 43.881783 250.830566 -11.418791
v 47.062737 252.800552 -17.646618
v 43.519253 251.021927 -6.654995
v 43.591061 250.835617 -9.054482
v 45.609745 249.764664 -13.556799
v 47.466942 255.682007 -18.889099
v 46.057911 257.262756 -19.188213
v 44.705738 258.542938 -19.466702
v 48.811298 254.341400 -18.522882
v 44.938595 249.498108 -11.222317
v 48.275784 251.569321 -17.391556
v 46.807659 250.412018 -15.862805
v 44.628281 249.782318 -6.549520
v 44.670940 249.559891 -8.905142
v 46.682781 248.508499 -13.301392
v 47.938293 249.243790 -15.625808
v 46.059238 248.273285 -11.013021
v 49.227070 257.401672 -19.123177
v 50.576866 255.987152 -18.724897
v 47.737469 258.996277 -19.439972
v 50.099445 253.077911 -18.211554
v 49.480404 250.355270 -17.150484
v 49.125160 248.098740 -15.297872
v 47.842487 247.391571 -13.038760
v 50.857075 259.087006 -18.847855
v 45.684006 248.552643 -6.473835
v 45.780426 248.352219 -8.752048
v 47.157383 247.107330 -10.802740
v 52.281666 257.645386 -18.385775
v 51.916534 254.688324 -18.352716
v 51.349808 251.873169 -17.885107
v 50.681530 249.221436 -16.843735
v 48.919411 246.307281 -12.784396
v 50.271198 247.030701 -14.986145
v 46.741676 247.378769 -6.361136
v 46.880726 247.182281 -8.566212
v 48.257160 246.047958 -10.544111
v 50.007317 245.243942 -12.525882
v 53.199715 253.470306 -18.004480
v 53.673645 256.333832 -17.991661
v 52.531399 250.741592 -17.534508
v 51.797287 248.152283 -16.518345
v 51.343880 246.029572 -14.662397
v 47.928219 246.114746 -8.369901
v 49.341549 244.946915 -10.269574
v 51.267227 244.145035 -12.234705
v 47.802143 246.241180 -6.187392
v 54.969685 255.054367 -17.654158
v 54.423206 252.330261 -17.654570
v 53.654331 249.646774 -17.218552
v 52.906307 247.135605 -16.157579
v 52.596546 244.885483 -14.324297
v 48.995667 244.984085 -8.140833
v 50.549553 243.812881 -9.975596
v 52.419075 243.185455 -11.955507
v 48.834129 245.122482 -5.981958
v 50.111401 243.851593 -7.906070
v 56.191448 253.889847 -17.278343
v 55.586292 251.256104 -17.339802
v 54.785290 248.571869 -16.926250
v 54.153370 245.989670 -15.800448
v 53.694817 243.950302 -14.029777
v 51.638062 242.777313 -9.686121
v 53.490868 242.220886 -11.705152
v 49.872913 243.928802 -5.727345
v 51.179443 242.739517 -7.683542
v 52.698269 241.757751 -9.423266
v 56.747765 250.187958 -17.018501
v 57.349182 252.774628 -16.974871
v 55.941696 247.381912 -16.551880
v 55.168552 245.031235 -15.476520
v 54.741657 242.983002 -13.742266
v 54.540676 241.293457 -11.466518
v 50.929333 242.757233 -5.513651
v 52.214344 241.597214 -7.476646
v 53.713573 240.862610 -9.175684
v 58.495598 251.663879 -16.594683
v 57.859756 249.127762 -16.646069
v 56.896027 246.473145 -16.230783
v 56.167500 244.046280 -15.186296
v 55.728081 242.038269 -13.495454
v 54.996494 241.365646 -11.202918
v 56.186550 242.076309 -13.131506
v 51.940891 241.683502 -5.328688
v 53.174961 240.688583 -7.273614
v 54.210567 240.950333 -9.003632
v 53.709805 240.772934 -7.169168
v 58.916473 248.088470 -16.284271
v 59.536041 250.655106 -16.268015
v 57.956638 245.376892 -15.923442
v 57.193130 243.036301 -14.905707
v 57.485550 242.971344 -14.421667
v 52.916901 240.707535 -5.135966
v 53.467182 240.795944 -5.096064
v 60.681202 249.540283 -15.857287
v 59.942051 247.058395 -15.943059
v 58.930580 244.350891 -15.592911
v 59.130283 244.216339 -15.075364
v 61.697838 248.540970 -15.518942
v 60.875210 246.066666 -15.656991
v 60.987095 245.858429 -15.143561
v 60.969864 251.925110 -15.603307
v 62.117233 250.805130 -15.214692
v 63.101635 249.808762 -14.894660
v 62.644760 247.588318 -15.311769
v 62.686306 247.320480 -14.813994
v 62.273685 253.085983 -14.645238
v 63.321472 251.888321 -14.347418
v 64.243820 250.833267 -14.120907
v 64.018150 248.855835 -14.653735
v 63.986439 248.520615 -14.182015
v 64.992844 249.486481 -13.489214
v 65.041519 249.878540 -13.924279
v 65.142128 251.752731 -13.297256
v 65.870918 250.797623 -13.136991
v 63.344433 254.077194 -13.776574
v 64.293755 252.860321 -13.517083
v 65.784370 250.355545 -12.739007
v 65.096451 253.667496 -12.468451
v 65.930481 252.574768 -12.255305
v 66.700829 251.675980 -12.122836
v 66.591858 251.199005 -11.755057
v 66.680855 253.376709 -10.986365
v 64.213570 254.940063 -12.658681
v 65.862633 254.486099 -11.124122
v 67.277023 251.898041 -10.542579
v 67.422729 252.416901 -10.849216
v 62.430740 255.210632 -14.017901
v -27.510033 163.249298 19.998394
v -26.847229 175.410507 20.514486
v -26.441671 179.110092 20.358582
v -30.254747 168.381638 18.228281
v -29.836462 172.146072 18.285721
v -26.047056 182.777924 20.217991
v -22.988527 186.200989 22.105721
v -29.404976 175.710571 18.260494
v -28.834238 179.398972 18.100334
v -30.430017 163.479401 17.818798
v -30.766949 164.596741 18.260691
v -32.583389 168.614502 15.948337
v -32.182575 172.468811 15.834394
v -31.679104 175.983322 15.730198
v -28.310364 183.034149 17.933823
v -25.650728 186.457687 20.065432
v -31.008820 179.664078 15.521703
v -32.754871 163.819275 15.598436
v -33.206348 164.833786 16.017775
v -35.088181 165.090530 13.436365
v -34.504959 168.836914 13.224839
v -34.123146 172.710297 13.172254
v -33.637241 176.236267 13.042464
v -34.554287 164.059326 13.086226
v -32.921787 179.882492 12.876643
v -30.470886 183.254547 15.360501
v -29.900185 186.854752 15.236752
v -27.812494 186.680359 17.756411
v -35.912907 164.223801 10.676442
v -36.405968 165.367462 10.955153
v -35.833618 168.997162 10.700129
v -35.429119 172.888290 10.591742
v -34.870083 176.449905 10.435622
v -34.271206 180.095779 10.215848
v -32.289497 183.447144 12.697937
v -31.743439 186.995407 12.641663
v -29.429699 190.525604 15.172387
v -31.151026 190.595108 12.548935
v -37.263817 164.438568 7.737125
v -37.853821 165.544632 7.887124
v -37.283497 169.181015 7.685370
v -36.805813 173.067429 7.526336
v -36.113377 176.614594 7.252076
v -33.633213 183.645126 10.021267
v -35.399742 180.235886 7.104397
v -32.509201 190.643845 9.823078
v -33.015564 187.123444 9.878632
v -31.963202 194.354431 9.755705
v -30.601818 194.339554 12.424232
v -38.275566 164.602493 4.531067
v -39.005402 165.665543 4.643251
v -38.396595 169.392365 4.497779
v -37.862377 173.237503 4.362739
v -37.167973 176.807693 4.188697
v -34.788990 183.733383 6.917044
v -34.061768 187.217484 6.826449
v -36.353584 180.407425 4.036448
v -33.581604 190.732727 6.815968
v -33.182686 194.446106 6.848002
v -31.740923 198.379349 9.738382
v -35.757866 183.882812 3.909953
v -38.830818 164.726456 0.835499
v -39.515686 165.768539 0.811192
v -38.880215 169.440094 0.701303
v -38.326206 173.315720 0.630610
v -37.748466 176.936722 0.485638
v -37.044621 180.445450 0.360879
v -34.610939 190.852997 3.748449
v -35.178173 187.321869 3.804381
v -34.076622 194.594681 3.680132
v -32.703003 198.467987 6.775424
v -36.491020 183.920013 0.257434
v -36.009937 187.410324 0.255198
v -35.424191 191.014587 0.249151
v -37.491070 176.838226 -3.352452
v -37.879036 173.177475 -3.369739
v -36.760548 180.468887 -3.286913
v -36.281994 183.930908 -3.295088
v -35.783733 187.382187 -3.239813
v -35.121380 190.938751 -3.163380
v -34.511963 194.712952 -3.008246
v -34.735943 194.715103 0.219027
v -34.143497 198.540710 -2.928756
v -34.194427 198.547882 0.260545
v -33.960621 202.318069 -2.941610
v -38.473076 169.353348 -3.410485
v -39.097431 165.692261 -3.401483
v -38.449173 164.588165 -3.205905
v -33.873783 202.334824 0.248742
v -33.766823 206.114105 -2.966048
v -32.968616 202.346771 3.446423
v -33.662167 206.199158 0.211167
v -33.396217 198.492249 3.578131
v -33.397114 209.904022 -2.997321
v -32.087585 202.401199 6.602162
v -32.759663 206.287552 3.343827
v -33.351032 210.086273 0.145490
v -33.086788 213.596436 -3.046811
v -31.700441 206.404709 6.403012
v -32.576622 210.250656 3.272336
v -32.934204 213.799225 0.063081
v -30.812607 206.459320 9.398893
v -31.329489 202.398773 9.609999
v -32.853550 217.045395 -3.123212
v -31.527290 210.441467 6.259242
v -30.479071 210.507996 9.161614
v -32.355576 214.003311 3.177717
v -32.711895 217.270065 -0.026284
v -31.531776 214.169144 6.181951
v -29.743837 206.415222 12.268034
v -29.432276 210.461166 12.138269
v -30.041681 202.339935 12.396921
v -32.229424 217.505997 3.053249
v -32.716228 220.283676 -3.327216
v -32.749786 220.565933 -0.155088
v -29.282116 214.282089 11.977742
v -30.429180 214.273865 9.017226
v -31.630991 217.710892 6.077718
v -32.271500 220.860626 2.946609
v -28.161028 206.321381 14.887128
v -27.983231 210.341156 14.788025
v -27.866669 214.221664 14.668432
v -27.791887 217.939117 14.538642
v -31.637283 221.127533 5.983859
v -26.158508 210.196381 17.223450
v -26.074244 214.113892 17.121128
v -26.053085 217.917404 17.026814
v -26.118717 221.642258 16.970953
v -24.008364 217.868805 19.338875
v -24.018105 213.999481 19.408476
v -24.073214 221.666763 19.296879
v -24.208153 225.410858 19.286770
v -26.261290 225.322357 16.949875
v -21.715792 217.809830 21.354534
v -21.778700 221.675003 21.327972
v -21.907068 225.487061 21.340370
v -26.450970 228.929138 16.946180
v -24.400904 229.076645 19.302221
v -19.377068 225.554199 23.045544
v -19.262573 221.673889 23.004728
v 68.032135 253.128357 -9.327223
v 67.247429 254.086151 -9.419250
v 67.860474 252.583908 -9.088024
v 64.966896 255.754791 -11.266757
v 63.344463 256.141479 -12.852882
v 66.431793 255.185349 -9.556632
v 61.426357 256.493378 -14.308036
v 61.317104 254.160599 -14.940635
v 68.228828 253.152267 -7.397270
v 68.406715 253.723373 -7.549025
v 67.620438 254.713089 -7.701241
v 64.066269 256.954681 -11.432246
v 65.544861 256.450867 -9.736287
v 62.328060 257.482697 -13.036982
v 66.771416 255.776169 -7.850754
v 60.279816 255.379837 -15.320558
v 60.382919 257.806641 -14.597515
v 59.980602 252.952423 -15.936894
v 68.343681 253.476837 -5.817854
v 68.519058 254.067383 -5.878290
v 67.734314 255.019882 -5.977943
v 63.055431 258.295105 -11.594202
v 64.592339 257.677582 -9.857165
v 65.873886 256.985016 -8.006679
v 61.300522 258.819977 -13.228496
v 66.891678 256.129028 -6.064792
v 58.876312 254.062164 -16.263496
v 59.216911 256.652954 -15.653365
v 59.220898 259.169159 -14.883835
v 68.250763 253.623138 -3.979260
v 68.401390 254.201416 -3.968848
v 67.572884 255.139893 -4.086473
v 62.008564 259.657959 -11.760762
v 63.591324 259.037476 -9.951231
v 64.933273 258.231934 -8.102798
v 65.967377 257.367615 -6.164426
v 60.164909 260.227539 -13.447903
v 66.705963 256.225403 -4.182750
v 57.923153 260.609985 -15.156114
v 58.069359 257.981750 -15.987951
v 67.900673 253.585159 -2.401179
v 68.018692 254.152100 -2.279812
v 67.182251 255.079498 -2.433444
v 60.853718 261.061157 -11.923243
v 62.556015 260.379517 -10.052059
v 63.926651 259.591644 -8.172213
v 65.036194 258.618439 -6.252244
v 65.734764 257.481537 -4.284704
v 58.902195 261.726868 -13.644273
v 66.265999 256.157471 -2.536272
v 67.384300 253.479980 -0.913151
v 67.477188 254.027069 -0.716671
v 66.641243 254.983002 -0.879695
v 59.581757 262.597290 -12.079208
v 61.409248 261.793701 -10.139149
v 62.864597 260.951843 -8.232186
v 64.033234 259.936432 -6.319827
v 64.833023 258.691162 -4.380290
v 65.336136 257.384369 -2.593364
v 65.761719 256.030823 -1.012199
v 66.872467 253.254593 0.210653
v 66.958542 253.793594 0.469879
v 66.058350 254.738663 0.458690
v 61.723656 262.391266 -8.338729
v 60.106140 263.376373 -10.263229
v 62.953407 261.293091 -6.361286
v 63.830074 259.982269 -4.459992
v 64.424934 258.567444 -2.656110
v 64.840904 257.184662 -1.087588
v 65.139824 255.774734 0.419430
v 66.229401 252.932053 1.484828
v 66.297577 253.452560 1.798591
v 65.316833 254.395645 1.817175
v 60.492992 263.902679 -8.406807
v 61.826836 262.693848 -6.430513
v 62.759315 261.296234 -4.497862
v 63.458164 259.830872 -2.684875
v 64.004066 258.345947 -1.124859
v 64.203552 256.855927 0.406781
v 64.370140 255.419739 1.853521
v 65.194946 252.285828 2.819232
v 65.217514 252.765747 3.202753
v 64.286354 253.767685 3.199031
v 60.568211 264.170135 -6.524354
v 61.619865 262.702301 -4.523337
v 62.425102 261.147614 -2.695081
v 63.059528 259.566620 -1.160668
v 63.338970 257.978180 0.403423
v 63.452530 256.445374 1.951581
v 63.368980 254.787476 3.280754
v 64.065872 251.485718 4.074164
v 64.045090 251.918304 4.502448
v 63.120590 252.944077 4.459913
v 60.399834 264.235748 -4.590713
v 61.304989 262.573090 -2.682493
v 62.071461 260.878113 -1.164207
v 62.429764 259.157898 0.355176
v 62.556679 257.472198 1.924234
v 62.464027 255.829437 3.349034
v 62.189575 253.999634 4.382761
v 62.739388 250.501022 5.166734
v 62.668491 250.891037 5.631671
v 61.811371 251.960373 5.448998
v 60.995216 262.300659 -1.138622
v 60.153393 264.104553 -2.675174
v 61.467831 260.459381 0.369544
v 61.658535 258.572357 1.888200
v 60.676437 259.783020 1.899429
v 61.641609 256.825165 3.350316
v 61.285240 255.060425 4.433387
v 60.921192 253.059586 5.351013
v 60.465538 250.976212 6.387979
v 61.499699 249.550095 6.020808
v 61.379341 249.890732 6.520581
v 60.789349 257.865845 3.365429
v 59.817112 263.865112 -1.095038
v 60.375874 261.868408 0.395596
v 59.604267 261.169312 1.897049
v 60.498402 256.013580 4.453928
v 60.076492 254.174866 5.302782
v 59.569096 252.102753 6.231040
v 59.126015 249.948624 6.954998
v 60.227745 248.525848 6.608551
v 60.040451 248.800156 7.137344
v 59.173183 263.385132 0.456695
v 58.415688 262.675537 1.950432
v 59.325752 255.096191 5.325971
v 59.649940 257.001160 4.461169
v 58.730328 253.202057 6.153969
v 58.172268 251.097107 6.853469
v 56.752399 249.915863 7.161788
v 57.745781 248.769348 7.266243
v 58.975105 247.447083 6.835620
v 58.722729 247.659058 7.372545
v 57.234299 252.124161 6.786055
v 58.043037 254.093384 6.133772
v 58.491692 256.074768 5.295465
v 55.797493 251.002213 7.111419
v 56.557487 252.921097 6.715197
v 57.201908 255.013596 6.090090
v 57.544746 246.090378 6.642515
v -22.085539 229.214096 21.370283
v -21.724728 213.884964 21.413233
v -19.206488 217.749664 23.024502
v -16.663929 225.617386 24.365595
v -19.516680 229.343903 23.079218
v -16.582474 221.674408 24.327982
v -22.305048 232.724716 21.375492
v -19.216656 213.776520 23.091150
v -16.539455 217.702209 24.367109
v -13.853842 225.678040 25.334341
v -16.753813 229.480927 24.406410
v -19.696236 232.917068 23.107635
v -13.811719 221.677979 25.338543
v -19.935234 236.257050 23.091278
v -16.866018 233.103867 24.446117
v -13.888954 229.625259 25.350655
v -11.029455 225.724350 26.017612
v -16.541178 213.686462 24.437626
v -13.778208 217.669922 25.388039
v -11.017244 221.670944 26.052893
v -17.026608 236.490555 24.456738
v -13.931126 233.290253 25.364851
v -11.016074 229.748993 25.969215
v -8.244177 225.735275 26.507124
v -13.773217 213.622696 25.491056
v -10.996395 217.650024 26.124117
v -8.252964 221.648468 26.570745
v -13.963444 236.714966 25.168663
v -17.240187 239.927841 24.401108
v -10.997247 233.433029 25.937277
v -8.221813 229.825882 26.381540
v -5.290391 225.715240 26.814131
v -14.091364 240.211090 25.200216
v -10.942318 236.927139 25.694397
v -8.196599 233.544525 26.306015
v -10.995806 213.586945 26.255383
v -8.245485 217.631592 26.638653
v -5.305034 221.626678 26.907131
v -5.272536 229.846542 26.645010
v -2.666980 225.675049 26.935648
v -2.646236 229.793701 26.758831
v -8.148481 237.130981 26.009468
v -5.251232 233.626450 26.529457
v -8.254560 213.560257 26.793999
v -5.318069 217.616028 26.979391
v -2.688472 221.623505 27.064545
v -2.724113 217.608124 27.154459
v 0.000000 225.627701 26.988298
v 0.000000 229.698059 26.804308
v 0.000000 233.626450 26.687202
v -2.614216 233.659836 26.644470
v -5.212696 237.328995 26.317257
v -5.341028 213.539291 27.146093
v 0.000000 221.593246 27.126736
v -2.712738 213.519287 27.348757
v 0.000000 217.582153 27.226686
v 2.688472 221.623505 27.064545
v 2.666980 225.675049 26.935648
v 2.646236 229.793701 26.758831
v 2.614216 233.659836 26.644470
v -2.678493 237.493713 26.476267
v 2.724113 217.608124 27.154459
v 5.305034 221.626678 26.907131
v 5.290391 225.715240 26.814131
v 2.712739 213.519287 27.348757
v 0.000000 213.496048 27.440172
v 5.272536 229.846542 26.645010
v 5.251232 233.626450 26.529457
v 5.212696 237.328995 26.317257
v 5.341028 213.539291 27.146093
v 5.318069 217.616028 26.979391
v 2.779768 209.354706 27.477934
v 8.252964 221.648468 26.570745
v 8.245485 217.631592 26.638653
v 8.221813 229.825882 26.381540
v 8.196599 233.544525 26.306015
v 8.148481 237.130981 26.009468
v 8.254560 213.560257 26.793999
v 8.164378 240.778259 25.809380
v 5.392308 209.378967 27.262756
v 8.290929 209.407608 26.910046
v 10.995806 213.586945 26.255383
v 10.996395 217.650024 26.124117
v 10.942318 236.927139 25.694397
v 10.997247 233.433029 25.937277
v 11.016274 240.494614 25.582542
v 11.210807 244.082413 25.509581
v 8.315166 205.257248 26.863499
v 13.773217 213.622696 25.491056
v 13.963444 236.714966 25.168663
v 14.091364 240.211090 25.200216
v 17.240187 239.927841 24.401108
v 17.026608 236.490555 24.456738
v 13.931126 233.290253 25.364851
v 16.866018 233.103867 24.446117
v 19.935234 236.257050 23.091278
v 11.016074 229.748993 25.969215
v 13.888954 229.625259 25.350655
v 19.696236 232.917068 23.107635
v 16.753813 229.480927 24.406410
v 22.305048 232.724716 21.375492
v 19.516680 229.343903 23.079218
v 11.029455 225.724350 26.017612
v 8.244177 225.735275 26.507124
v 13.853842 225.678040 25.334341
v 16.663929 225.617386 24.365595
v 22.085539 229.214096 21.370283
v 19.377068 225.554199 23.045544
v 21.907068 225.487061 21.340370
v 11.017244 221.670944 26.052893
v 13.811719 221.677979 25.338543
v 16.582474 221.674408 24.327982
v 19.262573 221.673889 23.004728
v 21.778700 221.675003 21.327972
v 13.778208 217.669922 25.388039
v 16.539455 217.702209 24.367109
v 19.206488 217.749664 23.024502
v 21.715792 217.809830 21.354534
v 16.541178 213.686462 24.437626
v 55.051876 251.800552 7.056277
v 59.789989 259.058838 3.385607
v 57.085258 264.290771 2.030879
v 55.660347 266.033478 2.173691
v 57.842972 265.018341 0.499195
v 56.422276 266.761047 0.607095
v 54.200043 267.876007 2.210405
v 56.980919 267.273346 -1.026677
v 58.430271 265.532806 -1.071686
v 54.955292 268.592010 0.692308
v 52.727215 269.673248 2.286148
v 55.506577 269.074921 -1.009394
v 57.237389 267.450836 -2.758483
v 58.711338 265.765839 -2.722730
v 53.504677 270.431274 0.709302
v 51.382912 271.468536 2.416082
v 55.744556 269.323883 -2.816362
v 54.036606 270.945221 -0.949725
v 52.155087 272.306213 0.770446
v 57.501690 267.575043 -4.675317
v 55.955929 269.366669 -4.713687
v 59.001595 265.830841 -4.597773
v 49.829636 273.696198 2.693839
v 54.291809 271.198792 -2.840545
v 54.464397 271.235535 -4.781469
v 52.659786 272.882965 -0.896213
v 50.567356 274.694977 1.016771
v 57.634575 267.451416 -6.710408
v 56.042614 269.226898 -6.789121
v 54.537571 271.027283 -6.873573
v 59.179836 265.758514 -6.618039
v 48.235672 276.001007 3.060381
v 56.005531 268.936157 -8.829797
v 57.552059 267.164795 -8.660032
v 54.506279 270.732635 -8.964537
v 59.088879 265.475983 -8.532571
v 55.722252 268.413025 -10.767962
v 54.306744 270.260132 -10.968023
v 57.261051 266.639923 -10.550392
v 58.729332 264.970642 -10.393884
v 55.306065 267.681671 -12.663346
v 53.844826 269.466370 -12.941685
v 56.775650 265.902222 -12.368498
v 58.257240 264.238098 -12.218798
v 54.563492 266.663696 -14.433524
v 53.136761 268.424683 -14.747306
v 56.076824 264.935333 -14.132458
v 57.530388 263.286652 -13.878962
v 53.626450 265.441986 -15.983700
v 52.187553 267.130035 -16.351440
v 55.171051 263.776947 -15.687370
v 56.591614 262.200836 -15.439615
v 53.935978 262.381531 -17.001492
v 55.393162 260.820343 -16.650534
v 50.933792 265.695557 -17.756727
v 52.428326 264.001587 -17.439152
v 52.456051 260.791718 -18.048870
v 53.930305 259.284424 -17.701853
v 55.273746 257.867767 -17.324524
v 56.734001 259.352173 -16.295755
v 49.449551 264.020752 -18.906349
v 51.028782 262.377228 -18.513536
v 56.581573 256.547821 -16.953642
v 47.900188 262.315369 -19.671028
v 49.366955 260.639557 -19.291813
v 57.733932 255.265900 -16.625843
v 46.306404 260.475128 -19.804844
v 36.736691 261.997925 6.927042
v 37.494247 262.159821 6.447599
v 36.669128 260.439514 5.183860
v 37.304817 260.628418 4.793091
v 38.297848 261.991272 6.042406
v 36.658333 259.098846 3.265577
v 37.987648 260.521454 4.444475
v 37.185150 259.378632 2.918293
v 39.166145 261.579498 5.661822
v 36.664761 258.008881 1.169443
v 38.748146 260.164490 4.116851
v 37.787518 259.371887 2.586364
v 37.124603 258.353210 0.868726
v 40.023407 260.985474 5.344357
v 36.702396 257.087677 -1.102043
v 39.503448 259.638733 3.822616
v 38.463032 259.118530 2.268002
v 37.664455 258.412109 0.595430
v 37.112652 257.453186 -1.349702
v 40.851913 260.307648 5.055351
v 36.763378 256.327698 -3.634472
v 39.114754 258.657471 2.008798
v 40.204723 259.032776 3.555445
v 38.246254 258.230499 0.352268
v 37.585312 257.557983 -1.558874
v 37.115604 256.682526 -3.834379
v 41.606857 259.606567 4.804628
v 36.738415 255.837921 -6.393352
v 38.840752 257.845734 0.144350
v 39.734833 258.095673 1.796650
v 40.892551 258.378845 3.355499
v 38.083839 257.431702 -1.725905
v 37.511101 256.807648 -3.990719
v 19.216656 213.776520 23.091150
v 21.724728 213.884964 21.413233
v 30.430017 163.479401 17.818798
v 30.766949 164.596741 18.260691
v 32.754871 163.819275 15.598436
v 32.583389 168.614502 15.948337
v 33.206348 164.833786 16.017775
v 34.554287 164.059326 13.086226
v 35.088181 165.090530 13.436365
v 34.504959 168.836914 13.224839
v 32.182575 172.468811 15.834394
v 35.912907 164.223801 10.676442
v 36.405968 165.367462 10.955153
v 35.833618 168.997162 10.700129
v 34.123146 172.710297 13.172254
v 31.679104 175.983322 15.730198
v 37.263817 164.438568 7.737125
v 37.853821 165.544632 7.887124
v 37.283497 169.181015 7.685370
v 35.429119 172.888290 10.591742
v 33.637241 176.236267 13.042464
v 31.008820 179.664078 15.521703
v 38.275566 164.602493 4.531067
v 39.005402 165.665543 4.643251
v 38.396595 169.392365 4.497779
v 36.805813 173.067429 7.526336
v 34.870083 176.449905 10.435622
v 32.921787 179.882492 12.876643
v 38.830818 164.726456 0.835499
v 39.515686 165.768539 0.811192
v 38.880215 169.440094 0.701303
v 37.862377 173.237503 4.362739
v 36.113377 176.614594 7.252076
v 34.271206 180.095779 10.215848
v 32.289497 183.447144 12.697937
v 38.449173 164.588165 -3.205905
v 39.097431 165.692261 -3.401483
v 33.633213 183.645126 10.021267
v 35.399742 180.235886 7.104397
v 37.167973 176.807693 4.188697
v 38.326206 173.315720 0.630610
v 38.473076 169.353348 -3.410485
v 37.879036 173.177475 -3.369739
v 36.353584 180.407425 4.036448
v 34.788990 183.733383 6.917044
v 37.748466 176.936722 0.485638
v 37.491070 176.838226 -3.352452
v 37.044621 180.445450 0.360879
v 35.757866 183.882812 3.909953
v 34.061768 187.217484 6.826449
v 36.760548 180.468887 -3.286913
v 36.491020 183.920013 0.257434
v 35.178173 187.321869 3.804381
v 36.281994 183.930908 -3.295088
v 33.581604 190.732727 6.815968
v 33.015564 187.123444 9.878632
v 36.402199 254.996597 -6.262493
v 36.575516 255.717621 -9.348391
v 36.738415 255.837921 -6.393352
v 36.214222 254.674591 -9.362309
v 36.242416 253.496307 -6.239874
v 36.259224 255.985779 -12.662194
v 35.906773 254.514328 -12.824284
v 36.002762 253.113159 -9.315821
v 35.883854 251.827057 -6.064017
v 35.325260 255.805069 -16.386200
v 35.977791 257.219971 -15.867673
v 35.569248 253.011017 -12.972844
v 34.539059 254.051819 -16.877785
v 35.215740 251.383942 -12.943171
v 35.720306 251.432037 -9.183937
v 33.897522 252.209930 -17.065432
v 33.465794 256.282013 -20.024326
v 34.906395 257.706055 -19.093321
v 35.585369 250.029266 -5.846911
v 35.886318 258.694336 -18.409807
v 33.329674 249.842911 -16.709953
v 34.810150 249.354630 -12.692548
v 35.422562 249.540695 -8.997952
v 31.199747 250.625076 -20.244810
v 31.552973 254.556778 -21.025906
v 30.918810 259.173248 -23.186003
v 33.353329 259.807251 -22.012135
v 34.979557 260.459534 -21.094528
v 35.215511 248.106644 -5.567903
v 35.967216 260.850983 -20.493933
v 32.941685 247.261536 -16.187447
v 30.813486 247.541275 -19.564703
v 34.440285 247.202698 -12.322552
v 35.106270 247.517395 -8.794423
v 27.997282 251.366257 -22.832117
v 27.808737 247.960480 -22.215422
v 27.952297 255.132996 -23.577215
v 27.826572 259.279175 -24.476528
v 33.547394 263.241516 -23.273483
v 35.223526 263.448181 -22.333445
v 34.915565 245.928375 -5.263104
v 34.691044 245.256134 -8.494925
v 30.432194 244.637329 -18.972971
v 27.512392 244.790939 -21.720026
v 24.527163 251.753540 -24.781073
v 24.500326 248.256378 -24.465990
v 24.356405 244.929153 -24.087425
v 24.450768 255.461746 -25.142254
v 24.372702 259.261597 -25.555481
v 33.671959 266.700500 -24.076687
v 34.467861 243.369339 -4.954512
v 24.209839 241.725311 -23.612026
v 27.275599 241.731110 -21.214252
v 20.712320 251.992615 -25.765661
v 20.740665 248.504654 -25.549585
v 20.715176 245.132385 -25.283028
v 20.654026 241.862991 -24.953033
v 20.671499 255.593155 -26.031025
v 20.570446 238.720261 -24.635668
v 24.065464 238.654724 -23.158604
v 17.025957 252.165436 -26.056738
v 17.113443 248.702850 -25.911392
v 17.172285 245.325089 -25.756971
v 17.164494 242.029434 -25.529419
v 17.131767 238.823685 -25.327080
v 20.500896 235.709610 -24.313730
v 17.139364 235.777725 -25.137999
v 13.315020 248.874344 -25.599892
v 13.318086 245.504410 -25.376966
v 13.295255 242.202240 -25.155340
v 13.324821 238.966904 -24.987362
v 13.378779 235.947281 -24.963467
v 13.369600 233.003708 -24.991604
v 17.114878 232.906586 -24.920599
v 9.865660 245.655060 -24.983128
v 9.892889 249.016495 -25.172235
v 9.837482 242.375092 -24.746418
v 9.870911 239.094467 -24.693928
v 9.834903 236.083374 -24.664267
v 9.803203 233.083511 -24.670681
v 37.062244 256.246887 -6.549600
v 42.349892 258.850769 4.628378
v 38.615383 257.106445 -1.871680
v 39.407467 257.331329 -0.026686
v 40.362560 257.494659 1.632244
v 41.581436 257.643036 3.194496
v 37.932972 256.723633 -4.103496
v 37.411575 256.387878 -6.641904
v 43.138432 257.953094 4.539537
v 38.405251 256.447418 -4.200490
v 39.139656 256.642944 -1.989640
v 39.984310 256.780212 -0.175763
v 40.997570 256.797150 1.513209
v 42.307053 256.773163 3.082289
v 37.799629 256.363098 -6.704023
v 44.130737 256.803680 4.453053
v 38.254799 256.142914 -6.745739
v 38.897659 256.036072 -4.283006
v 39.674351 256.126556 -2.098508
v 40.546417 256.142181 -0.312507
v 41.688759 255.955246 1.396477
v 43.179367 255.695709 2.984082
v 45.310566 255.420670 4.437541
v 38.752636 255.741119 -6.766108
v 39.408237 255.593857 -4.352006
v 40.209953 255.573257 -2.215306
v 41.182590 255.331024 -0.466691
v 42.549484 254.901230 1.312305
v 44.281212 254.392365 2.930252
v 46.459263 254.060471 4.442075
v 39.258671 255.328857 -6.770841
v 39.947166 255.106476 -4.424011
v 40.857574 254.827621 -2.362040
v 42.045055 254.283936 -0.615725
v 43.559738 253.661469 1.277397
v 45.387527 253.072769 2.944112
v 39.816483 254.833405 -6.770549
v 40.609592 254.426788 -4.497545
v 41.724407 253.881592 -2.546634
v 43.026131 253.131393 -0.680863
v 44.630798 252.367584 1.273547
v 44.110493 251.846603 -0.657954
v 42.719124 252.728119 -2.594236
v 41.492741 253.526169 -4.606183
v 40.481998 254.186111 -6.792057
v 43.776466 251.438370 -2.569861
v 42.542728 252.399170 -4.652287
v 41.382088 253.313187 -6.742446
v 42.439789 252.184830 -6.726089
v 43.594883 251.197327 -4.615602
v 44.874535 250.163025 -2.506312
v 44.713951 249.910416 -4.539056
v 45.713898 248.757095 -4.436030
v 43.519253 251.021927 -6.654995
v 44.628281 249.782318 -6.549520
v 45.684006 248.552643 -6.473835
v -53.467182 240.795944 -5.096064
v -52.916901 240.707535 -5.135966
v -53.413502 240.968399 -3.422119
v -52.824104 240.848709 -3.375857
v -53.484280 241.270599 -1.637801
v -51.828674 241.775787 -3.568276
v -51.940891 241.683502 -5.328688
v -52.907764 241.162933 -1.526376
v -51.922855 242.133179 -1.642791
v -50.819649 242.912354 -3.694680
v -53.683544 241.668991 0.066675
v -53.159199 241.589996 0.215649
v -50.929333 242.757233 -5.513651
v -50.934597 243.305283 -1.749209
v -52.153088 242.555542 0.166138
v -49.787247 244.068314 -3.839750
v -53.998234 242.175476 1.789372
v -53.490364 242.105438 2.010060
v -49.872913 243.928802 -5.727345
v -49.887726 244.493271 -1.862054
v -51.162777 243.754852 0.098465
v -52.511532 243.112839 1.971609
v -48.684361 245.312057 -3.978878
v -54.483875 242.773407 3.389601
v -53.997147 242.730911 3.679847
v -48.834129 245.122482 -5.981958
v -48.825573 245.633362 -1.992203
v -50.158405 244.955704 0.017827
v -51.483414 244.282013 1.883679
v -53.020813 243.876404 3.678922
v -47.734818 246.364624 -4.156664
v -47.896954 246.701141 -2.125907
v -55.331703 243.828781 4.927657
v -54.890911 243.848709 5.297622
v -47.802143 246.241180 -6.187392
v -48.175480 247.080719 -0.196446
v -49.143192 246.064880 -0.030242
v -50.471935 245.472549 1.807696
v -52.024292 245.096634 3.569820
v -53.876728 244.977127 5.322499
v -46.770237 247.577591 -4.303674
v -46.934441 247.820496 -2.276846
v -47.249271 248.137985 -0.332737
v -56.383614 244.952469 6.114485
v -55.983658 245.018005 6.566089
v -46.741676 247.378769 -6.361136
v -48.609962 247.588745 1.716342
v -47.708569 248.676361 1.612218
v -49.524296 246.517319 1.755051
v -51.067940 246.293839 3.498457
v -52.869930 246.192490 5.239919
v -55.002464 246.207428 6.546542
v -57.214054 246.231049 7.155986
v -45.893337 248.949341 -2.403353
v -46.182972 249.367966 -0.476970
v -46.681950 249.900055 1.489207
v -50.188915 247.314575 3.438402
v -49.305233 248.421692 3.341907
v -48.415859 249.487686 3.279971
v -51.923958 247.365845 5.220886
v -54.051060 247.437164 6.427407
v -56.304539 247.438568 7.101341
v -51.127319 248.427567 5.150767
v -45.699448 251.043320 1.346485
v -45.195766 250.521561 -0.596769
v -53.177052 248.572922 6.300189
v -46.463711 251.817566 3.044731
v -47.424500 250.720459 3.154596
v -55.360882 248.653702 6.975974
v -50.359001 249.382492 5.025032
v -49.516315 250.423492 4.893966
v -48.506447 251.659195 4.692798
v -51.655479 250.457291 6.084850
v -52.454918 249.515121 6.191579
v -54.476742 249.795151 6.865972
v -47.582996 252.785400 4.550955
v -50.846973 251.465729 5.976859
v -49.801003 252.765503 5.839519
v -48.876892 253.866531 5.680702
v -53.706055 250.734055 6.778794
v -53.029610 251.599228 6.690354
v -52.148724 252.629333 6.558596
v -51.178749 253.818451 6.465691
v -50.184372 255.036209 6.318195
v -47.676460 255.275269 5.576555
v -52.357590 254.839066 6.622887
v 13.405250 230.053864 -24.887150
v 9.764300 230.116943 -24.623606
v 6.441760 242.513733 -24.192312
v 6.393884 239.154602 -24.154911
v 6.419623 236.146088 -24.122292
v 6.396391 233.162048 -24.143703
v 6.352271 230.191772 -24.124889
v 3.027734 236.138733 -23.358984
v 2.961535 239.346664 -23.371952
v 6.315294 227.248917 -24.111094
v 9.745765 227.191391 -24.555157
v 3.010776 233.187653 -23.371988
v 3.009290 242.568192 -23.514404
v 2.943875 227.319550 -23.358625
v 2.975269 230.242554 -23.372810
v 0.000000 236.225571 -23.041273
v 0.000000 233.231140 -22.960749
v 0.000000 230.279129 -22.913633
v 0.000000 239.311203 -23.146994
v 0.000000 242.561066 -23.323397
v 0.000000 227.356735 -22.974802
v 2.950220 224.408401 -23.324123
v 0.000000 224.460205 -22.968225
v -2.961535 239.346664 -23.371952
v -3.027734 236.138733 -23.358984
v -3.010776 233.187653 -23.371988
v -2.975269 230.242554 -23.372810
v -2.943875 227.319550 -23.358625
v -6.352271 230.191772 -24.124889
v -6.396391 233.162048 -24.143703
v 0.000000 221.488052 -22.997599
v -2.950220 224.408401 -23.324123
v -6.393884 239.154602 -24.154911
v -6.419623 236.146088 -24.122292
v -6.315294 227.248917 -24.111094
v -9.764300 230.116943 -24.623606
v -9.803203 233.083511 -24.670681
v -9.834903 236.083374 -24.664267
v -9.870911 239.094467 -24.693928
v -9.837482 242.375092 -24.746418
v -2.969222 221.466919 -23.358244
v -6.322362 224.346283 -24.087696
v -9.745764 227.191391 -24.555157
v -13.405250 230.053864 -24.887150
v -13.369600 233.003708 -24.991604
v -13.378779 235.947281 -24.963467
v -13.324821 238.966904 -24.987362
v -13.295255 242.202240 -25.155340
v -6.347567 221.426880 -24.077568
v -9.762289 224.290085 -24.497658
v -13.410052 227.126923 -24.779100
v -17.052946 229.988831 -24.714546
v -17.114878 232.906586 -24.920599
v -17.139364 235.777725 -25.137999
v -17.131767 238.823685 -25.327080
v -17.164494 242.029434 -25.529419
v -9.799523 221.355026 -24.434557
v -13.410975 224.229614 -24.649025
v -17.003519 227.074707 -24.554232
v -20.346716 229.935333 -23.690832
v -20.414785 232.818680 -23.980450
v -20.500896 235.709610 -24.313730
v -20.570446 238.720261 -24.635668
v -20.654026 241.862991 -24.953033
v -13.477542 221.281418 -24.508781
v -16.983065 224.192139 -24.420055
v -20.258080 227.064484 -23.331308
v -23.737745 229.980698 -22.000704
v -23.824213 232.821884 -22.309202
v -23.948683 235.690521 -22.711412
v -24.065464 238.654724 -23.158604
v -24.209839 241.725311 -23.612026
v -17.020569 221.242386 -24.286140
v -20.264784 224.197403 -22.955257
v -23.639488 227.149490 -21.616535
v -26.339848 227.374817 -19.186331
v -26.477381 230.170120 -19.522007
v -26.696157 232.948868 -19.880230
v -26.885410 235.783325 -20.281212
v -27.061037 238.710968 -20.743359
v -27.275599 241.731110 -21.214252
v -23.526812 224.308578 -21.165064
v -20.226551 221.257614 -22.651217
v -28.693253 227.690369 -16.449644
v -28.915792 230.423019 -16.742216
v -29.154488 233.158707 -17.042826
v -28.457029 224.901627 -16.081686
v -26.206154 224.545181 -18.809948
v -29.706388 238.887344 -17.822023
v -29.356344 235.981186 -17.362240
v -30.069725 241.816544 -18.365465
v -23.391764 221.376221 -20.778662
v -25.997286 221.614136 -18.383408
v -28.137320 221.976074 -15.716063
v -30.485559 228.085938 -13.458187
v -30.185900 225.329132 -13.084580
v -30.750710 230.742279 -13.747353
v -31.061651 233.431381 -14.042433
v -30.001238 222.360977 -12.750257
v -31.424549 236.260010 -14.405224
v -31.715092 239.115982 -14.775363
v -32.107033 241.937714 -15.255487
v -27.857494 218.993179 -15.304202
v -25.894779 218.650223 -18.059484
v -29.753847 219.337433 -12.391685
v -31.806463 228.581238 -10.191273
v -31.589462 225.806076 -9.959589
v -31.264208 222.775238 -9.703436
v -32.072689 231.197845 -10.423958
v -32.306396 233.823807 -10.656782
v -30.996763 219.705566 -9.379337
v -32.604107 236.634277 -11.023733
v -32.858097 239.536484 -11.284018
v -27.746538 215.893295 -14.986073
v -29.621771 216.220337 -12.110171
v -30.827742 216.527512 -9.112793
v -32.875954 229.092224 -6.984723
v -32.610439 226.252213 -6.730470
v -32.278831 223.153870 -6.561713
v -32.070980 220.001511 -6.327071
v -33.073586 231.724426 -7.143564
v -33.287704 234.294907 -7.388045
v -32.046810 216.799194 -6.115692
v -33.460297 237.088074 -7.622268
v -29.406515 212.942780 -11.890984
v -30.878277 213.177689 -8.945040
v -32.207077 213.433670 -6.002945
v -33.262177 229.535828 -3.772421
v -33.044327 226.574234 -3.728410
v -32.828522 223.450439 -3.557476
v -32.716228 220.283676 -3.327216
v -32.853550 217.045395 -3.123212
v -33.439011 232.299911 -3.904718
v -33.542007 234.879089 -4.066446
v -33.086788 213.596436 -3.046811
v -32.475006 209.739197 -5.992195
v -31.134069 209.596497 -8.933880
v -33.397114 209.904022 -2.997321
v -33.766823 206.114105 -2.966048
v -31.419476 205.882980 -8.908595
v -32.772667 205.973251 -5.958748
v -33.960621 202.318069 -2.941610
v -53.427643 253.614334 6.859606
v -54.257431 252.639313 6.971500
v -48.966221 256.483002 6.214631
v -51.344002 256.030182 6.509830
v -53.725590 256.032257 6.424069
v -54.832153 254.787979 6.545141
v -52.678898 257.277557 6.318778
v -50.179504 257.480682 6.391737
v -55.205246 257.324768 6.035234
v -46.504368 256.667297 5.522536
v -47.761570 257.953094 6.174789
v -56.348503 256.040894 6.081037
v -55.753471 253.789825 6.655256
v -54.049431 258.601440 6.042445
v -51.474060 258.769745 6.239542
v -48.973141 259.042938 6.411233
v -45.229721 258.140381 5.560823
v -46.499271 259.512848 6.213863
v -55.285309 259.701385 5.318590
v -56.444916 258.421295 5.299375
v -57.571381 257.138641 5.278586
v -52.757244 260.069763 6.028063
v -50.253773 260.364746 6.277587
v -47.658936 260.698059 6.442205
v -57.584904 259.395752 4.470282
v -44.065956 259.462128 5.691907
v -45.283871 260.957123 6.331101
v -56.396099 260.793793 4.528502
v -53.985447 261.237335 5.421750
v -51.421238 261.645111 6.062648
v -48.921124 261.996704 6.406669
v -46.323105 262.382996 6.604821
v -58.665318 258.125336 4.440192
v -58.683311 260.353271 3.396493
v -43.360374 260.293488 5.839232
v -44.397865 261.889984 6.509100
v -57.495491 261.804779 3.469068
v -55.098942 262.357574 4.633837
v -52.624432 262.862793 5.555433
v -50.017735 263.314758 6.210371
v -47.403851 263.755096 6.554039
v -45.434246 263.506439 6.785909
v -42.566078 261.090332 6.075345
v -43.558739 262.842712 6.743065
v -53.718288 263.995911 4.704720
v -56.158543 263.391022 3.534407
v -51.095558 264.558502 5.643362
v -48.508396 265.097290 6.328944
v -46.442863 264.916962 6.761705
v -44.500519 264.516510 7.052819
v -41.658371 261.900970 6.356999
v -42.517273 263.855316 7.111395
v -52.213142 265.767822 4.799697
v -54.722996 265.096954 3.594651
v -49.554798 266.323822 5.843575
v -47.443882 266.393372 6.553540
v -45.369026 266.156097 7.119458
v -43.284840 265.671021 7.461554
v -40.704868 262.764130 6.734509
v -41.371021 264.828949 7.515611
v -50.628109 267.563385 4.979201
v -53.219955 266.889069 3.650738
v -48.453377 267.724670 6.052082
v -46.268761 267.847137 6.933846
v -44.105976 267.559204 7.645940
v -41.983505 266.862305 7.937988
v -39.720268 263.498749 7.175727
v -40.287334 265.669067 7.992168
v -49.499783 269.077606 5.152449
v -51.710461 268.713898 3.759086
v -47.197041 269.504730 6.459278
v -44.977360 269.318054 7.469799
v -42.683422 268.887054 8.200611
v -40.790390 267.850739 8.465096
v -38.668419 264.072327 7.611315
v -39.039661 266.303589 8.468159
v -50.473812 270.364624 3.897956
v -48.112797 271.011078 5.534055
v -45.862183 271.274872 6.914295
v -43.421135 270.963531 8.038176
v -41.363312 270.117889 8.657013
v -39.393166 268.715210 8.973678
v -37.760849 264.344177 8.142298
v -37.978031 266.651489 9.022994
v -46.708351 272.976288 5.975439
v -49.042133 272.463074 4.246866
v -44.292324 273.147888 7.407847
v -41.985229 272.482330 8.427538
v -39.912342 271.292328 9.097910
v -38.219578 269.397736 9.635667
v -36.826588 264.162750 8.678282
v -36.874130 266.718201 9.943806
v -47.442436 274.612122 4.659054
v -44.948402 275.142578 6.452459
v -42.693424 274.768066 7.867970
v -40.443077 273.836273 8.896925
v -38.615768 272.216125 9.640248
v -37.030930 269.810638 10.393007
v -43.281994 276.962219 6.841471
v -45.700966 276.921509 5.095694
v -41.081394 276.376831 8.312826
v -39.064537 274.900330 9.368748
v -37.277103 272.791199 10.281060
v -41.662178 278.596985 7.135954
v -43.922585 278.931000 5.472034
v -39.524414 277.620117 8.602004
v -37.586269 275.661774 9.867628
v -39.995033 280.056671 7.451695
v -42.120422 280.750549 5.738635
v -37.854305 278.648193 9.015034
v -46.261051 278.392761 3.448366
v -44.421864 280.422729 3.796682
v -38.195786 281.268463 7.813836
v -40.412113 282.281860 5.956254
v -42.465244 282.428345 4.077684
v -46.787930 279.616425 1.590232
v -44.804062 281.712738 1.906931
v -38.378269 283.558289 6.265792
v -40.642841 283.992798 4.353829
v -42.804790 283.965790 2.172005
v -47.231388 280.412048 -0.502030
v -45.240952 282.767456 -0.276347
v -48.861614 277.114624 1.298043
v -49.291950 277.776642 -0.647141
v -38.585735 285.371216 4.621110
v -40.873066 285.710999 2.465258
v -43.121487 285.246124 -0.099854
v -47.608105 280.837372 -2.715667
v -49.597916 278.142639 -2.762287
v -45.574207 283.414246 -2.685021
v -51.087055 275.347717 -0.817015
v -51.359978 275.607819 -2.802890
v -38.792538 286.903442 2.673856
v -41.092148 287.063416 -0.007319
v -43.344784 286.003662 -2.628164
v -45.785778 283.562225 -5.137108
v -47.817657 280.950653 -5.038696
v -49.768490 278.204254 -4.935740
v -51.486732 275.650177 -4.881943
v -52.849510 273.198059 -2.817637
v -39.011803 288.363708 0.145688
v -41.286549 287.877747 -2.590310
v -43.491577 286.155426 -5.218539
v -45.850334 283.347565 -7.653307
v -43.596165 286.010712 -7.866754
v -47.837502 280.797058 -7.406069
v -49.731323 278.059052 -7.195416
v -52.982185 273.238525 -4.848707
v -51.449760 275.483276 -7.075852
v -39.200989 289.279816 -2.493247
v -31.841494 202.188858 -8.940698
v -33.190044 202.252213 -6.017473
v -30.195007 202.174805 -11.980590
v -29.834084 205.851761 -11.870556
v -32.354057 198.446487 -9.102453
v -29.463079 209.504623 -11.801110
v -34.143497 198.540710 -2.928756
v -33.538494 198.473694 -6.033935
v -28.355518 202.098648 -14.791692
v -30.659292 198.421432 -12.320753
v -27.959875 205.731522 -14.682166
v -27.701889 209.260818 -14.704925
v -27.614698 212.658768 -14.826154
v -33.831154 194.637131 -6.134463
v -32.778179 194.620102 -9.384363
v -34.511963 194.712952 -3.008246
v -28.850582 198.325745 -15.129171
v -31.214390 194.594711 -12.655168
v -26.426191 202.006287 -17.676031
v -26.077726 205.603165 -17.515289
v -25.822361 209.044647 -17.523888
v -25.716253 212.403824 -17.628490
v -25.732656 215.597687 -17.832867
v -34.312973 190.841263 -6.306316
v -35.121380 190.938751 -3.163380
v -33.121208 190.906235 -9.732256
v -26.879198 198.246414 -18.053873
v -29.313473 194.466537 -15.602228
v -31.658243 190.921951 -13.016274
v -23.836761 201.931320 -20.469370
v -23.469114 205.494431 -20.284834
v -23.299582 208.907227 -20.236311
v -23.386135 212.221390 -20.298590
v -23.394169 215.364807 -20.488211
v -23.364721 218.402344 -20.591740
v -35.783733 187.382187 -3.239813
v -24.370115 198.201599 -20.891096
v -27.334518 194.375107 -18.393534
v -29.707731 190.783890 -16.049622
v -20.951473 201.829803 -22.809917
v -20.767220 205.343521 -22.750864
v -20.576176 208.782120 -22.679991
v -20.404364 212.084198 -22.653597
v -20.355719 215.229416 -22.524853
v -20.290960 218.273697 -22.526741
v -21.232098 198.094376 -23.254362
v -24.881285 194.305344 -21.380850
v -27.659992 190.616745 -18.958157
v -18.165926 198.093674 -24.950964
v -17.891436 201.875443 -24.684189
v -17.667074 205.414825 -24.385092
v -17.469477 208.824722 -24.232378
v -17.306456 212.101624 -24.079395
v -17.175631 215.222687 -24.051331
v -17.111635 218.266068 -24.056465
v -21.659531 194.158478 -23.829510
v -18.529448 194.110245 -25.546894
v -25.125374 190.472672 -22.000866
v -14.591402 198.102936 -26.325996
v -14.865675 194.178360 -27.201899
v -14.328424 201.897018 -25.772762
v -14.130261 205.496582 -25.330257
v -13.955022 208.930084 -25.145012
v -13.799949 212.185211 -24.925676
v -13.672595 215.288849 -24.755650
v -13.543491 218.316315 -24.544561
v -22.034822 190.261520 -24.527370
v -15.163861 190.354874 -27.808506
v -18.846367 190.293137 -26.183214
v -10.878251 194.146164 -27.215652
v -10.676760 198.116043 -26.419666
v -11.040276 190.309784 -27.977310
v -10.461273 201.963684 -25.821777
v -10.299868 205.610214 -25.394886
v -10.172728 209.057510 -25.128065
v -10.072775 212.292511 -24.964024
v -9.989742 215.386429 -24.745113
v -9.886475 218.405334 -24.527548
v -15.333036 186.705688 -28.273630
v -11.168979 186.620255 -28.660944
v -7.036170 190.229416 -27.826349
v -6.954769 194.079803 -26.971996
v -6.871638 198.129776 -26.276798
v -7.077321 186.556503 -28.615040
v -6.747825 202.029922 -25.664009
v -6.636386 205.717148 -25.204483
v -6.557432 209.179016 -24.828707
v -6.503747 212.397598 -24.569401
v -6.452100 215.484009 -24.344801
v -6.389496 218.483566 -24.156771
v -7.171169 182.843246 -29.255886
v -11.325345 182.866943 -29.227356
v -3.387909 190.217789 -27.619438
v -3.355942 194.080322 -26.701300
v -3.314342 198.084167 -25.860924
v -3.244524 201.964523 -25.093542
v -3.163030 205.663757 -24.534250
v -3.095130 209.144760 -24.077860
v -3.038819 212.419266 -23.770115
v -3.020257 215.520874 -23.543901
v -2.989854 218.531631 -23.409138
v 0.000000 190.186295 -27.406048
v 0.000000 194.044754 -26.512373
v 0.000000 198.045944 -25.626699
v 0.000000 201.911331 -24.843603
v 0.000000 205.609055 -24.185532
v 0.000000 209.099106 -23.637739
v 0.000000 212.392441 -23.319696
v 0.000000 215.516861 -23.135881
v 0.000000 218.537399 -23.039623
v 3.355942 194.080322 -26.701300
v 3.314342 198.084167 -25.860924
v 3.244524 201.964523 -25.093542
v 3.163030 205.663757 -24.534250
v 3.095130 209.144760 -24.077860
v 3.038819 212.419266 -23.770115
v 3.020257 215.520874 -23.543901
v 2.989854 218.531631 -23.409138
v 2.969222 221.466919 -23.358244
v 6.747825 202.029922 -25.664009
v 6.871638 198.129776 -26.276798
v 6.636386 205.717148 -25.204483
v 6.557432 209.179016 -24.828707
v 6.503747 212.397598 -24.569401
v 6.452100 215.484009 -24.344801
v 6.389496 218.483566 -24.156771
v 6.347566 221.426880 -24.077568
v 6.322362 224.346283 -24.087696
v 10.299868 205.610214 -25.394886
v 10.461273 201.963684 -25.821777
v 10.172728 209.057510 -25.128065
v 10.072775 212.292511 -24.964024
v 9.989742 215.386429 -24.745113
v 9.886475 218.405334 -24.527548
v 9.799523 221.355026 -24.434557
v 9.762289 224.290085 -24.497658
v -41.366291 288.097198 -5.231689
v -39.342560 289.513733 -5.174358
v -41.451622 287.983582 -7.909607
v -43.538548 285.345001 -10.533361
v -45.833279 282.804901 -10.204541
v -41.364162 287.365936 -10.660247
v -47.736298 280.345093 -9.896780
v -49.701675 277.771576 -9.584617
v -39.412701 289.558441 -7.777789
v -39.463371 288.799957 -10.635898
v -51.397663 275.107574 -9.334660
v -53.030396 273.028900 -6.948476
v -41.219769 286.042999 -13.226543
v -43.327057 284.113007 -13.047847
v -45.636742 281.771484 -12.653115
v -39.373726 287.472595 -13.294297
v -47.548325 279.575623 -12.284135
v -49.459061 277.083252 -11.820850
v -51.203602 274.521759 -11.461350
v -53.004833 272.669342 -9.101491
v -40.978210 284.039368 -15.745586
v -39.159874 285.367004 -16.002663
v -42.998108 282.288971 -15.405351
v -45.236130 280.274811 -14.965627
v -47.125191 278.135345 -14.578505
v -48.974274 275.892303 -14.017812
v -52.827168 272.119690 -11.160308
v -50.748302 273.504974 -13.577465
v -40.591812 281.578583 -18.084673
v -38.861660 282.803864 -18.431585
v -42.503456 280.091827 -17.597633
v -44.666451 278.213593 -17.091633
v -46.466125 276.347748 -16.671539
v -48.319626 274.386566 -16.071358
v -50.114521 272.171448 -15.523954
v -52.389645 271.256683 -13.190278
v -38.554729 280.031097 -20.437307
v -40.095684 279.126740 -20.025171
v -41.877857 277.769470 -19.558392
v -43.938091 276.084015 -18.990480
v -45.748356 274.411255 -18.418886
v -47.506374 272.626953 -17.801689
v -49.260368 270.571930 -17.154228
v -51.718426 270.109680 -15.060019
v -38.171223 276.783783 -21.957802
v -39.568935 276.222351 -21.478706
v -41.232334 275.158600 -21.036282
v -43.139866 273.774658 -20.450832
v -44.824406 272.136475 -19.735149
v -46.453484 270.554382 -19.104654
v -48.157490 268.766205 -18.476202
v -50.826412 268.657654 -16.678352
v -37.671932 273.358582 -22.750044
v -38.947453 272.975861 -22.293119
v -40.435349 272.261200 -21.774664
v -42.230862 271.173737 -21.235479
v -43.811905 269.780823 -20.645090
v -45.366055 268.396667 -20.065441
v -46.906960 266.841309 -19.538139
v -49.665611 267.006500 -18.038956
v -37.137325 269.943054 -22.894472
v -38.298805 269.661224 -22.471746
v -39.694530 269.152222 -21.958660
v -41.193691 268.378021 -21.533203
v -42.744995 267.205505 -21.027475
v -44.147026 266.089874 -20.646025
v -45.475445 264.747040 -20.254803
v -48.276302 265.257019 -19.102629
v -36.674290 266.710602 -22.682592
v -37.767200 266.527283 -22.276613
v -38.985634 266.081177 -21.889942
v -40.289841 265.417267 -21.434347
v -41.569149 264.659485 -21.036100
v -42.857437 263.641235 -20.632383
v -44.068756 262.687744 -20.272835
v -46.781044 263.495270 -19.902668
v -36.275818 263.579956 -21.795574
v -37.206264 263.549500 -21.502108
v -38.263954 263.299561 -21.088661
v -39.365135 262.850464 -20.703417
v -40.434841 262.214813 -20.344498
v -41.477268 261.478546 -20.066139
v -42.477043 260.657288 -19.824848
v -45.239868 261.517151 -19.977114
v -35.967216 260.850983 -20.493933
v -36.790169 260.888031 -20.130308
v -37.655949 260.702820 -19.715693
v -38.564587 260.392578 -19.373283
v -39.413418 259.960754 -19.093912
v -40.391201 259.380157 -18.927078
v -41.309280 258.661865 -18.765272
v -43.683002 259.585571 -19.593164
v -35.886311 258.694336 -18.409807
v -36.578495 258.949188 -18.120657
v -37.347977 258.954346 -17.848722
v -38.095394 258.723999 -17.655104
v -38.863312 258.297638 -17.414158
v -39.557457 257.813385 -17.254221
v -40.277000 257.179962 -17.086107
v -42.225567 257.874390 -18.603056
v -35.977791 257.219971 -15.867673
v -36.553280 257.619934 -15.659616
v -37.162868 257.806763 -15.429558
v -37.857018 257.735138 -15.168898
v -38.528324 257.336029 -14.927212
v -39.155186 256.877716 -14.733393
v -39.786678 256.306122 -14.586055
v -41.076252 256.378998 -16.955778
v -36.259212 255.985825 -12.662189
v -36.671593 256.661835 -12.550966
v -37.129738 256.907257 -12.437855
v -37.686306 256.926178 -12.309347
v -38.243080 256.599304 -12.184962
v -38.831070 256.156708 -12.049735
v -39.403633 255.629181 -11.953851
v -40.473961 255.578857 -14.497046
v -36.575825 255.718796 -9.347255
v -36.893623 256.244446 -9.388703
v -37.238384 256.399811 -9.427222
v -37.656963 256.403717 -9.424470
v -38.103096 256.180450 -9.406176
v -38.690170 255.738068 -9.380420
v -39.187881 255.339020 -9.346037
v -40.061249 255.057495 -11.851656
v -37.796738 256.357056 -6.700579
v -37.411530 256.380157 -6.638554
v -37.063576 256.240753 -6.544992
v -38.252857 256.137909 -6.742868
v -38.749622 255.734436 -6.763536
v -36.739899 255.845184 -6.385752
v -39.255531 255.324539 -6.768357
v -39.810993 254.803650 -9.314588
v -39.812515 254.832642 -6.768354
v -40.434223 254.206070 -9.300515
v -40.686260 254.400925 -11.809916
v -41.177166 254.781021 -14.394209
v -40.479729 254.186111 -6.791257
v -41.445530 253.201630 -9.232182
v -41.710476 253.335007 -11.723285
v -42.206890 253.670380 -14.256943
v -41.835266 255.539536 -16.822401
v -43.021885 254.283936 -16.599892
v -41.382088 253.313187 -6.742446
v -43.315144 252.330704 -14.060916
v -42.792900 252.080841 -11.579612
v -44.385357 252.944260 -16.373877
v -42.439785 252.184830 -6.726091
v -42.497868 252.033798 -9.169260
v 14.130261 205.496582 -25.330257
v 13.955022 208.930084 -25.145012
v 13.799949 212.185211 -24.925676
v 13.672595 215.288849 -24.755650
v 13.543491 218.316315 -24.544561
v 13.477542 221.281418 -24.508781
v 13.410975 224.229614 -24.649025
v 13.410052 227.126923 -24.779100
v 17.469477 208.824722 -24.232378
v 17.306456 212.101624 -24.079395
v 17.175631 215.222687 -24.051331
v 17.111635 218.266068 -24.056465
v 17.020569 221.242386 -24.286140
v 16.983065 224.192139 -24.420055
v 17.003519 227.074707 -24.554232
v 17.052946 229.988831 -24.714546
v 20.355719 215.229416 -22.524853
v 20.404364 212.084198 -22.653597
v 20.290960 218.273697 -22.526741
v 20.226551 221.257614 -22.651217
v 20.264784 224.197403 -22.955257
v 20.258080 227.064484 -23.331308
v 20.346716 229.935333 -23.690832
v 20.414785 232.818680 -23.980450
v 23.386135 212.221390 -20.298590
v 23.394169 215.364807 -20.488211
v 23.364721 218.402344 -20.591740
v 23.391764 221.376221 -20.778662
v 23.526812 224.308578 -21.165064
v 23.639488 227.149490 -21.616535
v 23.737745 229.980698 -22.000704
v 23.824213 232.821884 -22.309202
v 23.948683 235.690521 -22.711412
v 26.339848 227.374817 -19.186331
v 25.716253 212.403824 -17.628490
v 25.732656 215.597687 -17.832867
v 25.894779 218.650223 -18.059484
v 25.997286 221.614136 -18.383408
v 26.206154 224.545181 -18.809948
v 26.477381 230.170120 -19.522007
v 26.696157 232.948868 -19.880230
v 26.885410 235.783325 -20.281212
v 27.061037 238.710968 -20.743359
v 28.693253 227.690369 -16.449644
v 28.457029 224.901627 -16.081686
v 28.137320 221.976074 -15.716063
v 27.857494 218.993179 -15.304202
v 27.746538 215.893295 -14.986073
v 28.915792 230.423019 -16.742216
v 29.154488 233.158707 -17.042826
v 29.706388 238.887344 -17.822023
v 29.356344 235.981186 -17.362240
v 30.069725 241.816544 -18.365465
v 30.485559 228.085938 -13.458187
v 30.185900 225.329132 -13.084580
v 30.001238 222.360977 -12.750257
v 29.753847 219.337433 -12.391685
v 29.621771 216.220337 -12.110171
v 30.750710 230.742279 -13.747353
v 31.061651 233.431381 -14.042433
v 31.424549 236.260010 -14.405224
v 31.715092 239.115982 -14.775363
v 32.107033 241.937714 -15.255487
v 32.455914 244.623825 -15.699207
v 31.806463 228.581238 -10.191273
v 31.589462 225.806076 -9.959589
v 31.264208 222.775238 -9.703436
v 30.996763 219.705566 -9.379337
v 30.827742 216.527512 -9.112793
v 32.072689 231.197845 -10.423958
v 32.306396 233.823807 -10.656782
v 32.604107 236.634277 -11.023733
v 32.858097 239.536484 -11.284018
v 33.905289 244.839386 -11.994670
v 33.355507 242.255051 -11.638268
v 32.875954 229.092224 -6.984723
v 32.610439 226.252213 -6.730470
v 32.278831 223.153870 -6.561713
v 32.070980 220.001511 -6.327071
v 32.046810 216.799194 -6.115692
v 33.073586 231.724426 -7.143564
v 33.287704 234.294907 -7.388045
v 33.460297 237.088074 -7.622268
v 33.743046 239.969116 -7.923837
v 34.203423 242.718124 -8.234011
v 33.262177 229.535828 -3.772421
v 33.044327 226.574234 -3.728410
v 32.828522 223.450439 -3.557476
v 32.716228 220.283676 -3.327216
v 32.853550 217.045395 -3.123212
v 33.439011 232.299911 -3.904718
v 33.542007 234.879089 -4.066446
v 33.714321 237.704102 -4.349474
v 34.055798 240.547302 -4.720757
v 33.086788 213.596436 -3.046811
v 32.207077 213.433670 -6.002945
v 33.397114 209.904022 -2.997321
v 30.878277 213.177689 -8.945040
v 32.475006 209.739197 -5.992195
v 33.766823 206.114105 -2.966048
v 29.406515 212.942780 -11.890984
v 31.134069 209.596497 -8.933880
v 31.419476 205.882980 -8.908595
v 32.772667 205.973251 -5.958748
v 33.960621 202.318069 -2.941610
v 27.614698 212.658768 -14.826154
v 29.463079 209.504623 -11.801110
v 29.834084 205.851761 -11.870556
v 30.195007 202.174805 -11.980590
v 31.841494 202.188858 -8.940698
v 33.190044 202.252213 -6.017473
v 27.701889 209.260818 -14.704925
v 34.143497 198.540710 -2.928756
v 32.354057 198.446487 -9.102453
v 33.538494 198.473694 -6.033935
v 28.355518 202.098648 -14.791692
v 27.959875 205.731522 -14.682166
v 30.659292 198.421432 -12.320753
v 25.822361 209.044647 -17.523888
v 34.511963 194.712952 -3.008246
v 33.831154 194.637131 -6.134463
v 32.778179 194.620102 -9.384363
v 26.077726 205.603165 -17.515289
v 28.850582 198.325745 -15.129171
v 26.426191 202.006287 -17.676031
v 31.214390 194.594711 -12.655168
v 23.469114 205.494431 -20.284834
v 23.299582 208.907227 -20.236311
v 23.836761 201.931320 -20.469370
v 35.121380 190.938751 -3.163380
v 34.312973 190.841263 -6.306316
v 33.121208 190.906235 -9.732256
v -44.430897 255.523453 -18.328377
v -43.205952 256.833954 -18.504606
v -45.758568 254.093887 -18.010864
v -44.430443 251.041763 -13.821116
v -45.605133 251.641449 -16.123175
v -43.881771 250.830566 -11.418791
v -47.062737 252.800552 -17.646618
v -43.519253 251.021927 -6.654995
v -43.591061 250.835617 -9.054545
v -45.609745 249.764664 -13.556800
v -47.466942 255.682007 -18.889099
v -46.057899 257.262756 -19.188213
v -44.705738 258.542938 -19.466702
v -48.811298 254.341400 -18.522882
v -44.938591 249.498108 -11.222317
v -48.275784 251.569321 -17.391556
v -46.807655 250.412018 -15.862805
v -44.628281 249.782318 -6.549520
v -44.670940 249.559891 -8.905142
v -46.682774 248.508499 -13.301392
v -47.938293 249.243790 -15.625808
v -46.059238 248.273285 -11.013021
v -49.227070 257.401672 -19.123177
v -50.576866 255.987152 -18.724897
v -47.737469 258.996277 -19.439972
v -50.099445 253.077911 -18.211554
v -49.480404 250.355270 -17.150484
v -49.125160 248.098740 -15.297872
v -47.842487 247.391571 -13.038758
v -50.857075 259.087006 -18.847853
v -45.684002 248.552643 -6.473835
v -45.780426 248.352219 -8.752048
v -47.157379 247.107330 -10.802740
v -52.281666 257.645386 -18.385775
v -51.916534 254.688324 -18.352716
v -51.349808 251.873169 -17.885107
v -50.681530 249.221436 -16.843735
v -48.919411 246.307281 -12.784396
v -50.271198 247.030701 -14.986145
v -46.741676 247.378769 -6.361136
v -46.880726 247.182281 -8.566212
v -48.257160 246.047958 -10.544111
v -50.007317 245.243942 -12.525882
v -53.199715 253.470306 -18.004480
v -53.673645 256.333832 -17.991661
v -52.531399 250.741592 -17.534508
v -51.797287 248.152283 -16.518345
v -51.343880 246.029572 -14.662397
v -47.928219 246.114746 -8.369901
v -49.341549 244.946915 -10.269574
v -51.267227 244.145035 -12.234705
v -47.802143 246.241180 -6.187392
v -54.969685 255.054367 -17.654158
v -54.423206 252.330261 -17.654570
v -53.654331 249.646774 -17.218552
v -52.906307 247.135605 -16.157579
v -52.596546 244.885483 -14.324297
v -48.995670 244.984085 -8.140833
v -50.549553 243.812881 -9.975596
v -52.419075 243.185455 -11.955507
v -48.834129 245.122482 -5.981958
v -50.111401 243.851593 -7.906070
v -56.191448 253.889847 -17.278343
v -55.586292 251.256104 -17.339802
v -54.785290 248.571869 -16.926250
v -54.153370 245.989670 -15.800448
v -53.694817 243.950302 -14.029777
v -51.638062 242.777313 -9.686121
v -53.490868 242.220886 -11.705152
v -49.872913 243.928802 -5.727345
v -51.179443 242.739517 -7.683542
v -52.698269 241.757751 -9.423266
v -56.747765 250.187958 -17.018501
v -57.349182 252.774628 -16.974871
v -55.941696 247.381912 -16.551880
v -55.168552 245.031235 -15.476520
v -54.741657 242.983002 -13.742266
v -54.540676 241.293457 -11.466518
v -50.929333 242.757233 -5.513651
v -52.214344 241.597214 -7.476646
v -53.713573 240.862610 -9.175684
v -58.495598 251.663879 -16.594683
v -57.859756 249.127762 -16.646069
v -56.896027 246.473145 -16.230783
v -56.167500 244.046280 -15.186296
v -55.728081 242.038269 -13.495454
v -54.996494 241.365646 -11.202918
v -56.186550 242.076309 -13.131506
v -51.940891 241.683502 -5.328688
v -53.174961 240.688583 -7.273614
v -54.210567 240.950333 -9.003632
v -53.709805 240.772934 -7.169168
v -58.916473 248.088470 -16.284271
v -59.536041 250.655106 -16.268015
v -57.956638 245.376892 -15.923440
v -57.193130 243.036301 -14.905707
v -57.485550 242.971344 -14.421667
v -52.916901 240.707535 -5.135966
v -53.467182 240.795944 -5.096064
v -60.681202 249.540283 -15.857287
v -59.942051 247.058395 -15.943059
v -58.930580 244.350891 -15.592911
v -59.130283 244.216339 -15.075364
v -61.697838 248.540970 -15.518942
v -60.875210 246.066666 -15.656989
v -60.987095 245.858429 -15.143561
v -60.969864 251.925110 -15.603307
v -62.117233 250.805130 -15.214692
v -63.101635 249.808762 -14.894660
v -62.644760 247.588318 -15.311769
v -62.686306 247.320480 -14.813994
v -62.273685 253.085983 -14.645238
v -63.321472 251.888321 -14.347418
v -64.243820 250.833267 -14.120907
v -64.018150 248.855835 -14.653736
v -63.986439 248.520599 -14.182015
v -64.992844 249.486481 -13.489214
v -65.041519 249.878571 -13.924280
v -65.142128 251.752731 -13.297256
v -65.870918 250.797623 -13.136991
v -63.344433 254.077194 -13.776574
v -64.293755 252.860321 -13.517083
v -65.784370 250.355545 -12.739007
v -65.096451 253.667496 -12.468451
v -65.930481 252.574768 -12.255305
v -66.700829 251.675980 -12.122836
v -66.591858 251.199005 -11.755057
v -66.680855 253.376709 -10.986365
v -64.213570 254.940063 -12.658681
v -65.862640 254.486099 -11.124122
v -67.277023 251.898041 -10.542579
v -67.422729 252.416901 -10.849216
v -62.430740 255.210632 -14.017901
v -68.032135 253.128357 -9.327223
v -67.247429 254.086151 -9.419250
v -67.860474 252.583908 -9.088024
v -64.966896 255.754791 -11.266757
v -63.344463 256.141479 -12.852882
v -66.431793 255.185349 -9.556632
v -61.426357 256.493378 -14.308036
v -61.317104 254.160599 -14.940635
v -68.228828 253.152267 -7.397270
v -68.406715 253.723373 -7.549025
v -67.620438 254.713089 -7.701241
v -64.066269 256.954681 -11.432246
v -65.544868 256.450867 -9.736287
v -62.328060 257.482697 -13.036982
v 26.879198 198.246414 -18.053873
v 29.313473 194.466537 -15.602228
v 31.658243 190.921951 -13.016274
v 20.576176 208.782120 -22.679991
v 20.951473 201.829803 -22.809917
v 20.767220 205.343521 -22.750864
v 24.370115 198.201599 -20.891096
v 27.334518 194.375107 -18.393534
v 29.707731 190.783890 -16.049622
v 35.783733 187.382187 -3.239813
v 34.804787 187.214386 -6.537841
v 33.437920 187.265030 -10.058855
v 31.942976 187.239136 -13.313598
v 17.667074 205.414825 -24.385092
v 17.891436 201.875443 -24.684189
v 18.165926 198.093674 -24.950964
v 21.232098 198.094376 -23.254362
v 24.881285 194.305344 -21.380850
v 27.659992 190.616745 -18.958157
v 30.125853 187.083344 -16.459955
v 36.281994 183.930908 -3.295088
v 35.354229 183.780823 -6.788895
v 33.824333 183.695099 -10.265104
v 32.206718 183.563919 -13.544948
v 14.328424 201.897018 -25.772762
v 14.591402 198.102936 -26.325996
v 18.529448 194.110245 -25.546894
v 14.865675 194.178360 -27.201899
v 21.659531 194.158478 -23.829510
v 25.125374 190.472672 -22.000866
v 27.920660 186.893005 -19.381136
v 30.388670 183.328217 -16.732906
v 36.760548 180.468887 -3.286913
v 35.833279 180.320755 -6.911531
v 34.484890 180.149429 -10.528221
v 32.536385 179.824570 -13.771482
v 22.034822 190.261520 -24.527370
v 25.431309 186.793457 -22.420698
v 28.225010 183.129822 -19.763721
v 30.523537 179.527252 -16.924793
v 37.491070 176.838226 -3.352452
v 36.364674 176.731369 -6.956283
v 35.164810 176.533890 -10.731288
v 33.053814 176.210922 -14.046892
v 22.337585 186.695724 -24.981911
v 25.708162 183.010864 -22.745611
v 28.424234 179.328735 -19.952305
v 30.811975 175.916443 -17.178047
v 37.879036 173.177475 -3.369739
v 36.728035 172.984970 -7.095717
v 35.347618 172.819138 -10.678487
v 33.284657 172.589661 -14.149715
v 25.988907 179.195068 -23.065855
v 22.701984 182.963745 -25.336210
v 28.633457 175.669479 -20.120316
v 31.027716 172.286850 -17.413958
v 38.473076 169.353348 -3.410485
v 36.977787 169.202713 -7.181647
v 35.597748 169.046066 -10.822908
v 33.577774 168.788849 -14.268350
v 26.084305 175.513550 -23.201773
v 22.917400 179.193726 -25.595963
v 28.786457 172.043137 -20.302588
v 31.158739 168.462921 -17.606485
v 37.823246 165.702148 -7.337700
v 36.131268 165.462646 -11.023019
v 34.095871 165.008072 -14.446951
v 39.097431 165.692261 -3.401483
v 23.084375 175.409561 -25.714062
v 26.132381 171.824051 -23.346413
v 28.797211 168.175674 -20.476919
v 31.575922 164.623154 -17.833174
v 37.236115 164.639771 -7.232239
v 38.449173 164.588165 -3.205905
v 35.501392 164.418823 -10.843626
v 33.481194 163.975739 -14.193996
v 23.072115 171.573135 -25.606041
v 26.107706 167.865143 -23.208818
v 28.986681 164.208191 -20.834009
v 31.007195 163.595978 -17.496887
v 26.237099 163.869736 -23.213097
v 22.958344 167.589066 -25.364111
v 28.531563 163.196655 -20.317879
v 23.004301 163.424133 -25.302032
v 25.780918 162.882538 -22.695593
v 19.366922 167.281372 -27.053442
v 19.469307 171.346283 -27.444921
v 19.524303 175.306503 -27.713495
v 19.336115 163.167496 -26.930401
v 22.712500 162.457855 -24.693336
v 15.564908 167.098587 -28.202524
v 15.627838 171.178955 -28.666174
v 15.675051 175.198990 -28.935051
v 19.484730 179.120819 -27.718817
v 19.042082 162.180283 -26.335842
v 15.477959 162.996109 -27.986834
v 11.539464 166.952454 -28.793413
v 11.609614 171.040863 -29.315729
v 11.574024 175.086823 -29.549553
v 15.563106 179.074631 -29.045944
v 15.493391 182.929688 -28.748312
v 19.378336 183.008987 -27.513517
v 11.519480 179.020462 -29.684284
v 15.296756 161.986725 -27.291641
v 11.476088 162.892761 -28.476908
v 7.523269 166.924835 -29.128813
v 7.445365 171.022232 -29.524109
v 7.399879 175.024017 -29.765089
v 11.325345 182.866943 -29.227356
v 15.333036 186.705688 -28.273630
v 7.309517 178.948242 -29.722544
v 19.124670 186.693970 -26.850679
v 11.232014 161.883835 -27.860767
v 7.529244 162.818893 -28.791393
v 3.625452 162.836548 -28.792965
v 3.581945 166.903427 -29.257959
v 3.540769 171.008743 -29.556408
v 3.522100 175.014221 -29.673197
v 7.171169 182.843246 -29.255886
v 11.168979 186.620255 -28.660944
v 3.467607 178.886993 -29.647381
v 7.376357 161.815536 -28.198507
v 0.000000 174.980255 -29.746628
v 3.585327 161.869370 -28.194492
v 0.000000 162.847092 -28.834675
v 0.000000 166.909927 -29.261591
v 0.000000 170.963501 -29.625038
v 3.439396 182.855179 -29.144142
v 7.077321 186.556503 -28.615040
v 0.000000 178.900543 -29.649166
v 0.000000 182.744751 -29.087887
v -3.540769 171.008743 -29.556408
v -3.581945 166.903427 -29.257959
v -3.522100 175.014221 -29.673197
v -3.467607 178.886993 -29.647381
v 0.000000 161.863037 -28.241192
v -3.585327 161.869370 -28.194492
v -3.625452 162.836548 -28.792965
v 3.408366 186.547333 -28.442863
v 0.000000 186.483490 -28.313330
v -3.439396 182.855179 -29.144142
v -7.399879 175.024017 -29.765089
v -7.445365 171.022232 -29.524109
v -66.771416 255.776169 -7.850754
v -60.279816 255.379837 -15.320558
v -60.382919 257.806641 -14.597515
v -59.980602 252.952423 -15.936894
v -68.343681 253.476837 -5.817854
v -68.519058 254.067383 -5.878290
v -67.734314 255.019882 -5.977943
v -63.055431 258.295105 -11.594200
v -64.592339 257.677582 -9.857165
v -65.873894 256.985016 -8.006679
v -61.300522 258.819977 -13.228496
v -66.891678 256.129028 -6.064792
v -58.876312 254.062164 -16.263496
v -59.216911 256.652954 -15.653365
v -59.220898 259.169159 -14.883835
v -68.250763 253.623138 -3.979260
v -68.401390 254.201416 -3.968848
v -67.572884 255.139893 -4.086473
v -62.008564 259.657959 -11.760762
v -63.591324 259.037476 -9.951231
v -64.933273 258.231934 -8.102798
v -65.967377 257.367615 -6.164426
v -60.164909 260.227539 -13.447903
v -66.705963 256.225403 -4.182750
v -57.923153 260.609985 -15.156114
v -58.069359 257.981750 -15.987951
v -67.900673 253.585159 -2.401179
v -68.018692 254.152100 -2.279812
v -67.182251 255.079498 -2.433444
v -60.853718 261.061157 -11.923241
v -62.556015 260.379517 -10.052059
v -63.926659 259.591644 -8.172213
v -65.036194 258.618439 -6.252244
v -65.734764 257.481537 -4.284704
v -58.902195 261.726868 -13.644273
v -66.265999 256.157471 -2.536272
v -67.384300 253.479980 -0.913151
v -67.477188 254.027069 -0.716671
v -66.641243 254.983002 -0.879695
v -59.581749 262.597290 -12.079208
v -61.409248 261.793701 -10.139149
v -62.864597 260.951843 -8.232186
v -64.033234 259.936432 -6.319827
v -64.833023 258.691162 -4.380290
v -65.336136 257.384369 -2.593364
v -65.761719 256.030823 -1.012199
v -66.872467 253.254593 0.210653
v -66.958542 253.793594 0.469879
v -66.058350 254.738663 0.458690
v -61.723656 262.391266 -8.338729
v -60.106140 263.376373 -10.263229
v -62.953407 261.293060 -6.361286
v -63.830074 259.982269 -4.459992
v -64.424934 258.567444 -2.656110
v -64.840904 257.184662 -1.087588
v -65.139824 255.774734 0.419430
v -66.229401 252.932053 1.484828
v -66.297577 253.452560 1.798591
v -65.316833 254.395645 1.817175
v -60.492992 263.902679 -8.406807
v -61.826836 262.693848 -6.430513
v -62.759315 261.296234 -4.497862
v -63.458164 259.830872 -2.684875
v -64.004066 258.345947 -1.124859
v -64.203552 256.855927 0.406781
v -64.370140 255.419739 1.853521
v -65.194946 252.285828 2.819232
v -65.217514 252.765747 3.202753
v -64.286354 253.767685 3.199031
v -60.568211 264.170135 -6.524354
v -61.619865 262.702301 -4.523337
v -62.425102 261.147614 -2.695081
v -63.059528 259.566620 -1.160668
v -63.338970 257.978180 0.403423
v -63.452530 256.445374 1.951581
v -63.368980 254.787476 3.280754
v -64.065880 251.485764 4.074062
v -64.045090 251.918304 4.502448
v -63.120590 252.944077 4.459913
v -60.399834 264.235748 -4.590713
v -61.304989 262.573090 -2.682492
v -62.071461 260.878113 -1.164207
v -62.429764 259.157898 0.355176
v -62.556679 257.472198 1.924234
v -62.464027 255.829437 3.349034
v -62.189575 253.999634 4.382761
v -62.739388 250.501022 5.166734
v -62.668491 250.891037 5.631671
v -61.811371 251.960373 5.448998
v -60.995216 262.300659 -1.138621
v -60.153393 264.104553 -2.675174
v -61.467831 260.459381 0.369544
v -61.658535 258.572357 1.888200
v -60.676437 259.783020 1.899429
v -61.641609 256.825165 3.350316
v -61.285240 255.060425 4.433385
v -60.921192 253.059586 5.351013
v -60.465538 250.976212 6.387979
v -61.499699 249.550095 6.020808
v -61.379341 249.890732 6.520581
v -60.789349 257.865845 3.365429
v -59.817112 263.865112 -1.095038
v -60.375874 261.868408 0.395596
v -59.604267 261.169312 1.897049
v -60.498402 256.013580 4.453928
v -60.076492 254.174866 5.302782
v -59.569096 252.102753 6.231040
v -59.126015 249.948624 6.954998
v -60.227745 248.525848 6.608551
v -60.040451 248.800156 7.137344
v -59.173183 263.385132 0.456695
v -58.415688 262.675537 1.950432
v -59.325752 255.096191 5.325971
v -59.649940 257.001160 4.461169
v -58.730328 253.202057 6.153969
v -58.172268 251.097107 6.853469
v -56.752399 249.915863 7.161788
v -57.745781 248.769348 7.266243
v -58.975105 247.447083 6.835620
v -58.722729 247.659058 7.372545
v -57.234299 252.124161 6.786055
v -58.043037 254.093384 6.133772
v -58.491692 256.074768 5.295465
v -55.797493 251.002213 7.111419
v -56.557487 252.921097 6.715197
v -57.201908 255.013596 6.090090
v -57.544746 246.090378 6.642515
v -55.051876 251.800552 7.056277
v -59.789989 259.058838 3.385607
v -57.085258 264.290771 2.030879
v -7.523269 166.924835 -29.128813
v -7.309517 178.948242 -29.722544
v -7.376357 161.815536 -28.198507
v -7.529244 162.818893 -28.791393
v -3.408366 186.547333 -28.442863
v -11.519480 179.020462 -29.684284
v -11.574024 175.086823 -29.549553
v -11.609614 171.040863 -29.315729
v -11.476088 162.892761 -28.476908
v -11.539464 166.952454 -28.793413
v -11.232014 161.883835 -27.860767
v -15.563106 179.074631 -29.045944
v -15.493391 182.929688 -28.748312
v -15.627838 171.178955 -28.666174
v -15.675051 175.198990 -28.935051
v -15.564908 167.098587 -28.202524
v -15.477959 162.996109 -27.986834
v -15.296756 161.986725 -27.291641
v -19.484730 179.120819 -27.718817
v -19.378336 183.008987 -27.513517
v -19.469307 171.346283 -27.444921
v -19.366922 167.281372 -27.053442
v -19.524303 175.306503 -27.713495
v -19.336115 163.167496 -26.930401
v -19.042082 162.180283 -26.335842
v -23.084375 175.409561 -25.714062
v -22.917400 179.193726 -25.595963
v -23.072115 171.573135 -25.606041
v -22.958344 167.589066 -25.364111
v -23.004301 163.424133 -25.302032
v -22.712500 162.457855 -24.693336
v -26.084305 175.513550 -23.201773
v -26.132381 171.824051 -23.346413
v -26.107706 167.865143 -23.208818
v -26.237099 163.869736 -23.213097
v -25.780918 162.882538 -22.695593
v -28.786457 172.043137 -20.302588
v -28.797211 168.175674 -20.476919
v -28.986681 164.208191 -20.834009
v -28.531563 163.196655 -20.317879
v -25.988907 179.195068 -23.065855
v -28.633457 175.669479 -20.120316
v -31.027716 172.286850 -17.413958
v -31.158739 168.462921 -17.606485
v -31.575922 164.623154 -17.833174
v -31.007195 163.595978 -17.496887
v -30.811975 175.916443 -17.178047
v -28.424234 179.328735 -19.952305
v -33.284657 172.589661 -14.149715
v -33.577774 168.788849 -14.268350
v -34.095871 165.008072 -14.446951
v -33.481194 163.975739 -14.193996
v -33.053814 176.210922 -14.046892
v -30.523537 179.527252 -16.924793
v -25.708162 183.010864 -22.745611
v -28.225010 183.129822 -19.763721
v -35.347618 172.819138 -10.678487
v -35.597748 169.046066 -10.822908
v -36.131268 165.462646 -11.023019
v -35.501392 164.418823 -10.843626
v -35.164810 176.533890 -10.731288
v -32.536385 179.824570 -13.771482
v -30.388670 183.328217 -16.732906
v -25.431309 186.793457 -22.420698
v -27.920660 186.893005 -19.381136
v -36.728035 172.984970 -7.095717
v -36.977787 169.202713 -7.181647
v -37.823246 165.702148 -7.337700
v -37.236115 164.639771 -7.232239
v -34.484890 180.149429 -10.528221
v -36.364674 176.731369 -6.956283
v -32.206718 183.563919 -13.544948
v -30.125853 187.083344 -16.459955
v -38.473076 169.353348 -3.410485
v -37.879036 173.177475 -3.369739
v -39.097431 165.692261 -3.401483
v -38.449173 164.588165 -3.205905
v -35.833279 180.320755 -6.911531
v -33.824333 183.695099 -10.265104
v -37.491070 176.838226 -3.352452
v -31.942976 187.239136 -13.313598
v -36.760548 180.468887 -3.286913
v -35.354229 183.780823 -6.788895
v -33.437920 187.265030 -10.058855
v -36.281994 183.930908 -3.295088
v -34.804787 187.214386 -6.537841
v 36.275818 263.579956 -21.795574
v 35.511475 266.739990 -23.315716
v 36.674290 266.710602 -22.682592
v 37.137325 269.943054 -22.894472
v 35.846096 270.119904 -23.608883
v 33.937222 270.248810 -24.262295
v 37.671932 273.358582 -22.750044
v 36.189987 273.712067 -23.309311
v 34.157272 273.974670 -23.812426
v 31.497892 270.387054 -24.963430
v 31.718382 274.243011 -24.423004
v 38.171223 276.783783 -21.957802
v 36.449471 277.309998 -22.481215
v 34.449871 277.745972 -22.981421
v 32.086010 278.149445 -23.585318
v 28.649637 274.440125 -25.220274
v 29.143667 278.439362 -24.239565
v 38.554729 280.031097 -20.437307
v 36.853130 280.739685 -20.957554
v 34.861187 281.350647 -21.502817
v 32.591114 281.822968 -22.054153
v 29.718948 282.341095 -22.697659
v 25.778669 278.754944 -24.856228
v 26.434612 282.845337 -23.491528
v 38.861668 282.803864 -18.431585
v 37.232613 283.748810 -18.790958
v 35.262207 284.609070 -19.270531
v 33.003922 285.264099 -19.766973
v 30.351091 285.896179 -20.391514
v 27.202637 286.654083 -21.206152
v 22.792068 283.039948 -24.108219
v 23.379148 287.210541 -22.063274
v 39.159878 285.367004 -16.002666
v 37.487450 286.373077 -16.223007
v 35.467178 287.342957 -16.479776
v 33.268681 288.373444 -16.851925
v 30.757355 289.253265 -17.269878
v 28.114870 290.322662 -17.737442
v 23.514336 291.903992 -18.222176
v 19.329050 286.803345 -23.060850
v 19.201775 290.845154 -20.431196
v 39.373730 287.472595 -13.294297
v 37.686272 288.518677 -13.367393
v 35.759216 289.531891 -13.441505
v 33.614632 290.464020 -13.549203
v 31.319582 291.530243 -13.640638
v 28.787306 292.768097 -13.709675
v 25.844120 294.293976 -13.599086
v 17.864302 294.122681 -17.917860
v 20.580482 295.113708 -15.873063
v 15.055387 290.082977 -21.559689
v -55.660347 266.033478 2.173691
v -57.842972 265.018341 0.499195
v -56.422276 266.761047 0.607095
v -54.200043 267.876007 2.210405
v -56.980919 267.273346 -1.026677
v -58.430271 265.532806 -1.071686
v -54.955292 268.592010 0.692308
v -52.727215 269.673248 2.286148
v -55.506577 269.074921 -1.009394
v -57.237389 267.450836 -2.758483
v -58.711338 265.765839 -2.722730
v -53.504677 270.431274 0.709302
v -51.382912 271.468536 2.416082
v -55.744556 269.323883 -2.816362
v -54.036606 270.945221 -0.949725
v -52.155087 272.306213 0.770446
v -57.501690 267.575043 -4.675317
v -55.955929 269.366669 -4.713687
v -59.001595 265.830841 -4.597773
v -49.829636 273.696198 2.693839
v -54.291809 271.198792 -2.840545
v -54.464397 271.235535 -4.781469
v -52.659786 272.882965 -0.896213
v -50.567356 274.694977 1.016771
v -57.634575 267.451416 -6.710408
v -56.042614 269.226898 -6.789121
v -54.537571 271.027283 -6.873573
v -59.179836 265.758514 -6.618040
v -48.235672 276.001007 3.060382
v -56.005531 268.936157 -8.829797
v -57.552059 267.164795 -8.660032
v -54.506275 270.732635 -8.964537
v -59.088879 265.475983 -8.532571
v -55.722256 268.413025 -10.767962
v -54.306744 270.260132 -10.968023
v -57.261051 266.639923 -10.550392
v -58.729332 264.970642 -10.393884
v -55.306068 267.681671 -12.663346
v -53.844826 269.466370 -12.941685
v -56.775650 265.902222 -12.368498
v -58.257240 264.238098 -12.218798
v -54.563492 266.663696 -14.433524
v -53.136761 268.424683 -14.747307
v -56.076824 264.935333 -14.132458
v -57.530388 263.286652 -13.878962
v -53.626450 265.441986 -15.983700
v -52.187557 267.130035 -16.351440
v -55.171051 263.776947 -15.687370
v -56.591614 262.200836 -15.439615
v -53.935978 262.381531 -17.001492
v -55.393162 260.820343 -16.650534
v -50.933792 265.695557 -17.756727
v -52.428326 264.001587 -17.439152
v -52.456051 260.791718 -18.048870
v -53.930305 259.284424 -17.701853
v -55.273746 257.867767 -17.324524
v -56.734001 259.352173 -16.295755
v -49.449547 264.020752 -18.906349
v -51.028782 262.377228 -18.513536
v -56.581573 256.547821 -16.953642
v -47.900188 262.315369 -19.671028
v -49.366955 260.639557 -19.291813
v -57.733932 255.265900 -16.625843
v -46.306396 260.475128 -19.804844
v -36.741695 261.985199 6.850749
v -37.460880 262.087463 6.434379
v -36.654827 260.532745 5.183164
v -37.287823 260.627960 4.831005
v -38.267723 261.913361 6.051091
v -36.652500 259.153442 3.267044
v -37.952625 260.510529 4.493147
v -37.164417 259.381958 2.951800
v -39.141003 261.518738 5.653393
v -36.652035 258.069031 1.172880
v -38.724808 260.121002 4.177719
v -37.761181 259.380280 2.608527
v -37.108841 258.375610 0.890338
v -39.992985 260.918152 5.368300
v -36.683815 257.131775 -1.074706
v -39.497604 259.582703 3.879400
v -38.464962 259.128784 2.262834
v -37.656750 258.432220 0.613473
v -37.103138 257.472626 -1.317957
v -40.842243 260.248230 5.092785
v -36.758617 256.347534 -3.617293
v -39.104012 258.642792 2.005664
v -40.177673 258.981476 3.589183
v -38.241310 258.247101 0.368162
v -37.583214 257.577118 -1.527981
v -37.113285 256.677338 -3.819815
v -41.563206 259.568542 4.826070
v -36.739899 255.845184 -6.385752
v -38.844418 257.853485 0.157660
v -39.713055 258.071594 1.796728
v -40.867298 258.333557 3.399917
v -38.079338 257.448151 -1.690843
v -37.508987 256.803558 -3.977931
v -37.063576 256.240753 -6.544992
v -42.299713 258.836914 4.655023
v -38.616837 257.116699 -1.838460
v -39.401714 257.323181 -0.013236
v -40.340588 257.482544 1.636532
v -41.553825 257.603699 3.223993
v -37.926922 256.714874 -4.088173
v -37.411530 256.380157 -6.638554
v -43.080761 257.946716 4.602730
v -38.398411 256.432526 -4.186212
v -39.137051 256.642242 -1.954076
v -39.982925 256.786072 -0.165636
v 14.212929 293.245941 -19.277353
v 39.463375 288.799957 -10.635898
v 37.750473 289.856445 -10.526966
v 35.941082 290.694214 -10.438303
v 33.659370 291.805237 -10.310518
v 31.517817 292.883026 -10.180105
v 29.197754 294.094116 -10.038991
v 10.632005 292.665924 -19.720802
v 39.412701 289.558441 -7.777789
v 37.766510 290.501770 -7.641769
v 36.017330 291.331635 -7.559173
v 33.881226 292.275879 -7.355435
v 31.591408 293.370117 -7.141521
v 39.342564 289.513733 -5.174358
v 37.686813 290.533936 -5.016346
v 35.866974 291.358582 -4.841817
v 33.679165 292.148926 -4.637335
v 7.102930 292.350586 -19.848080
v 39.200993 289.279816 -2.493247
v 37.546734 290.182465 -2.339688
v 35.711048 290.900787 -2.088111
v 31.415815 293.072296 -4.386960
v 33.454014 291.561951 -1.854925
v 39.011803 288.363708 0.145688
v 37.399666 289.108551 0.475380
v 35.500347 289.697327 0.752851
v 37.189659 287.675598 2.834186
v 33.267647 290.379333 1.086865
v 31.180250 292.283752 -1.569414
v 35.314938 288.211670 3.124603
v 38.792538 286.903442 2.673856
v 36.986851 286.032013 4.899015
v 33.090672 288.731201 3.598073
v 30.954096 291.081879 1.317368
v 35.116680 286.603424 5.397870
v 38.585743 285.371216 4.621110
v 36.850895 284.156433 6.752923
v 28.730062 293.241547 -1.271810
v 38.378273 283.558289 6.265792
v 36.639320 281.917938 8.326303
v 38.195957 281.265594 7.813218
v 36.370411 279.151367 9.628717
v 37.859249 278.628906 9.011716
v 36.175842 276.116272 10.528189
v 26.278294 294.208862 -0.999300
v 37.587246 275.653442 9.854288
v 35.908947 273.033081 11.088546
v 37.277103 272.791199 10.281060
v 35.736805 269.875488 11.436307
v 37.030930 269.810638 10.393007
v 24.127008 295.013214 -0.735215
v 23.685444 293.405396 2.027739
v 21.046045 294.250824 2.293013
v 21.600332 296.009094 -0.383924
v 20.330667 292.256134 4.674793
v 21.848454 297.313049 -3.059621
v 24.394026 296.175659 -3.444991
v 21.931627 298.057404 -5.916619
v 24.409290 296.822479 -6.285879
v 26.571650 295.226624 -3.744610
v 21.337908 298.109924 -8.934136
v 23.836428 296.733673 -9.495652
v 26.757772 295.739624 -6.555733
v 29.078821 294.132172 -4.074933
v 22.591059 296.234436 -12.607346
v 20.029047 297.791321 -11.525654
v 26.557455 295.304413 -9.893176
v 29.284647 294.537598 -6.864385
v 10.676760 198.116043 -26.419666
v 6.954769 194.079803 -26.971996
v 10.878251 194.146164 -27.215652
v -40.976929 256.789703 1.536018
v -42.258221 256.745911 3.115366
v -37.796738 256.357056 -6.700579
v -44.080311 256.809784 4.502792
v -38.252857 256.137909 -6.742868
v -38.890038 256.019165 -4.271690
v -39.671871 256.118195 -2.062882
v -40.527298 256.152496 -0.305021
v -41.658051 255.958893 1.416516
v -43.101730 255.684662 3.003782
v -45.299320 255.389572 4.495903
v -38.749622 255.734436 -6.763536
v -39.399551 255.580734 -4.342158
v -40.192886 255.583542 -2.181738
v -41.141502 255.345276 -0.466461
v -42.526073 254.905869 1.340550
v -44.251720 254.360870 2.934216
v -46.449226 254.030365 4.470992
v -39.255531 255.324539 -6.768357
v -39.932404 255.108917 -4.417791
v -40.833607 254.835541 -2.338675
v -42.020370 254.268539 -0.623597
v -43.539967 253.646088 1.310001
v -45.361748 253.038849 2.952295
v -39.812515 254.832642 -6.768354
v -40.593048 254.430740 -4.489146
v -41.711121 253.894165 -2.548760
v -43.000114 253.132523 -0.693500
v -44.612610 252.353851 1.292472
v -44.100052 251.840790 -0.660809
v -42.709656 252.730896 -2.588155
v -41.482864 253.528961 -4.607702
v -40.479729 254.186111 -6.791257
v -43.769321 251.429886 -2.564776
v -42.540825 252.397675 -4.654832
v -41.382088 253.313187 -6.742446
v -42.439785 252.184830 -6.726091
v -43.592773 251.197235 -4.616370
v -44.872643 250.158493 -2.503299
v -44.713951 249.910416 -4.539056
v -45.713890 248.757095 -4.436031
v -43.519253 251.021927 -6.654995
v -44.628281 249.782318 -6.549520
v -45.684002 248.552643 -6.473835
v 8.631425 177.889969 27.041910
v 8.545534 181.533127 26.950211
v 5.553414 181.452881 27.339207
v 8.463454 185.088364 26.838953
v 5.521720 185.015778 27.272339
v 2.844417 184.971329 27.531521
v 5.511303 188.855530 27.244324
v 8.420271 188.925385 26.816914
v 2.859459 188.773758 27.512827
v 0.000000 188.739059 27.644541
v 5.503359 192.991379 27.264978
v 2.871413 192.951508 27.559515
v 8.416945 193.030289 26.829090
v 0.000000 192.906769 27.709249
v -2.859459 188.773758 27.512827
v 2.857454 197.097198 27.514597
v 5.488718 197.122314 27.213736
v 0.000000 197.064468 27.674557
v 8.388474 197.146042 26.787827
v -2.871413 192.951508 27.559515
v -5.511303 188.855530 27.244324
v 0.000000 201.122345 27.599901
v 2.852050 201.150726 27.452927
v 5.467590 201.170654 27.181358
v -2.857454 197.097198 27.514597
v 8.353166 201.183334 26.789425
v -5.503359 192.991379 27.264978
v -8.420271 188.925385 26.816914
v 5.428442 205.231934 27.226543
v 0.000000 205.178879 27.583855
v -2.852050 201.150726 27.452927
v 2.818965 205.205032 27.465469
v -5.488718 197.122314 27.213736
v -8.416945 193.030289 26.829090
v -11.161944 189.017197 26.313679
v 0.000000 209.326355 27.581837
v -2.818965 205.205032 27.465469
v -5.428442 205.231934 27.226543
v -5.467590 201.170654 27.181358
v -8.388474 197.146042 26.787827
v -11.143036 193.089020 26.360634
v -14.050056 189.170700 25.722902
v -2.779768 209.354706 27.477932
v -5.392308 209.378967 27.262756
v -8.315166 205.257248 26.863499
v -8.353167 201.183334 26.789425
v -11.105278 197.187927 26.339743
v -14.011046 193.198563 25.766436
v -17.077448 189.439117 24.844183
v -11.060358 201.229431 26.336981
v -13.961168 197.281723 25.742979
v -8.290929 209.407608 26.910046
v -11.035501 205.311462 26.373713
v -16.982578 193.407883 24.838676
v -19.915117 189.730392 23.612267
v -13.903908 201.341171 25.695429
v -16.875359 197.451126 24.771576
v -19.834305 193.646912 23.547037
v -22.718872 189.995071 21.936817
v -11.014904 209.455460 26.369568
v -13.847950 205.416870 25.652100
v -16.772251 201.503052 24.703611
v -19.690966 197.649902 23.443432
v -22.557737 193.877304 21.848640
v -25.279461 190.220230 19.912676
v -13.800555 209.525970 25.582098
v -16.671518 205.563110 24.613647
v -19.538038 201.682663 23.369864
v -22.316532 197.848251 21.764854
v -24.984022 194.076172 19.812487
v 3.387909 190.217789 -27.619438
v 7.036170 190.229416 -27.826349
v 11.040276 190.309784 -27.977310
v 15.163861 190.354874 -27.808506
v 18.846367 190.293137 -26.183214
v -22.337585 186.695724 -24.981911
v -19.124670 186.693970 -26.850679
v -22.701984 182.963745 -25.336210
v -33.714321 237.704102 -4.349474
v -33.743046 239.969116 -7.923837
v -34.055798 240.547302 -4.720757
v -33.355507 242.255051 -11.638268
v -34.203423 242.718124 -8.234011
v -34.467861 243.369339 -4.954512
v -33.905289 244.839386 -11.994670
v -34.691044 245.256134 -8.494925
v -34.915565 245.928375 -5.263104
v -32.455914 244.623825 -15.699207
v -34.440285 247.202698 -12.322552
v -35.106270 247.517395 -8.794423
v -35.215511 248.106644 -5.567903
v -35.422562 249.540695 -8.997952
v -30.432194 244.637329 -18.972971
v -32.941685 247.261536 -16.187447
v -34.810150 249.354630 -12.692548
v -35.585369 250.029266 -5.846911
v -35.720306 251.432037 -9.183937
v -27.512392 244.790939 -21.720026
v -30.813486 247.541275 -19.564703
v -33.329674 249.842911 -16.709953
v -35.215740 251.383942 -12.943171
v -35.883854 251.827057 -6.064017
v -36.002762 253.113159 -9.315821
v -24.356405 244.929153 -24.087425
v -27.808737 247.960480 -22.215422
v -31.199747 250.625076 -20.244810
v -33.897522 252.209930 -17.065432
v -35.569248 253.011017 -12.972844
v -36.242416 253.496307 -6.239874
v -35.941715 254.414597 -12.889280
v -36.305927 254.541931 -9.328755
v -34.539059 254.051819 -16.877785
v -20.715176 245.132385 -25.283028
v -24.500326 248.256378 -24.465990
v -27.997282 251.366257 -22.832117
v -31.552973 254.556778 -21.025906
v -33.465794 256.282013 -20.024326
v -35.328823 255.779312 -16.410297
v -36.259212 255.985825 -12.662189
v -36.492538 254.892410 -6.412190
v -36.575825 255.718796 -9.347255
v -17.172285 245.325089 -25.756971
v -20.740665 248.504654 -25.549585
v -24.527163 251.753540 -24.781073
v -27.952297 255.132996 -23.577215
v -30.918810 259.173248 -23.186003
v -33.353329 259.807251 -22.012135
v -34.901638 257.722137 -19.086670
v -35.977791 257.219971 -15.867673
v -36.739899 255.845184 -6.385752
v -13.318086 245.504410 -25.376966
v -17.113443 248.702850 -25.911392
v -20.712320 251.992615 -25.765661
v -24.450768 255.461746 -25.142254
v -27.826572 259.279175 -24.476528
v -30.955530 263.106750 -24.307945
v -33.547394 263.241516 -23.273483
v -34.976795 260.480408 -21.087019
v -35.886311 258.694336 -18.409807
v -13.315020 248.874344 -25.599892
v -9.865660 245.655060 -24.983128
v -17.025957 252.165436 -26.056738
v -20.671499 255.593155 -26.031025
v -24.372702 259.261597 -25.555481
v -27.845963 263.039276 -25.140902
v -35.223518 263.448181 -22.333445
v -33.671951 266.700500 -24.076687
v -35.967216 260.850983 -20.493933
v -9.892889 249.016495 -25.172235
v -6.492167 245.797852 -24.370527
v -24.401377 262.974945 -26.038206
v -36.275818 263.579956 -21.795574
v -35.511475 266.739990 -23.315716
v -33.937222 270.248810 -24.262295
v -6.553621 249.183456 -24.552889
v -3.117393 249.266861 -23.920259
v -36.674290 266.710602 -22.682592
v -37.137325 269.943054 -22.894472
v -35.846092 270.119904 -23.608883
v -3.193949 252.724503 -24.180567
v 0.000000 252.745026 -24.066380
v -37.671932 273.358582 -22.750044
v -36.189987 273.712067 -23.309311
v 0.000000 256.236755 -24.372490
v 3.193949 252.724503 -24.180567
v -38.171223 276.783783 -21.957802
v 3.301355 256.221863 -24.439190
v 0.000000 259.760223 -24.715363
v 6.646547 252.633118 -24.731535
v 6.553621 249.183456 -24.552889
v 3.411830 259.749634 -24.790535
v 6.754484 256.135437 -24.881680
v 0.000000 263.326050 -25.182337
v 10.092500 255.957352 -25.482006
v 9.950521 252.454666 -25.321796
v 6.839953 259.680603 -25.103867
v -27.382837 190.400833 17.656002
v -16.590284 209.631302 24.531687
v -19.388309 205.724350 23.254591
v -22.113562 201.863800 21.689476
v -24.690414 198.023575 19.751497
v -27.083614 194.226547 17.546818
v -28.989079 194.314468 15.099723
v -19.279608 209.761353 23.166235
v -21.930119 205.890823 21.581240
v -24.444925 202.030060 19.682089
v -26.795816 198.158813 17.468733
v -28.663084 198.246689 15.013461
v -30.320271 198.297119 12.440747
v -21.802454 209.905518 21.496595
v -24.241470 206.052246 19.588226
v -26.518347 202.166718 17.405443
v -28.381308 202.270096 14.968024
v -26.311729 206.197189 17.330095
v -24.097263 210.052719 19.493462
v -36.551628 255.499146 -3.535466
v -36.739899 255.845184 -6.385752
v -36.758617 256.347534 -3.617293
v -36.421452 256.293274 -0.891691
v -36.683815 257.131775 -1.074706
v -36.306648 257.199066 1.519157
v -36.652035 258.069031 1.172880
v -36.172970 258.344177 3.726421
v -36.652500 259.153442 3.267044
v -36.026459 259.720154 5.716291
v -36.654827 260.532745 5.183164
v -35.923107 261.219513 7.595743
v -36.741695 261.985199 6.850749
vn -0.0527 -0.0830 -0.9952
vn -0.0000 -0.0189 -0.9998
vn -0.0505 -0.0192 -0.9985
vn -0.1254 -0.0489 -0.9909
vn -0.1492 -0.0664 -0.9866
vn -0.1105 -0.0721 -0.9913
vn -0.1020 -0.0558 -0.9932
vn -0.1017 -0.0438 -0.9938
vn -0.0920 -0.0088 -0.9957
vn -0.0157 -0.0451 -0.9989
vn -0.1035 -0.0453 -0.9936
vn -0.0272 -0.0652 -0.9975
vn -0.0979 -0.0380 -0.9945
vn -0.1046 0.0095 -0.9945
vn -0.0000 0.0254 -0.9997
vn 0.0505 -0.0192 -0.9985
vn 0.0527 -0.0830 -0.9952
vn -0.0447 0.0277 -0.9986
vn -0.0772 0.0377 -0.9963
vn 0.1018 -0.0875 -0.9910
vn -0.0410 -0.0443 -0.9982
vn -0.0889 0.0207 -0.9958
vn -0.0922 0.0467 -0.9946
vn -0.0000 0.0677 -0.9977
vn 0.0447 0.0277 -0.9986
vn -0.0399 0.0690 -0.9968
vn -0.0712 0.0743 -0.9947
vn 0.0838 -0.0627 -0.9945
vn -0.0464 0.0221 -0.9987
vn -0.0801 0.0539 -0.9953
vn -0.0856 0.0811 -0.9930
vn 0.2130 -0.0856 -0.9733
vn 0.0631 0.0064 -0.9980
vn -0.0000 0.1138 -0.9935
vn 0.0399 0.0690 -0.9968
vn -0.0384 0.1127 -0.9929
vn -0.0626 0.1265 -0.9900
vn -0.0440 0.0589 -0.9973
vn -0.0709 0.0880 -0.9936
vn -0.0782 0.1414 -0.9869
vn 0.1698 -0.0331 -0.9849
vn 0.0494 0.0562 -0.9972
vn 0.2533 -0.1299 -0.9586
vn -0.0271 0.0970 -0.9949
vn -0.0000 0.1870 -0.9824
vn 0.0384 0.1127 -0.9929
vn -0.0292 0.1920 -0.9810
vn -0.0513 0.1947 -0.9795
vn -0.0664 0.1415 -0.9877
vn -0.0753 0.2095 -0.9749
vn 0.2113 -0.0713 -0.9748
vn 0.1442 0.0343 -0.9889
vn 0.0643 0.1218 -0.9905
vn 0.0202 0.1757 -0.9842
vn 0.3332 -0.1990 -0.9216
vn -0.0309 0.2572 -0.9659
vn -0.0000 0.3140 -0.9494
vn 0.0292 0.1920 -0.9810
vn -0.0360 0.3138 -0.9488
vn -0.0480 0.3216 -0.9457
vn -0.0309 0.3651 -0.9304
vn 0.2582 -0.1113 -0.9597
vn 0.1875 0.0200 -0.9821
vn 0.1501 0.1362 -0.9792
vn 0.1224 0.2260 -0.9664
vn 0.0823 0.3125 -0.9463
vn 0.0215 0.4135 -0.9102
vn -0.0000 0.4616 -0.8871
vn 0.0360 0.3138 -0.9488
vn -0.0222 0.4737 -0.8804
vn -0.0230 0.4959 -0.8681
vn -0.0160 0.5062 -0.8623
vn 0.0014 0.5390 -0.8423
vn -0.0000 0.5259 -0.8505
vn -0.0014 0.5390 -0.8423
vn 0.0222 0.4737 -0.8804
vn -0.0000 0.5325 -0.8465
vn 0.0215 0.5362 -0.8438
vn 0.0246 0.5599 -0.8282
vn -0.0215 0.5362 -0.8438
vn 0.0105 0.5639 -0.8258
vn -0.0246 0.5599 -0.8282
vn -0.0485 0.6067 -0.7934
vn 0.9301 -0.3630 0.0560
vn 0.9442 -0.3205 0.0758
vn 0.9721 -0.2321 0.0323
vn 0.9693 -0.2367 0.0666
vn 0.9307 -0.3364 0.1439
vn 0.9800 -0.1889 0.0633
vn 0.9854 -0.1656 0.0384
vn 0.9576 -0.2563 0.1317
vn 0.9737 -0.1881 0.1285
vn 0.9182 -0.3542 0.1774
vn 0.9735 -0.2101 0.0906
vn 0.9585 -0.2403 0.1537
vn 0.9812 -0.1834 0.0600
vn 0.9580 -0.2195 0.1844
vn 0.9401 -0.2918 0.1762
vn 0.9445 -0.2422 0.2217
vn 0.8920 -0.3813 0.2427
vn 0.9794 -0.1685 0.1115
vn 0.9614 -0.2118 0.1754
vn 0.9429 -0.2357 0.2355
vn 0.9837 -0.1671 0.0659
vn 0.9323 -0.2522 0.2591
vn 0.9233 -0.2519 0.2900
vn 0.9052 -0.3391 0.2563
vn 0.9219 -0.2358 0.3073
vn 0.8537 -0.4085 0.3231
vn 0.9681 -0.1619 0.1913
vn 0.9805 -0.1590 0.1156
vn 0.9515 -0.1882 0.2434
vn 0.9288 -0.1976 0.3134
vn 0.9854 -0.1566 0.0668
vn 0.9030 -0.2988 0.3089
vn 0.9095 -0.2668 0.3187
vn 0.9081 -0.2571 0.3305
vn 0.8633 -0.3839 0.3276
vn 0.9182 -0.2223 0.3278
vn 0.8168 -0.4065 0.4095
vn 0.9538 -0.1489 0.2610
vn 0.9705 -0.1347 0.1998
vn 0.9835 -0.1333 0.1220
vn 0.9323 -0.1659 0.3213
vn 0.9240 -0.1855 0.3343
vn 0.9879 -0.1396 0.0670
vn 0.8907 -0.3029 0.3389
vn 0.9071 -0.2753 0.3185
vn 0.9082 -0.2815 0.3095
vn 0.9183 -0.2393 0.3154
vn 0.8449 -0.3666 0.3895
vn 0.9154 -0.2172 0.3389
vn 0.8088 -0.3318 0.4855
vn 0.9748 -0.1038 0.1975
vn 0.9873 -0.1121 0.1123
vn 0.9002 -0.1681 0.4017
vn 0.9274 -0.1413 0.3462
vn 0.9894 -0.1409 0.0357
vn 0.8631 -0.2244 0.4524
vn 0.8906 -0.2043 0.4062
vn 0.8917 -0.2404 0.3836
vn 0.8844 -0.2593 0.3881
vn 0.8754 -0.2463 0.4159
vn 0.8256 -0.2956 0.4807
vn 0.8690 -0.2088 0.4486
vn 0.7413 -0.1734 0.6484
vn 0.9915 -0.0921 0.0916
vn 0.9768 -0.0780 0.1992
vn 0.8187 -0.2154 0.5323
vn 0.8149 -0.2034 0.5428
vn 0.8145 -0.1388 0.5633
vn 0.8037 -0.0698 0.5909
vn 0.7679 -0.1197 0.6293
vn 0.7655 -0.0271 0.6428
vn 0.7128 -0.0991 0.6944
vn 0.7093 -0.0079 0.7049
vn 0.6870 0.0550 0.7246
vn 0.6533 0.1093 0.7492
vn 0.5994 0.1970 0.7758
vn 0.6694 0.0962 0.7366
vn 0.5630 0.1478 0.8131
vn 0.5612 0.0739 0.8243
vn 0.5293 0.2025 0.8239
vn 0.4891 0.2831 0.8250
vn 0.4519 0.3445 0.8229
vn 0.5312 0.2685 0.8036
vn 0.4308 0.2065 0.8785
vn 0.4072 0.2840 0.8681
vn 0.3735 0.3501 0.8590
vn 0.3527 0.4019 0.8450
vn 0.3234 0.4329 0.8414
vn 0.4015 0.3745 0.8358
vn 0.4445 0.3047 0.8424
vn 0.5643 0.1763 0.8065
vn 0.2787 0.3461 0.8958
vn 0.2637 0.3992 0.8781
vn 0.2582 0.4360 0.8621
vn 0.2517 0.4674 0.8475
vn 0.2404 0.4995 0.8323
vn 0.2878 0.4706 0.8341
vn 0.3504 0.4257 0.8342
vn 0.4465 0.2348 0.8634
vn 0.3894 0.3764 0.8407
vn 0.1933 0.4508 0.8715
vn 0.1932 0.4179 0.8877
vn 0.1979 0.4787 0.8554
vn 0.2056 0.5092 0.8357
vn 0.2287 0.5404 0.8097
vn 0.2091 0.5465 0.8109
vn 0.2683 0.5263 0.8068
vn 0.3132 0.5022 0.8060
vn 0.3368 0.4664 0.8180
vn 0.3796 0.3489 0.8568
vn 0.1637 0.4757 0.8642
vn 0.1589 0.4609 0.8731
vn 0.1904 0.5042 0.8423
vn 0.1962 0.5392 0.8190
vn 0.2249 0.6072 0.7621
vn 0.2097 0.5995 0.7724
vn 0.2018 0.5832 0.7868
vn 0.2618 0.6112 0.7470
vn 0.2879 0.6056 0.7418
vn 0.3265 0.5989 0.7313
vn 0.3547 0.4495 0.8198
vn 0.1341 0.4830 0.8653
vn 0.2200 0.7214 0.6567
vn 0.2042 0.7161 0.6675
vn 0.2027 0.6816 0.7031
vn 0.2537 0.7209 0.6449
vn 0.2899 0.7243 0.6255
vn 0.3178 0.7235 0.6129
vn 0.3623 0.5858 0.7250
vn 0.2242 0.7701 0.5972
vn 0.1969 0.7660 0.6120
vn 0.2008 0.7678 0.6084
vn 0.2621 0.7808 0.5672
vn 0.2969 0.7831 0.5465
vn 0.3021 0.7862 0.5391
vn 0.2346 0.7340 0.6374
vn 0.3070 0.8112 0.4978
vn 0.2258 0.7332 0.6414
vn -0.1159 -0.0697 -0.9908
vn -0.1880 -0.0525 -0.9808
vn -0.1246 -0.0590 -0.9904
vn -0.0000 -0.0785 -0.9969
vn -0.0000 -0.0639 -0.9980
vn 0.1246 -0.0590 -0.9904
vn 0.1276 -0.0458 -0.9908
vn 0.1850 -0.0351 -0.9821
vn -0.1824 -0.0199 0.9830
vn -0.1922 -0.0346 0.9808
vn -0.3350 -0.0233 0.9419
vn -0.0682 -0.0267 0.9973
vn -0.0768 -0.0201 0.9968
vn -0.0867 -0.0016 0.9962
vn -0.1056 0.0242 0.9941
vn -0.0623 0.0176 0.9979
vn -0.0860 0.0432 0.9954
vn -0.0385 -0.0098 0.9992
vn -0.0143 -0.0015 0.9999
vn -0.0034 0.0338 0.9994
vn -0.0484 0.0352 0.9982
vn -0.0696 0.0580 0.9959
vn -0.0213 0.0206 0.9996
vn 0.0227 0.0437 0.9988
vn 0.0087 0.0347 0.9994
vn 0.0217 0.0944 0.9953
vn -0.0063 0.0473 0.9989
vn -0.0193 0.0718 0.9972
vn 0.0035 0.0418 0.9991
vn 0.0345 0.0994 0.9944
vn 0.0268 0.0550 0.9981
vn 0.0154 0.0540 0.9984
vn 0.0291 0.0982 0.9947
vn 0.0401 0.1782 0.9832
vn 0.0381 0.1771 0.9834
vn -0.0000 0.0481 0.9988
vn -0.0000 0.0808 0.9967
vn -0.0000 0.0444 0.9990
vn -0.0000 0.0590 0.9983
vn -0.0000 0.0657 0.9978
vn -0.0000 0.1028 0.9947
vn -0.0000 0.1804 0.9836
vn 0.0403 0.2305 0.9722
vn -0.0035 0.0418 0.9991
vn 0.0063 0.0473 0.9989
vn 0.0193 0.0718 0.9972
vn -0.0154 0.0540 0.9984
vn -0.0291 0.0982 0.9947
vn 0.0415 0.0595 0.9974
vn 0.0213 0.0206 0.9996
vn -0.0087 0.0347 0.9994
vn 0.0484 0.0352 0.9982
vn 0.0696 0.0580 0.9959
vn -0.0268 0.0550 0.9981
vn -0.0000 0.2299 0.9732
vn -0.0002 0.2592 0.9658
vn 0.0385 -0.0098 0.9992
vn 0.0143 -0.0015 0.9999
vn -0.0227 0.0437 0.9988
vn 0.0623 0.0176 0.9979
vn -0.0345 0.0994 0.9944
vn 0.0682 -0.0267 0.9973
vn -0.0403 0.2305 0.9722
vn -0.0381 0.1771 0.9834
vn 0.1980 0.7382 0.6449
vn -0.6081 -0.0564 0.7919
vn -0.5378 0.0805 0.8392
vn -0.5118 0.0284 0.8586
vn -0.4707 0.1515 0.8692
vn -0.4590 0.1689 0.8722
vn -0.4456 0.2335 0.8643
vn -0.4563 0.2672 0.8488
vn -0.4149 0.3045 0.8574
vn -0.3786 0.3524 0.8558
vn -0.4430 0.4071 0.7988
vn -0.4011 0.4339 0.8068
vn -0.4422 0.5295 0.7239
vn -0.3545 0.4500 0.8196
vn -0.3367 0.4672 0.8175
vn -0.4020 0.5629 0.7222
vn -0.3622 0.5860 0.7248
vn -0.3264 0.5990 0.7312
vn -0.3993 0.6574 0.6390
vn -0.3744 0.6814 0.6289
vn -0.3433 0.7052 0.6203
vn -0.3178 0.7235 0.6129
vn -0.2879 0.6057 0.7418
vn -0.2899 0.7243 0.6255
vn -0.3130 0.5031 0.8056
vn -0.4073 0.7346 0.5426
vn -0.3616 0.7511 0.5523
vn -0.3128 0.7723 0.5529
vn -0.3026 0.7787 0.5495
vn -0.2969 0.7831 0.5465
vn -0.2537 0.7209 0.6449
vn -0.2618 0.6112 0.7470
vn -0.2621 0.7808 0.5672
vn -0.2681 0.5268 0.8066
vn -0.4502 0.7938 0.4090
vn -0.3924 0.8121 0.4319
vn -0.3186 0.8329 0.4524
vn -0.3103 0.8333 0.4575
vn -0.3067 0.8279 0.4696
vn -0.3070 0.8112 0.4978
vn -0.2200 0.7214 0.6567
vn -0.2242 0.7701 0.5972
vn -0.2249 0.6072 0.7621
vn -0.3021 0.7862 0.5391
vn -0.2286 0.5406 0.8097
vn -0.4336 0.8679 0.2423
vn -0.3400 0.8967 0.2834
vn -0.3211 0.8955 0.3082
vn -0.3549 0.8723 0.3364
vn -0.3717 0.8465 0.3811
vn -0.3670 0.8280 0.4239
vn -0.1969 0.7660 0.6120
vn -0.2042 0.7161 0.6675
vn -0.2346 0.7340 0.6374
vn -0.2097 0.5995 0.7724
vn -0.3161 0.7561 0.5731
vn -0.3721 0.8085 0.4560
vn -0.2091 0.5465 0.8109
vn -0.3854 0.9177 0.0965
vn -0.3688 0.9179 0.1465
vn -0.4054 0.8924 0.1981
vn -0.4188 0.8759 0.2397
vn -0.4128 0.8696 0.2709
vn -0.4204 0.8569 0.2984
vn -0.2027 0.6816 0.7031
vn -0.2018 0.5832 0.7868
vn -0.2811 0.7452 0.6047
vn -0.3626 0.7945 0.4871
vn -0.4166 0.8474 0.3293
vn -0.4073 0.9115 -0.0566
vn -0.4357 0.8999 -0.0201
vn -0.4358 0.9000 0.0061
vn -0.4286 0.9031 0.0267
vn -0.4393 0.8969 0.0517
vn -0.4450 0.8924 0.0749
vn -0.4262 0.8675 -0.2566
vn -0.4189 0.8756 -0.2406
vn -0.4124 0.8820 -0.2282
vn -0.4279 0.8787 -0.2114
vn -0.4277 0.8808 -0.2030
vn -0.3674 0.8421 -0.3948
vn -0.3798 0.8136 -0.4403
vn -0.4013 0.8024 -0.4417
vn -0.3551 0.8518 -0.3851
vn -0.1904 0.5042 0.8423
vn -0.1962 0.5392 0.8190
vn -0.2055 0.5094 0.8357
vn -0.1972 0.4791 0.8553
vn -0.1637 0.4757 0.8642
vn -0.2400 0.5001 0.8321
vn -0.2506 0.4687 0.8470
vn -0.1919 0.4513 0.8715
vn -0.2557 0.4380 0.8618
vn -0.1589 0.4610 0.8731
vn -0.1341 0.4830 0.8653
vn -0.3548 0.4038 0.8432
vn -0.3231 0.4340 0.8410
vn -0.2870 0.4716 0.8338
vn -0.1911 0.4186 0.8879
vn -0.2608 0.3998 0.8787
vn -0.3748 0.3486 0.8591
vn -0.1600 0.4269 0.8900
vn -0.1303 0.4667 0.8747
vn -0.4536 0.3435 0.8224
vn -0.4929 0.2824 0.8230
vn -0.4022 0.3740 0.8357
vn -0.3502 0.4265 0.8339
vn -0.1953 0.3782 0.9049
vn -0.2783 0.3446 0.8965
vn -0.4085 0.2810 0.8685
vn -0.5302 0.2009 0.8237
vn -0.1524 0.3816 0.9117
vn -0.1105 0.4257 0.8981
vn -0.5994 0.1970 0.7758
vn -0.5316 0.2680 0.8035
vn -0.6533 0.1093 0.7492
vn -0.4428 0.3036 0.8437
vn -0.3893 0.3773 0.8403
vn -0.2008 0.3052 0.9309
vn -0.2966 0.2604 0.9188
vn -0.4315 0.2055 0.8784
vn -0.5630 0.1478 0.8131
vn -0.6870 0.0550 0.7246
vn -0.7655 -0.0271 0.6428
vn -0.6694 0.0962 0.7366
vn -0.5637 0.1747 0.8073
vn -0.8037 -0.0698 0.5909
vn -0.3159 0.1695 0.9336
vn -0.4289 0.1177 0.8957
vn -0.5612 0.0739 0.8243
vn -0.7093 -0.0079 0.7049
vn -0.8145 -0.1388 0.5633
vn -0.8649 -0.2250 0.4486
vn -0.7679 -0.1197 0.6293
vn -0.6630 0.0040 0.7486
vn -0.8906 -0.2043 0.4062
vn -0.4387 0.0453 0.8975
vn -0.5567 -0.0151 0.8306
vn -0.7128 -0.0991 0.6944
vn -0.8149 -0.2034 0.5428
vn -0.8917 -0.2404 0.3836
vn -0.8262 -0.3035 0.4747
vn -0.7413 -0.1734 0.6484
vn -0.8982 -0.2911 0.3295
vn -0.9071 -0.2753 0.3185
vn -0.5614 -0.0774 0.8239
vn -0.7123 -0.1468 0.6864
vn -0.8187 -0.2154 0.5323
vn -0.8844 -0.2593 0.3881
vn -0.9082 -0.2815 0.3095
vn -0.8065 -0.3415 0.4827
vn -0.9103 -0.2828 0.3022
vn -0.9095 -0.2668 0.3187
vn -0.7164 -0.1623 0.6785
vn -0.8316 -0.1934 0.5206
vn -0.8690 -0.2088 0.4486
vn -0.8754 -0.2463 0.4159
vn -0.9183 -0.2393 0.3154
vn -0.9081 -0.2571 0.3305
vn -0.8333 -0.1737 0.5248
vn -0.9154 -0.2172 0.3389
vn -0.9002 -0.1681 0.4017
vn -0.9332 -0.2477 0.2603
vn -0.9233 -0.2519 0.2900
vn -0.9182 -0.2223 0.3277
vn -0.9219 -0.2358 0.3073
vn -0.9240 -0.1855 0.3343
vn -0.9288 -0.1976 0.3134
vn -0.9274 -0.1413 0.3462
vn -0.8919 -0.1293 0.4334
vn -0.9323 -0.1659 0.3213
vn -0.9552 -0.2275 0.1893
vn -0.9445 -0.2422 0.2217
vn -0.9429 -0.2357 0.2355
vn -0.9515 -0.1882 0.2434
vn -0.9359 -0.1221 0.3304
vn -0.2675 0.8095 -0.5226
vn -0.2829 0.7673 -0.5755
vn -0.3467 0.6905 -0.6349
vn -0.2844 0.6850 -0.6707
vn -0.1604 0.7419 -0.6510
vn -0.1668 0.6961 -0.6983
vn -0.0570 0.6454 -0.7617
vn -0.0871 0.6743 -0.7333
vn -0.1686 0.6003 -0.7818
vn 0.0062 0.5948 -0.8039
vn -0.0472 0.5376 -0.8419
vn 0.0160 0.5062 -0.8623
vn 0.0230 0.4959 -0.8681
vn -0.1177 0.4584 -0.8809
vn -0.0215 0.4135 -0.9102
vn 0.0309 0.3651 -0.9304
vn 0.0480 0.3216 -0.9457
vn -0.0823 0.3125 -0.9463
vn 0.0309 0.2572 -0.9659
vn 0.0753 0.2095 -0.9749
vn 0.0513 0.1947 -0.9795
vn -0.0202 0.1757 -0.9842
vn 0.0664 0.1415 -0.9877
vn 0.0782 0.1414 -0.9869
vn -0.2194 0.7135 0.6654
vn 0.0626 0.1265 -0.9900
vn 0.0271 0.0970 -0.9949
vn 0.0709 0.0880 -0.9936
vn 0.0856 0.0811 -0.9930
vn -0.1980 0.7382 0.6449
vn -0.2258 0.7332 0.6414
vn 0.0712 0.0743 -0.9947
vn -0.2008 0.7678 0.6084
vn 0.0440 0.0589 -0.9973
vn 0.0801 0.0539 -0.9953
vn 0.0922 0.0467 -0.9946
vn 0.0772 0.0377 -0.9963
vn 0.0464 0.0221 -0.9987
vn 0.0889 0.0207 -0.9958
vn 0.1046 0.0095 -0.9945
vn 0.0920 -0.0088 -0.9957
vn 0.0410 -0.0443 -0.9982
vn 0.0979 -0.0380 -0.9945
vn 0.1254 -0.0489 -0.9909
vn 0.1105 -0.0721 -0.9913
vn 0.0272 -0.0652 -0.9975
vn 0.1020 -0.0558 -0.9932
vn 0.1492 -0.0664 -0.9866
vn -0.1018 -0.0875 -0.9910
vn -0.0838 -0.0627 -0.9945
vn 0.1017 -0.0438 -0.9938
vn 0.0157 -0.0451 -0.9989
vn 0.1259 -0.0868 -0.9882
vn 0.1471 -0.0505 -0.9878
vn 0.1603 -0.0402 -0.9863
vn 0.1035 -0.0453 -0.9936
vn 0.0616 -0.1071 -0.9923
vn 0.0787 -0.0797 -0.9937
vn 0.1646 -0.0459 -0.9853
vn 0.1590 -0.0403 -0.9865
vn -0.0631 0.0064 -0.9980
vn -0.0494 0.0562 -0.9972
vn -0.1698 -0.0331 -0.9849
vn -0.0643 0.1218 -0.9905
vn -0.1442 0.0343 -0.9889
vn -0.2113 -0.0713 -0.9748
vn -0.1224 0.2260 -0.9664
vn -0.1501 0.1362 -0.9792
vn -0.1875 0.0200 -0.9821
vn -0.2582 -0.1113 -0.9597
vn -0.1794 0.2462 -0.9525
vn -0.1602 0.3446 -0.9250
vn -0.2141 0.1444 -0.9661
vn -0.2400 0.0209 -0.9705
vn -0.2262 0.2560 -0.9398
vn -0.2253 0.3720 -0.9005
vn -0.2136 0.5176 -0.8285
vn -0.2562 0.1507 -0.9548
vn -0.2582 0.2607 -0.9302
vn -0.2739 0.4029 -0.8733
vn -0.2918 0.5389 -0.7902
vn -0.2637 0.1374 -0.9548
vn -0.2860 0.4197 -0.8614
vn -0.2884 0.2656 -0.9199
vn -0.3220 0.5519 -0.7692
vn -0.3227 0.2744 -0.9058
vn -0.3308 0.4206 -0.8448
vn -0.3288 0.5718 -0.7516
vn -0.3860 0.4219 -0.8204
vn -0.3682 0.6913 -0.6217
vn -0.4142 0.4150 -0.8101
vn -0.4355 0.5458 -0.7159
vn -0.3715 0.5732 -0.7304
vn -0.4604 0.5269 -0.7144
vn -0.4038 0.6763 -0.6161
vn -0.3763 0.6915 -0.6166
vn -0.4360 0.6599 -0.6119
vn -0.4685 0.6303 -0.6191
vn -0.9219 -0.0877 0.3773
vn -0.9538 -0.1489 0.2610
vn -0.9699 -0.2028 0.1349
vn -0.9585 -0.2403 0.1537
vn -0.9614 -0.2118 0.1754
vn -0.9681 -0.1619 0.1913
vn -0.9560 -0.0938 0.2781
vn -0.9365 -0.0562 0.3461
vn -0.9705 -0.1347 0.1998
vn -0.9744 -0.2131 0.0722
vn -0.9735 -0.2101 0.0906
vn -0.9794 -0.1685 0.1115
vn -0.9805 -0.1590 0.1156
vn -0.9748 -0.1038 0.1975
vn -0.9593 -0.0707 0.2733
vn -0.9835 -0.1333 0.1220
vn -0.9798 -0.1948 0.0443
vn -0.9812 -0.1834 0.0600
vn -0.9837 -0.1671 0.0659
vn -0.9854 -0.1566 0.0668
vn -0.9873 -0.1121 0.1123
vn -0.9768 -0.0780 0.1992
vn -0.9879 -0.1396 0.0670
vn -0.9765 -0.2134 0.0316
vn -0.9894 -0.1409 0.0357
vn -0.9915 -0.0921 0.0916
vn -0.9609 -0.0572 0.2709
vn -0.9776 -0.0679 0.1992
vn -0.9920 -0.1261 -0.0072
vn -0.9934 -0.0864 0.0756
vn -0.9789 -0.0580 0.1959
vn -0.9621 -0.0505 0.2681
vn -0.9950 -0.0973 -0.0230
vn -0.9946 -0.0718 0.0749
vn -0.9804 -0.0424 0.1925
vn -0.9625 -0.0448 0.2677
vn -0.9372 -0.0419 0.3462
vn -0.9362 -0.0401 0.3491
vn -0.9362 -0.0432 0.3487
vn -0.9982 -0.0603 -0.0026
vn -0.9951 -0.0518 0.0842
vn -0.9800 -0.0365 0.1955
vn -0.9605 -0.0375 0.2756
vn -0.9376 -0.0341 0.3459
vn -0.9084 -0.0320 0.4170
vn -0.9069 -0.0314 0.4201
vn -0.9051 -0.0334 0.4239
vn -0.9106 -0.0438 0.4110
vn -0.9988 -0.0470 0.0167
vn -0.9956 -0.0452 0.0819
vn -0.9612 -0.0450 0.2722
vn -0.9783 -0.0486 0.2014
vn -0.9395 -0.0278 0.3414
vn -0.9021 -0.0286 0.4306
vn -0.8519 -0.0325 0.5228
vn -0.8450 -0.0472 0.5326
vn -0.8604 -0.0248 0.5090
vn -0.8715 -0.0400 0.4887
vn -0.8807 -0.0688 0.4686
vn -0.9980 -0.0625 0.0003
vn -0.9955 -0.0605 0.0723
vn -0.9653 -0.0266 0.2596
vn -0.9406 -0.0214 0.3387
vn -0.9798 -0.0424 0.1953
vn -0.8946 -0.0399 0.4450
vn -0.8397 -0.0441 0.5413
vn -0.7850 -0.0459 0.6178
vn -0.8031 -0.0535 0.5934
vn -0.8243 -0.0581 0.5631
vn -0.8364 -0.0710 0.5435
vn -0.8311 -0.1350 0.5395
vn -0.9972 -0.0736 -0.0129
vn -0.9961 -0.0544 0.0696
vn -0.8852 -0.0315 0.4642
vn -0.9327 -0.0205 0.3600
vn -0.8450 -0.0252 0.5342
vn -0.7110 -0.0510 0.7014
vn -0.7138 -0.0636 0.6974
vn -0.7218 -0.0726 0.6883
vn -0.7414 -0.0672 0.6677
vn -0.7419 -0.1103 0.6614
vn -0.7256 -0.1559 0.6703
vn -0.9986 -0.0532 -0.0082
vn -0.8933 -0.0088 0.4494
vn -0.9275 -0.0360 0.3721
vn -0.6036 -0.0479 0.7958
vn -0.5928 -0.0523 0.8036
vn -0.5898 -0.0574 0.8055
vn -0.5913 -0.0807 0.8024
vn -0.5868 -0.1014 0.8033
vn -0.5715 -0.1082 0.8135
vn -0.4776 -0.0247 0.8782
vn -0.4666 -0.0350 0.8838
vn -0.4629 -0.0562 0.8846
vn -0.4594 -0.0700 0.8855
vn -0.4563 -0.0622 0.8877
vn -0.4490 -0.0223 0.8932
vn -0.3491 -0.0388 0.9363
vn -0.3516 -0.0406 0.9353
vn -0.3489 -0.0266 0.9368
vn -0.3476 0.0217 0.9374
vn -0.3370 0.0981 0.9364
vn -0.2187 -0.0195 0.9756
vn -0.2342 0.0023 0.9722
vn -0.2354 0.0576 0.9702
vn -0.2306 0.1479 0.9618
vn -0.2174 0.2254 0.9497
vn -0.0971 0.0192 0.9951
vn -0.1062 0.0849 0.9907
vn -0.1170 0.1740 0.9778
vn -0.1261 0.2523 0.9594
vn -0.1317 0.3160 0.9396
vn -0.0084 0.0924 0.9957
vn -0.0209 0.1727 0.9847
vn -0.0345 0.2495 0.9678
vn -0.0533 0.3057 0.9506
vn -0.0844 0.3702 0.9251
vn 0.0230 0.1730 0.9846
vn 0.0209 0.2447 0.9694
vn 0.0068 0.2897 0.9571
vn -0.0200 0.3488 0.9370
vn -0.0540 0.4069 0.9119
vn 0.0395 0.2384 0.9704
vn 0.0233 0.2751 0.9611
vn 0.0067 0.3308 0.9437
vn -0.0121 0.3868 0.9221
vn -0.0876 0.4551 0.8861
vn -0.0390 0.4344 0.8999
vn 0.0272 0.2618 0.9647
vn 0.0258 0.3243 0.9456
vn 0.0093 0.3758 0.9266
vn -0.0023 0.4155 0.9096
vn -0.1060 0.4831 0.8692
vn -0.0655 0.4710 0.8797
vn -0.0228 0.4458 0.8948
vn -0.4484 0.7555 -0.4776
vn -0.4007 0.7936 -0.4579
vn -0.3828 0.8101 -0.4441
vn -0.4788 0.7275 -0.4914
vn -0.4900 0.8123 -0.3164
vn -0.4432 0.8481 -0.2902
vn -0.3999 0.8724 -0.2811
vn -0.4949 0.8634 -0.0978
vn -0.4582 0.8838 -0.0941
vn -0.4121 0.9061 -0.0955
vn -0.4106 0.8708 -0.2704
vn -0.3986 0.8024 -0.4443
vn -0.5219 0.8512 0.0556
vn -0.4697 0.8803 0.0674
vn -0.4921 0.8422 0.2205
vn 0.2014 -0.9718 0.1229
vn -0.3114 -0.9484 0.0587
vn 0.1502 -0.9829 0.1061
vn -0.2832 -0.9512 0.1221
vn 0.2132 -0.9611 0.1754
vn -0.7221 -0.6874 0.0782
vn -0.7224 -0.6915 -0.0026
vn -0.2868 -0.9325 0.2196
vn -0.7246 -0.6581 0.2044
vn -0.7486 -0.6572 0.0875
vn 0.2081 -0.9528 0.2211
vn -0.2662 -0.9203 0.2868
vn -0.7372 -0.6755 0.0141
vn -0.7504 -0.6274 0.2079
vn -0.7118 -0.6416 0.2857
vn -0.7491 -0.6556 0.0948
vn 0.2361 -0.9389 0.2503
vn -0.2549 -0.8967 0.3619
vn -0.7483 -0.6632 0.0125
vn -0.7380 -0.6400 0.2139
vn -0.7432 -0.6069 0.2815
vn -0.6923 -0.6072 0.3900
vn -0.7484 -0.6573 0.0888
vn 0.2810 -0.8977 0.3394
vn -0.2123 -0.8268 0.5209
vn -0.7469 -0.6648 0.0095
vn -0.7368 -0.6444 0.2046
vn -0.7293 -0.6229 0.2831
vn -0.7122 -0.5814 0.3933
vn -0.6444 -0.5225 0.5583
vn -0.7631 -0.6409 0.0837
vn -0.7529 -0.6284 0.1957
vn 0.3308 -0.8360 0.4379
vn -0.1205 -0.7384 0.6635
vn -0.7466 -0.6644 0.0336
vn -0.7324 -0.6184 0.2849
vn -0.7168 -0.6352 0.2877
vn -0.7001 -0.5885 0.4043
vn -0.6627 -0.4996 0.5578
vn -0.5379 -0.4375 0.7206
vn -0.7598 -0.6431 0.0953
vn -0.7502 -0.6336 0.1891
vn -0.7426 -0.6064 0.2845
vn 0.4153 -0.7725 0.4804
vn 0.0044 -0.6079 0.7940
vn -0.7404 -0.6679 0.0757
vn -0.7071 -0.5593 0.4328
vn -0.7117 -0.5486 0.4388
vn -0.6940 -0.5889 0.4143
vn -0.6490 -0.5117 0.5629
vn -0.5541 -0.4138 0.7223
vn -0.3809 -0.2533 0.8892
vn 0.1712 -0.4527 0.8751
vn -0.7469 -0.6372 0.1900
vn -0.7394 -0.6045 0.2963
vn -0.7090 -0.5467 0.4455
vn -0.6485 -0.4953 0.5780
vn -0.6489 -0.4735 0.5956
vn -0.6416 -0.4697 0.6064
vn -0.5484 -0.3925 0.7383
vn -0.3868 -0.2143 0.8969
vn -0.1946 -0.0733 0.9781
vn -0.5521 -0.3570 0.7535
vn -0.7032 -0.5555 0.4438
vn -0.7398 -0.6013 0.3020
vn -0.3813 -0.1952 0.9036
vn -0.6174 -0.4820 0.6217
vn -0.6370 -0.4606 0.6182
vn -0.2068 -0.0637 0.9763
vn -0.5591 -0.3526 0.7503
vn -0.5588 -0.3489 0.7523
vn -0.5580 -0.3463 0.7541
vn -0.3804 -0.2103 0.9006
vn -0.0008 0.3248 0.9458
vn -0.0000 0.3702 0.9290
vn -0.0000 0.4330 0.9014
vn -0.0000 0.4102 0.9120
vn 0.0023 0.4155 0.9096
vn -0.0094 0.3762 0.9265
vn 0.0228 0.4458 0.8948
vn 0.0390 0.4344 0.8999
vn 0.0122 0.3873 0.9219
vn 0.0655 0.4710 0.8797
vn 0.0541 0.4071 0.9118
vn 0.0876 0.4551 0.8861
vn 0.1060 0.4831 0.8692
vn 0.1303 0.4667 0.8747
vn 0.1105 0.4257 0.8981
vn 0.1601 0.4269 0.8900
vn 0.1524 0.3816 0.9117
vn 0.0846 0.3702 0.9251
vn 0.0206 0.3489 0.9369
vn 0.1973 0.3786 0.9043
vn 0.1317 0.3160 0.9396
vn 0.2008 0.3052 0.9309
vn 0.0534 0.3056 0.9507
vn -0.0067 0.2893 0.9572
vn -0.0064 0.3306 0.9437
vn 0.2975 0.2624 0.9179
vn 0.1261 0.2523 0.9594
vn 0.2174 0.2254 0.9497
vn 0.3159 0.1695 0.9336
vn 0.0345 0.2495 0.9678
vn -0.0209 0.2447 0.9694
vn -0.0234 0.2743 0.9614
vn -0.0268 0.3243 0.9456
vn 0.4289 0.1177 0.8957
vn 0.1170 0.1740 0.9778
vn 0.2306 0.1479 0.9618
vn 0.3370 0.0981 0.9364
vn 0.4387 0.0453 0.8975
vn 0.0209 0.1727 0.9847
vn -0.0395 0.2384 0.9704
vn -0.0230 0.1730 0.9846
vn -0.0272 0.2611 0.9649
vn 0.5567 -0.0151 0.8306
vn 0.1062 0.0849 0.9907
vn 0.2354 0.0576 0.9702
vn 0.3476 0.0217 0.9374
vn 0.4490 -0.0223 0.8932
vn 0.5614 -0.0774 0.8239
vn 0.0084 0.0924 0.9957
vn -0.0401 0.1782 0.9832
vn -0.0217 0.0944 0.9953
vn 0.7123 -0.1468 0.6864
vn 0.0971 0.0192 0.9951
vn 0.2342 0.0023 0.9722
vn 0.3489 -0.0266 0.9368
vn 0.4563 -0.0622 0.8877
vn 0.5715 -0.1082 0.8135
vn 0.7164 -0.1623 0.6785
vn 0.0034 0.0338 0.9994
vn 0.8316 -0.1934 0.5206
vn 0.2187 -0.0195 0.9756
vn 0.0768 -0.0201 0.9968
vn 0.3516 -0.0406 0.9353
vn 0.4594 -0.0700 0.8855
vn 0.5868 -0.1014 0.8033
vn 0.7256 -0.1559 0.6703
vn 0.8333 -0.1737 0.5248
vn 0.3491 -0.0388 0.9363
vn 0.1922 -0.0346 0.9808
vn 0.4629 -0.0562 0.8846
vn 0.5913 -0.0807 0.8024
vn 0.7419 -0.1103 0.6614
vn 0.8311 -0.1350 0.5395
vn 0.8919 -0.1293 0.4334
vn 0.3350 -0.0233 0.9419
vn 0.4666 -0.0350 0.8838
vn 0.1824 -0.0199 0.9830
vn 0.5898 -0.0574 0.8055
vn 0.7414 -0.0672 0.6677
vn 0.8364 -0.0710 0.5435
vn 0.8807 -0.0688 0.4686
vn 0.9219 -0.0877 0.3773
vn 0.5928 -0.0523 0.8036
vn 0.4776 -0.0247 0.8782
vn 0.7218 -0.0726 0.6883
vn 0.8243 -0.0581 0.5631
vn 0.8715 -0.0400 0.4887
vn 0.9106 -0.0438 0.4110
vn 0.7138 -0.0636 0.6974
vn 0.6036 -0.0479 0.7958
vn 0.8031 -0.0535 0.5934
vn 0.9365 -0.0562 0.3461
vn 0.9359 -0.1221 0.3304
vn 0.7110 -0.0510 0.7014
vn 0.8604 -0.0248 0.5090
vn 0.9051 -0.0334 0.4239
vn 0.9362 -0.0432 0.3487
vn 0.7850 -0.0459 0.6178
vn 0.9593 -0.0707 0.2733
vn 0.9560 -0.0938 0.2781
vn 0.8519 -0.0325 0.5228
vn 0.9069 -0.0314 0.4201
vn 0.9362 -0.0401 0.3491
vn 0.9609 -0.0572 0.2709
vn 0.7100 -0.0425 0.7030
vn 0.7790 -0.0436 0.6254
vn 0.9084 -0.0320 0.4170
vn 0.8450 -0.0472 0.5326
vn -0.3756 -0.2028 0.9043
vn -0.2167 -0.0878 0.9723
vn -0.5236 -0.3714 0.7668
vn -0.3862 -0.2132 0.8974
vn -0.4076 -0.2146 0.8876
vn -0.3999 -0.2346 0.8860
vn -0.2356 -0.0978 0.9669
vn -0.2451 -0.0910 0.9652
vn -0.2393 -0.0882 0.9669
vn -0.2208 -0.0768 0.9723
vn -0.2299 -0.0930 0.9688
vn -0.3654 -0.2611 0.8935
vn -0.0743 0.0708 0.9947
vn -0.0777 0.0752 0.9941
vn -0.0546 0.0617 0.9966
vn -0.2109 -0.1189 0.9702
vn -0.0539 0.0427 0.9976
vn 0.0691 0.1614 0.9845
vn 0.0987 0.1840 0.9780
vn 0.0657 0.1170 0.9910
vn -0.0384 0.0119 0.9992
vn 0.2156 0.2163 0.9522
vn -0.3388 -0.2764 0.8994
vn -0.1903 -0.1545 0.9695
vn 0.2447 0.2434 0.9386
vn 0.1248 0.1942 0.9730
vn 0.1982 0.1840 0.9627
vn 0.0715 0.0688 0.9951
vn -0.0236 -0.0334 0.9992
vn -0.3053 -0.3093 0.9006
vn -0.1594 -0.1835 0.9700
vn 0.3351 0.2625 0.9049
vn 0.3394 0.2888 0.8952
vn 0.3460 0.3054 0.8871
vn 0.1887 0.1442 0.9714
vn 0.0907 0.0327 0.9953
vn -0.0125 -0.0734 0.9972
vn 0.4195 0.3367 0.8430
vn -0.2697 -0.3437 0.8995
vn -0.1123 -0.2221 0.9685
vn 0.4222 0.3060 0.8533
vn 0.3291 0.2159 0.9193
vn 0.1942 0.1033 0.9755
vn 0.0982 -0.0000 0.9952
vn 0.0247 -0.1070 0.9940
vn 0.4106 0.3530 0.8407
vn 0.5412 0.4273 0.7242
vn -0.2151 -0.3918 0.8945
vn -0.0564 -0.2594 0.9641
vn 0.5441 0.4138 0.7299
vn 0.4285 0.3099 0.8487
vn 0.3239 0.2180 0.9206
vn 0.2067 0.1054 0.9727
vn 0.1304 -0.0154 0.9913
vn 0.0790 -0.1426 0.9866
vn -0.1521 -0.4313 0.8893
vn 0.0034 -0.2887 0.9574
vn 0.4304 0.3274 0.8412
vn 0.5390 0.4230 0.7283
vn 0.3326 0.2217 0.9166
vn 0.2372 0.0761 0.9685
vn 0.1883 -0.0609 0.9802
vn 0.1268 -0.1811 0.9753
vn -0.0968 -0.4566 0.8844
vn 0.0531 -0.3113 0.9488
vn 0.4406 0.3168 0.8399
vn 0.5330 0.4149 0.7374
vn 0.3609 0.1800 0.9151
vn 0.2921 0.0317 0.9558
vn 0.2351 -0.0997 0.9668
vn 0.1567 -0.2073 0.9657
vn -0.0311 -0.4777 0.8780
vn 0.1086 -0.3244 0.9397
vn 0.4723 0.2925 0.8315
vn 0.5339 0.4075 0.7408
vn 0.4126 0.1413 0.8999
vn 0.3419 -0.0012 0.9397
vn 0.2561 -0.1176 0.9595
vn 0.1912 -0.2187 0.9569
vn 0.0646 -0.4943 0.8669
vn 0.1742 -0.3282 0.9284
vn 0.5255 0.2568 0.8111
vn 0.5587 0.3840 0.7351
vn 0.4568 0.1213 0.8812
vn 0.3576 0.0046 0.9339
vn 0.2594 -0.1031 0.9602
vn 0.2269 -0.2022 0.9527
vn 0.2138 -0.4996 0.8394
vn 0.2877 -0.3228 0.9017
vn 0.6060 0.3430 0.7177
vn 0.5622 0.2350 0.7929
vn 0.4626 0.1378 0.8758
vn 0.3437 0.0372 0.9383
vn 0.2669 -0.0635 0.9616
vn 0.3176 -0.1781 0.9313
vn 0.4410 -0.4750 0.7615
vn 0.4913 -0.3027 0.8167
vn 0.5611 0.2568 0.7869
vn 0.6379 0.3303 0.6957
vn 0.4435 0.1663 0.8807
vn 0.3370 0.0599 0.9396
vn 0.3283 -0.0408 0.9437
vn 0.4649 -0.1394 0.8743
vn 0.5553 -0.4480 0.7006
vn 0.5861 -0.2714 0.7634
vn 0.6348 0.3437 0.6920
vn 0.5363 0.2854 0.7943
vn 0.4297 0.1831 0.8842
vn 0.3603 0.0679 0.9304
vn 0.4123 -0.0110 0.9110
vn 0.5088 -0.0960 0.8555
vn 0.5073 0.3161 0.8017
vn 0.6133 0.3829 0.6908
vn 0.4113 0.2278 0.8826
vn 0.3814 0.1123 0.9176
vn 0.4296 0.0256 0.9026
vn 0.4750 0.3518 0.8066
vn 0.5777 0.4258 0.6963
vn 0.3935 0.2655 0.8801
vn 0.3824 0.1552 0.9109
vn 0.4459 0.3748 0.8129
vn 0.5404 0.4598 0.7046
vn 0.3898 0.2866 0.8751
vn 0.6632 0.4794 0.5747
vn 0.6382 0.5185 0.5691
vn 0.4235 0.4117 0.8069
vn 0.4870 0.5018 0.7148
vn 0.6002 0.5371 0.5927
vn 0.7010 0.5545 0.4485
vn 0.6830 0.5632 0.4652
vn 0.4474 0.5348 0.7168
vn 0.5255 0.5717 0.6301
vn 0.6491 0.5769 0.4959
vn 0.7470 0.5874 0.3113
vn 0.7311 0.5906 0.3415
vn 0.7311 0.5111 0.4520
vn 0.7723 0.5681 0.2843
vn 0.4697 0.6121 0.6361
vn 0.5441 0.6595 0.5187
vn 0.6819 0.6440 0.3467
vn 0.7823 0.5976 0.1757
vn 0.8039 0.5750 0.1521
vn 0.7607 0.6225 0.1840
vn 0.8004 0.5280 0.2839
vn 0.8292 0.5442 0.1276
vn 0.4687 0.7164 0.5167
vn 0.5707 0.7369 0.3622
vn 0.7038 0.6886 0.1749
vn 0.7716 0.6351 0.0355
vn 0.9372 -0.0419 0.3462
vn 0.9621 -0.0505 0.2681
vn 0.9776 -0.0679 0.1992
vn 0.7823 -0.0355 0.6219
vn 0.7091 -0.0315 0.7044
vn 0.9376 -0.0341 0.3459
vn 0.9021 -0.0286 0.4306
vn 0.8397 -0.0441 0.5413
vn 0.9625 -0.0448 0.2677
vn 0.9789 -0.0580 0.1959
vn 0.9934 -0.0864 0.0756
vn 0.7870 -0.0167 0.6167
vn 0.9605 -0.0375 0.2756
vn 0.9395 -0.0278 0.3414
vn 0.8946 -0.0399 0.4450
vn 0.8450 -0.0252 0.5342
vn 0.9804 -0.0424 0.1925
vn 0.9946 -0.0718 0.0749
vn 0.9920 -0.1261 -0.0072
vn 0.9950 -0.0973 -0.0230
vn 0.9800 -0.0365 0.1955
vn 0.9612 -0.0450 0.2722
vn 0.9406 -0.0214 0.3387
vn 0.8852 -0.0315 0.4642
vn 0.9951 -0.0518 0.0842
vn 0.9982 -0.0603 -0.0026
vn 0.9956 -0.0452 0.0819
vn 0.9783 -0.0486 0.2014
vn 0.9653 -0.0266 0.2596
vn 0.9327 -0.0205 0.3600
vn 0.9988 -0.0470 0.0167
vn 0.9980 -0.0625 0.0003
vn 0.9955 -0.0605 0.0723
vn 0.9798 -0.0424 0.1953
vn 0.9682 -0.0085 0.2499
vn 0.9275 -0.0360 0.3721
vn 0.9972 -0.0736 -0.0129
vn 0.9961 -0.0544 0.0696
vn 0.9839 -0.0209 0.1777
vn 0.9634 -0.0121 0.2678
vn 0.9986 -0.0532 -0.0082
vn 0.9971 -0.0217 0.0733
vn 0.9833 0.0090 0.1820
vn 0.9529 0.0051 0.3034
vn 0.9309 0.0021 0.3653
vn 0.8933 -0.0088 0.4494
vn 0.9999 -0.0099 0.0042
vn 0.9950 0.0326 0.0948
vn 0.9731 0.0480 0.2254
vn 0.9405 0.0552 0.3353
vn 0.9445 0.0369 0.3263
vn 0.9099 0.0323 0.4136
vn 0.8494 0.0133 0.5276
vn 0.9975 0.0560 0.0425
vn 0.9896 0.0831 0.1171
vn 0.9592 0.0639 0.2754
vn 0.9474 0.0852 0.3086
vn 0.9446 0.1095 0.3093
vn 0.9102 0.0680 0.4084
vn 0.8475 0.0380 0.5294
vn 0.7842 0.0098 0.6204
vn 0.9958 0.0846 0.0356
vn 0.9874 0.0886 0.1313
vn 0.9551 0.0654 0.2890
vn 0.9580 0.1246 0.2582
vn 0.9356 0.1206 0.3319
vn 0.8948 0.0850 0.4383
vn 0.8369 0.0496 0.5451
vn 0.7753 0.0270 0.6310
vn 0.7055 0.0057 0.7087
vn 0.7081 -0.0141 0.7060
vn 0.9962 0.0857 0.0144
vn 0.9859 0.0712 0.1513
vn 0.9607 0.0819 0.2651
vn 0.9619 0.1508 0.2280
vn 0.9554 0.1393 0.2605
vn 0.8716 0.0748 0.4844
vn 0.9163 0.0843 0.3915
vn 0.8238 0.0560 0.5641
vn 0.7693 0.0398 0.6376
vn 0.7011 0.0223 0.7127
vn 0.9967 0.0750 0.0298
vn 0.9861 0.0692 0.1512
vn 0.9866 0.1162 0.1144
vn 0.9603 0.1496 0.2354
vn 0.9398 0.1107 0.3232
vn 0.9981 0.0598 0.0173
vn 0.8158 0.0596 0.5753
vn 0.7657 0.0488 0.6414
vn 0.6980 0.0362 0.7151
vn 0.9960 0.0850 -0.0279
vn 0.9857 0.1549 0.0664
vn 0.9841 0.1639 0.0686
vn 0.9517 0.1396 0.2735
vn 0.9880 0.1355 -0.0740
vn 0.7646 0.0575 0.6420
vn 0.6945 0.0459 0.7181
vn 0.9849 0.1558 0.0756
vn 0.9823 0.1671 -0.0844
vn 0.6937 0.0540 0.7182
vn 0.7635 0.0648 0.6425
vn 0.6004 0.0422 0.7986
vn 0.6043 0.0324 0.7961
vn 0.9848 0.1618 -0.0632
vn 0.5975 0.0474 0.8004
vn 0.6892 0.0580 0.7222
vn 0.4975 0.0375 0.8667
vn 0.5011 0.0289 0.8649
vn 0.4895 0.0381 0.8712
vn 0.5912 0.0485 0.8050
vn 0.6855 0.0665 0.7250
vn 0.7590 0.0741 0.6468
vn 0.8152 0.0704 0.5748
vn 0.3946 0.0290 0.9184
vn 0.4017 0.0266 0.9154
vn 0.3807 0.0263 0.9243
vn 0.4810 0.0374 0.8759
vn 0.5826 0.0498 0.8112
vn 0.7478 0.0934 0.6573
vn 0.6738 0.0804 0.7345
vn 0.8163 0.0861 0.5711
vn 0.8627 0.0656 0.5014
vn 0.2968 0.0165 0.9548
vn 0.3103 0.0231 0.9504
vn 0.2749 0.0126 0.9614
vn 0.3700 0.0257 0.9287
vn 0.4693 0.0325 0.8825
vn 0.5632 0.0589 0.8242
vn 0.7408 0.1184 0.6612
vn 0.8002 0.1128 0.5891
vn 0.6612 0.1004 0.7435
vn 0.8670 0.0951 0.4892
vn 0.2117 -0.0014 0.9773
vn 0.2305 0.0178 0.9729
vn 0.2598 0.0123 0.9656
vn 0.1921 -0.0020 0.9814
vn 0.3550 0.0170 0.9347
vn 0.4523 0.0404 0.8910
vn 0.5458 0.0725 0.8348
vn 0.7845 0.1318 0.6060
vn 0.7283 0.1319 0.6724
vn 0.8541 0.1419 0.5005
vn 0.6398 0.0998 0.7621
vn 0.9024 0.0972 0.4199
vn 0.1836 0.0047 0.9830
vn 0.8000 0.5991 0.0327
vn 0.8223 0.5689 0.0157
vn 0.8404 0.5420 0.0046
vn 0.8253 0.5519 0.1195
vn 0.5154 0.7683 0.3797
vn 0.6080 0.7715 0.1876
vn 0.7114 0.7018 0.0357
vn 0.7740 0.6268 -0.0900
vn 0.7179 0.6890 -0.1000
vn 0.8055 0.5864 -0.0855
vn 0.8230 0.5636 -0.0707
vn 0.8276 0.5611 0.0134
vn 0.8389 0.5389 -0.0761
vn 0.5526 0.8078 0.2050
vn 0.6286 0.7767 0.0410
vn 0.5701 0.8193 0.0618
vn 0.6382 0.7628 -0.1036
vn 0.6993 0.6598 -0.2751
vn 0.7560 0.6125 -0.2309
vn 0.6174 0.7305 -0.2919
vn 0.7888 0.5831 -0.1945
vn 0.8149 0.5550 -0.1670
vn 0.5956 0.7987 -0.0860
vn 0.5767 0.7677 -0.2793
vn 0.8335 0.5271 -0.1659
vn 0.8201 0.5679 -0.0709
vn 0.5864 0.6607 -0.4687
vn 0.6528 0.6112 -0.4475
vn 0.7062 0.5861 -0.3972
vn 0.5488 0.6979 -0.4601
vn 0.7511 0.5549 -0.3576
vn 0.7882 0.5128 -0.3404
vn 0.8032 0.5066 -0.3135
vn 0.8096 0.5646 -0.1608
vn 0.5536 0.5787 -0.5988
vn 0.5226 0.6089 -0.5968
vn 0.5992 0.5484 -0.5832
vn 0.6437 0.5265 -0.5554
vn 0.6977 0.4832 -0.5288
vn 0.7328 0.4683 -0.4936
vn 0.7832 0.5419 -0.3050
vn 0.7496 0.4669 -0.4691
vn 0.5255 0.5002 -0.6882
vn 0.5020 0.5213 -0.6900
vn 0.5594 0.4809 -0.6751
vn 0.5940 0.4572 -0.6619
vn 0.6366 0.4301 -0.6401
vn 0.6706 0.4151 -0.6148
vn 0.6867 0.3981 -0.6082
vn 0.7349 0.4946 -0.4640
vn 0.4592 0.4235 -0.7809
vn 0.4790 0.4062 -0.7781
vn 0.5111 0.3941 -0.7638
vn 0.5455 0.3760 -0.7491
vn 0.5799 0.3303 -0.7448
vn 0.5962 0.3021 -0.7439
vn 0.6027 0.2967 -0.7407
vn 0.6704 0.4182 -0.6129
vn 0.4045 0.2583 -0.8773
vn 0.4072 0.2591 -0.8758
vn 0.4232 0.2473 -0.8716
vn 0.4739 0.2154 -0.8538
vn 0.5092 0.1820 -0.8412
vn 0.5106 0.1904 -0.8385
vn 0.5106 0.2124 -0.8332
vn 0.5834 0.3276 -0.7431
vn 0.3570 0.0776 -0.9309
vn 0.3534 0.0721 -0.9327
vn 0.3440 0.0636 -0.9368
vn 0.3658 0.0650 -0.9284
vn 0.4002 0.0691 -0.9138
vn 0.4107 0.0967 -0.9066
vn 0.4174 0.1174 -0.9011
vn 0.4864 0.2413 -0.8398
vn 0.3282 -0.0584 -0.9428
vn 0.3255 -0.0626 -0.9435
vn 0.2886 -0.0509 -0.9561
vn 0.2735 -0.0455 -0.9608
vn 0.2726 -0.0346 -0.9615
vn 0.2707 -0.0135 -0.9626
vn 0.2699 -0.0115 -0.9628
vn 0.3904 0.1582 -0.9070
vn 0.3100 -0.1994 -0.9296
vn 0.2781 -0.1915 -0.9413
vn 0.2332 -0.1956 -0.9526
vn 0.2022 -0.2115 -0.9562
vn 0.1600 -0.2040 -0.9658
vn 0.1299 -0.2049 -0.9701
vn 0.1088 -0.1784 -0.9779
vn 0.2497 0.0231 -0.9680
vn 0.2703 -0.3654 -0.8907
vn 0.2610 -0.3784 -0.8881
vn 0.2037 -0.4039 -0.8918
vn 0.1129 -0.4034 -0.9080
vn 0.0308 -0.3884 -0.9210
vn -0.0275 -0.3545 -0.9346
vn -0.0623 -0.3156 -0.9468
vn 0.0714 -0.1349 -0.9883
vn 0.3433 -0.5590 -0.7548
vn 0.3033 -0.5842 -0.7528
vn 0.1599 -0.6198 -0.7683
vn 0.0172 -0.6120 -0.7907
vn -0.1125 -0.5769 -0.8091
vn -0.2107 -0.5221 -0.8265
vn -0.2579 -0.4926 -0.8312
vn -0.1022 -0.2713 -0.9571
vn 0.4631 -0.7070 -0.5344
vn 0.3564 -0.7561 -0.5488
vn 0.0713 -0.8145 -0.5758
vn -0.1615 -0.8009 -0.5766
vn -0.3221 -0.7614 -0.5626
vn -0.4217 -0.7079 -0.5667
vn -0.4970 -0.6561 -0.5678
vn -0.3067 -0.4432 -0.8423
vn 0.6042 -0.7116 -0.3587
vn 0.5145 -0.7845 -0.3463
vn 0.2105 -0.9173 -0.3381
vn -0.1830 -0.9240 -0.3356
vn -0.4453 -0.8349 -0.3235
vn -0.5447 -0.7744 -0.3218
vn -0.6308 -0.7059 -0.3221
vn -0.5466 -0.6064 -0.5775
vn 0.8412 -0.5151 -0.1644
vn 0.7038 -0.6863 -0.1835
vn 0.2997 -0.9296 -0.2145
vn -0.1915 -0.9545 -0.2288
vn -0.5049 -0.8353 -0.2177
vn -0.6000 -0.7707 -0.2145
vn -0.6373 -0.7434 -0.2032
vn -0.6757 -0.6653 -0.3174
vn 0.8470 -0.5246 -0.0856
vn 0.6620 -0.7432 -0.0969
vn 0.2123 -0.9718 -0.1025
vn -0.2230 -0.9707 -0.0897
vn -0.5217 -0.8502 -0.0702
vn -0.6134 -0.7871 -0.0648
vn -0.6354 -0.7698 -0.0612
vn -0.6691 -0.7190 -0.1881
vn -0.2435 -0.9699 0.0048
vn 0.1776 -0.9840 -0.0125
vn 0.6301 -0.7762 -0.0222
vn -0.5321 -0.8466 0.0146
vn -0.6291 -0.7772 0.0151
vn 0.7806 -0.6248 -0.0176
vn -0.6469 -0.7625 0.0126
vn -0.6720 -0.7381 -0.0603
vn -0.6800 -0.7331 0.0091
vn 0.2486 0.0024 0.9686
vn 0.3345 0.0137 0.9423
vn 0.4239 0.0448 0.9046
vn 0.5265 0.0691 0.8474
vn 0.9093 0.1358 0.3934
vn 0.8500 0.1490 0.5054
vn 0.7797 0.1458 0.6089
vn 0.7119 0.1368 0.6888
vn 0.6183 0.1005 0.7795
vn 0.2377 -0.0074 0.9713
vn 0.1853 -0.0010 0.9827
vn 0.3024 0.0146 0.9531
vn 0.4024 0.0499 0.9141
vn 0.5136 0.0769 0.8546
vn 0.6020 0.0794 0.7945
vn 0.6922 0.1133 0.7127
vn 0.2346 0.0066 0.9721
vn 0.1914 -0.0056 0.9815
vn 0.2905 0.0393 0.9561
vn 0.3937 0.0596 0.9173
vn 0.5000 0.0480 0.8647
vn 0.5842 0.0403 0.8106
vn 0.6764 0.0763 0.7326
vn 0.2032 0.0149 0.9790
vn 0.2377 0.0372 0.9706
vn 0.2848 0.0495 0.9573
vn 0.3855 0.0290 0.9223
vn 0.4850 0.0052 0.8745
vn 0.6551 0.0711 0.7522
vn 0.5629 0.0377 0.8257
vn 0.2260 0.0382 0.9734
vn 0.2076 0.0329 0.9777
vn 0.2817 0.0333 0.9589
vn 0.3988 0.0113 0.9170
vn 0.4823 0.0216 0.8757
vn 0.5547 -0.1733 0.8138
vn 0.2110 0.0257 0.9772
vn 0.1986 0.0239 0.9798
vn 0.2881 0.0203 0.9574
vn 0.4075 0.0163 0.9131
vn 0.4753 -0.2124 0.8538
vn 0.2035 0.0096 0.9790
vn 0.1785 0.0138 0.9838
vn 0.2797 -0.0033 0.9601
vn 0.3913 -0.2165 0.8944
vn 0.4434 -0.4486 0.7760
vn 0.5257 -0.4086 0.7462
vn 0.1558 -0.0005 0.9878
vn 0.1993 -0.0065 0.9799
vn 0.2857 -0.1944 0.9384
vn 0.3736 -0.4218 0.8262
vn 0.1956 -0.2370 0.9516
vn 0.1639 -0.0083 0.9864
vn 0.2838 -0.3776 0.8814
vn 0.1371 -0.0091 0.9905
vn 0.1234 -0.0021 0.9924
vn 0.1745 -0.4652 0.8678
vn 0.1659 -0.2499 0.9539
vn 0.1377 0.0031 0.9905
vn 0.1089 -0.0143 0.9940
vn 0.1177 0.0017 0.9931
vn 0.1576 -0.4732 0.8667
vn 0.1484 -0.2582 0.9546
vn 0.1105 0.0050 0.9939
vn 0.0747 -0.0057 0.9972
vn 0.0822 0.0018 0.9966
vn 0.0688 -0.0001 0.9976
vn 0.1080 0.0020 0.9942
vn 0.1403 -0.4921 0.8591
vn 0.1219 -0.2236 0.9670
vn 0.0761 0.0031 0.9971
vn -0.0000 -0.0013 1.0000
vn -0.0000 -0.0007 1.0000
vn -0.0000 -0.0009 1.0000
vn 0.0731 0.0198 0.9971
vn -0.0000 0.0184 0.9998
vn 0.1219 -0.4316 0.8938
vn 0.0846 -0.1888 0.9784
vn -0.0000 0.0061 1.0000
vn -0.0822 0.0018 0.9966
vn -0.0747 -0.0057 0.9972
vn -0.0688 -0.0001 0.9976
vn -0.0761 0.0031 0.9971
vn -0.0000 0.0138 0.9999
vn -0.0731 0.0198 0.9971
vn 0.0900 -0.3757 0.9224
vn -0.0000 -0.1771 0.9842
vn -0.0846 -0.1888 0.9784
vn -0.1177 0.0017 0.9931
vn -0.1105 0.0050 0.9939
vn -0.1089 -0.0143 0.9940
vn -0.1080 0.0020 0.9942
vn -0.1219 -0.2236 0.9670
vn -0.1130 0.0212 0.9934
vn -0.0710 0.0132 0.9974
vn -0.0000 -0.3636 0.9316
vn -0.0900 -0.3757 0.9224
vn -0.1219 -0.4316 0.8938
vn -0.1234 -0.0021 0.9924
vn -0.1377 0.0031 0.9905
vn -0.1484 -0.2582 0.9546
vn -0.1371 -0.0091 0.9905
vn -0.1556 0.0102 0.9878
vn -0.1403 -0.4921 0.8591
vn -0.1645 0.0298 0.9859
vn -0.1192 0.0152 0.9928
vn -0.1558 -0.0005 0.9878
vn -0.1639 -0.0083 0.9864
vn -0.1659 -0.2499 0.9539
vn -0.1576 -0.4732 0.8667
vn -0.1785 0.0138 0.9838
vn -0.1986 0.0239 0.9798
vn -0.2076 0.0329 0.9777
vn -0.1682 0.0203 0.9855
vn -0.2035 0.0096 0.9790
vn -0.1993 -0.0065 0.9799
vn -0.1956 -0.2370 0.9516
vn -0.1745 -0.4652 0.8678
vn -0.2110 0.0257 0.9772
vn -0.2260 0.0382 0.9734
vn -0.2377 0.0372 0.9706
vn -0.2032 0.0149 0.9790
vn -0.2881 0.0203 0.9574
vn -0.2797 -0.0033 0.9601
vn -0.2857 -0.1944 0.9384
vn -0.2838 -0.3776 0.8814
vn -0.2817 0.0333 0.9589
vn -0.2848 0.0495 0.9573
vn -0.2905 0.0393 0.9561
vn -0.2346 0.0066 0.9721
vn -0.3988 0.0113 0.9170
vn -0.4075 0.0163 0.9131
vn -0.3913 -0.2165 0.8944
vn -0.3736 -0.4218 0.8262
vn -0.3855 0.0290 0.9223
vn -0.3937 0.0596 0.9173
vn -0.4024 0.0499 0.9141
vn -0.3024 0.0146 0.9531
vn -0.4850 0.0052 0.8745
vn -0.4823 0.0216 0.8757
vn -0.4753 -0.2124 0.8538
vn -0.4434 -0.4486 0.7760
vn -0.5000 0.0480 0.8647
vn -0.5136 0.0769 0.8546
vn -0.5265 0.0691 0.8474
vn -0.4239 0.0448 0.9046
vn -0.5842 0.0403 0.8106
vn -0.5629 0.0377 0.8257
vn -0.5547 -0.1733 0.8138
vn -0.6976 -0.7142 -0.0567
vn -0.7033 -0.6875 -0.1809
vn -0.6823 -0.6613 -0.3117
vn -0.6982 -0.7158 0.0099
vn -0.7211 -0.6912 -0.0476
vn -0.7196 -0.6728 -0.1719
vn -0.6811 -0.6558 -0.3255
vn -0.5546 -0.6031 -0.5733
vn -0.5363 -0.6217 -0.5708
vn -0.7130 -0.7010 0.0132
vn -0.6837 -0.6421 -0.3470
vn -0.7340 -0.6591 -0.1638
vn -0.5159 -0.6103 -0.6011
vn -0.7340 -0.6788 0.0203
vn -0.7397 -0.6719 -0.0372
vn -0.2993 -0.4303 -0.8516
vn -0.3245 -0.4153 -0.8499
vn -0.2719 -0.4723 -0.8385
vn -0.6636 -0.6608 -0.3508
vn -0.4989 -0.5968 -0.6285
vn -0.7395 -0.6515 -0.1690
vn -0.2640 -0.4600 -0.8477
vn -0.7410 -0.6710 0.0279
vn -0.7497 -0.6613 -0.0250
vn -0.6526 -0.6559 -0.3794
vn -0.0468 -0.2703 -0.9616
vn -0.0643 -0.2504 -0.9660
vn -0.0984 -0.2622 -0.9600
vn -0.0334 -0.2800 -0.9594
vn -0.7351 -0.6549 -0.1752
vn -0.2651 -0.4400 -0.8580
vn -0.4849 -0.6031 -0.6334
vn -0.7564 -0.6527 0.0417
vn -0.7512 -0.6600 -0.0136
vn -0.6239 -0.6777 -0.3892
vn -0.4635 -0.6139 -0.6390
vn -0.7040 -0.6902 -0.1672
vn 0.1283 -0.1139 -0.9852
vn 0.1543 -0.1234 -0.9803
vn 0.1065 -0.1252 -0.9864
vn -0.0202 -0.2668 -0.9635
vn -0.2361 -0.4508 -0.8608
vn -0.4332 -0.6334 -0.6412
vn -0.5987 -0.6943 -0.3995
vn 0.2947 0.0076 -0.9556
vn -0.7477 -0.6632 0.0338
vn -0.7320 -0.6810 -0.0213
vn -0.6829 -0.7090 -0.1759
vn 0.2908 0.0108 -0.9567
vn 0.1619 -0.1113 -0.9805
vn 0.0085 -0.2687 -0.9632
vn -0.2059 -0.4670 -0.8599
vn -0.5881 -0.6989 -0.4070
vn -0.4133 -0.6374 -0.6503
vn -0.7319 -0.6813 0.0138
vn -0.7164 -0.6971 -0.0276
vn -0.6708 -0.7201 -0.1774
vn -0.5617 -0.7159 -0.4147
vn 0.1648 -0.1143 -0.9797
vn 0.2793 0.0171 -0.9600
vn 0.0170 -0.2713 -0.9624
vn -0.1912 -0.4810 -0.8556
vn -0.4001 -0.6399 -0.6560
vn -0.7156 -0.6972 -0.0436
vn -0.6601 -0.7263 -0.1916
vn -0.5318 -0.7344 -0.4218
vn -0.7312 -0.6821 -0.0053
vn 0.2861 0.0138 -0.9581
vn 0.1678 -0.1153 -0.9791
vn 0.0052 -0.2717 -0.9624
vn -0.1943 -0.4871 -0.8515
vn -0.3918 -0.6452 -0.6559
vn -0.7102 -0.7015 -0.0588
vn -0.6397 -0.7373 -0.2173
vn -0.5311 -0.7258 -0.4372
vn -0.7336 -0.6791 -0.0252
vn -0.7051 -0.7031 -0.0921
vn 0.2884 0.0166 -0.9574
vn 0.1648 -0.1088 -0.9803
vn 0.0047 -0.2798 -0.9601
vn -0.1981 -0.4891 -0.8494
vn -0.3937 -0.6428 -0.6571
vn -0.6373 -0.7290 -0.2497
vn -0.5360 -0.7140 -0.4505
vn -0.7362 -0.6737 -0.0638
vn -0.7095 -0.6927 -0.1296
vn -0.6195 -0.7341 -0.2779
vn 0.1897 -0.1180 -0.9747
vn 0.3014 0.0182 -0.9533
vn 0.0223 -0.2971 -0.9546
vn -0.2064 -0.4859 -0.8493
vn -0.4171 -0.6280 -0.6570
vn -0.1803 -0.9233 -0.3391
vn -0.7290 -0.6804 -0.0743
vn -0.6872 -0.7109 -0.1498
vn -0.2280 -0.9525 -0.2018
vn 0.3153 0.0107 -0.9489
vn 0.2036 -0.1271 -0.9708
vn 0.0192 -0.2857 -0.9581
vn -0.2270 -0.4724 -0.8517
vn -0.1026 -0.8498 -0.5171
vn 0.2363 -0.9606 -0.1464
vn 0.2815 -0.9249 -0.2555
vn -0.7060 -0.7050 -0.0673
vn -0.2977 -0.9501 -0.0932
vn 0.1988 -0.9771 -0.0761
vn 0.1598 -0.9871 -0.0083
vn 0.2046 -0.1215 -0.9713
vn 0.3214 0.0023 -0.9469
vn 0.0161 -0.2749 -0.9613
vn 0.0756 -0.7229 -0.6868
vn 0.3825 -0.8570 -0.3455
vn -0.3033 -0.9525 -0.0274
vn 0.1565 -0.9872 0.0293
vn 0.3250 0.0004 -0.9457
vn 0.2020 -0.1086 -0.9733
vn 0.3023 -0.5635 -0.7689
vn 0.5266 -0.7511 -0.3983
vn 0.2953 0.0257 -0.9550
vn 0.4435 -0.4223 -0.7905
vn 0.6178 -0.6726 -0.4074
vn 0.4249 0.1193 -0.8973
vn 0.4168 0.1200 -0.9010
vn 0.3963 0.1354 -0.9081
vn 0.5399 -0.3153 -0.7804
vn 0.6806 -0.6200 -0.3904
vn 0.4793 0.1989 -0.8548
vn 0.4745 0.2054 -0.8560
vn 0.4679 0.2208 -0.8558
vn 0.6473 -0.2319 -0.7261
vn 0.7404 -0.5701 -0.3561
vn 0.7965 -0.4942 -0.3484
vn 0.7173 -0.1476 -0.6810
vn 0.5501 0.2891 -0.7835
vn 0.7700 -0.0831 -0.6326
vn 0.5531 0.2720 -0.7875
vn 0.5600 0.2718 -0.7826
vn 0.8317 -0.4530 -0.3210
vn 0.6445 0.3565 -0.6764
vn 0.6193 0.3833 -0.6853
vn 0.8277 0.0021 -0.5611
vn 0.8600 -0.4207 -0.2889
vn 0.6901 0.4528 -0.5646
vn 0.6490 0.3608 -0.6698
vn 0.7068 0.4412 -0.5530
vn 0.8937 -0.3861 -0.2284
vn 0.8918 0.0445 -0.4502
vn 0.5549 0.2651 -0.7885
vn -0.5257 -0.4086 0.7462
vn -0.6020 0.0794 0.7945
vn -0.6183 0.1005 0.7795
vn -0.6551 0.0711 0.7522
vn -0.6764 0.0763 0.7326
vn -0.6398 0.0998 0.7621
vn -0.5458 0.0725 0.8348
vn -0.6922 0.1133 0.7127
vn -0.7119 0.1368 0.6888
vn -0.6009 -0.4393 0.6678
vn -0.6421 -0.1855 0.7439
vn -0.7496 0.1107 0.6526
vn -0.7609 0.1070 0.6400
vn -0.7636 0.1474 0.6286
vn -0.7283 0.1319 0.6724
vn -0.6612 0.1004 0.7435
vn -0.7705 0.1593 0.6172
vn -0.6688 -0.5094 0.5415
vn -0.7430 -0.2019 0.6381
vn -0.8381 -0.1904 0.5113
vn -0.8401 0.1283 0.5270
vn -0.8425 0.1145 0.5265
vn -0.8412 0.1637 0.5154
vn -0.7348 -0.5244 0.4301
vn -0.8372 0.1747 0.5182
vn -0.7797 0.1458 0.6089
vn -0.7845 0.1318 0.6060
vn -0.7408 0.1184 0.6612
vn -0.8126 -0.4531 0.3666
vn -0.8914 -0.1417 0.4304
vn -0.8829 0.1348 0.4499
vn -0.8912 0.1320 0.4340
vn -0.8961 0.1747 0.4079
vn -0.8976 0.1801 0.4023
vn -0.8457 0.1576 0.5099
vn -0.8500 0.1490 0.5054
vn -0.8002 0.1128 0.5891
vn -0.8541 0.1419 0.5005
vn -0.8265 -0.4761 0.3005
vn -0.9169 -0.1690 0.3616
vn -0.9125 0.1431 0.3833
vn -0.9176 0.1624 0.3628
vn -0.9184 0.1960 0.3438
vn -0.9021 0.1779 0.3931
vn -0.9257 0.1919 0.3260
vn -0.9093 0.1358 0.3934
vn -0.9144 0.1560 0.3734
vn -0.9024 0.0972 0.4199
vn -0.8670 0.0951 0.4892
vn -0.8080 -0.5602 0.1827
vn -0.9515 -0.2106 0.2240
vn -0.9608 0.1529 0.2315
vn -0.9592 0.1708 0.2253
vn -0.9502 0.2022 0.2372
vn -0.9258 0.1892 0.3273
vn -0.9298 0.1609 0.3311
vn -0.9506 0.1962 0.2408
vn -0.9380 0.1150 0.3270
vn -0.9398 0.1107 0.3232
vn -0.9163 0.0843 0.3915
vn -0.9506 0.1692 0.2603
vn -0.8340 -0.5514 0.0205
vn -0.9812 -0.1923 0.0174
vn -0.9874 0.1579 0.0107
vn -0.9887 0.1489 0.0162
vn -0.9822 0.1820 0.0473
vn -0.9819 0.1809 0.0566
vn -0.9517 0.1396 0.2735
vn -0.9437 0.1621 0.2883
vn -0.9603 0.1496 0.2354
vn -0.9554 0.1393 0.2605
vn -0.9871 0.1462 0.0654
vn -0.9849 0.1558 0.0756
vn -0.9841 0.1639 0.0686
vn -0.9833 0.1617 -0.0833
vn -0.9858 0.1262 -0.1107
vn -0.9826 0.1717 -0.0708
vn -0.9885 0.1401 -0.0577
vn -0.9848 0.1618 -0.0632
vn -0.9823 0.1671 -0.0844
vn -0.9880 0.1355 -0.0740
vn -0.9857 0.1549 0.0664
vn -0.9960 0.0850 -0.0279
vn -0.9866 0.1162 0.1144
vn -0.9981 0.0598 0.0173
vn -0.9819 0.1604 -0.1006
vn -0.9800 -0.1751 -0.0942
vn -0.8505 -0.5210 -0.0727
vn -0.9861 0.0692 0.1512
vn -0.9967 0.0750 0.0298
vn -0.9607 0.0819 0.2651
vn -0.9859 0.0712 0.1513
vn -0.9619 0.1508 0.2280
vn -0.9962 0.0857 0.0144
vn -0.9580 0.1246 0.2582
vn -0.9551 0.0654 0.2890
vn -0.9874 0.0886 0.1313
vn -0.9958 0.0846 0.0356
vn -0.9474 0.0852 0.3086
vn -0.9592 0.0639 0.2754
vn -0.9896 0.0831 0.1171
vn -0.9446 0.1095 0.3093
vn -0.9356 0.1206 0.3319
vn -0.9975 0.0560 0.0425
vn -0.9445 0.0369 0.3263
vn -0.9405 0.0552 0.3353
vn -0.9731 0.0480 0.2254
vn -0.9950 0.0326 0.0948
vn -0.9529 0.0051 0.3034
vn -0.8948 0.0850 0.4383
vn -0.9102 0.0680 0.4084
vn -0.8716 0.0748 0.4844
vn -0.9833 0.0090 0.1820
vn -0.9999 -0.0099 0.0042
vn -0.9971 -0.0217 0.0733
vn -0.9099 0.0323 0.4136
vn -0.9309 0.0021 0.3653
vn -0.9634 -0.0121 0.2678
vn -0.9839 -0.0209 0.1777
vn -0.8238 0.0560 0.5641
vn -0.8369 0.0496 0.5451
vn -0.8475 0.0380 0.5294
vn -0.8494 0.0133 0.5276
vn -0.9682 -0.0085 0.2499
vn -0.7693 0.0398 0.6376
vn -0.7753 0.0270 0.6310
vn -0.7842 0.0098 0.6204
vn -0.7870 -0.0167 0.6167
vn -0.7055 0.0057 0.7087
vn -0.7011 0.0223 0.7127
vn -0.7081 -0.0141 0.7060
vn -0.7091 -0.0315 0.7044
vn -0.7823 -0.0355 0.6219
vn -0.6081 0.0047 0.7939
vn -0.6100 -0.0140 0.7923
vn -0.6125 -0.0291 0.7899
vn -0.7790 -0.0436 0.6254
vn -0.7100 -0.0425 0.7029
vn -0.4976 -0.0252 0.8670
vn -0.4989 -0.0125 0.8666
vn 0.9380 0.1187 -0.3257
vn 0.7387 0.5255 -0.4220
vn 0.9243 -0.3539 -0.1427
vn 0.7108 0.4434 -0.5461
vn 0.6466 0.3776 -0.6629
vn 0.7608 0.4995 -0.4144
vn 0.5681 0.2768 -0.7750
vn 0.4970 0.1878 -0.8472
vn 0.9490 -0.3111 -0.0511
vn 0.9693 0.1654 -0.1818
vn 0.7737 0.5768 -0.2619
vn 0.7049 0.4644 -0.5361
vn 0.7581 0.5105 -0.4058
vn 0.6477 0.3996 -0.6487
vn 0.7861 0.5649 -0.2507
vn 0.4942 0.1833 -0.8498
vn 0.5669 0.3050 -0.7653
vn 0.4152 0.1203 -0.9018
vn 0.9586 -0.2831 0.0312
vn 0.9773 0.2098 -0.0298
vn 0.7823 0.6187 -0.0727
vn 0.7054 0.4725 -0.5283
vn 0.7486 0.5301 -0.3984
vn 0.7874 0.5667 -0.2427
vn 0.6476 0.4149 -0.6391
vn 0.7988 0.5984 -0.0627
vn 0.4027 0.1157 -0.9080
vn 0.4815 0.1947 -0.8546
vn 0.5568 0.3339 -0.7606
vn 0.9570 -0.2544 0.1398
vn 0.9612 0.2402 0.1355
vn 0.7555 0.6455 0.1122
vn 0.6987 0.4925 -0.5189
vn 0.7490 0.5345 -0.3915
vn 0.7850 0.5691 -0.2446
vn 0.8010 0.5963 -0.0531
vn 0.6383 0.4391 -0.6323
vn 0.7724 0.6206 0.1350
vn 0.5537 0.3411 -0.7596
vn 0.4637 0.2213 -0.8579
vn 0.9352 -0.2495 0.2513
vn 0.9287 0.2408 0.2819
vn 0.7164 0.6531 0.2456
vn 0.6902 0.5156 -0.5077
vn 0.7370 0.5568 -0.3831
vn 0.7785 0.5806 -0.2383
vn 0.8003 0.5975 -0.0510
vn 0.7842 0.6042 0.1412
vn 0.6351 0.4542 -0.6248
vn 0.7431 0.6175 0.2578
vn 0.9075 -0.2690 0.3225
vn 0.8956 0.2268 0.3828
vn 0.6872 0.6383 0.3468
vn 0.6899 0.5194 -0.5043
vn 0.7299 0.5664 -0.3826
vn 0.7692 0.5953 -0.2322
vn 0.7893 0.6125 -0.0440
vn 0.7826 0.6057 0.1437
vn 0.7579 0.5951 0.2673
vn 0.7097 0.6094 0.3535
vn 0.8864 -0.3045 0.3487
vn 0.8742 0.1852 0.4489
vn 0.6503 0.6141 0.4472
vn 0.7641 0.6012 -0.2338
vn 0.7245 0.5758 -0.3787
vn 0.7810 0.6236 -0.0342
vn 0.7730 0.6179 0.1437
vn 0.7624 0.5922 0.2610
vn 0.7280 0.5783 0.3682
vn 0.6674 0.5914 0.4527
vn 0.8481 -0.3491 0.3986
vn 0.8148 0.1481 0.5606
vn 0.5927 0.5612 0.5776
vn 0.7483 0.6249 -0.2228
vn 0.7722 0.6348 -0.0275
vn 0.7687 0.6244 0.1388
vn 0.7609 0.5979 0.2521
vn 0.7393 0.5649 0.3666
vn 0.6903 0.5609 0.4569
vn 0.6282 0.5334 0.5664
vn 0.8036 -0.3930 0.4469
vn 0.7517 0.0670 0.6561
vn 0.5392 0.4723 0.6972
vn 0.7597 0.6492 -0.0357
vn 0.7703 0.6251 0.1261
vn 0.7644 0.5999 0.2360
vn 0.7342 0.5701 0.3687
vn 0.6879 0.5486 0.4753
vn 0.6309 0.5291 0.5675
vn 0.5469 0.4437 0.7099
vn 0.7709 -0.4285 0.4714
vn 0.6876 0.0069 0.7261
vn 0.4212 0.4181 0.8049
vn 0.7650 0.6367 0.0967
vn 0.7741 0.5955 0.2149
vn 0.7466 0.5624 0.3553
vn 0.6879 0.5362 0.4892
vn 0.6211 0.5337 0.5740
vn 0.5415 0.4401 0.7163
vn 0.4275 0.3781 0.8212
vn 0.7309 -0.4639 0.5006
vn 0.6131 -0.0351 0.7892
vn 0.3388 0.3859 0.8581
vn 0.7506 0.5610 0.3492
vn 0.7613 0.6175 0.1977
vn 0.6943 0.5178 0.4999
vn 0.6348 0.5205 0.5711
vn 0.6362 0.5026 0.5853
vn 0.5497 0.4479 0.7052
vn 0.4414 0.3480 0.8271
vn 0.3637 0.3422 0.8664
vn 0.2532 0.3254 0.9110
vn 0.6963 -0.5032 0.5118
vn 0.5439 -0.0939 0.8339
vn 0.5516 0.4470 0.7043
vn 0.7333 0.5817 0.3521
vn 0.6866 0.5201 0.5080
vn 0.6349 0.4856 0.6010
vn 0.4369 0.3527 0.8275
vn 0.3738 0.3054 0.8758
vn 0.2744 0.3020 0.9130
vn 0.1343 0.2305 0.9638
vn 0.6430 -0.5619 0.5204
vn 0.4355 -0.1818 0.8816
vn 0.6765 0.5283 0.5131
vn 0.6310 0.4851 0.6054
vn 0.3641 0.3051 0.8800
vn 0.4140 0.3618 0.8353
vn 0.2907 0.2661 0.9191
vn 0.1572 0.2082 0.9654
vn -0.0150 0.0639 0.9978
vn -0.0243 0.0808 0.9964
vn 0.5823 -0.6245 0.5206
vn 0.3071 -0.3147 0.8981
vn 0.1520 0.1995 0.9680
vn 0.2703 0.2618 0.9265
vn 0.3414 0.3161 0.8852
vn -0.0113 0.0485 0.9988
vn 0.1421 0.1998 0.9695
vn 0.2575 0.2522 0.9328
vn 0.5119 -0.6866 0.5162
vn -0.6101 -0.0367 0.7914
vn -0.6072 0.0213 0.7943
vn -0.5020 0.0071 0.8648
vn -0.3820 -0.0190 0.9240
vn -0.4935 -0.0284 0.8693
vn -0.3923 -0.0049 0.9198
vn -0.6080 -0.0413 0.7929
vn -0.5024 0.0205 0.8644
vn -0.3981 0.0110 0.9173
vn -0.2811 -0.0077 0.9597
vn -0.3734 -0.0193 0.9275
vn -0.4899 -0.0304 0.8712
vn -0.2947 0.0045 0.9556
vn -0.4871 -0.0290 0.8729
vn -0.3637 -0.0194 0.9313
vn -0.2627 -0.0055 0.9649
vn -0.2030 0.0060 0.9792
vn -0.4019 0.0219 0.9154
vn -0.3015 0.0165 0.9533
vn -0.2157 0.0123 0.9764
vn -0.3338 -0.0041 0.9426
vn -0.2393 0.0166 0.9708
vn -0.1792 0.0116 0.9837
vn -0.1367 0.0194 0.9904
vn -0.3090 0.0250 0.9507
vn -0.2207 0.0227 0.9751
vn -0.1477 0.0172 0.9889
vn -0.2050 0.0237 0.9785
vn -0.3291 -0.0061 0.9443
vn -0.1621 0.0397 0.9860
vn -0.1177 0.0258 0.9927
vn -0.0738 0.0298 0.9968
vn -0.1913 -0.0011 0.9815
vn -0.1408 0.0457 0.9890
vn -0.1044 0.0519 0.9932
vn -0.2285 0.0299 0.9731
vn -0.1502 0.0265 0.9883
vn -0.0862 0.0225 0.9960
vn -0.0645 0.0345 0.9973
vn -0.0334 0.0364 0.9988
vn -0.0296 0.0362 0.9989
vn -0.1052 0.0611 0.9926
vn -0.0639 0.0479 0.9968
vn -0.1558 0.0338 0.9872
vn -0.0918 0.0293 0.9954
vn -0.0410 0.0277 0.9988
vn -0.0466 0.0336 0.9983
vn -0.0000 0.0389 0.9992
vn -0.0000 0.0369 0.9993
vn -0.0000 0.0354 0.9994
vn -0.0322 0.0384 0.9987
vn -0.0830 0.0584 0.9948
vn -0.0978 0.0366 0.9945
vn -0.0000 0.0288 0.9996
vn -0.0541 0.0403 0.9977
vn -0.0000 0.0371 0.9993
vn 0.0410 0.0277 0.9988
vn 0.0334 0.0364 0.9988
vn 0.0296 0.0362 0.9989
vn 0.0322 0.0384 0.9987
vn -0.0415 0.0595 0.9974
vn 0.0466 0.0336 0.9983
vn 0.0862 0.0225 0.9960
vn 0.0738 0.0298 0.9968
vn 0.0541 0.0403 0.9977
vn -0.0000 0.0422 0.9991
vn 0.0645 0.0345 0.9973
vn 0.0639 0.0479 0.9968
vn 0.0830 0.0584 0.9948
vn 0.0978 0.0366 0.9945
vn 0.0918 0.0293 0.9954
vn 0.0588 0.0146 0.9982
vn 0.1477 0.0172 0.9889
vn 0.1502 0.0265 0.9883
vn 0.1177 0.0258 0.9927
vn 0.1044 0.0519 0.9932
vn 0.1052 0.0611 0.9926
vn 0.1558 0.0338 0.9872
vn 0.0860 0.0432 0.9954
vn 0.1025 0.0112 0.9947
vn 0.1559 0.0113 0.9877
vn 0.2285 0.0299 0.9731
vn 0.2207 0.0227 0.9751
vn 0.1408 0.0457 0.9890
vn 0.1621 0.0397 0.9860
vn 0.1056 0.0242 0.9941
vn 0.0867 -0.0016 0.9962
vn 0.1505 -0.0106 0.9885
vn 0.3090 0.0250 0.9507
vn 0.2050 0.0237 0.9785
vn 0.1913 -0.0011 0.9815
vn 0.3291 -0.0061 0.9443
vn 0.3338 -0.0041 0.9426
vn 0.2393 0.0166 0.9708
vn 0.3637 -0.0194 0.9313
vn 0.4871 -0.0290 0.8729
vn 0.1792 0.0116 0.9837
vn 0.2627 -0.0055 0.9649
vn 0.4899 -0.0304 0.8712
vn 0.3734 -0.0193 0.9275
vn 0.6080 -0.0413 0.7929
vn 0.4935 -0.0284 0.8693
vn 0.2030 0.0060 0.9792
vn 0.1367 0.0194 0.9904
vn 0.2811 -0.0077 0.9597
vn 0.3820 -0.0190 0.9240
vn 0.6101 -0.0367 0.7914
vn 0.4976 -0.0252 0.8670
vn 0.6125 -0.0291 0.7899
vn 0.2157 0.0123 0.9764
vn 0.2947 0.0045 0.9556
vn 0.3923 -0.0049 0.9198
vn 0.4989 -0.0125 0.8666
vn 0.6100 -0.0140 0.7923
vn 0.3015 0.0165 0.9533
vn 0.3981 0.0110 0.9173
vn 0.5020 0.0071 0.8648
vn 0.6081 0.0047 0.7939
vn 0.4019 0.0219 0.9154
vn -0.0303 0.0575 0.9979
vn 0.5355 0.4492 0.7151
vn 0.6277 0.4833 0.6103
vn 0.6240 0.4737 0.6215
vn 0.6791 0.5353 0.5023
vn 0.6903 0.5313 0.4912
vn 0.6167 0.4751 0.6277
vn 0.7419 0.5990 0.3013
vn 0.7270 0.6020 0.3301
vn 0.6892 0.5384 0.4849
vn 0.6318 0.4578 0.6255
vn 0.7489 0.5949 0.2919
vn 0.7544 0.6364 0.1611
vn 0.7423 0.6450 0.1815
vn 0.7045 0.5185 0.4846
vn 0.6706 0.4180 0.6129
vn 0.7756 0.6154 0.1409
vn 0.7686 0.5662 0.2976
vn 0.7351 0.4763 0.4824
vn 0.7521 0.6550 0.0736
vn 0.7697 0.6367 0.0469
vn 0.7487 0.6571 0.0871
vn 0.6937 0.3964 0.6014
vn 0.7937 0.5942 0.1302
vn 0.7930 0.6086 0.0255
vn 0.7975 0.5287 0.2908
vn 0.7501 0.4574 0.4776
vn 0.7463 0.6635 -0.0538
vn 0.7581 0.6497 -0.0561
vn 0.7839 0.6174 -0.0649
vn 0.7467 0.6637 -0.0449
vn 0.6859 0.4197 0.5944
vn 0.7578 0.6254 -0.1860
vn 0.7397 0.6406 -0.2061
vn 0.7739 0.6126 -0.1606
vn 0.7360 0.6412 -0.2172
vn 0.7481 0.5765 -0.3286
vn 0.7607 0.5694 -0.3117
vn 0.7252 0.5929 -0.3501
vn 0.7158 0.5961 -0.3638
vn 0.7145 0.5156 -0.4728
vn 0.7186 0.5136 -0.4688
vn 0.6932 0.5349 -0.4830
vn 0.6841 0.5371 -0.4935
vn 0.6520 0.4358 -0.6204
vn 0.6563 0.4335 -0.6175
vn 0.6358 0.4671 -0.6145
vn 0.6337 0.4636 -0.6193
vn 0.5758 0.3594 -0.7344
vn 0.5771 0.3473 -0.7391
vn 0.5523 0.3793 -0.7424
vn 0.5579 0.3604 -0.7476
vn 0.4741 0.2483 -0.8448
vn 0.4683 0.2346 -0.8518
vn 0.4776 0.2721 -0.8354
vn 0.4980 0.2570 -0.8282
vn 0.3988 0.1312 -0.9076
vn 0.3760 0.1332 -0.9170
vn 0.3849 0.1262 -0.9143
vn 0.4615 0.2307 -0.8566
vn 0.3764 0.1768 -0.9094
vn 0.4057 0.1377 -0.9036
vn 0.3839 0.1211 -0.9154
vn 0.2447 0.0241 -0.9693
vn 0.2650 -0.0037 -0.9642
vn 0.3909 0.1118 -0.9136
vn 0.0782 -0.1215 -0.9895
vn 0.5169 -0.5951 0.6153
vn 0.3811 -0.6364 0.6706
vn 0.5176 -0.6761 0.5245
vn 0.3677 -0.7384 0.5654
vn 0.1190 -0.6689 0.7337
vn 0.6073 -0.6872 0.3987
vn 0.0503 -0.7912 0.6095
vn 0.4453 -0.7825 0.4352
vn -0.0698 -0.6518 0.7552
vn 0.6819 -0.6659 0.3025
vn -0.1896 -0.7701 0.6091
vn 0.0707 -0.8776 0.4741
vn 0.5055 -0.7893 0.3485
vn -0.1911 -0.6186 0.7621
vn 0.7191 -0.6519 0.2408
vn -0.3329 -0.7269 0.6007
vn -0.2444 -0.8473 0.4715
vn 0.0912 -0.9123 0.3991
vn 0.5453 -0.7897 0.2811
vn -0.2570 -0.5924 0.7635
vn 0.7420 -0.6505 0.1620
vn -0.4414 -0.7699 0.4610
vn -0.4156 -0.6812 0.6027
vn -0.2627 -0.8795 0.3969
vn 0.1091 -0.9380 0.3291
vn 0.5759 -0.7964 0.1850
vn -0.3195 -0.5540 0.7688
vn 0.7898 -0.6076 0.0841
vn -0.4825 -0.7892 0.3800
vn -0.5286 -0.7158 0.4563
vn -0.4771 -0.6331 0.6096
vn -0.2813 -0.9017 0.3284
vn 0.1228 -0.9674 0.2214
vn 0.5024 0.0205 0.8644
vn 0.6072 0.0213 0.7943
vn 0.6009 -0.4393 0.6678
vn 0.6421 -0.1855 0.7439
vn 0.6688 -0.5094 0.5415
vn 0.7496 0.1107 0.6526
vn 0.7430 -0.2019 0.6381
vn 0.7348 -0.5244 0.4301
vn 0.8381 -0.1904 0.5113
vn 0.8401 0.1283 0.5270
vn 0.7609 0.1070 0.6400
vn 0.8126 -0.4531 0.3666
vn 0.8914 -0.1417 0.4304
vn 0.8829 0.1348 0.4499
vn 0.8425 0.1145 0.5265
vn 0.7636 0.1474 0.6286
vn 0.8265 -0.4761 0.3005
vn 0.9169 -0.1690 0.3616
vn 0.9125 0.1431 0.3833
vn 0.8912 0.1320 0.4340
vn 0.8412 0.1637 0.5154
vn 0.7705 0.1593 0.6172
vn 0.8080 -0.5602 0.1827
vn 0.9515 -0.2106 0.2240
vn 0.9608 0.1529 0.2315
vn 0.9176 0.1624 0.3628
vn 0.8961 0.1747 0.4079
vn 0.8372 0.1747 0.5182
vn 0.8340 -0.5514 0.0205
vn 0.9812 -0.1923 0.0174
vn 0.9874 0.1579 0.0107
vn 0.9592 0.1708 0.2253
vn 0.9184 0.1960 0.3438
vn 0.8976 0.1801 0.4023
vn 0.8457 0.1576 0.5099
vn 0.8505 -0.5210 -0.0727
vn 0.9800 -0.1751 -0.0942
vn 0.9021 0.1779 0.3931
vn 0.9257 0.1919 0.3260
vn 0.9502 0.2022 0.2372
vn 0.9887 0.1489 0.0162
vn 0.9819 0.1604 -0.1006
vn 0.9858 0.1262 -0.1107
vn 0.9506 0.1962 0.2408
vn 0.9258 0.1892 0.3273
vn 0.9822 0.1820 0.0473
vn 0.9833 0.1617 -0.0833
vn 0.9819 0.1809 0.0566
vn 0.9506 0.1692 0.2603
vn 0.9298 0.1609 0.3311
vn 0.9826 0.1717 -0.0708
vn 0.9871 0.1462 0.0654
vn 0.9437 0.1621 0.2883
vn 0.9885 0.1401 -0.0577
vn 0.9380 0.1150 0.3270
vn 0.9144 0.1560 0.3734
vn 0.9697 -0.2407 -0.0412
vn 0.9413 -0.3301 -0.0702
vn 0.9261 -0.3756 -0.0358
vn 0.9728 -0.2212 -0.0684
vn 0.9854 -0.1627 -0.0509
vn 0.9574 -0.2413 -0.1587
vn 0.9613 -0.2104 -0.1778
vn 0.9832 -0.1653 -0.0775
vn 0.9823 -0.1839 -0.0370
vn 0.8898 -0.3146 -0.3307
vn 0.8931 -0.3515 -0.2809
vn 0.9535 -0.2091 -0.2169
vn 0.8820 -0.2689 -0.3871
vn 0.9465 -0.2167 -0.2390
vn 0.9816 -0.1715 -0.0836
vn 0.8512 -0.2672 -0.4517
vn 0.7002 -0.3492 -0.6227
vn 0.7561 -0.4277 -0.4954
vn 0.9838 -0.1777 -0.0251
vn 0.7540 -0.4874 -0.4404
vn 0.8594 -0.2425 -0.4501
vn 0.9443 -0.2088 -0.2543
vn 0.9818 -0.1683 -0.0882
vn 0.7090 -0.2158 -0.6713
vn 0.6341 -0.2626 -0.7273
vn 0.4562 -0.2769 -0.8457
vn 0.5260 -0.3665 -0.7674
vn 0.5852 -0.4278 -0.6889
vn 0.9873 -0.1586 -0.0119
vn 0.5731 -0.4749 -0.6678
vn 0.8673 -0.2277 -0.4425
vn 0.7339 -0.2243 -0.6411
vn 0.9407 -0.2194 -0.2586
vn 0.9807 -0.1732 -0.0911
vn 0.5388 -0.1640 -0.8263
vn 0.5900 -0.1781 -0.7875
vn 0.4603 -0.1844 -0.8684
vn 0.3322 -0.1791 -0.9260
vn 0.4298 -0.2731 -0.8606
vn 0.4756 -0.3274 -0.8164
vn 0.9860 -0.1653 -0.0238
vn 0.9743 -0.1979 -0.1072
vn 0.7546 -0.2230 -0.6171
vn 0.6258 -0.1781 -0.7594
vn 0.3571 -0.0937 -0.9293
vn 0.4095 -0.1098 -0.9057
vn 0.4509 -0.1364 -0.8821
vn 0.3018 -0.1032 -0.9478
vn 0.2433 -0.1148 -0.9631
vn 0.3371 -0.1610 -0.9276
vn 0.9851 -0.1669 -0.0424
vn 0.4845 -0.1479 -0.8622
vn 0.6541 -0.1717 -0.7367
vn 0.1612 -0.0653 -0.9848
vn 0.1853 -0.0684 -0.9803
vn 0.2165 -0.0913 -0.9720
vn 0.2523 -0.1042 -0.9620
vn 0.1316 -0.0690 -0.9889
vn 0.2905 -0.1059 -0.9510
vn 0.5100 -0.1457 -0.8477
vn -0.0063 -0.0427 -0.9991
vn 0.0015 -0.0487 -0.9988
vn 0.0106 -0.0614 -0.9981
vn 0.0275 -0.0692 -0.9972
vn 0.0532 -0.0615 -0.9967
vn 0.3278 -0.1130 -0.9380
vn 0.0989 -0.0653 -0.9929
vn -0.1026 -0.0572 -0.9931
vn -0.1067 -0.0642 -0.9922
vn -0.1051 -0.0550 -0.9929
vn -0.0889 -0.0319 -0.9955
vn -0.0726 -0.0065 -0.9973
vn -0.0432 -0.0196 -0.9989
vn 0.1447 -0.0755 -0.9866
vn -0.1474 -0.0612 -0.9872
vn -0.1563 -0.0483 -0.9865
vn -0.1395 -0.0421 -0.9893
vn -0.1242 -0.0176 -0.9921
vn -0.1201 -0.0021 -0.9928
vn -0.1194 -0.0036 -0.9928
vn 0.5953 -0.7958 0.1113
vn -0.3910 -0.4937 0.7768
vn -0.5136 -0.7994 0.3117
vn -0.5757 -0.7290 0.3702
vn -0.5829 -0.6721 0.4566
vn -0.5402 -0.5789 0.6108
vn -0.3000 -0.9276 0.2224
vn 0.1586 -0.9775 0.1393
vn -0.4356 -0.4490 0.7802
vn -0.5372 -0.8181 0.2053
vn -0.6101 -0.7327 0.3015
vn -0.6259 -0.6881 0.3670
vn -0.6377 -0.6215 0.4551
vn -0.5772 -0.5426 0.6103
vn -0.2531 -0.9574 0.1392
vn -0.4564 -0.4242 0.7822
vn -0.5291 -0.8384 0.1311
vn -0.6204 -0.7603 0.1925
vn -0.6452 -0.7060 0.2920
vn -0.6790 -0.6407 0.3584
vn -0.6656 -0.5937 0.4522
vn -0.5920 -0.5278 0.6090
vn -0.4780 -0.4065 0.7786
vn -0.6242 -0.7711 0.1259
vn -0.6393 -0.7469 0.1831
vn -0.6819 -0.6788 0.2723
vn -0.7023 -0.6236 0.3434
vn -0.6772 -0.5825 0.4496
vn -0.6019 -0.5139 0.6112
vn -0.4946 -0.3986 0.7723
vn -0.6428 -0.7561 0.1230
vn -0.6748 -0.7177 0.1719
vn -0.7006 -0.6690 0.2480
vn -0.7089 -0.6293 0.3185
vn -0.6864 -0.5744 0.4459
vn -0.6115 -0.4979 0.6150
vn -0.6774 -0.7260 0.1190
vn -0.6969 -0.6988 0.1612
vn -0.7134 -0.6631 0.2265
vn -0.7238 -0.6195 0.3038
vn -0.6958 -0.5666 0.4415
vn -0.7360 -0.6037 0.3063
vn -0.7428 -0.6343 0.2143
vn -0.7110 -0.6875 0.1477
vn -0.6944 -0.7110 0.1111
vn -0.7520 -0.6273 0.2026
vn -0.7376 -0.6621 0.1326
vn -0.7108 -0.6953 0.1064
vn -0.7333 -0.6726 0.0998
vn -0.7483 -0.6534 0.1150
vn -0.7526 -0.6300 0.1915
vn -0.7552 -0.6467 0.1072
vn -0.7521 -0.6508 0.1039
vn -0.7395 -0.6678 0.0849
vn -0.7544 -0.6520 0.0767
vn -0.7512 -0.6557 0.0761
vn -0.1502 -0.9829 0.1061
vn 0.3114 -0.9484 0.0587
vn -0.2014 -0.9718 0.1229
vn 0.2832 -0.9512 0.1221
vn -0.2132 -0.9611 0.1754
vn 0.7221 -0.6874 0.0782
vn 0.7224 -0.6915 -0.0026
vn 0.2868 -0.9325 0.2196
vn 0.7246 -0.6581 0.2044
vn 0.7486 -0.6572 0.0875
vn -0.2081 -0.9528 0.2211
vn 0.2662 -0.9202 0.2868
vn 0.7372 -0.6755 0.0141
vn 0.7504 -0.6274 0.2079
vn 0.7118 -0.6416 0.2857
vn 0.7491 -0.6556 0.0948
vn -0.2361 -0.9389 0.2503
vn 0.2549 -0.8967 0.3619
vn 0.7483 -0.6632 0.0125
vn 0.7380 -0.6400 0.2139
vn 0.7432 -0.6069 0.2815
vn 0.6923 -0.6072 0.3900
vn 0.7484 -0.6573 0.0888
vn -0.2810 -0.8977 0.3394
vn 0.2123 -0.8268 0.5209
vn 0.7469 -0.6648 0.0095
vn 0.7368 -0.6444 0.2046
vn 0.7293 -0.6229 0.2831
vn 0.7122 -0.5814 0.3933
vn 0.6444 -0.5225 0.5583
vn 0.7631 -0.6409 0.0837
vn 0.7528 -0.6285 0.1956
vn -0.3308 -0.8360 0.4379
vn 0.1205 -0.7384 0.6635
vn 0.7466 -0.6644 0.0336
vn 0.7318 -0.6193 0.2844
vn 0.7167 -0.6353 0.2876
vn 0.7001 -0.5885 0.4043
vn 0.6627 -0.4996 0.5578
vn 0.5379 -0.4375 0.7206
vn 0.7597 -0.6433 0.0951
vn 0.7496 -0.6344 0.1886
vn 0.7415 -0.6084 0.2827
vn -0.4153 -0.7725 0.4804
vn -0.0044 -0.6079 0.7940
vn 0.7404 -0.6679 0.0757
vn 0.7055 -0.5611 0.4329
vn 0.7088 -0.5527 0.4383
vn 0.6937 -0.5892 0.4143
vn 0.6490 -0.5117 0.5629
vn 0.5541 -0.4138 0.7223
vn 0.3809 -0.2533 0.8892
vn -0.1712 -0.4527 0.8751
vn 0.7460 -0.6386 0.1887
vn 0.7383 -0.6075 0.2931
vn 0.7063 -0.5510 0.4444
vn 0.6483 -0.4954 0.5781
vn 0.6471 -0.4755 0.5960
vn 0.6388 -0.4734 0.6065
vn 0.5484 -0.3925 0.7383
vn 0.3868 -0.2143 0.8969
vn 0.1946 -0.0733 0.9781
vn 0.5521 -0.3570 0.7535
vn 0.7023 -0.5599 0.4396
vn 0.7395 -0.6036 0.2982
vn 0.3813 -0.1952 0.9036
vn 0.6117 -0.4880 0.6227
vn 0.6332 -0.4643 0.6193
vn 0.2068 -0.0637 0.9763
vn 0.5573 -0.3542 0.7509
vn 0.5543 -0.3523 0.7541
vn 0.5556 -0.3489 0.7547
vn 0.3804 -0.2103 0.9006
vn 0.3756 -0.2028 0.9043
vn 0.2167 -0.0878 0.9723
vn 0.5183 -0.3755 0.7683
vn 0.3832 -0.2142 0.8985
vn 0.4013 -0.2158 0.8902
vn 0.3937 -0.2361 0.8884
vn 0.2356 -0.0978 0.9669
vn 0.2451 -0.0910 0.9652
vn 0.2393 -0.0882 0.9669
vn 0.2178 -0.0778 0.9729
vn 0.2229 -0.0938 0.9703
vn 0.3567 -0.2612 0.8970
vn 0.0735 0.0707 0.9948
vn -0.0156 -0.0387 -0.9991
vn -0.1091 -0.0186 -0.9939
vn -0.1850 -0.0351 -0.9821
vn -0.1890 -0.0108 -0.9819
vn -0.1876 -0.0015 -0.9822
vn -0.1877 0.0017 -0.9822
vn -0.1831 -0.0034 -0.9831
vn -0.1676 -0.0051 -0.9858
vn -0.1469 -0.0259 -0.9888
vn -0.1763 -0.0080 -0.9843
vn -0.0954 -0.0216 -0.9952
vn -0.1805 0.0011 -0.9836
vn -0.1276 -0.0458 -0.9908
vn -0.1724 -0.0062 -0.9850
vn -0.1821 0.0028 -0.9833
vn -0.0000 -0.0232 -0.9997
vn -0.0000 -0.0136 -0.9999
vn -0.0000 0.0068 -1.0000
vn -0.0000 -0.0441 -0.9990
vn -0.0000 -0.0535 -0.9986
vn -0.0000 0.0034 -1.0000
vn -0.1701 -0.0006 -0.9854
vn -0.0000 0.0013 -1.0000
vn 0.1469 -0.0259 -0.9888
vn 0.1676 -0.0051 -0.9858
vn 0.1805 0.0011 -0.9836
vn 0.1821 0.0028 -0.9833
vn 0.1724 -0.0062 -0.9850
vn 0.1831 -0.0034 -0.9831
vn 0.1877 0.0017 -0.9822
vn -0.0000 0.0123 -0.9999
vn 0.1701 -0.0006 -0.9854
vn 0.1890 -0.0108 -0.9819
vn 0.1876 -0.0015 -0.9822
vn 0.1763 -0.0080 -0.9843
vn 0.1091 -0.0186 -0.9939
vn 0.1194 -0.0036 -0.9928
vn 0.1201 -0.0021 -0.9928
vn 0.1242 -0.0176 -0.9921
vn 0.1395 -0.0421 -0.9893
vn 0.1665 0.0111 -0.9860
vn 0.1697 -0.0062 -0.9855
vn 0.0954 -0.0216 -0.9952
vn 0.0156 -0.0387 -0.9991
vn 0.0432 -0.0196 -0.9989
vn 0.0726 -0.0065 -0.9973
vn 0.0889 -0.0319 -0.9955
vn 0.1051 -0.0550 -0.9929
vn 0.1589 0.0067 -0.9873
vn 0.0811 -0.0219 -0.9965
vn -0.0007 -0.0403 -0.9992
vn -0.1706 -0.0663 -0.9831
vn -0.1447 -0.0755 -0.9866
vn -0.0989 -0.0653 -0.9929
vn -0.0532 -0.0615 -0.9967
vn -0.0275 -0.0692 -0.9972
vn 0.0653 0.0004 -0.9979
vn -0.0132 -0.0433 -0.9990
vn -0.2003 -0.0597 -0.9779
vn -0.3770 -0.1071 -0.9200
vn -0.3554 -0.1092 -0.9283
vn -0.3278 -0.1130 -0.9380
vn -0.2905 -0.1059 -0.9510
vn -0.2523 -0.1042 -0.9620
vn -0.0235 -0.0148 -0.9996
vn -0.2295 -0.0524 -0.9719
vn -0.4075 -0.1145 -0.9060
vn -0.5633 -0.1169 -0.8179
vn -0.5483 -0.1284 -0.8263
vn -0.5308 -0.1426 -0.8354
vn -0.5100 -0.1457 -0.8477
vn -0.4845 -0.1479 -0.8622
vn -0.2649 -0.0501 -0.9630
vn -0.4463 -0.1043 -0.8888
vn -0.5686 -0.1360 -0.8113
vn -0.7170 -0.1260 -0.6856
vn -0.7093 -0.1283 -0.6931
vn -0.6999 -0.1449 -0.6994
vn -0.6960 -0.1509 -0.7020
vn -0.6777 -0.1610 -0.7175
vn -0.6541 -0.1717 -0.7367
vn -0.5821 -0.1385 -0.8012
vn -0.4783 -0.0723 -0.8752
vn -0.8114 -0.1360 -0.5684
vn -0.8057 -0.1330 -0.5772
vn -0.8029 -0.1326 -0.5812
vn -0.8175 -0.1424 -0.5581
vn -0.7206 -0.1393 -0.6792
vn -0.7831 -0.1899 -0.5922
vn -0.7919 -0.1617 -0.5888
vn -0.7714 -0.2091 -0.6010
vn -0.6024 -0.0992 -0.7920
vn -0.7351 -0.1281 -0.6657
vn -0.8118 -0.1522 -0.5637
vn -0.8907 -0.1387 -0.4329
vn -0.8909 -0.1312 -0.4349
vn -0.8905 -0.1400 -0.4328
vn -0.8880 -0.1506 -0.4344
vn -0.8908 -0.1201 -0.4381
vn -0.8862 -0.1592 -0.4352
vn -0.8933 -0.1670 -0.4172
vn -0.8832 -0.1990 -0.4247
vn -0.8230 -0.1126 -0.5567
vn -0.7624 -0.0869 -0.6412
vn -0.8869 -0.1054 -0.4498
vn -0.9386 -0.1149 -0.3253
vn -0.9351 -0.1189 -0.3340
vn -0.9342 -0.1155 -0.3375
vn -0.9423 -0.1174 -0.3134
vn -0.9465 -0.1264 -0.2970
vn -0.9314 -0.0926 -0.3521
vn -0.9539 -0.1196 -0.2752
vn -0.9521 -0.1557 -0.2632
vn -0.8308 -0.0774 -0.5512
vn -0.8834 -0.0734 -0.4628
vn -0.9255 -0.0372 -0.3769
vn -0.9740 -0.0975 -0.2043
vn -0.9708 -0.1060 -0.2151
vn -0.9669 -0.0962 -0.2363
vn -0.9616 -0.0515 -0.2695
vn -0.9780 -0.0910 -0.1875
vn -0.9819 -0.0875 -0.1681
vn -0.9488 0.0002 -0.3158
vn -0.9848 -0.0909 -0.1478
vn -0.8699 -0.0327 -0.4922
vn -0.9067 0.0182 -0.4214
vn -0.9364 0.0462 -0.3478
vn -0.9916 -0.0741 -0.1059
vn -0.9886 -0.0822 -0.1266
vn -0.9840 -0.0720 -0.1631
vn -0.9794 -0.0187 -0.2010
vn -0.9677 0.0298 -0.2502
vn -0.9939 -0.0659 -0.0890
vn -0.9962 -0.0563 -0.0664
vn -0.9574 0.0616 -0.2822
vn -0.9303 0.0706 -0.3600
vn -0.8908 0.0608 -0.4504
vn -0.9520 0.0809 -0.2954
vn -0.9477 0.0633 -0.3128
vn -0.8915 0.0853 -0.4448
vn -0.9295 0.0808 -0.3599
vn -0.9634 0.0645 -0.2603
vn 0.0777 0.0752 0.9941
vn 0.0546 0.0617 0.9966
vn 0.2024 -0.1180 0.9722
vn 0.0502 0.0431 0.9978
vn -0.0691 0.1614 0.9845
vn -0.0987 0.1840 0.9780
vn -0.0662 0.1170 0.9909
vn 0.0314 0.0119 0.9994
vn -0.2156 0.2163 0.9522
vn 0.3297 -0.2736 0.9036
vn 0.1828 -0.1553 0.9708
vn -0.2447 0.2434 0.9386
vn -0.1248 0.1942 0.9730
vn -0.1982 0.1840 0.9627
vn -0.0742 0.0694 0.9948
vn 0.0158 -0.0308 0.9994
vn 0.2944 -0.3105 0.9038
vn 0.1505 -0.1778 0.9725
vn -0.3351 0.2625 0.9049
vn -0.3394 0.2888 0.8952
vn -0.3461 0.3054 0.8871
vn -0.1888 0.1442 0.9714
vn -0.0953 0.0347 0.9948
vn 0.0058 -0.0690 0.9976
vn -0.4195 0.3367 0.8430
vn 0.2629 -0.3411 0.9025
vn 0.0994 -0.2184 0.9708
vn -0.4222 0.3060 0.8533
vn -0.3291 0.2159 0.9193
vn -0.1956 0.1028 0.9753
vn -0.1026 0.0015 0.9947
vn -0.0331 -0.1026 0.9942
vn -0.4106 0.3530 0.8407
vn -0.5412 0.4273 0.7242
vn 0.2042 -0.3962 0.8952
vn 0.0443 -0.2533 0.9664
vn -0.5441 0.4138 0.7299
vn -0.4285 0.3099 0.8487
vn -0.3243 0.2180 0.9205
vn -0.2087 0.1064 0.9722
vn -0.1353 -0.0125 0.9907
vn -0.0872 -0.1350 0.9870
vn 0.1424 -0.4321 0.8905
vn -0.0157 -0.2767 0.9608
vn -0.4304 0.3274 0.8412
vn -0.5390 0.4230 0.7283
vn -0.3336 0.2223 0.9161
vn -0.2389 0.0758 0.9681
vn -0.1927 -0.0603 0.9794
vn -0.1334 -0.1752 0.9755
vn 0.0935 -0.4530 0.8866
vn -0.0652 -0.2992 0.9520
vn -0.4407 0.3168 0.8399
vn -0.5330 0.4149 0.7374
vn -0.3623 0.1804 0.9145
vn -0.2946 0.0315 0.9551
vn -0.2391 -0.1009 0.9657
vn -0.1588 -0.2023 0.9664
vn 0.0269 -0.4758 0.8792
vn -0.1233 -0.3105 0.9426
vn -0.4725 0.2925 0.8313
vn -0.5339 0.4075 0.7408
vn -0.4148 0.1409 0.8990
vn -0.3470 -0.0029 0.9379
vn -0.2591 -0.1224 0.9581
vn -0.1982 -0.2213 0.9548
vn -0.0661 -0.4899 0.8693
vn -0.1826 -0.3148 0.9314
vn -0.5266 0.2569 0.8104
vn -0.5587 0.3840 0.7351
vn -0.4609 0.1213 0.8791
vn -0.3637 0.0041 0.9315
vn -0.2610 -0.1079 0.9593
vn -0.2268 -0.2030 0.9526
vn -0.2117 -0.4940 0.8433
vn -0.2816 -0.3081 0.9087
vn -0.6061 0.3430 0.7177
vn -0.5642 0.2362 0.7911
vn -0.4672 0.1409 0.8728
vn -0.3460 0.0422 0.9373
vn -0.2616 -0.0588 0.9634
vn -0.3168 -0.1804 0.9312
vn -0.4218 -0.4685 0.7763
vn -0.4842 -0.2983 0.8225
vn -0.5633 0.2586 0.7848
vn -0.6381 0.3304 0.6955
vn -0.4465 0.1706 0.8784
vn -0.3364 0.0650 0.9395
vn -0.3274 -0.0365 0.9442
vn -0.4631 -0.1398 0.8752
vn -0.5191 -0.4590 0.7211
vn -0.5849 -0.2750 0.7631
vn -0.6351 0.3439 0.6917
vn -0.5382 0.2874 0.7923
vn -0.4322 0.1846 0.8827
vn -0.3620 0.0664 0.9298
vn -0.4077 -0.0089 0.9131
vn -0.4933 -0.0926 0.8649
vn -0.5095 0.3183 0.7995
vn -0.6136 0.3832 0.6904
vn -0.4129 0.2316 0.8808
vn -0.3787 0.1130 0.9186
vn -0.4206 0.0247 0.9069
vn -0.4761 0.3546 0.8047
vn -0.5779 0.4262 0.6959
vn -0.3923 0.2704 0.8792
vn -0.3766 0.1574 0.9129
vn -0.4464 0.3762 0.8119
vn -0.5406 0.4601 0.7043
vn -0.3894 0.2893 0.8744
vn -0.6632 0.4794 0.5747
vn -0.6382 0.5185 0.5691
vn -0.4238 0.4126 0.8063
vn -0.4872 0.5020 0.7146
vn -0.6002 0.5371 0.5927
vn -0.7010 0.5545 0.4485
vn -0.6830 0.5632 0.4652
vn -0.4475 0.5350 0.7166
vn -0.5255 0.5717 0.6301
vn -0.6491 0.5769 0.4959
vn -0.7470 0.5874 0.3113
vn -0.7311 0.5906 0.3415
vn -0.7311 0.5111 0.4520
vn -0.7723 0.5681 0.2843
vn -0.4697 0.6121 0.6361
vn -0.5441 0.6595 0.5187
vn -0.6819 0.6440 0.3467
vn -0.7823 0.5976 0.1757
vn -0.8039 0.5750 0.1521
vn -0.7607 0.6225 0.1840
vn -0.8004 0.5280 0.2839
vn -0.8292 0.5442 0.1276
vn -0.4687 0.7164 0.5167
vn -0.5708 0.7369 0.3622
vn -0.7038 0.6886 0.1749
vn -0.7716 0.6351 0.0355
vn -0.8000 0.5991 0.0327
vn -0.8223 0.5689 0.0157
vn -0.8404 0.5420 0.0046
vn -0.8253 0.5519 0.1195
vn -0.5154 0.7683 0.3797
vn -0.6080 0.7715 0.1876
vn -0.7114 0.7018 0.0357
vn -0.7740 0.6268 -0.0900
vn -0.7179 0.6890 -0.1000
vn -0.8055 0.5864 -0.0855
vn -0.8230 0.5636 -0.0707
vn -0.8276 0.5611 0.0134
vn -0.8389 0.5389 -0.0761
vn -0.5526 0.8078 0.2050
vn -0.8868 0.1232 -0.4454
vn -0.9420 0.1010 -0.3201
vn -0.8525 0.1241 -0.5077
vn -0.8542 0.0896 -0.5121
vn -0.9026 0.1225 -0.4126
vn -0.8571 0.0483 -0.5129
vn -0.9753 0.0844 -0.2039
vn -0.9564 0.0875 -0.2787
vn -0.8251 0.1296 -0.5499
vn -0.8536 0.1550 -0.4973
vn -0.8278 0.0822 -0.5550
vn -0.8387 0.0360 -0.5434
vn -0.8404 -0.0270 -0.5412
vn -0.9554 0.1181 -0.2707
vn -0.9180 0.1317 -0.3741
vn -0.9698 0.1255 -0.2092
vn -0.8220 0.1611 -0.5463
vn -0.8628 0.1555 -0.4810
vn -0.7765 0.1297 -0.6167
vn -0.7799 0.0813 -0.6206
vn -0.7858 0.0262 -0.6180
vn -0.7930 -0.0187 -0.6089
vn -0.7818 -0.0595 -0.6206
vn -0.9464 0.1430 -0.2896
vn -0.9562 0.1645 -0.2423
vn -0.9200 0.1248 -0.3716
vn -0.7758 0.1559 -0.6114
vn -0.8169 0.1572 -0.5549
vn -0.8705 0.1306 -0.4746
vn -0.6760 0.1386 -0.7237
vn -0.6925 0.0710 -0.7180
vn -0.6937 0.0151 -0.7201
vn -0.6801 -0.0243 -0.7327
vn -0.6571 -0.0299 -0.7532
vn -0.6291 -0.0421 -0.7762
vn -0.9480 0.1525 -0.2795
vn -0.6733 0.1693 -0.7197
vn -0.7808 0.1560 -0.6050
vn -0.8202 0.1484 -0.5526
vn -0.5719 0.0991 -0.8143
vn -0.5805 0.0549 -0.8124
vn -0.5649 0.0441 -0.8240
vn -0.5313 0.0350 -0.8465
vn -0.5043 0.0140 -0.8634
vn -0.4879 -0.0118 -0.8728
vn -0.5350 0.1583 -0.8299
vn -0.6810 0.1702 -0.7122
vn -0.7796 0.1444 -0.6094
vn -0.4303 0.1466 -0.8907
vn -0.4099 0.0993 -0.9067
vn -0.3667 0.0838 -0.9266
vn -0.3483 0.0582 -0.9356
vn -0.3327 0.0461 -0.9419
vn -0.3222 0.0191 -0.9465
vn -0.3011 -0.0180 -0.9534
vn -0.5354 0.1847 -0.8241
vn -0.4374 0.1794 -0.8812
vn -0.6878 0.1517 -0.7099
vn -0.1811 0.1795 -0.9669
vn -0.2057 0.1952 -0.9590
vn -0.1506 0.1380 -0.9789
vn -0.1389 0.0931 -0.9859
vn -0.1266 0.0668 -0.9897
vn -0.1169 0.0585 -0.9914
vn -0.0919 0.0589 -0.9940
vn -0.0558 0.0332 -0.9979
vn -0.5456 0.1766 -0.8192
vn -0.2328 0.1594 -0.9594
vn -0.4203 0.1826 -0.8888
vn 0.0253 0.2002 -0.9794
vn 0.0108 0.1700 -0.9854
vn 0.0023 0.1872 -0.9823
vn 0.0114 0.1355 -0.9907
vn 0.0166 0.0944 -0.9954
vn 0.0351 0.0687 -0.9970
vn 0.0461 0.0611 -0.9971
vn 0.0555 0.0695 -0.9960
vn 0.0573 0.0467 -0.9973
vn -0.2237 0.1495 -0.9631
vn -0.0333 0.1630 -0.9861
vn 0.0502 0.2105 -0.9763
vn 0.0634 0.1969 -0.9784
vn 0.0718 0.1647 -0.9837
vn 0.0315 0.1882 -0.9816
vn 0.0965 0.1403 -0.9854
vn 0.1202 0.1114 -0.9865
vn 0.1472 0.0892 -0.9851
vn 0.1647 0.0739 -0.9836
vn 0.1673 0.0647 -0.9838
vn 0.1612 0.0399 -0.9861
vn 0.0132 0.1426 -0.9897
vn -0.0557 0.1331 -0.9895
vn 0.0591 0.2249 -0.9726
vn 0.0709 0.2113 -0.9748
vn 0.0978 0.1936 -0.9762
vn 0.1228 0.1654 -0.9786
vn 0.1495 0.1362 -0.9793
vn 0.1746 0.1091 -0.9786
vn 0.1849 0.0799 -0.9795
vn 0.1801 0.0563 -0.9820
vn 0.1690 0.0285 -0.9852
vn -0.0000 0.2332 -0.9724
vn -0.0000 0.2177 -0.9760
vn -0.0000 0.2057 -0.9786
vn -0.0000 0.1794 -0.9838
vn -0.0000 0.1579 -0.9875
vn -0.0000 0.1243 -0.9922
vn -0.0000 0.0807 -0.9967
vn -0.0000 0.0481 -0.9988
vn -0.0000 0.0236 -0.9997
vn -0.0709 0.2113 -0.9748
vn -0.0978 0.1936 -0.9762
vn -0.1228 0.1654 -0.9786
vn -0.1495 0.1362 -0.9793
vn -0.1746 0.1091 -0.9786
vn -0.1849 0.0799 -0.9795
vn -0.1801 0.0563 -0.9820
vn -0.1690 0.0285 -0.9852
vn -0.1665 0.0111 -0.9860
vn -0.0965 0.1403 -0.9854
vn -0.0718 0.1647 -0.9837
vn -0.1202 0.1114 -0.9865
vn -0.1472 0.0892 -0.9851
vn -0.1647 0.0739 -0.9836
vn -0.1673 0.0647 -0.9838
vn -0.1612 0.0399 -0.9861
vn -0.1589 0.0067 -0.9873
vn -0.1697 -0.0062 -0.9855
vn -0.0166 0.0944 -0.9954
vn -0.0114 0.1355 -0.9907
vn -0.0351 0.0687 -0.9970
vn -0.0461 0.0611 -0.9971
vn -0.0555 0.0695 -0.9960
vn -0.0573 0.0467 -0.9973
vn -0.0653 0.0004 -0.9979
vn -0.0811 -0.0219 -0.9965
vn -0.6286 0.7767 0.0410
vn -0.5701 0.8193 0.0618
vn -0.6382 0.7628 -0.1036
vn -0.6993 0.6598 -0.2751
vn -0.7560 0.6125 -0.2308
vn -0.6174 0.7305 -0.2919
vn -0.7888 0.5831 -0.1945
vn -0.8149 0.5550 -0.1670
vn -0.5956 0.7987 -0.0860
vn -0.5767 0.7678 -0.2793
vn -0.8335 0.5271 -0.1659
vn -0.8201 0.5679 -0.0709
vn -0.5864 0.6607 -0.4687
vn -0.6528 0.6112 -0.4475
vn -0.7062 0.5861 -0.3972
vn -0.5488 0.6979 -0.4601
vn -0.7511 0.5549 -0.3576
vn -0.7882 0.5128 -0.3404
vn -0.8032 0.5066 -0.3135
vn -0.8096 0.5646 -0.1608
vn -0.5536 0.5787 -0.5988
vn -0.5226 0.6089 -0.5968
vn -0.5992 0.5484 -0.5832
vn -0.6437 0.5264 -0.5554
vn -0.6977 0.4832 -0.5288
vn -0.7328 0.4683 -0.4936
vn -0.7832 0.5419 -0.3050
vn -0.7496 0.4669 -0.4691
vn -0.5255 0.5002 -0.6882
vn -0.5020 0.5213 -0.6900
vn -0.5594 0.4809 -0.6751
vn -0.5940 0.4572 -0.6619
vn -0.6366 0.4301 -0.6401
vn -0.6706 0.4151 -0.6148
vn -0.6867 0.3981 -0.6082
vn -0.7349 0.4946 -0.4640
vn -0.4592 0.4235 -0.7809
vn -0.4790 0.4062 -0.7781
vn -0.5111 0.3941 -0.7638
vn -0.5455 0.3760 -0.7491
vn -0.5799 0.3303 -0.7448
vn -0.5962 0.3021 -0.7439
vn -0.6027 0.2967 -0.7407
vn -0.6704 0.4182 -0.6129
vn -0.4045 0.2583 -0.8773
vn -0.4072 0.2591 -0.8758
vn -0.4232 0.2473 -0.8716
vn -0.4739 0.2154 -0.8538
vn -0.5092 0.1820 -0.8412
vn -0.5106 0.1904 -0.8385
vn -0.5106 0.2124 -0.8332
vn -0.5834 0.3276 -0.7432
vn -0.3570 0.0776 -0.9309
vn -0.3534 0.0721 -0.9327
vn -0.3440 0.0636 -0.9368
vn -0.3658 0.0650 -0.9284
vn -0.4002 0.0691 -0.9138
vn -0.4107 0.0967 -0.9066
vn -0.4174 0.1174 -0.9011
vn -0.4864 0.2413 -0.8398
vn -0.3282 -0.0584 -0.9428
vn -0.3255 -0.0626 -0.9435
vn -0.2886 -0.0509 -0.9561
vn -0.2735 -0.0455 -0.9608
vn -0.2726 -0.0346 -0.9615
vn -0.2707 -0.0135 -0.9626
vn -0.2699 -0.0115 -0.9628
vn -0.3904 0.1582 -0.9070
vn -0.3100 -0.1994 -0.9296
vn -0.2781 -0.1915 -0.9413
vn -0.2332 -0.1956 -0.9526
vn -0.2022 -0.2115 -0.9562
vn -0.1600 -0.2040 -0.9658
vn -0.1299 -0.2049 -0.9701
vn -0.1088 -0.1784 -0.9779
vn -0.2497 0.0231 -0.9680
vn -0.2703 -0.3654 -0.8907
vn -0.2610 -0.3784 -0.8881
vn -0.2037 -0.4039 -0.8918
vn -0.1129 -0.4034 -0.9080
vn -0.0308 -0.3884 -0.9210
vn 0.0275 -0.3545 -0.9346
vn 0.0623 -0.3156 -0.9468
vn -0.0714 -0.1349 -0.9883
vn -0.3433 -0.5590 -0.7548
vn -0.3033 -0.5842 -0.7528
vn -0.1599 -0.6198 -0.7683
vn -0.0172 -0.6120 -0.7907
vn 0.1125 -0.5769 -0.8091
vn 0.2107 -0.5221 -0.8265
vn 0.2579 -0.4926 -0.8312
vn 0.1022 -0.2713 -0.9571
vn -0.4631 -0.7070 -0.5344
vn -0.3564 -0.7561 -0.5488
vn -0.0713 -0.8145 -0.5758
vn 0.1615 -0.8009 -0.5766
vn 0.3221 -0.7614 -0.5626
vn 0.4217 -0.7079 -0.5667
vn 0.4970 -0.6561 -0.5678
vn 0.3067 -0.4432 -0.8423
vn -0.6042 -0.7116 -0.3587
vn -0.5145 -0.7845 -0.3462
vn -0.2105 -0.9173 -0.3381
vn 0.1831 -0.9240 -0.3356
vn 0.4453 -0.8349 -0.3235
vn 0.5447 -0.7744 -0.3218
vn 0.6308 -0.7059 -0.3221
vn 0.5466 -0.6064 -0.5775
vn -0.8412 -0.5151 -0.1644
vn -0.7038 -0.6863 -0.1836
vn -0.2997 -0.9296 -0.2146
vn 0.1915 -0.9544 -0.2288
vn 0.5049 -0.8353 -0.2177
vn 0.6000 -0.7707 -0.2145
vn 0.6372 -0.7434 -0.2033
vn 0.6757 -0.6653 -0.3174
vn -0.8459 -0.5263 -0.0862
vn -0.6613 -0.7437 -0.0979
vn -0.2127 -0.9716 -0.1036
vn 0.2226 -0.9707 -0.0909
vn 0.5216 -0.8502 -0.0713
vn 0.6134 -0.7870 -0.0659
vn 0.6351 -0.7699 -0.0623
vn 0.6691 -0.7190 -0.1882
vn 0.2407 -0.9706 0.0023
vn -0.1779 -0.9839 -0.0148
vn -0.6238 -0.7813 -0.0219
vn 0.5321 -0.8466 0.0123
vn 0.6295 -0.7769 0.0128
vn -0.7708 -0.6369 -0.0155
vn 0.6450 -0.7641 0.0109
vn 0.6718 -0.7382 -0.0611
vn 0.6784 -0.7346 0.0081
vn 0.6975 -0.7143 -0.0572
vn 0.7033 -0.6875 -0.1809
vn 0.6823 -0.6613 -0.3117
vn 0.6972 -0.7168 0.0095
vn 0.7210 -0.6913 -0.0477
vn 0.7196 -0.6728 -0.1719
vn 0.6811 -0.6558 -0.3255
vn 0.5546 -0.6031 -0.5733
vn 0.5363 -0.6217 -0.5708
vn 0.7126 -0.7015 0.0133
vn 0.6837 -0.6421 -0.3470
vn 0.7340 -0.6591 -0.1638
vn 0.5159 -0.6103 -0.6011
vn 0.7340 -0.6788 0.0203
vn 0.7397 -0.6719 -0.0372
vn 0.1389 0.0931 -0.9859
vn 0.1266 0.0668 -0.9897
vn 0.1169 0.0585 -0.9914
vn 0.0919 0.0589 -0.9940
vn 0.0558 0.0332 -0.9979
vn 0.0235 -0.0148 -0.9996
vn 0.0132 -0.0433 -0.9990
vn 0.0007 -0.0403 -0.9992
vn 0.3483 0.0582 -0.9356
vn 0.3327 0.0461 -0.9419
vn 0.3222 0.0191 -0.9465
vn 0.3011 -0.0180 -0.9534
vn 0.2649 -0.0501 -0.9630
vn 0.2295 -0.0524 -0.9719
vn 0.2003 -0.0597 -0.9779
vn 0.1706 -0.0663 -0.9831
vn 0.5043 0.0140 -0.8634
vn 0.5313 0.0350 -0.8465
vn 0.4879 -0.0118 -0.8728
vn 0.4783 -0.0723 -0.8752
vn 0.4463 -0.1043 -0.8888
vn 0.4075 -0.1145 -0.9060
vn 0.3770 -0.1071 -0.9200
vn 0.3554 -0.1092 -0.9283
vn 0.6801 -0.0243 -0.7327
vn 0.6571 -0.0299 -0.7532
vn 0.6291 -0.0421 -0.7762
vn 0.6024 -0.0992 -0.7920
vn 0.5821 -0.1385 -0.8012
vn 0.5686 -0.1360 -0.8113
vn 0.5633 -0.1169 -0.8179
vn 0.5483 -0.1284 -0.8263
vn 0.5308 -0.1426 -0.8354
vn 0.7170 -0.1260 -0.6856
vn 0.7930 -0.0187 -0.6089
vn 0.7818 -0.0595 -0.6206
vn 0.7624 -0.0869 -0.6412
vn 0.7351 -0.1281 -0.6657
vn 0.7206 -0.1393 -0.6792
vn 0.7093 -0.1283 -0.6931
vn 0.6999 -0.1449 -0.6994
vn 0.6960 -0.1509 -0.7020
vn 0.6777 -0.1610 -0.7175
vn 0.8114 -0.1360 -0.5684
vn 0.8175 -0.1424 -0.5581
vn 0.8118 -0.1522 -0.5637
vn 0.8230 -0.1126 -0.5567
vn 0.8308 -0.0774 -0.5512
vn 0.8057 -0.1330 -0.5772
vn 0.8029 -0.1326 -0.5812
vn 0.7831 -0.1899 -0.5922
vn 0.7919 -0.1617 -0.5888
vn 0.7714 -0.2091 -0.6010
vn 0.8907 -0.1387 -0.4329
vn 0.8909 -0.1312 -0.4349
vn 0.8908 -0.1201 -0.4381
vn 0.8869 -0.1054 -0.4498
vn 0.8834 -0.0734 -0.4628
vn 0.8905 -0.1400 -0.4328
vn 0.8880 -0.1506 -0.4344
vn 0.8862 -0.1592 -0.4352
vn 0.8933 -0.1670 -0.4172
vn 0.8832 -0.1990 -0.4247
vn 0.8732 -0.2179 -0.4360
vn 0.9386 -0.1149 -0.3253
vn 0.9351 -0.1189 -0.3340
vn 0.9342 -0.1155 -0.3375
vn 0.9314 -0.0926 -0.3521
vn 0.9255 -0.0372 -0.3769
vn 0.9423 -0.1174 -0.3134
vn 0.9465 -0.1264 -0.2970
vn 0.9539 -0.1196 -0.2752
vn 0.9521 -0.1557 -0.2632
vn 0.9367 -0.2325 -0.2617
vn 0.9414 -0.2185 -0.2570
vn 0.9740 -0.0975 -0.2043
vn 0.9708 -0.1060 -0.2151
vn 0.9669 -0.0962 -0.2363
vn 0.9616 -0.0515 -0.2695
vn 0.9488 0.0002 -0.3158
vn 0.9780 -0.0910 -0.1875
vn 0.9819 -0.0875 -0.1681
vn 0.9848 -0.0909 -0.1478
vn 0.9776 -0.1502 -0.1472
vn 0.9736 -0.1889 -0.1283
vn 0.9916 -0.0741 -0.1059
vn 0.9886 -0.0822 -0.1266
vn 0.9840 -0.0720 -0.1631
vn 0.9794 -0.0187 -0.2010
vn 0.9677 0.0298 -0.2502
vn 0.9939 -0.0659 -0.0890
vn 0.9962 -0.0563 -0.0664
vn 0.9935 -0.0933 -0.0654
vn 0.9874 -0.1444 -0.0646
vn 0.9574 0.0616 -0.2822
vn 0.9364 0.0462 -0.3478
vn 0.9520 0.0809 -0.2954
vn 0.9067 0.0182 -0.4214
vn 0.9303 0.0706 -0.3600
vn 0.9477 0.0633 -0.3128
vn 0.8699 -0.0327 -0.4922
vn 0.8908 0.0608 -0.4504
vn 0.8915 0.0853 -0.4448
vn 0.9295 0.0808 -0.3599
vn 0.9634 0.0645 -0.2603
vn 0.8404 -0.0270 -0.5412
vn 0.8571 0.0483 -0.5129
vn 0.8542 0.0896 -0.5121
vn 0.8525 0.1241 -0.5077
vn 0.8868 0.1232 -0.4454
vn 0.9420 0.1010 -0.3201
vn 0.8387 0.0360 -0.5434
vn 0.9753 0.0844 -0.2039
vn 0.9026 0.1225 -0.4126
vn 0.9564 0.0875 -0.2787
vn 0.8251 0.1296 -0.5499
vn 0.8278 0.0822 -0.5550
vn 0.8536 0.1550 -0.4973
vn 0.7858 0.0262 -0.6180
vn 0.9698 0.1255 -0.2092
vn 0.9554 0.1181 -0.2707
vn 0.9180 0.1317 -0.3741
vn 0.7799 0.0813 -0.6206
vn 0.8220 0.1611 -0.5463
vn 0.7765 0.1297 -0.6167
vn 0.8628 0.1555 -0.4810
vn 0.6925 0.0710 -0.7180
vn 0.6937 0.0151 -0.7201
vn 0.6760 0.1386 -0.7237
vn 0.9562 0.1645 -0.2423
vn 0.9464 0.1430 -0.2896
vn 0.9200 0.1248 -0.3716
vn 0.2993 -0.4303 -0.8516
vn 0.3245 -0.4153 -0.8499
vn 0.2719 -0.4723 -0.8385
vn 0.6636 -0.6608 -0.3508
vn 0.4989 -0.5968 -0.6285
vn 0.7395 -0.6515 -0.1690
vn 0.2640 -0.4600 -0.8477
vn 0.7410 -0.6710 0.0279
vn 0.7497 -0.6613 -0.0250
vn 0.6526 -0.6559 -0.3794
vn 0.0468 -0.2703 -0.9616
vn 0.0643 -0.2504 -0.9660
vn 0.0984 -0.2622 -0.9600
vn 0.0334 -0.2800 -0.9594
vn 0.7351 -0.6549 -0.1752
vn 0.2651 -0.4400 -0.8580
vn 0.4849 -0.6031 -0.6334
vn 0.7564 -0.6527 0.0417
vn 0.7512 -0.6600 -0.0136
vn 0.6239 -0.6777 -0.3892
vn 0.4634 -0.6139 -0.6390
vn 0.7040 -0.6902 -0.1672
vn -0.1283 -0.1139 -0.9852
vn -0.1543 -0.1234 -0.9803
vn -0.1065 -0.1252 -0.9864
vn 0.0202 -0.2668 -0.9635
vn 0.2361 -0.4508 -0.8608
vn 0.4332 -0.6334 -0.6412
vn 0.5987 -0.6943 -0.3995
vn -0.2947 0.0076 -0.9556
vn 0.7477 -0.6632 0.0338
vn 0.7320 -0.6810 -0.0213
vn 0.6829 -0.7090 -0.1759
vn -0.2908 0.0108 -0.9567
vn -0.1619 -0.1113 -0.9805
vn -0.0085 -0.2687 -0.9632
vn 0.2059 -0.4670 -0.8599
vn 0.5881 -0.6989 -0.4070
vn 0.4133 -0.6374 -0.6503
vn 0.7319 -0.6813 0.0138
vn 0.7164 -0.6971 -0.0276
vn 0.6708 -0.7201 -0.1774
vn 0.5617 -0.7159 -0.4147
vn -0.1648 -0.1143 -0.9797
vn -0.2793 0.0171 -0.9600
vn -0.0170 -0.2713 -0.9624
vn 0.1912 -0.4810 -0.8556
vn 0.4001 -0.6399 -0.6560
vn 0.7156 -0.6972 -0.0436
vn 0.6601 -0.7263 -0.1916
vn 0.5318 -0.7344 -0.4218
vn 0.7312 -0.6821 -0.0053
vn -0.2861 0.0138 -0.9581
vn -0.1678 -0.1153 -0.9791
vn -0.0052 -0.2717 -0.9624
vn 0.1943 -0.4871 -0.8515
vn 0.3918 -0.6452 -0.6559
vn 0.7102 -0.7015 -0.0588
vn 0.6397 -0.7373 -0.2173
vn 0.5311 -0.7258 -0.4372
vn 0.7336 -0.6791 -0.0252
vn 0.7051 -0.7031 -0.0921
vn -0.2884 0.0166 -0.9574
vn -0.1648 -0.1088 -0.9803
vn -0.0047 -0.2798 -0.9601
vn 0.1981 -0.4891 -0.8494
vn 0.3937 -0.6428 -0.6571
vn 0.6373 -0.7290 -0.2497
vn 0.5360 -0.7140 -0.4505
vn 0.7362 -0.6737 -0.0638
vn 0.7095 -0.6927 -0.1296
vn 0.6195 -0.7341 -0.2779
vn -0.1897 -0.1180 -0.9747
vn -0.3014 0.0182 -0.9533
vn -0.0223 -0.2971 -0.9546
vn 0.2064 -0.4859 -0.8493
vn 0.4171 -0.6280 -0.6570
vn 0.1803 -0.9233 -0.3391
vn 0.7290 -0.6804 -0.0743
vn 0.6872 -0.7109 -0.1498
vn 0.2280 -0.9525 -0.2018
vn -0.3153 0.0107 -0.9489
vn -0.2036 -0.1271 -0.9708
vn -0.0192 -0.2857 -0.9581
vn 0.2270 -0.4724 -0.8517
vn 0.1026 -0.8498 -0.5171
vn -0.2363 -0.9606 -0.1464
vn -0.2815 -0.9249 -0.2555
vn 0.7060 -0.7050 -0.0673
vn 0.2977 -0.9501 -0.0932
vn -0.1988 -0.9771 -0.0761
vn -0.1598 -0.9871 -0.0083
vn -0.2046 -0.1215 -0.9713
vn -0.3214 0.0023 -0.9469
vn -0.0161 -0.2749 -0.9613
vn -0.0756 -0.7229 -0.6868
vn -0.3825 -0.8570 -0.3455
vn 0.3033 -0.9525 -0.0274
vn -0.1565 -0.9872 0.0293
vn -0.3250 0.0004 -0.9457
vn -0.2020 -0.1086 -0.9733
vn -0.3023 -0.5635 -0.7689
vn -0.5266 -0.7511 -0.3983
vn -0.2953 0.0257 -0.9550
vn -0.4435 -0.4223 -0.7905
vn -0.6178 -0.6726 -0.4074
vn -0.4249 0.1193 -0.8973
vn -0.4168 0.1200 -0.9010
vn -0.3963 0.1354 -0.9081
vn -0.5399 -0.3153 -0.7804
vn -0.6806 -0.6200 -0.3904
vn -0.4793 0.1989 -0.8548
vn -0.4745 0.2054 -0.8560
vn -0.4679 0.2208 -0.8558
vn -0.6473 -0.2319 -0.7261
vn -0.7404 -0.5701 -0.3561
vn -0.7965 -0.4942 -0.3483
vn -0.7173 -0.1476 -0.6810
vn -0.5501 0.2891 -0.7835
vn -0.7700 -0.0831 -0.6326
vn -0.5531 0.2720 -0.7875
vn -0.5600 0.2718 -0.7826
vn -0.8317 -0.4530 -0.3210
vn -0.6445 0.3565 -0.6764
vn -0.6193 0.3833 -0.6853
vn -0.8277 0.0021 -0.5611
vn -0.8600 -0.4207 -0.2889
vn -0.6901 0.4528 -0.5646
vn -0.6490 0.3608 -0.6698
vn -0.7068 0.4412 -0.5530
vn -0.8937 -0.3861 -0.2284
vn -0.8918 0.0445 -0.4502
vn -0.5549 0.2651 -0.7885
vn -0.9380 0.1187 -0.3257
vn -0.7387 0.5255 -0.4220
vn -0.9243 -0.3539 -0.1427
vn -0.7108 0.4434 -0.5461
vn -0.6466 0.3776 -0.6629
vn -0.7608 0.4995 -0.4144
vn -0.5681 0.2768 -0.7750
vn -0.4970 0.1878 -0.8472
vn -0.9490 -0.3111 -0.0511
vn -0.9693 0.1654 -0.1818
vn -0.7737 0.5768 -0.2619
vn -0.7049 0.4644 -0.5361
vn -0.7581 0.5105 -0.4058
vn -0.6477 0.3996 -0.6487
vn 0.7758 0.1559 -0.6114
vn 0.8169 0.1572 -0.5549
vn 0.8705 0.1306 -0.4746
vn 0.5649 0.0441 -0.8240
vn 0.5719 0.0991 -0.8143
vn 0.5805 0.0549 -0.8124
vn 0.6733 0.1693 -0.7197
vn 0.7808 0.1560 -0.6050
vn 0.8202 0.1484 -0.5526
vn 0.9480 0.1525 -0.2795
vn 0.9371 0.1518 -0.3143
vn 0.9121 0.1224 -0.3912
vn 0.8770 0.1091 -0.4679
vn 0.3667 0.0838 -0.9266
vn 0.4099 0.0993 -0.9067
vn 0.4303 0.1466 -0.8907
vn 0.5350 0.1583 -0.8299
vn 0.6810 0.1702 -0.7122
vn 0.7796 0.1444 -0.6094
vn 0.8268 0.1211 -0.5493
vn 0.9529 0.1441 -0.2669
vn 0.9339 0.1489 -0.3249
vn 0.8990 0.1484 -0.4121
vn 0.8693 0.1112 -0.4817
vn 0.1506 0.1380 -0.9789
vn 0.1811 0.1795 -0.9669
vn 0.4374 0.1794 -0.8812
vn 0.2057 0.1952 -0.9590
vn 0.5354 0.1847 -0.8241
vn 0.6878 0.1517 -0.7099
vn 0.7785 0.1229 -0.6156
vn 0.8308 0.0876 -0.5496
vn 0.9531 0.1659 -0.2531
vn 0.9364 0.1553 -0.3149
vn 0.8895 0.1757 -0.4218
vn 0.8389 0.1298 -0.5286
vn 0.5456 0.1766 -0.8192
vn 0.6982 0.1283 -0.7043
vn 0.7859 0.0945 -0.6111
vn 0.8206 0.0904 -0.5643
vn 0.9482 0.1359 -0.2873
vn 0.9424 0.1291 -0.3087
vn 0.8941 0.1190 -0.4317
vn 0.8260 0.1028 -0.5541
vn 0.5722 0.1464 -0.8069
vn 0.7064 0.1091 -0.6994
vn 0.7949 0.0812 -0.6013
vn 0.8053 0.0892 -0.5862
vn 0.9459 0.1258 -0.2990
vn 0.9389 0.0887 -0.3325
vn 0.8956 0.0602 -0.4408
vn 0.8355 0.0765 -0.5441
vn 0.7120 0.0780 -0.6978
vn 0.5958 0.1137 -0.7950
vn 0.7838 0.0679 -0.6173
vn 0.8014 0.0718 -0.5938
vn 0.9302 0.1527 -0.3338
vn 0.9190 0.1530 -0.3634
vn 0.8871 0.1262 -0.4439
vn 0.8284 0.1088 -0.5494
vn 0.7044 0.0451 -0.7083
vn 0.5839 0.0656 -0.8091
vn 0.7695 0.0478 -0.6368
vn 0.7850 0.0876 -0.6133
vn 0.9247 -0.1458 -0.3517
vn 0.8764 -0.1892 -0.4429
vn 0.8262 -0.2142 -0.5211
vn 0.9321 -0.1994 -0.3022
vn 0.5662 0.0151 -0.8241
vn 0.6774 0.0032 -0.7356
vn 0.7420 0.0591 -0.6678
vn 0.7762 -0.2228 -0.5898
vn 0.8186 -0.4885 -0.3021
vn 0.8152 -0.5162 -0.2627
vn 0.7674 -0.5278 -0.3642
vn 0.7259 -0.5380 -0.4284
vn 0.5285 -0.0466 -0.8476
vn 0.6373 0.0009 -0.7706
vn 0.7074 -0.2527 -0.6601
vn 0.6854 -0.5413 -0.4871
vn 0.6008 -0.2877 -0.7459
vn 0.4993 -0.0379 -0.8656
vn 0.6204 -0.5606 -0.5485
vn 0.4792 -0.3058 -0.8227
vn 0.5342 -0.5720 -0.6224
vn 0.3604 -0.0632 -0.9306
vn 0.3787 -0.0790 -0.9221
vn 0.3941 -0.0275 -0.9187
vn 0.3404 -0.3074 -0.8886
vn 0.4350 -0.5690 -0.6979
vn 0.2194 -0.0831 -0.9721
vn 0.2309 -0.0872 -0.9691
vn 0.2303 -0.0421 -0.9722
vn 0.4155 0.0365 -0.9089
vn 0.3030 -0.5590 -0.7718
vn 0.1949 -0.3295 -0.9238
vn 0.1127 -0.1001 -0.9886
vn 0.1088 -0.0865 -0.9903
vn 0.1030 -0.0454 -0.9936
vn 0.2368 0.0281 -0.9712
vn 0.2148 0.1075 -0.9707
vn 0.4228 0.1141 -0.8990
vn 0.0825 0.0442 -0.9956
vn 0.1711 -0.5760 -0.7994
vn 0.1068 -0.3192 -0.9416
vn 0.0499 -0.0963 -0.9941
vn 0.0326 -0.0742 -0.9967
vn 0.0127 -0.0261 -0.9996
vn 0.0557 0.1331 -0.9895
vn 0.2237 0.1495 -0.9631
vn -0.0068 0.0641 -0.9979
vn 0.4164 0.1872 -0.8897
vn 0.1016 -0.5346 -0.8390
vn 0.0430 -0.3062 -0.9510
vn 0.0072 -0.3230 -0.9464
vn 0.0152 -0.0947 -0.9954
vn 0.0083 -0.0571 -0.9983
vn -0.0009 -0.0107 -0.9999
vn -0.0132 0.1426 -0.9897
vn 0.0333 0.1630 -0.9861
vn -0.0109 0.0699 -0.9975
vn 0.0374 -0.5143 -0.8568
vn -0.0000 -0.0073 -1.0000
vn 0.0005 -0.5252 -0.8510
vn -0.0000 -0.3206 -0.9472
vn -0.0000 -0.0923 -0.9957
vn -0.0000 -0.0600 -0.9982
vn -0.0296 0.1564 -0.9873
vn -0.0315 0.1882 -0.9816
vn -0.0000 0.0850 -0.9964
vn -0.0000 0.1680 -0.9858
vn -0.0083 -0.0571 -0.9983
vn -0.0152 -0.0947 -0.9954
vn 0.0009 -0.0107 -0.9999
vn 0.0109 0.0699 -0.9975
vn -0.0000 -0.5164 -0.8563
vn -0.0005 -0.5252 -0.8510
vn -0.0072 -0.3230 -0.9464
vn -0.0449 0.2012 -0.9785
vn -0.0000 0.2108 -0.9775
vn 0.0296 0.1564 -0.9873
vn -0.0127 -0.0261 -0.9996
vn -0.0326 -0.0742 -0.9967
vn -0.7861 0.5649 -0.2507
vn -0.4942 0.1833 -0.8498
vn -0.5669 0.3050 -0.7653
vn -0.4152 0.1203 -0.9018
vn -0.9586 -0.2831 0.0312
vn -0.9773 0.2098 -0.0298
vn -0.7823 0.6187 -0.0727
vn -0.7054 0.4725 -0.5283
vn -0.7486 0.5301 -0.3984
vn -0.7874 0.5667 -0.2427
vn -0.6476 0.4149 -0.6391
vn -0.7988 0.5984 -0.0627
vn -0.4027 0.1157 -0.9080
vn -0.4815 0.1947 -0.8546
vn -0.5568 0.3339 -0.7606
vn -0.9570 -0.2544 0.1398
vn -0.9612 0.2402 0.1355
vn -0.7555 0.6455 0.1122
vn -0.6987 0.4925 -0.5189
vn -0.7490 0.5345 -0.3915
vn -0.7850 0.5691 -0.2446
vn -0.8010 0.5963 -0.0531
vn -0.6383 0.4391 -0.6323
vn -0.7724 0.6206 0.1350
vn -0.5537 0.3411 -0.7596
vn -0.4637 0.2213 -0.8579
vn -0.9352 -0.2495 0.2513
vn -0.9287 0.2408 0.2819
vn -0.7164 0.6531 0.2456
vn -0.6902 0.5156 -0.5077
vn -0.7370 0.5568 -0.3831
vn -0.7785 0.5806 -0.2383
vn -0.8003 0.5975 -0.0510
vn -0.7842 0.6042 0.1412
vn -0.6351 0.4542 -0.6248
vn -0.7431 0.6175 0.2578
vn -0.9075 -0.2690 0.3225
vn -0.8956 0.2268 0.3828
vn -0.6872 0.6383 0.3468
vn -0.6899 0.5194 -0.5043
vn -0.7299 0.5664 -0.3826
vn -0.7692 0.5953 -0.2322
vn -0.7893 0.6125 -0.0440
vn -0.7826 0.6057 0.1437
vn -0.7579 0.5951 0.2673
vn -0.7097 0.6094 0.3535
vn -0.8864 -0.3045 0.3487
vn -0.8742 0.1852 0.4489
vn -0.6503 0.6141 0.4472
vn -0.7641 0.6012 -0.2338
vn -0.7245 0.5758 -0.3787
vn -0.7810 0.6236 -0.0342
vn -0.7730 0.6179 0.1437
vn -0.7624 0.5922 0.2610
vn -0.7280 0.5783 0.3682
vn -0.6674 0.5914 0.4527
vn -0.8481 -0.3491 0.3986
vn -0.8148 0.1481 0.5606
vn -0.5927 0.5612 0.5776
vn -0.7483 0.6249 -0.2228
vn -0.7722 0.6348 -0.0275
vn -0.7687 0.6244 0.1388
vn -0.7609 0.5979 0.2521
vn -0.7393 0.5649 0.3666
vn -0.6903 0.5609 0.4569
vn -0.6282 0.5334 0.5664
vn -0.8036 -0.3930 0.4470
vn -0.7517 0.0670 0.6561
vn -0.5392 0.4723 0.6972
vn -0.7597 0.6492 -0.0357
vn -0.7703 0.6251 0.1261
vn -0.7644 0.5999 0.2360
vn -0.7342 0.5701 0.3687
vn -0.6879 0.5486 0.4753
vn -0.6309 0.5291 0.5675
vn -0.5469 0.4437 0.7099
vn -0.7709 -0.4285 0.4713
vn -0.6876 0.0068 0.7260
vn -0.4212 0.4181 0.8049
vn -0.7650 0.6367 0.0967
vn -0.7741 0.5955 0.2149
vn -0.7466 0.5624 0.3553
vn -0.6879 0.5362 0.4892
vn -0.6211 0.5337 0.5740
vn -0.5415 0.4401 0.7163
vn -0.4275 0.3781 0.8212
vn -0.7309 -0.4639 0.5006
vn -0.6131 -0.0351 0.7892
vn -0.3388 0.3859 0.8581
vn -0.7506 0.5610 0.3492
vn -0.7613 0.6175 0.1977
vn -0.6943 0.5178 0.4999
vn -0.6348 0.5205 0.5711
vn -0.6362 0.5026 0.5853
vn -0.5497 0.4479 0.7052
vn -0.4414 0.3480 0.8271
vn -0.3637 0.3422 0.8664
vn -0.2532 0.3254 0.9110
vn -0.6963 -0.5032 0.5118
vn -0.5439 -0.0939 0.8339
vn -0.5516 0.4470 0.7043
vn -0.7333 0.5817 0.3521
vn -0.6866 0.5201 0.5080
vn -0.6349 0.4856 0.6010
vn -0.4369 0.3527 0.8275
vn -0.3738 0.3054 0.8758
vn -0.2744 0.3020 0.9130
vn -0.1343 0.2305 0.9638
vn -0.6430 -0.5619 0.5204
vn -0.4355 -0.1818 0.8816
vn -0.6765 0.5283 0.5131
vn -0.6310 0.4851 0.6054
vn -0.3641 0.3051 0.8800
vn -0.4140 0.3618 0.8353
vn -0.2907 0.2661 0.9191
vn -0.1572 0.2082 0.9654
vn 0.0150 0.0639 0.9978
vn 0.0243 0.0808 0.9964
vn -0.5823 -0.6245 0.5206
vn -0.3071 -0.3147 0.8981
vn -0.1520 0.1995 0.9680
vn -0.2703 0.2618 0.9265
vn -0.3414 0.3161 0.8852
vn 0.0113 0.0485 0.9988
vn -0.1421 0.1998 0.9695
vn -0.2575 0.2522 0.9328
vn -0.5119 -0.6866 0.5162
vn 0.0303 0.0575 0.9979
vn -0.5355 0.4492 0.7152
vn -0.6277 0.4833 0.6103
vn -0.0499 -0.0963 -0.9941
vn 0.0068 0.0641 -0.9979
vn -0.0374 -0.5143 -0.8568
vn -0.0430 -0.3062 -0.9510
vn 0.0449 0.2012 -0.9785
vn -0.0825 0.0442 -0.9956
vn -0.1030 -0.0454 -0.9936
vn -0.1088 -0.0865 -0.9903
vn -0.1068 -0.3192 -0.9416
vn -0.1127 -0.1001 -0.9886
vn -0.1016 -0.5346 -0.8390
vn -0.2368 0.0281 -0.9712
vn -0.2148 0.1075 -0.9707
vn -0.2309 -0.0872 -0.9691
vn -0.2303 -0.0421 -0.9722
vn -0.2194 -0.0831 -0.9721
vn -0.1949 -0.3295 -0.9238
vn -0.1711 -0.5760 -0.7994
vn -0.4155 0.0365 -0.9089
vn -0.4228 0.1141 -0.8990
vn -0.3787 -0.0790 -0.9221
vn -0.3604 -0.0632 -0.9306
vn -0.3941 -0.0275 -0.9187
vn -0.3404 -0.3074 -0.8886
vn -0.3030 -0.5590 -0.7718
vn -0.5662 0.0151 -0.8241
vn -0.5839 0.0656 -0.8091
vn -0.5285 -0.0466 -0.8476
vn -0.4993 -0.0379 -0.8656
vn -0.4792 -0.3058 -0.8227
vn -0.4350 -0.5690 -0.6979
vn -0.7044 0.0451 -0.7083
vn -0.6774 0.0032 -0.7356
vn -0.6373 0.0009 -0.7706
vn -0.6008 -0.2877 -0.7459
vn -0.5342 -0.5720 -0.6224
vn -0.7695 0.0478 -0.6368
vn -0.7420 0.0591 -0.6678
vn -0.7074 -0.2527 -0.6601
vn -0.6204 -0.5606 -0.5485
vn -0.7120 0.0780 -0.6978
vn -0.7838 0.0679 -0.6173
vn -0.8014 0.0718 -0.5938
vn -0.7850 0.0876 -0.6133
vn -0.7762 -0.2228 -0.5898
vn -0.6854 -0.5413 -0.4871
vn -0.8053 0.0892 -0.5862
vn -0.7949 0.0812 -0.6013
vn -0.8355 0.0765 -0.5441
vn -0.8284 0.1088 -0.5494
vn -0.8262 -0.2142 -0.5211
vn -0.7259 -0.5380 -0.4284
vn -0.8260 0.1028 -0.5541
vn -0.8206 0.0904 -0.5643
vn -0.7064 0.1091 -0.6994
vn -0.7859 0.0945 -0.6111
vn -0.8956 0.0602 -0.4408
vn -0.8871 0.1262 -0.4439
vn -0.8764 -0.1892 -0.4429
vn -0.7674 -0.5278 -0.3642
vn -0.8941 0.1190 -0.4317
vn -0.8389 0.1298 -0.5286
vn -0.8308 0.0876 -0.5496
vn -0.6982 0.1283 -0.7043
vn -0.7785 0.1229 -0.6156
vn -0.9389 0.0887 -0.3325
vn -0.9190 0.1530 -0.3634
vn -0.9247 -0.1458 -0.3517
vn -0.8186 -0.4885 -0.3021
vn -0.8895 0.1757 -0.4218
vn -0.9424 0.1291 -0.3087
vn -0.8693 0.1112 -0.4817
vn -0.8268 0.1211 -0.5493
vn -0.9302 0.1527 -0.3338
vn -0.9459 0.1258 -0.2990
vn -0.9321 -0.1994 -0.3022
vn -0.8152 -0.5162 -0.2627
vn -0.9364 0.1553 -0.3149
vn -0.8990 0.1484 -0.4121
vn -0.9482 0.1359 -0.2873
vn -0.8770 0.1091 -0.4679
vn -0.9531 0.1659 -0.2531
vn -0.9339 0.1489 -0.3249
vn -0.9121 0.1224 -0.3912
vn -0.9529 0.1441 -0.2669
vn -0.9371 0.1518 -0.3143
vn 0.4587 -0.3574 -0.8136
vn 0.4152 -0.1997 -0.8876
vn 0.4634 -0.2105 -0.8608
vn 0.4747 -0.0804 -0.8765
vn 0.3841 -0.0404 -0.9224
vn 0.3032 0.0090 -0.9529
vn 0.3872 0.0881 -0.9178
vn 0.3100 0.1181 -0.9434
vn 0.2637 0.1374 -0.9548
vn 0.2400 0.0209 -0.9705
vn 0.2562 0.1507 -0.9548
vn 0.3608 0.2665 -0.8937
vn 0.3227 0.2744 -0.9058
vn 0.2884 0.2656 -0.9199
vn 0.2582 0.2607 -0.9302
vn 0.2141 0.1444 -0.9661
vn 0.2262 0.2560 -0.9398
vn 0.4142 0.4150 -0.8101
vn 0.3860 0.4219 -0.8204
vn 0.3308 0.4206 -0.8448
vn 0.2860 0.4197 -0.8614
vn 0.2739 0.4029 -0.8733
vn 0.1794 0.2462 -0.9525
vn 0.2253 0.3720 -0.9005
vn 0.4604 0.5269 -0.7144
vn 0.4355 0.5458 -0.7159
vn 0.3715 0.5732 -0.7304
vn 0.3288 0.5718 -0.7516
vn 0.3220 0.5519 -0.7692
vn 0.2918 0.5389 -0.7902
vn 0.1602 0.3446 -0.9250
vn 0.2136 0.5176 -0.8285
vn 0.4685 0.6303 -0.6191
vn 0.4360 0.6599 -0.6119
vn 0.4038 0.6763 -0.6161
vn 0.3763 0.6915 -0.6166
vn 0.3682 0.6913 -0.6217
vn 0.3467 0.6905 -0.6349
vn 0.2844 0.6850 -0.6707
vn 0.1177 0.4584 -0.8809
vn 0.1686 0.6003 -0.7818
vn 0.4788 0.7275 -0.4914
vn 0.4484 0.7555 -0.4776
vn 0.4007 0.7936 -0.4579
vn 0.3828 0.8101 -0.4441
vn 0.3986 0.8024 -0.4443
vn 0.4013 0.8024 -0.4417
vn 0.3798 0.8136 -0.4403
vn 0.1668 0.6961 -0.6983
vn 0.2829 0.7673 -0.5755
vn 0.0472 0.5376 -0.8419
vn -0.6240 0.4737 0.6215
vn -0.6791 0.5353 0.5023
vn -0.6903 0.5313 0.4912
vn -0.6167 0.4751 0.6277
vn -0.7419 0.5990 0.3013
vn -0.7270 0.6020 0.3301
vn -0.6892 0.5384 0.4849
vn -0.6318 0.4578 0.6255
vn -0.7489 0.5949 0.2919
vn -0.7544 0.6364 0.1611
vn -0.7423 0.6450 0.1815
vn -0.7045 0.5185 0.4846
vn -0.6706 0.4180 0.6129
vn -0.7756 0.6154 0.1409
vn -0.7686 0.5662 0.2976
vn -0.7351 0.4763 0.4824
vn -0.7521 0.6550 0.0736
vn -0.7697 0.6367 0.0469
vn -0.7487 0.6571 0.0871
vn -0.6937 0.3964 0.6014
vn -0.7937 0.5942 0.1302
vn -0.7930 0.6087 0.0255
vn -0.7975 0.5287 0.2908
vn -0.7501 0.4574 0.4776
vn -0.7463 0.6635 -0.0538
vn -0.7581 0.6497 -0.0561
vn -0.7839 0.6174 -0.0649
vn -0.7467 0.6637 -0.0449
vn -0.6859 0.4197 0.5944
vn -0.7578 0.6254 -0.1860
vn -0.7397 0.6406 -0.2061
vn -0.7739 0.6126 -0.1606
vn -0.7360 0.6412 -0.2172
vn -0.7481 0.5765 -0.3286
vn -0.7607 0.5694 -0.3117
vn -0.7252 0.5928 -0.3501
vn -0.7158 0.5961 -0.3638
vn -0.7145 0.5156 -0.4728
vn -0.7186 0.5136 -0.4688
vn -0.6932 0.5349 -0.4830
vn -0.6841 0.5371 -0.4935
vn -0.6520 0.4358 -0.6204
vn -0.6563 0.4335 -0.6175
vn -0.6358 0.4671 -0.6145
vn -0.6337 0.4636 -0.6193
vn -0.5758 0.3594 -0.7344
vn -0.5771 0.3473 -0.7391
vn -0.5523 0.3793 -0.7424
vn -0.5579 0.3604 -0.7476
vn -0.4741 0.2483 -0.8448
vn -0.4683 0.2346 -0.8518
vn -0.4776 0.2721 -0.8354
vn -0.4980 0.2570 -0.8282
vn -0.3988 0.1312 -0.9076
vn -0.3760 0.1332 -0.9170
vn -0.3849 0.1262 -0.9143
vn -0.4615 0.2307 -0.8566
vn -0.3764 0.1768 -0.9094
vn -0.4057 0.1377 -0.9036
vn -0.3839 0.1211 -0.9154
vn -0.2447 0.0241 -0.9693
vn -0.2650 -0.0037 -0.9642
vn -0.3909 0.1118 -0.9136
vn -0.0782 -0.1215 -0.9895
vn -0.4584 -0.6239 0.6329
vn -0.3353 -0.6532 0.6789
vn -0.4208 -0.7118 0.5623
vn -0.3036 -0.7555 0.5806
vn -0.1105 -0.6767 0.7279
vn -0.5534 -0.7201 0.4186
vn -0.0293 -0.7923 0.6094
vn -0.4213 -0.7955 0.4355
vn 0.0765 -0.6543 0.7523
vn -0.6464 -0.6948 0.3153
vn 0.2120 -0.7690 0.6030
vn -0.0770 -0.8853 0.4587
vn -0.4832 -0.8010 0.3536
vn 0.2029 -0.6134 0.7632
vn -0.6908 -0.6762 0.2559
vn 0.3406 -0.7330 0.5888
vn 0.2584 -0.8515 0.4562
vn -0.0885 -0.9121 0.4002
vn -0.5269 -0.7988 0.2903
vn 0.2526 -0.5974 0.7611
vn -0.7192 -0.6726 0.1742
vn 0.4676 -0.7625 0.4471
vn 0.4202 -0.6869 0.5930
vn 0.2684 -0.8779 0.3965
vn -0.1046 -0.9366 0.3343
vn -0.5638 -0.8035 0.1911
vn 0.3134 -0.5618 0.7656
vn -0.7798 -0.6199 0.0876
vn 0.4952 -0.7829 0.3766
vn 0.5404 -0.7157 0.4424
vn 0.4766 -0.6384 0.6044
vn 0.2851 -0.8989 0.3328
vn -0.1190 -0.9670 0.2253
vn -0.5882 -0.8007 0.1133
vn 0.3948 -0.4894 0.7776
vn 0.5210 -0.7933 0.3151
vn 0.5797 -0.7280 0.3659
vn 0.5865 -0.6775 0.4438
vn 0.5461 -0.5814 0.6031
vn 0.3095 -0.9237 0.2259
vn -0.1585 -0.9775 0.1389
vn 0.4379 -0.4451 0.7811
vn 0.5422 -0.8145 0.2062
vn 0.6160 -0.7261 0.3055
vn 0.6245 -0.6906 0.3649
vn 0.0570 0.6454 -0.7617
vn 0.4900 0.8123 -0.3165
vn 0.4432 0.8481 -0.2902
vn 0.3999 0.8724 -0.2811
vn 0.4106 0.8708 -0.2704
vn 0.4262 0.8675 -0.2566
vn 0.4189 0.8756 -0.2406
vn 0.1604 0.7419 -0.6510
vn -0.0062 0.5948 -0.8039
vn 0.0871 0.6743 -0.7333
vn 0.4949 0.8634 -0.0978
vn 0.4582 0.8838 -0.0941
vn 0.4121 0.9061 -0.0955
vn 0.4073 0.9115 -0.0566
vn 0.4357 0.8999 -0.0201
vn 0.5219 0.8512 0.0556
vn 0.4697 0.8803 0.0674
vn 0.3854 0.9177 0.0965
vn 0.3688 0.9179 0.1465
vn 0.0485 0.6067 -0.7934
vn -0.0105 0.5639 -0.8258
vn 0.4921 0.8422 0.2205
vn 0.4336 0.8679 0.2423
vn 0.3400 0.8967 0.2834
vn 0.4054 0.8924 0.1981
vn 0.3211 0.8955 0.3082
vn 0.4502 0.7938 0.4090
vn 0.3924 0.8121 0.4319
vn 0.3186 0.8329 0.4524
vn 0.3616 0.7511 0.5523
vn 0.3103 0.8333 0.4575
vn 0.3549 0.8723 0.3363
vn 0.3128 0.7723 0.5529
vn 0.4073 0.7346 0.5426
vn 0.3744 0.6814 0.6289
vn 0.3026 0.7787 0.5495
vn 0.3067 0.8279 0.4696
vn 0.3433 0.7052 0.6203
vn 0.3993 0.6574 0.6390
vn 0.4019 0.5626 0.7224
vn 0.3717 0.8465 0.3811
vn 0.4421 0.5293 0.7242
vn 0.4013 0.4323 0.8075
vn 0.4419 0.4055 0.8002
vn 0.4143 0.3037 0.8580
vn 0.4539 0.2679 0.8498
vn 0.4579 0.1702 0.8726
vn 0.3670 0.8280 0.4239
vn 0.4762 0.1497 0.8665
vn 0.5378 0.0821 0.8391
vn 0.5120 0.0304 0.8584
vn 0.6630 0.0040 0.7486
vn 0.6081 -0.0564 0.7919
vn 0.3721 0.8085 0.4560
vn 0.3161 0.7561 0.5731
vn 0.2811 0.7452 0.6047
vn 0.3626 0.7945 0.4871
vn 0.2194 0.7135 0.6654
vn 0.4166 0.8474 0.3293
vn 0.4204 0.8569 0.2984
vn 0.4450 0.8924 0.0749
vn 0.4393 0.8969 0.0517
vn 0.4128 0.8696 0.2709
vn 0.4277 0.8808 -0.2030
vn 0.4279 0.8787 -0.2113
vn 0.4286 0.9031 0.0267
vn 0.4188 0.8759 0.2397
vn 0.3674 0.8421 -0.3948
vn 0.3551 0.8519 -0.3851
vn 0.4124 0.8820 -0.2282
vn 0.4358 0.9000 0.0061
vn 0.2675 0.8095 -0.5226
vn -0.0108 0.1700 -0.9854
vn -0.0634 0.1969 -0.9784
vn -0.0253 0.2002 -0.9794
vn 0.6450 -0.6223 0.4435
vn 0.5835 -0.5450 0.6021
vn 0.2514 -0.9583 0.1359
vn 0.4502 -0.4264 0.7846
vn 0.5299 -0.8386 0.1263
vn 0.6205 -0.7605 0.1911
vn 0.6449 -0.7046 0.2961
vn 0.6847 -0.6351 0.3575
vn 0.6706 -0.5966 0.4409
vn 0.5941 -0.5364 0.5994
vn 0.4722 -0.4096 0.7806
vn 0.6246 -0.7714 0.1213
vn 0.6340 -0.7518 0.1811
vn 0.6814 -0.6790 0.2732
vn 0.7064 -0.6195 0.3423
vn 0.6802 -0.5843 0.4426
vn 0.6014 -0.5214 0.6054
vn 0.4877 -0.4062 0.7727
vn 0.6404 -0.7587 0.1195
vn 0.6717 -0.7212 0.1695
vn 0.6997 -0.6712 0.2448
vn 0.7091 -0.6320 0.3126
vn 0.6881 -0.5753 0.4422
vn 0.6103 -0.5016 0.6132
vn 0.6761 -0.7276 0.1163
vn 0.6953 -0.7008 0.1595
vn 0.7110 -0.6673 0.2220
vn 0.7233 -0.6240 0.2959
vn 0.6958 -0.5715 0.4351
vn 0.7364 -0.6054 0.3022
vn 0.7444 -0.6331 0.2124
vn 0.7096 -0.6892 0.1467
vn 0.6931 -0.7127 0.1081
vn 0.7522 -0.6276 0.2008
vn 0.7375 -0.6626 0.1305
vn 0.7103 -0.6961 0.1046
vn 0.7333 -0.6727 0.0989
vn 0.7481 -0.6540 0.1123
vn 0.7512 -0.6323 0.1892
vn 0.7547 -0.6475 0.1057
vn 0.7521 -0.6510 0.1031
vn 0.7395 -0.6679 0.0841
vn 0.7542 -0.6521 0.0765
vn 0.7512 -0.6557 0.0761
vn 0.1556 0.0102 0.9878
vn 0.1645 0.0298 0.9859
vn 0.1130 0.0212 0.9934
vn 0.1682 0.0203 0.9855
vn 0.1192 0.0152 0.9928
vn 0.0710 0.0132 0.9974
vn 0.1241 0.0003 0.9923
vn 0.1641 0.0010 0.9864
vn 0.0736 -0.0035 0.9973
vn -0.0000 -0.0055 1.0000
vn 0.1295 0.0041 0.9916
vn 0.0811 0.0005 0.9967
vn 0.1595 0.0031 0.9872
vn -0.0000 -0.0024 1.0000
vn -0.0736 -0.0035 0.9973
vn 0.0840 0.0139 0.9964
vn 0.1287 0.0115 0.9916
vn -0.0000 0.0142 0.9999
vn 0.1535 0.0064 0.9881
vn -0.0811 0.0005 0.9967
vn -0.1241 0.0003 0.9923
vn -0.0000 0.0103 0.9999
vn 0.0763 0.0051 0.9971
vn 0.1191 -0.0029 0.9929
vn -0.0840 0.0139 0.9964
vn 0.1496 -0.0076 0.9887
vn -0.1295 0.0041 0.9916
vn -0.1641 0.0010 0.9864
vn 0.1092 -0.0076 0.9940
vn -0.0000 0.0002 1.0000
vn -0.0763 0.0051 0.9971
vn 0.0654 -0.0029 0.9979
vn -0.1287 0.0115 0.9916
vn -0.1595 0.0031 0.9872
vn -0.1914 -0.0056 0.9815
vn -0.0000 0.0161 0.9999
vn -0.0654 -0.0029 0.9979
vn -0.1092 -0.0076 0.9940
vn -0.1191 -0.0029 0.9929
vn -0.1535 0.0064 0.9881
vn -0.1853 -0.0010 0.9827
vn -0.2377 -0.0074 0.9713
vn -0.0588 0.0146 0.9982
vn -0.1025 0.0112 0.9947
vn -0.1505 -0.0106 0.9885
vn -0.1496 -0.0076 0.9887
vn -0.1836 0.0047 0.9830
vn -0.2486 0.0024 0.9686
vn -0.3345 0.0137 0.9423
vn -0.1921 -0.0020 0.9814
vn -0.2598 0.0123 0.9656
vn -0.1559 0.0113 0.9877
vn -0.2117 -0.0014 0.9773
vn -0.3550 0.0170 0.9347
vn -0.4523 0.0404 0.8910
vn -0.2749 0.0126 0.9614
vn -0.3700 0.0257 0.9287
vn -0.4693 0.0325 0.8825
vn -0.5632 0.0589 0.8242
vn -0.2305 0.0178 0.9729
vn -0.2968 0.0165 0.9548
vn -0.3807 0.0263 0.9243
vn -0.4810 0.0374 0.8759
vn -0.5826 0.0498 0.8112
vn -0.6738 0.0804 0.7345
vn -0.3103 0.0231 0.9504
vn -0.3946 0.0290 0.9184
vn -0.4895 0.0381 0.8712
vn -0.5912 0.0485 0.8050
vn -0.6855 0.0665 0.7250
vn -0.0591 0.2249 -0.9726
vn -0.0502 0.2105 -0.9763
vn -0.0023 0.1872 -0.9823
vn 0.2328 0.1594 -0.9594
vn 0.4203 0.1826 -0.8888
vn -0.5722 0.1464 -0.8069
vn -0.4164 0.1872 -0.8897
vn -0.5958 0.1137 -0.7950
vn -0.9935 -0.0933 -0.0654
vn -0.9776 -0.1502 -0.1472
vn -0.9874 -0.1444 -0.0646
vn -0.9414 -0.2185 -0.2570
vn -0.9736 -0.1889 -0.1283
vn -0.9851 -0.1669 -0.0424
vn -0.9367 -0.2325 -0.2617
vn -0.9743 -0.1979 -0.1072
vn -0.9860 -0.1653 -0.0238
vn -0.8732 -0.2179 -0.4360
vn -0.9407 -0.2194 -0.2586
vn -0.9807 -0.1732 -0.0911
vn -0.9873 -0.1586 -0.0119
vn -0.9818 -0.1683 -0.0882
vn -0.7546 -0.2230 -0.6171
vn -0.8673 -0.2277 -0.4425
vn -0.9443 -0.2088 -0.2543
vn -0.9838 -0.1777 -0.0251
vn -0.9816 -0.1715 -0.0836
vn -0.6258 -0.1781 -0.7594
vn -0.7339 -0.2243 -0.6411
vn -0.8594 -0.2425 -0.4501
vn -0.9465 -0.2167 -0.2390
vn -0.9823 -0.1839 -0.0370
vn -0.9772 -0.1980 -0.0771
vn -0.4509 -0.1364 -0.8821
vn -0.5900 -0.1781 -0.7875
vn -0.7090 -0.2158 -0.6713
vn -0.8512 -0.2672 -0.4517
vn -0.9487 -0.2296 -0.2175
vn -0.9784 -0.2016 -0.0465
vn -0.9583 -0.2157 -0.1872
vn -0.9750 -0.2109 -0.0706
vn -0.8785 -0.2742 -0.3913
vn -0.2165 -0.0913 -0.9720
vn -0.4095 -0.1098 -0.9057
vn -0.5388 -0.1640 -0.8263
vn -0.6341 -0.2626 -0.7273
vn -0.7007 -0.3477 -0.6230
vn -0.8895 -0.3083 -0.3372
vn -0.9661 -0.1994 -0.1637
vn -0.9759 -0.2142 -0.0412
vn -0.9711 -0.2267 -0.0742
vn -0.0106 -0.0614 -0.9981
vn -0.1853 -0.0684 -0.9803
vn -0.3571 -0.0937 -0.9293
vn -0.4603 -0.1844 -0.8684
vn -0.4562 -0.2769 -0.8457
vn -0.5291 -0.3658 -0.7657
vn -0.7563 -0.4244 -0.4979
vn -0.8962 -0.3434 -0.2808
vn -0.9673 -0.2499 -0.0429
vn 0.1067 -0.0642 -0.9922
vn -0.0015 -0.0487 -0.9988
vn -0.1612 -0.0653 -0.9848
vn -0.3018 -0.1032 -0.9478
vn -0.3322 -0.1791 -0.9260
vn -0.3332 -0.1990 -0.9216
vn -0.4304 -0.2737 -0.8602
vn -0.5830 -0.4292 -0.6899
vn -0.7477 -0.4928 -0.4451
vn 0.1026 -0.0572 -0.9931
vn 0.1474 -0.0612 -0.9872
vn 0.0063 -0.0427 -0.9991
vn -0.1316 -0.0690 -0.9889
vn -0.2433 -0.1148 -0.9631
vn -0.2533 -0.1299 -0.9586
vn -0.4749 -0.3289 -0.8163
vn -0.3371 -0.1610 -0.9276
vn -0.5631 -0.4807 -0.6722
vn 0.1563 -0.0483 -0.9865
vn 0.1880 -0.0525 -0.9808
vn -0.2130 -0.0856 -0.9733
vn -0.4587 -0.3574 -0.8136
vn -0.4152 -0.1997 -0.8876
vn -0.3032 0.0090 -0.9529
vn 0.1795 -0.0501 -0.9825
vn 0.1159 -0.0697 -0.9908
vn -0.4634 -0.2105 -0.8608
vn -0.4747 -0.0804 -0.8765
vn -0.3841 -0.0404 -0.9224
vn 0.0986 -0.0704 -0.9926
vn -0.0000 -0.0832 -0.9965
vn -0.3872 0.0881 -0.9178
vn -0.3100 0.1181 -0.9434
vn -0.0000 -0.0883 -0.9961
vn -0.0986 -0.0704 -0.9926
vn -0.3608 0.2665 -0.8937
vn -0.0787 -0.0797 -0.9937
vn -0.0000 -0.1138 -0.9935
vn -0.1646 -0.0459 -0.9853
vn -0.1795 -0.0501 -0.9825
vn -0.0616 -0.1071 -0.9923
vn -0.1471 -0.0505 -0.9878
vn -0.0000 -0.0845 -0.9964
vn -0.1603 -0.0402 -0.9863
vn -0.1590 -0.0403 -0.9865
vn -0.1259 -0.0868 -0.9882
vn -0.7478 0.0934 0.6573
vn -0.4017 0.0266 0.9154
vn -0.4975 0.0375 0.8667
vn -0.5975 0.0474 0.8004
vn -0.6892 0.0580 0.7222
vn -0.7590 0.0741 0.6468
vn -0.8163 0.0861 0.5711
vn -0.5011 0.0289 0.8649
vn -0.6004 0.0422 0.7986
vn -0.6937 0.0540 0.7182
vn -0.7635 0.0648 0.6425
vn -0.8152 0.0704 0.5748
vn -0.8627 0.0656 0.5014
vn -0.6043 0.0324 0.7961
vn -0.6945 0.0459 0.7181
vn -0.7646 0.0575 0.6420
vn -0.8158 0.0596 0.5753
vn -0.7657 0.0488 0.6414
vn -0.6980 0.0362 0.7151
vn -0.9740 -0.2157 0.0696
vn -0.9680 -0.2488 0.0337
vn -0.9690 -0.2342 0.0787
vn -0.9646 -0.2312 0.1266
vn -0.9523 -0.2759 0.1302
vn -0.9485 -0.2647 0.1740
vn -0.9317 -0.3170 0.1773
vn -0.9136 -0.3164 0.2553
vn -0.8821 -0.3917 0.2617
vn -0.8741 -0.3652 0.3203
vn -0.8313 -0.4351 0.3459
vn -0.8496 -0.3709 0.3751
vn -0.7937 -0.4444 0.4153
vt 0.510742 0.636475
vt 0.500000 0.625488
vt 0.510742 0.625488
vt 0.531250 0.636719
vt 0.530762 0.647705
vt 0.520996 0.636475
vt 0.541016 0.647949
vt 0.540527 0.658447
vt 0.521484 0.625488
vt 0.551270 0.658936
vt 0.540527 0.668701
vt 0.551758 0.648193
vt 0.541504 0.636963
vt 0.531738 0.625488
vt 0.500000 0.614502
vt 0.489502 0.625488
vt 0.489502 0.636475
vt 0.510742 0.614502
vt 0.521484 0.614502
vt 0.564941 0.648438
vt 0.551758 0.637207
vt 0.541992 0.625732
vt 0.532227 0.614258
vt 0.500000 0.603271
vt 0.489258 0.614502
vt 0.511230 0.603271
vt 0.521973 0.603027
vt 0.564941 0.637451
vt 0.552246 0.625732
vt 0.542480 0.614258
vt 0.532715 0.602783
vt 0.580566 0.637451
vt 0.565430 0.625977
vt 0.500000 0.592773
vt 0.489258 0.603271
vt 0.511230 0.592773
vt 0.522461 0.592529
vt 0.553711 0.614014
vt 0.543457 0.602295
vt 0.533203 0.592285
vt 0.580566 0.625488
vt 0.566406 0.614014
vt 0.596191 0.636475
vt 0.555176 0.602051
vt 0.500000 0.583008
vt 0.489014 0.592773
vt 0.511719 0.583008
vt 0.522949 0.582764
vt 0.544434 0.591797
vt 0.534180 0.581787
vt 0.596680 0.624268
vt 0.581543 0.613770
vt 0.567871 0.602051
vt 0.556641 0.591064
vt 0.614258 0.635010
vt 0.545898 0.580811
vt 0.500000 0.572266
vt 0.488525 0.583008
vt 0.511719 0.572021
vt 0.522949 0.571777
vt 0.534668 0.571045
vt 0.613770 0.622314
vt 0.597168 0.612549
vt 0.583008 0.601318
vt 0.569824 0.590088
vt 0.558594 0.579590
vt 0.546387 0.569580
vt 0.500000 0.561279
vt 0.488525 0.572021
vt 0.511230 0.561279
vt 0.522461 0.560791
vt 0.533691 0.560059
vt 0.510742 0.551270
vt 0.500000 0.551758
vt 0.489502 0.551270
vt 0.488770 0.561279
vt 0.500000 0.542480
vt 0.510254 0.542236
vt 0.520020 0.541504
vt 0.489990 0.542236
vt 0.478760 0.550781
vt 0.480225 0.541504
vt 0.470703 0.540283
vt 0.690430 0.340820
vt 0.685059 0.344727
vt 0.688965 0.338379
vt 0.683594 0.342773
vt 0.679688 0.349121
vt 0.680664 0.338867
vt 0.687012 0.335449
vt 0.677734 0.346680
vt 0.674316 0.342773
vt 0.674316 0.353516
vt 0.677734 0.334473
vt 0.670898 0.338379
vt 0.684570 0.331055
vt 0.667969 0.347168
vt 0.671387 0.351074
vt 0.664062 0.342285
vt 0.669434 0.358887
vt 0.675781 0.330078
vt 0.667969 0.333496
vt 0.661133 0.337402
vt 0.682617 0.326660
vt 0.662109 0.352051
vt 0.657715 0.346680
vt 0.666016 0.356445
vt 0.653809 0.341797
vt 0.664551 0.365234
vt 0.666016 0.329102
vt 0.673340 0.325195
vt 0.658203 0.332031
vt 0.650391 0.335938
vt 0.681641 0.322266
vt 0.655762 0.357422
vt 0.650879 0.352539
vt 0.646484 0.346680
vt 0.660645 0.362305
vt 0.642578 0.340820
vt 0.659668 0.372070
vt 0.655273 0.325684
vt 0.663574 0.322266
vt 0.671387 0.319824
vt 0.646484 0.329590
vt 0.638184 0.333984
vt 0.680176 0.316895
vt 0.648926 0.363770
vt 0.643066 0.357910
vt 0.638672 0.352051
vt 0.634766 0.345703
vt 0.654297 0.368652
vt 0.629395 0.338867
vt 0.654297 0.381836
vt 0.661133 0.314941
vt 0.669922 0.312500
vt 0.622559 0.330566
vt 0.632812 0.325684
vt 0.679199 0.310059
vt 0.640137 0.373047
vt 0.633789 0.364746
vt 0.629395 0.356934
vt 0.625977 0.350098
vt 0.622559 0.343262
vt 0.647461 0.377930
vt 0.618652 0.337891
vt 0.650391 0.391113
vt 0.668457 0.304688
vt 0.659180 0.307129
vt 0.611816 0.346191
vt 0.614746 0.354004
vt 0.617676 0.361816
vt 0.621582 0.372070
vt 0.641113 0.388184
vt 0.626465 0.385254
vt 0.602539 0.356445
vt 0.604980 0.364258
vt 0.608887 0.374023
vt 0.610840 0.385254
vt 0.612793 0.397949
vt 0.626465 0.398438
vt 0.594727 0.375488
vt 0.592285 0.366211
vt 0.596680 0.385742
vt 0.598145 0.397949
vt 0.599609 0.409668
vt 0.614258 0.410156
vt 0.582031 0.376953
vt 0.583496 0.387207
vt 0.585938 0.398438
vt 0.587402 0.409668
vt 0.588379 0.421387
vt 0.600586 0.421875
vt 0.614258 0.422363
vt 0.625488 0.410156
vt 0.571289 0.388184
vt 0.573242 0.399414
vt 0.575195 0.409668
vt 0.576660 0.421387
vt 0.578125 0.432129
vt 0.589844 0.432129
vt 0.602051 0.432617
vt 0.625000 0.422852
vt 0.614258 0.433105
vt 0.562988 0.410156
vt 0.561035 0.399902
vt 0.564941 0.422363
vt 0.566895 0.432129
vt 0.579590 0.441895
vt 0.568848 0.441406
vt 0.590820 0.442383
vt 0.602539 0.442871
vt 0.613770 0.443359
vt 0.624023 0.434082
vt 0.552246 0.422363
vt 0.550293 0.410645
vt 0.555176 0.432129
vt 0.557129 0.441406
vt 0.581055 0.450684
vt 0.570312 0.449707
vt 0.558594 0.448730
vt 0.591797 0.451172
vt 0.603027 0.452148
vt 0.613281 0.452148
vt 0.623047 0.443848
vt 0.540527 0.422363
vt 0.581543 0.458496
vt 0.571289 0.457031
vt 0.560547 0.455566
vt 0.592285 0.459473
vt 0.603027 0.460449
vt 0.613281 0.461426
vt 0.622559 0.452148
vt 0.582031 0.469727
vt 0.571777 0.464844
vt 0.562012 0.462891
vt 0.592285 0.470215
vt 0.603516 0.470703
vt 0.583496 0.481445
vt 0.573730 0.472168
vt 0.593262 0.481445
vt 0.562988 0.468262
vt 0.510254 0.677490
vt 0.520020 0.687500
vt 0.510254 0.687256
vt 0.500000 0.677246
vt 0.500000 0.687012
vt 0.490234 0.687256
vt 0.490234 0.696777
vt 0.480225 0.697021
vt 0.455811 0.313965
vt 0.454346 0.323730
vt 0.443848 0.312500
vt 0.464355 0.324707
vt 0.462402 0.333984
vt 0.465576 0.314453
vt 0.466309 0.303223
vt 0.474854 0.315918
vt 0.475098 0.303711
vt 0.473877 0.325684
vt 0.472168 0.334473
vt 0.469971 0.343750
vt 0.484131 0.317383
vt 0.483643 0.304688
vt 0.483643 0.327148
vt 0.479736 0.344238
vt 0.482422 0.335938
vt 0.477783 0.353516
vt 0.492432 0.318848
vt 0.492188 0.306152
vt 0.492676 0.328613
vt 0.485840 0.353516
vt 0.486816 0.345703
vt 0.493164 0.339844
vt 0.493408 0.352539
vt 0.485352 0.363281
vt 0.493164 0.363281
vt 0.500000 0.319824
vt 0.500000 0.306641
vt 0.500000 0.329590
vt 0.500000 0.340332
vt 0.500000 0.293945
vt 0.500000 0.352051
vt 0.500000 0.363281
vt 0.492920 0.372070
vt 0.507324 0.328613
vt 0.507812 0.318848
vt 0.507812 0.306152
vt 0.506836 0.339844
vt 0.506836 0.352539
vt 0.508301 0.293457
vt 0.516602 0.327148
vt 0.517578 0.335938
vt 0.516113 0.317383
vt 0.516602 0.304688
vt 0.513184 0.345703
vt 0.500000 0.372070
vt 0.500000 0.380371
vt 0.526367 0.325684
vt 0.527832 0.334473
vt 0.520508 0.344238
vt 0.525391 0.315918
vt 0.514160 0.353516
vt 0.535645 0.324707
vt 0.507324 0.372070
vt 0.506836 0.363281
vt 0.570312 0.468750
vt 0.352783 0.402344
vt 0.363281 0.411621
vt 0.354980 0.413086
vt 0.356689 0.424316
vt 0.364746 0.423340
vt 0.375488 0.422852
vt 0.357910 0.435547
vt 0.366211 0.434570
vt 0.376221 0.434082
vt 0.358643 0.444336
vt 0.366943 0.443848
vt 0.359131 0.452148
vt 0.377197 0.443848
vt 0.386719 0.443359
vt 0.367432 0.452148
vt 0.377686 0.452148
vt 0.386963 0.452148
vt 0.359131 0.459961
vt 0.367676 0.459961
vt 0.377686 0.460938
vt 0.386963 0.461426
vt 0.397217 0.452148
vt 0.396973 0.460449
vt 0.397705 0.442871
vt 0.359131 0.469238
vt 0.367920 0.469727
vt 0.377441 0.470215
vt 0.387207 0.470703
vt 0.396729 0.470703
vt 0.408691 0.459473
vt 0.409180 0.451172
vt 0.408691 0.470215
vt 0.410156 0.442383
vt 0.359131 0.480469
vt 0.367920 0.479980
vt 0.377686 0.479980
vt 0.387451 0.480957
vt 0.396973 0.481445
vt 0.407959 0.481445
vt 0.419434 0.458496
vt 0.419189 0.469727
vt 0.420166 0.450684
vt 0.417480 0.481445
vt 0.421631 0.441895
vt 0.368408 0.491699
vt 0.377686 0.491699
vt 0.387207 0.491699
vt 0.396729 0.491699
vt 0.407471 0.491699
vt 0.417236 0.491211
vt 0.429199 0.464844
vt 0.429932 0.457031
vt 0.427246 0.472168
vt 0.430664 0.449707
vt 0.426025 0.481934
vt 0.425293 0.491211
vt 0.432373 0.441406
vt 0.376953 0.501953
vt 0.386963 0.501709
vt 0.396484 0.501221
vt 0.406494 0.500732
vt 0.416504 0.500244
vt 0.424805 0.500000
vt 0.439697 0.455566
vt 0.441162 0.448730
vt 0.434814 0.482422
vt 0.433594 0.490723
vt 0.433594 0.499512
vt 0.386230 0.511230
vt 0.396484 0.510498
vt 0.406250 0.509521
vt 0.416260 0.508789
vt 0.425049 0.508057
vt 0.434082 0.507324
vt 0.396240 0.520508
vt 0.406006 0.519775
vt 0.416504 0.519043
vt 0.426758 0.517334
vt 0.436035 0.515625
vt 0.431152 0.526367
vt 0.418945 0.530518
vt 0.407227 0.532227
vt 0.440186 0.522705
vt 0.444824 0.432129
vt 0.443115 0.441406
vt 0.434082 0.432129
vt 0.436279 0.422363
vt 0.447754 0.422363
vt 0.422852 0.432129
vt 0.424316 0.421387
vt 0.438232 0.410156
vt 0.425781 0.409668
vt 0.449951 0.410645
vt 0.459717 0.422363
vt 0.413574 0.409668
vt 0.412598 0.421387
vt 0.411377 0.432129
vt 0.440186 0.399902
vt 0.427734 0.399414
vt 0.415283 0.398438
vt 0.451660 0.400391
vt 0.461670 0.411133
vt 0.400635 0.409668
vt 0.401855 0.397949
vt 0.399658 0.421875
vt 0.398438 0.432617
vt 0.442139 0.388672
vt 0.429443 0.388184
vt 0.416992 0.387207
vt 0.403809 0.385742
vt 0.453369 0.389648
vt 0.463379 0.400879
vt 0.387695 0.397949
vt 0.386230 0.410156
vt 0.389404 0.385254
vt 0.386230 0.422363
vt 0.386230 0.433105
vt 0.443848 0.379395
vt 0.431396 0.378906
vt 0.418457 0.376953
vt 0.405518 0.375488
vt 0.391602 0.374023
vt 0.374023 0.385254
vt 0.374023 0.398438
vt 0.374756 0.410156
vt 0.378662 0.372070
vt 0.432617 0.369141
vt 0.419922 0.367676
vt 0.407471 0.366211
vt 0.395020 0.364258
vt 0.382324 0.361816
vt 0.359619 0.373047
vt 0.359131 0.388184
vt 0.362061 0.399902
vt 0.366211 0.364746
vt 0.421631 0.358887
vt 0.409912 0.357422
vt 0.397461 0.356445
vt 0.385254 0.354004
vt 0.370605 0.356934
vt 0.352539 0.377930
vt 0.349854 0.391113
vt 0.351318 0.363770
vt 0.356934 0.357910
vt 0.412354 0.349121
vt 0.400391 0.348145
vt 0.388428 0.346191
vt 0.374023 0.350098
vt 0.361328 0.352051
vt 0.345947 0.381836
vt 0.344238 0.357422
vt 0.349365 0.352539
vt 0.402588 0.339844
vt 0.390869 0.338867
vt 0.381592 0.337891
vt 0.377686 0.343262
vt 0.365479 0.345703
vt 0.353516 0.346680
vt 0.391846 0.330566
vt 0.370605 0.338867
vt 0.377930 0.330566
vt 0.338135 0.352051
vt 0.342285 0.346680
vt 0.357910 0.340820
vt 0.346436 0.341797
vt 0.362305 0.333984
vt 0.350098 0.335938
vt 0.367432 0.325684
vt 0.381592 0.319336
vt 0.353760 0.329590
vt 0.332031 0.347168
vt 0.335938 0.342285
vt 0.338867 0.337402
vt 0.342041 0.332031
vt 0.357910 0.321777
vt 0.446533 0.528809
vt 0.437500 0.536133
vt 0.409424 0.547363
vt 0.426758 0.546387
vt 0.453369 0.533936
vt 0.446289 0.542725
vt 0.457520 0.547363
vt 0.461914 0.537842
vt 0.441406 0.553955
vt 0.468262 0.549805
vt 0.454346 0.557617
vt 0.466309 0.560059
vt 0.477539 0.560791
vt 0.440430 0.567383
vt 0.453369 0.569580
vt 0.465576 0.571045
vt 0.477051 0.571777
vt 0.441650 0.579346
vt 0.454590 0.580811
vt 0.465820 0.581787
vt 0.477295 0.582764
vt 0.443359 0.590820
vt 0.455811 0.591797
vt 0.466797 0.592285
vt 0.435791 0.473633
vt 0.477783 0.592529
vt 0.445068 0.602051
vt 0.456787 0.602295
vt 0.467529 0.602783
vt 0.430420 0.468750
vt 0.437012 0.468262
vt 0.478271 0.603027
vt 0.438232 0.462891
vt 0.446533 0.614014
vt 0.457764 0.614258
vt 0.468018 0.614258
vt 0.478760 0.614502
vt 0.447754 0.625732
vt 0.458252 0.625732
vt 0.468506 0.625488
vt 0.479004 0.625488
vt 0.448242 0.637207
vt 0.458740 0.636963
vt 0.468994 0.636719
vt 0.479004 0.636475
vt 0.448730 0.648193
vt 0.459229 0.647949
vt 0.469238 0.647705
vt 0.435303 0.648438
vt 0.435303 0.637451
vt 0.459473 0.658447
vt 0.449219 0.658936
vt 0.479248 0.647217
vt 0.479736 0.657715
vt 0.469727 0.658203
vt 0.459717 0.668701
vt 0.489746 0.646973
vt 0.489746 0.657471
vt 0.479980 0.667969
vt 0.469971 0.668457
vt 0.434570 0.625977
vt 0.433838 0.614014
vt 0.419189 0.625488
vt 0.432129 0.602051
vt 0.418457 0.613770
vt 0.403320 0.624268
vt 0.429932 0.590088
vt 0.417236 0.601318
vt 0.403076 0.612793
vt 0.386475 0.622314
vt 0.415527 0.588867
vt 0.427979 0.577881
vt 0.402344 0.600342
vt 0.386719 0.610596
vt 0.401123 0.587402
vt 0.413818 0.576904
vt 0.426270 0.564209
vt 0.387207 0.598633
vt 0.387207 0.585693
vt 0.400146 0.575684
vt 0.411865 0.563232
vt 0.374512 0.596680
vt 0.386963 0.574219
vt 0.375244 0.584229
vt 0.398926 0.562256
vt 0.364990 0.582520
vt 0.375977 0.572754
vt 0.386719 0.561279
vt 0.365723 0.571777
vt 0.397949 0.547363
vt 0.356201 0.571045
vt 0.365723 0.560547
vt 0.375977 0.560547
vt 0.356934 0.560547
vt 0.376221 0.547607
vt 0.386719 0.547363
vt 0.365967 0.548340
vt 0.357422 0.548828
vt 0.371582 0.316406
vt 0.344971 0.325684
vt 0.325684 0.342773
vt 0.329102 0.338379
vt 0.332031 0.333496
vt 0.334229 0.329102
vt 0.348389 0.318359
vt 0.361572 0.312500
vt 0.336914 0.322266
vt 0.319336 0.338867
vt 0.322266 0.334473
vt 0.324463 0.330078
vt 0.326660 0.325195
vt 0.339111 0.314941
vt 0.351318 0.309570
vt 0.328857 0.319824
vt 0.313232 0.335449
vt 0.315674 0.331055
vt 0.317627 0.326660
vt 0.318848 0.322266
vt 0.330566 0.312500
vt 0.341309 0.307129
vt 0.320068 0.316895
vt 0.311279 0.338379
vt 0.321289 0.310059
vt 0.331787 0.304688
vt 0.353516 0.300781
vt 0.343018 0.298340
vt 0.322266 0.302734
vt 0.333008 0.296387
vt 0.343994 0.289551
vt 0.354980 0.291504
vt 0.323242 0.294922
vt 0.333496 0.288086
vt 0.344727 0.281250
vt 0.355713 0.282227
vt 0.366943 0.283691
vt 0.366211 0.293457
vt 0.364502 0.303223
vt 0.323486 0.287109
vt 0.333984 0.279785
vt 0.345215 0.272461
vt 0.356689 0.273438
vt 0.367676 0.274902
vt 0.378418 0.275879
vt 0.377930 0.285156
vt 0.376953 0.294922
vt 0.375000 0.305664
vt 0.323486 0.279297
vt 0.334229 0.270996
vt 0.357178 0.264160
vt 0.345703 0.262695
vt 0.368164 0.265137
vt 0.378662 0.266113
vt 0.389404 0.276855
vt 0.389648 0.267090
vt 0.388428 0.286621
vt 0.387451 0.296875
vt 0.384766 0.308105
vt 0.323486 0.270508
vt 0.334473 0.261719
vt 0.357178 0.253418
vt 0.368164 0.253906
vt 0.345947 0.252441
vt 0.378906 0.254883
vt 0.389893 0.255371
vt 0.400391 0.277832
vt 0.399414 0.287598
vt 0.398438 0.297852
vt 0.396240 0.309570
vt 0.393799 0.320801
vt 0.323486 0.260742
vt 0.334717 0.251465
vt 0.379150 0.243164
vt 0.368408 0.243164
vt 0.390137 0.243652
vt 0.411621 0.278320
vt 0.410645 0.288574
vt 0.409424 0.298828
vt 0.407715 0.310547
vt 0.405762 0.321777
vt 0.404053 0.331055
vt 0.323486 0.250488
vt 0.379150 0.231445
vt 0.368408 0.231445
vt 0.422119 0.289062
vt 0.420898 0.299805
vt 0.419678 0.311035
vt 0.418213 0.321777
vt 0.416504 0.331543
vt 0.414307 0.340332
vt 0.432617 0.300293
vt 0.431641 0.312012
vt 0.430176 0.322266
vt 0.427979 0.331543
vt 0.426025 0.340820
vt 0.423828 0.349609
vt 0.442383 0.323242
vt 0.440430 0.332520
vt 0.438232 0.341797
vt 0.436035 0.351074
vt 0.434082 0.360352
vt 0.452148 0.333008
vt 0.449951 0.342773
vt 0.447754 0.352051
vt 0.446289 0.361816
vt 0.445068 0.370605
vt 0.460205 0.343262
vt 0.458252 0.353027
vt 0.457031 0.362793
vt 0.455811 0.371582
vt 0.454834 0.379883
vt 0.468506 0.353027
vt 0.467285 0.363281
vt 0.466309 0.372070
vt 0.465332 0.380371
vt 0.464355 0.390137
vt 0.476807 0.363281
vt 0.476074 0.372070
vt 0.475342 0.380371
vt 0.474609 0.390137
vt 0.473633 0.401367
vt 0.485107 0.372070
vt 0.484619 0.380371
vt 0.484131 0.390137
vt 0.483643 0.401855
vt 0.472656 0.411621
vt 0.483154 0.412109
vt 0.492920 0.380371
vt 0.492676 0.390137
vt 0.492676 0.401855
vt 0.492432 0.412598
vt 0.471436 0.422363
vt 0.482422 0.422363
vt 0.492188 0.422363
vt 0.366455 0.535400
vt 0.375977 0.534424
vt 0.385986 0.533691
vt 0.357910 0.535889
vt 0.358398 0.524658
vt 0.367188 0.523926
vt 0.375977 0.523193
vt 0.358643 0.512939
vt 0.367676 0.512695
vt 0.376221 0.512207
vt 0.386719 0.521729
vt 0.396240 0.532715
vt 0.359131 0.502686
vt 0.368164 0.502441
vt 0.359375 0.491699
vt 0.773926 0.681641
vt 0.771973 0.671875
vt 0.773926 0.671875
vt 0.771973 0.681641
vt 0.773926 0.688232
vt 0.767578 0.681396
vt 0.767578 0.671875
vt 0.771973 0.688477
vt 0.767090 0.688477
vt 0.762695 0.681396
vt 0.773926 0.694824
vt 0.771973 0.695068
vt 0.762695 0.671875
vt 0.762207 0.688477
vt 0.767578 0.695068
vt 0.757324 0.681152
vt 0.773926 0.701904
vt 0.771973 0.702148
vt 0.757324 0.671875
vt 0.757324 0.688477
vt 0.762207 0.695312
vt 0.767090 0.702148
vt 0.752441 0.680908
vt 0.773926 0.708740
vt 0.771973 0.708984
vt 0.752441 0.671875
vt 0.752441 0.688232
vt 0.757324 0.695557
vt 0.762207 0.702393
vt 0.767090 0.709473
vt 0.748047 0.680908
vt 0.748047 0.688232
vt 0.773926 0.716797
vt 0.771973 0.717041
vt 0.748047 0.671875
vt 0.748047 0.695312
vt 0.752441 0.695557
vt 0.756836 0.702393
vt 0.761719 0.709961
vt 0.766602 0.718262
vt 0.743652 0.680664
vt 0.743652 0.687744
vt 0.743652 0.694824
vt 0.773926 0.726074
vt 0.771484 0.726318
vt 0.743652 0.671875
vt 0.748047 0.702637
vt 0.743652 0.702393
vt 0.752441 0.702637
vt 0.756836 0.710205
vt 0.761230 0.718750
vt 0.766602 0.727295
vt 0.771484 0.735107
vt 0.738281 0.687500
vt 0.738281 0.694336
vt 0.738281 0.701660
vt 0.752441 0.710205
vt 0.748047 0.709961
vt 0.743652 0.709961
vt 0.756348 0.718994
vt 0.761230 0.727539
vt 0.766602 0.735596
vt 0.751953 0.719238
vt 0.732910 0.700928
vt 0.732910 0.693604
vt 0.756348 0.727783
vt 0.732910 0.708740
vt 0.738281 0.709473
vt 0.761230 0.735840
vt 0.748047 0.718994
vt 0.743652 0.718750
vt 0.738281 0.718018
vt 0.748047 0.727539
vt 0.500000 0.390625
vt 0.500000 0.402344
vt 0.500000 0.422363
vt 0.500000 0.412598
vt 0.507812 0.412598
vt 0.507324 0.401855
vt 0.507812 0.422363
vt 0.517090 0.412109
vt 0.516602 0.401855
vt 0.517578 0.422363
vt 0.526367 0.401367
vt 0.527344 0.411621
vt 0.528809 0.422363
vt 0.538574 0.411133
vt 0.537109 0.400879
vt 0.548340 0.400391
vt 0.546875 0.389648
vt 0.535645 0.390137
vt 0.525879 0.390137
vt 0.559082 0.388672
vt 0.545410 0.379883
vt 0.557129 0.379395
vt 0.534668 0.380371
vt 0.524902 0.380371
vt 0.516113 0.390137
vt 0.569336 0.378906
vt 0.544434 0.371582
vt 0.556152 0.370605
vt 0.567871 0.369141
vt 0.533691 0.372070
vt 0.523926 0.372070
vt 0.515625 0.380371
vt 0.507324 0.390137
vt 0.580078 0.367676
vt 0.542969 0.362793
vt 0.554199 0.361816
vt 0.566406 0.360352
vt 0.578613 0.358887
vt 0.532715 0.363281
vt 0.515137 0.372070
vt 0.523438 0.363281
vt 0.507324 0.380371
vt 0.590332 0.357910
vt 0.541992 0.353027
vt 0.552246 0.352051
vt 0.564453 0.351074
vt 0.576172 0.350098
vt 0.587891 0.349121
vt 0.531738 0.353027
vt 0.514648 0.363281
vt 0.522461 0.353516
vt 0.599609 0.348145
vt 0.540039 0.343262
vt 0.550293 0.342773
vt 0.562012 0.341797
vt 0.574219 0.341309
vt 0.585938 0.340332
vt 0.597656 0.339844
vt 0.530273 0.343750
vt 0.609375 0.338867
vt 0.547852 0.333008
vt 0.537598 0.333984
vt 0.559570 0.332520
vt 0.572266 0.331543
vt 0.583984 0.331543
vt 0.596191 0.331055
vt 0.608398 0.330566
vt 0.557617 0.323242
vt 0.545898 0.323730
vt 0.570312 0.322266
vt 0.582031 0.321777
vt 0.594238 0.321777
vt 0.606445 0.320801
vt 0.618652 0.319336
vt 0.556152 0.312500
vt 0.568359 0.312012
vt 0.544434 0.313965
vt 0.580566 0.311035
vt 0.592285 0.310547
vt 0.604004 0.309570
vt 0.615234 0.308105
vt 0.628418 0.316406
vt 0.579102 0.299805
vt 0.567383 0.300293
vt 0.590820 0.298828
vt 0.602051 0.297852
vt 0.612793 0.296875
vt 0.625488 0.305664
vt 0.589355 0.288574
vt 0.578125 0.289062
vt 0.600586 0.287598
vt 0.638672 0.312500
vt 0.642578 0.321777
vt 0.588379 0.278320
vt 0.611816 0.286621
vt 0.623047 0.294922
vt 0.635742 0.303223
vt 0.599609 0.277832
vt 0.648926 0.309570
vt 0.651855 0.318359
vt 0.610840 0.276855
vt 0.622559 0.285156
vt 0.633789 0.293457
vt 0.646484 0.300781
vt 0.587891 0.268066
vt 0.599121 0.267578
vt 0.621582 0.275879
vt 0.610352 0.267090
vt 0.752441 0.727783
vt 0.756348 0.736084
vt 0.732910 0.717285
vt 0.744141 0.727295
vt 0.738281 0.727051
vt 0.732910 0.726318
vt 0.751953 0.736084
vt 0.748535 0.736084
vt 0.743652 0.735840
vt 0.738281 0.735352
vt 0.732910 0.734863
vt 0.726562 0.725098
vt 0.738281 0.742920
vt 0.744141 0.743408
vt 0.748535 0.743896
vt 0.726562 0.733887
vt 0.732910 0.742188
vt 0.738281 0.752319
vt 0.744141 0.752930
vt 0.732910 0.751831
vt 0.727051 0.741455
vt 0.738281 0.761353
vt 0.719727 0.723877
vt 0.719727 0.732666
vt 0.744141 0.761963
vt 0.748535 0.753540
vt 0.732910 0.760498
vt 0.727051 0.750854
vt 0.720215 0.740723
vt 0.713379 0.722412
vt 0.713379 0.731445
vt 0.732910 0.769043
vt 0.738281 0.769775
vt 0.744141 0.770386
vt 0.727051 0.759277
vt 0.720703 0.750366
vt 0.713867 0.739746
vt 0.738281 0.778076
vt 0.707031 0.720947
vt 0.707031 0.730469
vt 0.732910 0.777466
vt 0.727051 0.767700
vt 0.720703 0.758301
vt 0.713867 0.749512
vt 0.707031 0.738770
vt 0.744141 0.778442
vt 0.738281 0.786499
vt 0.701172 0.719727
vt 0.700684 0.729248
vt 0.732422 0.786133
vt 0.727051 0.776367
vt 0.720703 0.766602
vt 0.713867 0.757324
vt 0.707031 0.748047
vt 0.701172 0.737793
vt 0.694824 0.718506
vt 0.694336 0.728027
vt 0.720703 0.775635
vt 0.726562 0.785645
vt 0.713867 0.765381
vt 0.707520 0.756226
vt 0.701172 0.747070
vt 0.694336 0.736816
vt 0.688965 0.717285
vt 0.687988 0.727051
vt 0.713867 0.775024
vt 0.720215 0.784912
vt 0.707520 0.764160
vt 0.700684 0.755249
vt 0.694336 0.746094
vt 0.687500 0.735840
vt 0.682617 0.715576
vt 0.681152 0.725342
vt 0.707520 0.773560
vt 0.713867 0.784180
vt 0.701172 0.763062
vt 0.693848 0.754150
vt 0.687012 0.744629
vt 0.680176 0.734131
vt 0.675781 0.713867
vt 0.674316 0.723389
vt 0.701172 0.772949
vt 0.707520 0.783203
vt 0.693848 0.762207
vt 0.687012 0.753174
vt 0.679688 0.743408
vt 0.672363 0.732422
vt 0.668945 0.711670
vt 0.666992 0.721191
vt 0.701172 0.781982
vt 0.694336 0.771484
vt 0.686523 0.761353
vt 0.678711 0.752075
vt 0.671387 0.742188
vt 0.665039 0.730713
vt 0.661621 0.708984
vt 0.658691 0.718262
vt 0.686035 0.770264
vt 0.693848 0.780518
vt 0.677734 0.760620
vt 0.670410 0.750977
vt 0.663574 0.740723
vt 0.656250 0.728271
vt 0.654297 0.705078
vt 0.650391 0.714600
vt 0.685547 0.778687
vt 0.677246 0.769165
vt 0.669434 0.760010
vt 0.662109 0.750000
vt 0.653809 0.738770
vt 0.647461 0.725586
vt 0.668945 0.768433
vt 0.676758 0.777222
vt 0.661621 0.759644
vt 0.652344 0.749023
vt 0.645020 0.736328
vt 0.660645 0.768066
vt 0.668457 0.776367
vt 0.651367 0.759277
vt 0.643555 0.747559
vt 0.650391 0.767700
vt 0.660156 0.775513
vt 0.642090 0.758667
vt 0.676270 0.786011
vt 0.668457 0.784424
vt 0.641113 0.767334
vt 0.649902 0.775269
vt 0.659180 0.783447
vt 0.675781 0.796021
vt 0.667480 0.794434
vt 0.641113 0.775269
vt 0.649902 0.783081
vt 0.658691 0.793335
vt 0.675293 0.805542
vt 0.666504 0.804321
vt 0.684570 0.797729
vt 0.684082 0.806885
vt 0.641113 0.783203
vt 0.649414 0.792603
vt 0.658203 0.803711
vt 0.675293 0.815918
vt 0.683594 0.816650
vt 0.666504 0.815430
vt 0.691895 0.807861
vt 0.692383 0.817627
vt 0.640625 0.792480
vt 0.649414 0.803711
vt 0.657715 0.814941
vt 0.666016 0.825806
vt 0.633301 0.283691
vt 0.645020 0.291504
vt 0.657227 0.298340
vt 0.599121 0.255859
vt 0.587402 0.255859
vt 0.632324 0.274902
vt 0.621582 0.266113
vt 0.610352 0.255371
vt 0.644531 0.282227
vt 0.656250 0.289551
vt 0.667480 0.296387
vt 0.598633 0.243652
vt 0.643555 0.273438
vt 0.631836 0.265137
vt 0.621094 0.254883
vt 0.609863 0.243652
vt 0.655762 0.281250
vt 0.666992 0.288086
vt 0.677734 0.302734
vt 0.677246 0.294922
vt 0.654785 0.272461
vt 0.643066 0.264160
vt 0.632324 0.253906
vt 0.621094 0.243164
vt 0.666504 0.279785
vt 0.676270 0.287109
vt 0.666016 0.270996
vt 0.654297 0.262695
vt 0.643066 0.253418
vt 0.631836 0.243164
vt 0.676270 0.279297
vt 0.676270 0.270508
vt 0.665527 0.261719
vt 0.654297 0.252441
vt 0.643066 0.242188
vt 0.631836 0.231445
vt 0.676270 0.260742
vt 0.665527 0.251465
vt 0.654297 0.241699
vt 0.643066 0.231445
vt 0.676270 0.250977
vt 0.665527 0.240723
vt 0.653809 0.230469
vt 0.642090 0.219238
vt 0.631348 0.219727
vt 0.621094 0.231445
vt 0.676270 0.240234
vt 0.665039 0.229980
vt 0.653809 0.218750
vt 0.631348 0.207031
vt 0.642090 0.207031
vt 0.621094 0.219727
vt 0.609863 0.231934
vt 0.676270 0.229492
vt 0.665039 0.217773
vt 0.653320 0.206055
vt 0.641602 0.192871
vt 0.630859 0.193359
vt 0.620605 0.207031
vt 0.609375 0.219727
vt 0.598633 0.231934
vt 0.676270 0.217285
vt 0.665039 0.205078
vt 0.653320 0.192383
vt 0.641602 0.179688
vt 0.630371 0.179199
vt 0.619629 0.192871
vt 0.608887 0.207031
vt 0.598145 0.219727
vt 0.586914 0.231934
vt 0.587402 0.244141
vt 0.676270 0.204590
vt 0.665039 0.191895
vt 0.653320 0.179199
vt 0.652832 0.166016
vt 0.641113 0.166016
vt 0.619629 0.179199
vt 0.630371 0.166016
vt 0.608398 0.192871
vt 0.597656 0.206543
vt 0.586426 0.219727
vt 0.676270 0.191895
vt 0.665039 0.178711
vt 0.665527 0.166016
vt 0.653320 0.152832
vt 0.641602 0.152344
vt 0.676270 0.179199
vt 0.608398 0.179199
vt 0.597656 0.192871
vt 0.586426 0.206055
vt 0.676270 0.166016
vt 0.665527 0.152832
vt 0.665527 0.140137
vt 0.653320 0.140137
vt 0.676270 0.152832
vt 0.597656 0.179688
vt 0.586914 0.192383
vt 0.665527 0.128418
vt 0.676270 0.140137
vt 0.586914 0.179199
vt 0.598145 0.166016
vt 0.575684 0.191895
vt 0.575195 0.205566
vt 0.676270 0.128418
vt 0.576172 0.178711
vt 0.587402 0.166016
vt 0.564453 0.191406
vt 0.564453 0.205078
vt 0.564941 0.178223
vt 0.576172 0.165527
vt 0.587891 0.152832
vt 0.598633 0.152832
vt 0.608887 0.166016
vt 0.553711 0.190918
vt 0.553223 0.204590
vt 0.553711 0.177734
vt 0.564941 0.165039
vt 0.576660 0.152344
vt 0.599121 0.140625
vt 0.587891 0.140137
vt 0.609375 0.152832
vt 0.619629 0.166016
vt 0.542969 0.190430
vt 0.542969 0.204102
vt 0.543457 0.177246
vt 0.554199 0.164551
vt 0.565430 0.152344
vt 0.576660 0.139648
vt 0.599609 0.128418
vt 0.609863 0.140625
vt 0.588379 0.128418
vt 0.620117 0.152344
vt 0.534180 0.190430
vt 0.534180 0.204102
vt 0.543457 0.164551
vt 0.534180 0.177246
vt 0.554199 0.151855
vt 0.565430 0.139160
vt 0.577148 0.127930
vt 0.610352 0.128418
vt 0.600586 0.117188
vt 0.620605 0.140137
vt 0.588867 0.116699
vt 0.630859 0.152344
vt 0.534180 0.164551
vt 0.674805 0.826172
vt 0.683594 0.826538
vt 0.692383 0.826904
vt 0.700195 0.818237
vt 0.640625 0.803833
vt 0.648926 0.815063
vt 0.657227 0.825928
vt 0.666016 0.836914
vt 0.657227 0.836792
vt 0.674805 0.836914
vt 0.683594 0.836792
vt 0.700195 0.827393
vt 0.692383 0.836792
vt 0.640625 0.814819
vt 0.648926 0.826050
vt 0.641113 0.826050
vt 0.648926 0.836670
vt 0.658203 0.848389
vt 0.666504 0.848633
vt 0.648926 0.848145
vt 0.675293 0.848511
vt 0.683594 0.847900
vt 0.641113 0.836304
vt 0.641602 0.847778
vt 0.692383 0.847534
vt 0.700684 0.836670
vt 0.649902 0.859741
vt 0.659180 0.860596
vt 0.666992 0.860352
vt 0.642090 0.859131
vt 0.675781 0.859863
vt 0.684082 0.858643
vt 0.692871 0.857910
vt 0.700684 0.847046
vt 0.650391 0.872925
vt 0.642578 0.872192
vt 0.659668 0.873047
vt 0.667969 0.872314
vt 0.676270 0.871582
vt 0.684570 0.870239
vt 0.701172 0.857178
vt 0.693359 0.868774
vt 0.650879 0.883545
vt 0.643066 0.883850
vt 0.660156 0.882874
vt 0.668945 0.882080
vt 0.676270 0.881348
vt 0.685059 0.879822
vt 0.693848 0.878418
vt 0.701172 0.867554
vt 0.643555 0.894165
vt 0.651367 0.893127
vt 0.661133 0.891846
vt 0.669434 0.890808
vt 0.676758 0.889893
vt 0.685059 0.888733
vt 0.694336 0.887207
vt 0.702148 0.877258
vt 0.644531 0.904053
vt 0.651855 0.902466
vt 0.661133 0.901184
vt 0.669922 0.899902
vt 0.677246 0.899048
vt 0.685059 0.897766
vt 0.694336 0.896118
vt 0.702637 0.885925
vt 0.645020 0.915100
vt 0.652832 0.912903
vt 0.661621 0.911133
vt 0.669922 0.909363
vt 0.677246 0.908386
vt 0.685547 0.906921
vt 0.694336 0.905457
vt 0.702637 0.894836
vt 0.645996 0.927063
vt 0.653809 0.924438
vt 0.663086 0.921814
vt 0.670410 0.919800
vt 0.678223 0.918396
vt 0.685547 0.916809
vt 0.693848 0.915771
vt 0.702148 0.904358
vt 0.647461 0.938507
vt 0.655273 0.935547
vt 0.664062 0.932983
vt 0.671387 0.930847
vt 0.678223 0.928833
vt 0.686035 0.927246
vt 0.693359 0.925415
vt 0.701172 0.914124
vt 0.649902 0.950195
vt 0.657227 0.947021
vt 0.665527 0.943848
vt 0.671875 0.941528
vt 0.678711 0.939514
vt 0.685547 0.937622
vt 0.692383 0.935974
vt 0.701172 0.924011
vt 0.653809 0.960968
vt 0.661133 0.957764
vt 0.667480 0.955048
vt 0.672852 0.952393
vt 0.678711 0.950165
vt 0.685547 0.947632
vt 0.692383 0.945526
vt 0.700195 0.933899
vt 0.657715 0.968979
vt 0.663574 0.965637
vt 0.669434 0.963043
vt 0.674316 0.960571
vt 0.679688 0.958527
vt 0.685547 0.956482
vt 0.691895 0.954498
vt 0.699219 0.943573
vt 0.661133 0.975510
vt 0.666504 0.972397
vt 0.670898 0.970154
vt 0.675781 0.968109
vt 0.680664 0.966217
vt 0.686523 0.964478
vt 0.692383 0.962738
vt 0.699219 0.952637
vt 0.664551 0.980728
vt 0.668945 0.977814
vt 0.672852 0.976059
vt 0.677246 0.974152
vt 0.681641 0.972366
vt 0.687500 0.970551
vt 0.693359 0.968750
vt 0.699219 0.960724
vt 0.667480 0.985359
vt 0.671387 0.982864
vt 0.674316 0.981018
vt 0.677734 0.979034
vt 0.682129 0.977051
vt 0.687500 0.974625
vt 0.693359 0.972549
vt 0.699707 0.966980
vt 0.678711 0.982880
vt 0.675293 0.984619
vt 0.672852 0.986259
vt 0.682129 0.981293
vt 0.687988 0.978973
vt 0.669922 0.988373
vt 0.693848 0.977127
vt 0.700195 0.970718
vt 0.700195 0.975555
vt 0.543945 0.151367
vt 0.554199 0.138672
vt 0.565918 0.127441
vt 0.577148 0.116211
vt 0.631348 0.140137
vt 0.621094 0.128418
vt 0.611328 0.117188
vt 0.601074 0.105469
vt 0.589355 0.105469
vt 0.543945 0.138672
vt 0.534668 0.151367
vt 0.554688 0.126953
vt 0.565918 0.116211
vt 0.577637 0.104980
vt 0.589844 0.093750
vt 0.601074 0.093750
vt 0.544434 0.126465
vt 0.534668 0.138184
vt 0.555176 0.115723
vt 0.566406 0.104492
vt 0.578125 0.093750
vt 0.589844 0.083008
vt 0.601562 0.083008
vt 0.535156 0.125977
vt 0.544922 0.115234
vt 0.555664 0.104492
vt 0.566895 0.093262
vt 0.578125 0.083008
vt 0.602051 0.072266
vt 0.590332 0.072266
vt 0.545898 0.104004
vt 0.535645 0.115234
vt 0.556152 0.093262
vt 0.566895 0.082520
vt 0.578613 0.072266
vt 0.591309 0.061035
vt 0.545898 0.092773
vt 0.536133 0.104004
vt 0.556152 0.082520
vt 0.566895 0.071777
vt 0.577637 0.061035
vt 0.546387 0.082031
vt 0.536621 0.092773
vt 0.556152 0.071289
vt 0.566406 0.060547
vt 0.577148 0.057617
vt 0.590332 0.057617
vt 0.536621 0.082031
vt 0.546387 0.071289
vt 0.555664 0.060547
vt 0.565430 0.057617
vt 0.545898 0.060547
vt 0.536621 0.071289
vt 0.554688 0.057617
vt 0.527344 0.092285
vt 0.527344 0.082031
vt 0.545410 0.057617
vt 0.535645 0.060547
vt 0.527344 0.071289
vt 0.518066 0.092285
vt 0.518066 0.081543
vt 0.535156 0.057617
vt 0.526855 0.060547
vt 0.518066 0.070801
vt 0.509277 0.092285
vt 0.508789 0.081543
vt 0.508789 0.103516
vt 0.518066 0.103516
vt 0.526855 0.057617
vt 0.518066 0.060547
vt 0.508789 0.070801
vt 0.500000 0.091797
vt 0.500000 0.103027
vt 0.500000 0.081055
vt 0.508789 0.114746
vt 0.500000 0.114746
vt 0.517578 0.057617
vt 0.508789 0.060547
vt 0.500000 0.070801
vt 0.490967 0.081543
vt 0.490967 0.092285
vt 0.491211 0.103516
vt 0.490967 0.070801
vt 0.500000 0.125488
vt 0.491455 0.114746
vt 0.508301 0.057617
vt 0.500000 0.060059
vt 0.490967 0.060547
vt 0.481689 0.081543
vt 0.481689 0.070801
vt 0.481934 0.092285
vt 0.482178 0.103516
vt 0.482178 0.060547
vt 0.482422 0.114746
vt 0.491455 0.125488
vt 0.500000 0.057617
vt 0.491211 0.057617
vt 0.482422 0.057617
vt 0.472412 0.082031
vt 0.472656 0.071289
vt 0.473145 0.060547
vt 0.472656 0.092285
vt 0.473145 0.103516
vt 0.473877 0.057617
vt 0.473633 0.114746
vt 0.482666 0.125977
vt 0.462891 0.082031
vt 0.463135 0.071289
vt 0.463623 0.060547
vt 0.464111 0.057617
vt 0.463135 0.092773
vt 0.463867 0.104004
vt 0.464355 0.115234
vt 0.473877 0.125977
vt 0.453613 0.082031
vt 0.453613 0.071289
vt 0.454102 0.060547
vt 0.454590 0.057617
vt 0.453857 0.092773
vt 0.454346 0.104004
vt 0.455322 0.115234
vt 0.465088 0.125977
vt 0.443848 0.082520
vt 0.444092 0.071289
vt 0.444580 0.060547
vt 0.445557 0.057617
vt 0.444092 0.093262
vt 0.444580 0.104492
vt 0.445068 0.115723
vt 0.455811 0.126465
vt 0.433105 0.082520
vt 0.433105 0.071777
vt 0.433838 0.060547
vt 0.434570 0.057617
vt 0.433350 0.093262
vt 0.433594 0.104492
vt 0.434082 0.116211
vt 0.445557 0.126953
vt 0.421875 0.083008
vt 0.421875 0.072266
vt 0.422363 0.061035
vt 0.423096 0.057617
vt 0.421875 0.093750
vt 0.422363 0.104980
vt 0.422852 0.116211
vt 0.434326 0.127441
vt 0.410156 0.083008
vt 0.409668 0.072266
vt 0.409180 0.061035
vt 0.706543 0.969284
vt 0.706543 0.965302
vt 0.706543 0.958954
vt 0.707031 0.974136
vt 0.714844 0.967651
vt 0.714844 0.963104
vt 0.714844 0.956604
vt 0.706543 0.950989
vt 0.714844 0.948669
vt 0.715332 0.972961
vt 0.720215 0.954834
vt 0.720215 0.961578
vt 0.720215 0.946686
vt 0.720703 0.972473
vt 0.720215 0.966858
vt 0.714844 0.939636
vt 0.707520 0.941681
vt 0.720703 0.937897
vt 0.725586 0.953491
vt 0.726074 0.945007
vt 0.725586 0.960358
vt 0.726074 0.936401
vt 0.725586 0.972122
vt 0.725586 0.966248
vt 0.730957 0.952423
vt 0.720703 0.928650
vt 0.715332 0.930237
vt 0.708008 0.932312
vt 0.726562 0.927124
vt 0.730957 0.959503
vt 0.731445 0.935059
vt 0.731445 0.943665
vt 0.730957 0.971985
vt 0.730957 0.965790
vt 0.736328 0.951660
vt 0.736816 0.942596
vt 0.736328 0.958832
vt 0.721191 0.919312
vt 0.726562 0.917908
vt 0.715332 0.920898
vt 0.731934 0.925720
vt 0.736816 0.933899
vt 0.742188 0.941742
vt 0.742188 0.950867
vt 0.721191 0.910339
vt 0.736328 0.971985
vt 0.736328 0.965546
vt 0.742188 0.958313
vt 0.727051 0.908813
vt 0.731934 0.916565
vt 0.737305 0.924561
vt 0.742188 0.932922
vt 0.747070 0.950256
vt 0.747559 0.940979
vt 0.742188 0.971985
vt 0.742188 0.965240
vt 0.747070 0.957947
vt 0.751953 0.949738
vt 0.737305 0.915344
vt 0.732422 0.907410
vt 0.742676 0.923645
vt 0.747559 0.932190
vt 0.751953 0.940430
vt 0.747559 0.965027
vt 0.752441 0.957703
vt 0.757324 0.949158
vt 0.748047 0.971985
vt 0.737793 0.906311
vt 0.742676 0.914307
vt 0.747559 0.922913
vt 0.751953 0.931519
vt 0.757324 0.939850
vt 0.752441 0.964874
vt 0.757812 0.957458
vt 0.762207 0.948730
vt 0.752441 0.971985
vt 0.757324 0.964691
vt 0.743164 0.905273
vt 0.747559 0.913391
vt 0.751953 0.922180
vt 0.757324 0.930908
vt 0.762207 0.939392
vt 0.762695 0.957336
vt 0.767090 0.948486
vt 0.757324 0.971985
vt 0.762695 0.964539
vt 0.767578 0.957306
vt 0.752441 0.912476
vt 0.747559 0.904419
vt 0.757324 0.921814
vt 0.762207 0.930542
vt 0.767090 0.939178
vt 0.771973 0.948425
vt 0.762695 0.971985
vt 0.767578 0.964478
vt 0.771973 0.957458
vt 0.752441 0.903625
vt 0.757324 0.911804
vt 0.761719 0.921387
vt 0.766602 0.930298
vt 0.771484 0.939087
vt 0.773926 0.948517
vt 0.773926 0.939056
vt 0.767578 0.971985
vt 0.771973 0.964569
vt 0.773926 0.957428
vt 0.773926 0.964478
vt 0.762207 0.911316
vt 0.757324 0.902954
vt 0.767090 0.921204
vt 0.771973 0.930115
vt 0.773926 0.930420
vt 0.771973 0.971985
vt 0.773926 0.971985
vt 0.762207 0.902161
vt 0.767090 0.910889
vt 0.771973 0.921143
vt 0.773926 0.921204
vt 0.767090 0.901489
vt 0.771973 0.910706
vt 0.773926 0.910828
vt 0.757324 0.895020
vt 0.762695 0.894043
vt 0.767090 0.893311
vt 0.771973 0.901062
vt 0.773926 0.901184
vt 0.757324 0.886963
vt 0.762695 0.886414
vt 0.767578 0.885803
vt 0.771484 0.892761
vt 0.773926 0.892944
vt 0.773926 0.885681
vt 0.771484 0.885498
vt 0.767578 0.879089
vt 0.771484 0.878784
vt 0.757324 0.880249
vt 0.762695 0.879700
vt 0.773926 0.878906
vt 0.762695 0.873413
vt 0.767578 0.872559
vt 0.771484 0.871826
vt 0.773926 0.871826
vt 0.767578 0.865234
vt 0.757324 0.873535
vt 0.762695 0.865601
vt 0.773926 0.864990
vt 0.771484 0.864990
vt 0.752930 0.880554
vt 0.409912 0.057617
vt 0.410645 0.093750
vt 0.410889 0.105469
vt 0.398193 0.072266
vt 0.398682 0.083008
vt 0.411377 0.116699
vt 0.423096 0.127930
vt 0.398926 0.093750
vt 0.399170 0.105469
vt 0.398438 0.057617
vt 0.397461 0.061035
vt 0.387451 0.072266
vt 0.387939 0.083496
vt 0.388184 0.094238
vt 0.399658 0.117188
vt 0.411865 0.128418
vt 0.388184 0.105957
vt 0.387451 0.057617
vt 0.386719 0.061035
vt 0.377197 0.061523
vt 0.377441 0.072266
vt 0.377441 0.083496
vt 0.377441 0.094238
vt 0.377686 0.057617
vt 0.377930 0.105957
vt 0.388916 0.117188
vt 0.389648 0.128418
vt 0.400391 0.128418
vt 0.368164 0.057617
vt 0.367676 0.061523
vt 0.367432 0.072266
vt 0.367432 0.083496
vt 0.367432 0.094727
vt 0.367432 0.105957
vt 0.378174 0.117188
vt 0.378906 0.128418
vt 0.390381 0.140625
vt 0.379639 0.140137
vt 0.358398 0.057617
vt 0.357910 0.061523
vt 0.357666 0.072266
vt 0.357178 0.083496
vt 0.356934 0.094727
vt 0.367676 0.117188
vt 0.356689 0.105957
vt 0.368896 0.140137
vt 0.368408 0.128906
vt 0.369629 0.152344
vt 0.380127 0.152344
vt 0.348145 0.057617
vt 0.347900 0.061523
vt 0.347168 0.072266
vt 0.346680 0.083496
vt 0.346680 0.094727
vt 0.357178 0.117188
vt 0.357422 0.128906
vt 0.346191 0.105957
vt 0.357910 0.140137
vt 0.358398 0.152344
vt 0.369873 0.166016
vt 0.346191 0.117188
vt 0.335693 0.057617
vt 0.335693 0.061523
vt 0.335449 0.072266
vt 0.335205 0.083496
vt 0.334961 0.094727
vt 0.334717 0.105957
vt 0.346924 0.140137
vt 0.346436 0.128418
vt 0.346924 0.152832
vt 0.358887 0.166016
vt 0.334473 0.117188
vt 0.334717 0.128418
vt 0.334717 0.140137
vt 0.323486 0.094238
vt 0.323486 0.083008
vt 0.323486 0.105957
vt 0.323486 0.117188
vt 0.323486 0.128418
vt 0.323486 0.140137
vt 0.323486 0.152832
vt 0.334717 0.152832
vt 0.323486 0.166016
vt 0.334717 0.166016
vt 0.323486 0.179199
vt 0.323486 0.072266
vt 0.323486 0.061523
vt 0.323486 0.057617
vt 0.334961 0.178711
vt 0.323486 0.191895
vt 0.346924 0.179199
vt 0.335205 0.191895
vt 0.347412 0.166016
vt 0.323486 0.204590
vt 0.358643 0.179688
vt 0.346924 0.192383
vt 0.334961 0.205078
vt 0.323486 0.217285
vt 0.358398 0.192871
vt 0.346680 0.206055
vt 0.334961 0.217773
vt 0.369385 0.193359
vt 0.369629 0.179199
vt 0.323486 0.229492
vt 0.358154 0.207031
vt 0.369141 0.207031
vt 0.346680 0.218750
vt 0.334961 0.229980
vt 0.357910 0.219238
vt 0.380615 0.192871
vt 0.379883 0.207031
vt 0.380615 0.179199
vt 0.346191 0.230469
vt 0.323486 0.240234
vt 0.334961 0.240723
vt 0.379395 0.219727
vt 0.368652 0.219727
vt 0.357422 0.231445
vt 0.346191 0.241699
vt 0.391602 0.192871
vt 0.391113 0.207031
vt 0.390625 0.219727
vt 0.390137 0.231934
vt 0.357178 0.242188
vt 0.402588 0.206543
vt 0.402100 0.219727
vt 0.401611 0.231934
vt 0.401367 0.243652
vt 0.413330 0.231934
vt 0.413818 0.219727
vt 0.413086 0.244141
vt 0.412598 0.255859
vt 0.401123 0.255859
vt 0.425049 0.231934
vt 0.424561 0.244141
vt 0.423828 0.256348
vt 0.400879 0.267578
vt 0.412109 0.268066
vt 0.435303 0.256348
vt 0.435547 0.244141
vt 0.771484 0.857178
vt 0.767578 0.857178
vt 0.773926 0.857178
vt 0.757812 0.865479
vt 0.752930 0.873535
vt 0.762695 0.857178
vt 0.748047 0.880859
vt 0.752930 0.887573
vt 0.773926 0.847534
vt 0.771484 0.847656
vt 0.767090 0.847778
vt 0.752930 0.865479
vt 0.757812 0.857178
vt 0.747559 0.873413
vt 0.762695 0.847900
vt 0.748047 0.888184
vt 0.743164 0.881104
vt 0.752441 0.895691
vt 0.773926 0.839600
vt 0.771484 0.839600
vt 0.767578 0.839600
vt 0.747559 0.865479
vt 0.752441 0.856934
vt 0.757812 0.847778
vt 0.743164 0.873413
vt 0.762695 0.839355
vt 0.748047 0.896423
vt 0.743164 0.888611
vt 0.737793 0.881409
vt 0.773926 0.829956
vt 0.771484 0.830078
vt 0.767578 0.829956
vt 0.743164 0.865356
vt 0.747559 0.856445
vt 0.752441 0.847412
vt 0.757812 0.838989
vt 0.737305 0.873291
vt 0.762695 0.829834
vt 0.732422 0.882019
vt 0.737793 0.889099
vt 0.773926 0.821777
vt 0.771973 0.821533
vt 0.767578 0.821533
vt 0.737305 0.865356
vt 0.743164 0.856201
vt 0.747559 0.846924
vt 0.752441 0.838623
vt 0.757324 0.829468
vt 0.732422 0.873535
vt 0.762695 0.821411
vt 0.773926 0.813599
vt 0.771484 0.813354
vt 0.767090 0.813477
vt 0.731934 0.865479
vt 0.737305 0.855835
vt 0.742676 0.846436
vt 0.747559 0.838257
vt 0.752441 0.829346
vt 0.757324 0.821045
vt 0.762695 0.813599
vt 0.773926 0.807129
vt 0.771484 0.806885
vt 0.767090 0.806396
vt 0.737305 0.846313
vt 0.731934 0.855835
vt 0.742676 0.837891
vt 0.747559 0.829102
vt 0.752441 0.820801
vt 0.757324 0.813354
vt 0.762207 0.806030
vt 0.773926 0.799683
vt 0.771484 0.799438
vt 0.766602 0.798706
vt 0.731445 0.845947
vt 0.737305 0.837524
vt 0.743164 0.828857
vt 0.747559 0.820312
vt 0.752441 0.813110
vt 0.757324 0.805420
vt 0.761719 0.797974
vt 0.773926 0.790283
vt 0.771484 0.790039
vt 0.766602 0.789551
vt 0.731445 0.837280
vt 0.737305 0.828491
vt 0.743164 0.819946
vt 0.748047 0.812866
vt 0.752441 0.804932
vt 0.757324 0.796997
vt 0.761719 0.788818
vt 0.773926 0.780640
vt 0.771484 0.780273
vt 0.766602 0.780151
vt 0.731445 0.828369
vt 0.737305 0.819458
vt 0.743164 0.812500
vt 0.748047 0.804688
vt 0.752441 0.796509
vt 0.756836 0.788208
vt 0.761719 0.780029
vt 0.773926 0.770874
vt 0.771484 0.770508
vt 0.766602 0.770874
vt 0.737305 0.812012
vt 0.731445 0.819336
vt 0.743164 0.804443
vt 0.748047 0.796143
vt 0.743652 0.795776
vt 0.752441 0.787842
vt 0.756836 0.779541
vt 0.761719 0.771118
vt 0.766602 0.762085
vt 0.773926 0.762329
vt 0.771484 0.761963
vt 0.748535 0.787354
vt 0.731934 0.811523
vt 0.737305 0.804077
vt 0.737793 0.795654
vt 0.752441 0.779297
vt 0.756836 0.771240
vt 0.761230 0.762451
vt 0.766113 0.754150
vt 0.773926 0.754150
vt 0.771484 0.753784
vt 0.731934 0.803589
vt 0.732422 0.795410
vt 0.752441 0.770996
vt 0.748535 0.778809
vt 0.756348 0.762695
vt 0.761230 0.754272
vt 0.761230 0.744629
vt 0.766113 0.744873
vt 0.773926 0.744873
vt 0.771484 0.744629
vt 0.756348 0.754028
vt 0.752441 0.762817
vt 0.748535 0.770752
vt 0.755859 0.744629
vt 0.752441 0.753906
vt 0.748535 0.762329
vt 0.773926 0.735107
vt 0.423340 0.269043
vt 0.425049 0.219238
vt 0.435791 0.231445
vt 0.446533 0.256348
vt 0.435059 0.269043
vt 0.446533 0.243652
vt 0.422852 0.279297
vt 0.435791 0.218262
vt 0.446777 0.231445
vt 0.457031 0.256348
vt 0.446289 0.269531
vt 0.434570 0.279785
vt 0.457275 0.243652
vt 0.433594 0.289551
vt 0.446045 0.280273
vt 0.457275 0.269531
vt 0.466309 0.256348
vt 0.446777 0.218262
vt 0.457275 0.231445
vt 0.466309 0.243652
vt 0.445557 0.290039
vt 0.457031 0.280762
vt 0.466309 0.269531
vt 0.475098 0.256348
vt 0.457275 0.217773
vt 0.466309 0.230957
vt 0.475098 0.243652
vt 0.456787 0.291016
vt 0.444824 0.301270
vt 0.466309 0.280762
vt 0.475098 0.269531
vt 0.483398 0.256348
vt 0.456543 0.301758
vt 0.466553 0.291504
vt 0.475098 0.281250
vt 0.466309 0.217773
vt 0.475098 0.230957
vt 0.483398 0.243652
vt 0.483643 0.269531
vt 0.491943 0.256348
vt 0.491943 0.269531
vt 0.475342 0.292480
vt 0.483643 0.281250
vt 0.475098 0.217285
vt 0.483643 0.230957
vt 0.491943 0.243652
vt 0.491943 0.230957
vt 0.500000 0.256348
vt 0.500000 0.269043
vt 0.500000 0.281250
vt 0.491943 0.281738
vt 0.483643 0.292969
vt 0.483643 0.217285
vt 0.500000 0.243652
vt 0.491943 0.217285
vt 0.500000 0.230957
vt 0.508301 0.243652
vt 0.508301 0.256348
vt 0.508301 0.269531
vt 0.508301 0.281738
vt 0.491943 0.293457
vt 0.508301 0.230957
vt 0.516602 0.243652
vt 0.516602 0.256348
vt 0.508301 0.217285
vt 0.500000 0.217285
vt 0.516602 0.269531
vt 0.516602 0.281250
vt 0.516602 0.292969
vt 0.516602 0.217285
vt 0.516602 0.230957
vt 0.508301 0.203613
vt 0.525391 0.243652
vt 0.524902 0.230957
vt 0.524902 0.269531
vt 0.524902 0.281250
vt 0.524902 0.292480
vt 0.524902 0.217285
vt 0.524902 0.303711
vt 0.516602 0.203613
vt 0.525391 0.204102
vt 0.533691 0.217773
vt 0.533691 0.230957
vt 0.533691 0.291504
vt 0.533691 0.280762
vt 0.533691 0.303223
vt 0.534668 0.314453
vt 0.525391 0.190430
vt 0.542969 0.217773
vt 0.543457 0.291016
vt 0.543945 0.301758
vt 0.555176 0.301270
vt 0.554688 0.290039
vt 0.542969 0.280762
vt 0.554199 0.280273
vt 0.566406 0.289551
vt 0.533691 0.269531
vt 0.542969 0.269531
vt 0.565918 0.279785
vt 0.553711 0.269531
vt 0.577148 0.279297
vt 0.565430 0.269043
vt 0.534180 0.256348
vt 0.525391 0.256348
vt 0.542969 0.256348
vt 0.553711 0.256348
vt 0.576660 0.269043
vt 0.564941 0.256348
vt 0.576172 0.256348
vt 0.534180 0.243652
vt 0.542969 0.243652
vt 0.553711 0.243652
vt 0.564453 0.244141
vt 0.575684 0.244141
vt 0.542969 0.231445
vt 0.553223 0.231445
vt 0.564453 0.231445
vt 0.575195 0.231934
vt 0.553223 0.218262
vt 0.752441 0.744385
vt 0.743652 0.786987
vt 0.726562 0.794922
vt 0.720215 0.794312
vt 0.726074 0.802856
vt 0.719727 0.802002
vt 0.713379 0.793823
vt 0.719727 0.810181
vt 0.725586 0.810791
vt 0.713379 0.801514
vt 0.707031 0.792847
vt 0.713379 0.809814
vt 0.719727 0.818604
vt 0.725586 0.818970
vt 0.707031 0.801270
vt 0.700684 0.791748
vt 0.712891 0.818604
vt 0.706543 0.809326
vt 0.700684 0.800415
vt 0.719727 0.827759
vt 0.713379 0.827515
vt 0.725586 0.827759
vt 0.693359 0.789917
vt 0.706543 0.818359
vt 0.706543 0.827515
vt 0.700195 0.808716
vt 0.692383 0.799194
vt 0.719727 0.836792
vt 0.713379 0.836670
vt 0.707031 0.836670
vt 0.726074 0.837036
vt 0.685059 0.787842
vt 0.713379 0.845947
vt 0.719727 0.845703
vt 0.707031 0.846558
vt 0.726074 0.845825
vt 0.713867 0.856201
vt 0.707520 0.856445
vt 0.720215 0.855713
vt 0.726074 0.855835
vt 0.714355 0.865845
vt 0.708008 0.866821
vt 0.720703 0.865356
vt 0.726562 0.865479
vt 0.714844 0.875366
vt 0.708496 0.876221
vt 0.721191 0.874634
vt 0.726562 0.874146
vt 0.715332 0.883789
vt 0.708496 0.884827
vt 0.721191 0.883057
vt 0.727051 0.882446
vt 0.721191 0.891907
vt 0.727051 0.890869
vt 0.708496 0.893799
vt 0.715332 0.893066
vt 0.721191 0.901001
vt 0.727051 0.899719
vt 0.732422 0.898743
vt 0.732422 0.889954
vt 0.708496 0.903503
vt 0.715332 0.902100
vt 0.737793 0.897766
vt 0.708008 0.913025
vt 0.715332 0.911865
vt 0.743164 0.897156
vt 0.708008 0.922607
vt 0.659668 0.695312
vt 0.666016 0.698486
vt 0.664551 0.688232
vt 0.669922 0.691162
vt 0.672363 0.701172
vt 0.669434 0.682129
vt 0.675293 0.693359
vt 0.673828 0.684570
vt 0.678223 0.703613
vt 0.674316 0.677002
vt 0.680664 0.695557
vt 0.678711 0.686523
vt 0.678223 0.678955
vt 0.684570 0.705566
vt 0.679688 0.672363
vt 0.686035 0.697266
vt 0.683594 0.688232
vt 0.682617 0.680664
vt 0.683105 0.674072
vt 0.689941 0.707275
vt 0.685059 0.667969
vt 0.687988 0.689697
vt 0.691406 0.698730
vt 0.686035 0.682129
vt 0.686523 0.675537
vt 0.687988 0.669434
vt 0.695801 0.708740
vt 0.690430 0.664062
vt 0.690430 0.683594
vt 0.692871 0.691406
vt 0.696777 0.700439
vt 0.689453 0.676758
vt 0.689941 0.670654
vt 0.564453 0.218262
vt 0.575195 0.219238
vt 0.602051 0.057617
vt 0.602539 0.061035
vt 0.612793 0.057617
vt 0.612793 0.072266
vt 0.613281 0.061035
vt 0.622559 0.057617
vt 0.623047 0.061523
vt 0.623047 0.072266
vt 0.612305 0.083496
vt 0.631836 0.057617
vt 0.632324 0.061523
vt 0.632812 0.072266
vt 0.623047 0.083496
vt 0.611816 0.094238
vt 0.641602 0.057617
vt 0.642090 0.061523
vt 0.642578 0.072266
vt 0.632812 0.083496
vt 0.622559 0.094238
vt 0.611816 0.105957
vt 0.652344 0.057617
vt 0.652344 0.061523
vt 0.652832 0.072266
vt 0.643066 0.083496
vt 0.632812 0.094727
vt 0.622559 0.105957
vt 0.664551 0.057617
vt 0.664551 0.061523
vt 0.664551 0.072266
vt 0.653320 0.083496
vt 0.643066 0.094727
vt 0.632812 0.105957
vt 0.622070 0.117188
vt 0.676270 0.057617
vt 0.676270 0.061523
vt 0.632324 0.117188
vt 0.643555 0.105957
vt 0.653320 0.094727
vt 0.665039 0.083496
vt 0.676270 0.072266
vt 0.676270 0.083008
vt 0.653809 0.105957
vt 0.643066 0.117188
vt 0.665039 0.094727
vt 0.676270 0.094238
vt 0.665527 0.105957
vt 0.653809 0.117188
vt 0.642578 0.128906
vt 0.676270 0.105957
vt 0.665527 0.117188
vt 0.653809 0.128418
vt 0.676270 0.117188
vt 0.642090 0.140137
vt 0.631836 0.128906
vt 0.667480 0.667236
vt 0.667480 0.662109
vt 0.669922 0.665039
vt 0.663086 0.664551
vt 0.664551 0.670410
vt 0.664551 0.657471
vt 0.656738 0.661377
vt 0.658691 0.667725
vt 0.660645 0.674805
vt 0.651855 0.655518
vt 0.661133 0.652344
vt 0.650879 0.664795
vt 0.642578 0.660645
vt 0.645508 0.669189
vt 0.653809 0.672363
vt 0.634766 0.666260
vt 0.634766 0.654053
vt 0.647461 0.648682
vt 0.657227 0.678711
vt 0.657715 0.645752
vt 0.628906 0.673584
vt 0.640137 0.675293
vt 0.649414 0.677246
vt 0.615723 0.674316
vt 0.620605 0.661865
vt 0.616211 0.646973
vt 0.632812 0.642822
vt 0.645508 0.639404
vt 0.653809 0.682861
vt 0.653809 0.637695
vt 0.625000 0.681641
vt 0.611816 0.683105
vt 0.636230 0.681641
vt 0.645508 0.682617
vt 0.597656 0.671875
vt 0.596191 0.681396
vt 0.598145 0.660156
vt 0.597656 0.647705
vt 0.630371 0.632568
vt 0.642578 0.629150
vt 0.648926 0.689209
vt 0.641113 0.689209
vt 0.608887 0.691162
vt 0.594238 0.690430
vt 0.581055 0.670410
vt 0.580566 0.680420
vt 0.579590 0.689941
vt 0.581055 0.659668
vt 0.581055 0.648438
vt 0.627930 0.620361
vt 0.644531 0.696777
vt 0.579102 0.699219
vt 0.592773 0.699463
vt 0.564941 0.669678
vt 0.564941 0.679688
vt 0.564941 0.689453
vt 0.564941 0.698975
vt 0.564941 0.659180
vt 0.564941 0.708252
vt 0.578125 0.708252
vt 0.551270 0.669189
vt 0.552246 0.679199
vt 0.552246 0.688965
vt 0.552734 0.698486
vt 0.552734 0.708008
vt 0.564941 0.717041
vt 0.552734 0.717041
vt 0.540527 0.678711
vt 0.541016 0.688477
vt 0.541016 0.697998
vt 0.541016 0.707520
vt 0.541504 0.716553
vt 0.541504 0.725586
vt 0.553223 0.725830
vt 0.530273 0.687988
vt 0.530273 0.678223
vt 0.530273 0.697510
vt 0.530273 0.707031
vt 0.530762 0.716309
vt 0.530762 0.725342
vt 0.691895 0.665527
vt 0.701172 0.709961
vt 0.692871 0.677979
vt 0.695312 0.685059
vt 0.698242 0.692871
vt 0.702148 0.701904
vt 0.692383 0.671631
vt 0.693359 0.666748
vt 0.707520 0.711670
vt 0.695312 0.672852
vt 0.696777 0.679443
vt 0.699219 0.686279
vt 0.702637 0.694336
vt 0.708008 0.703369
vt 0.695312 0.667969
vt 0.713379 0.713379
vt 0.697754 0.668945
vt 0.698730 0.674316
vt 0.700684 0.680664
vt 0.703125 0.687500
vt 0.708496 0.695801
vt 0.713379 0.704590
vt 0.720215 0.715088
vt 0.700684 0.669922
vt 0.702148 0.675293
vt 0.704102 0.681641
vt 0.708496 0.688721
vt 0.714355 0.697510
vt 0.720215 0.706299
vt 0.727051 0.716309
vt 0.704102 0.670898
vt 0.705078 0.676025
vt 0.709473 0.682617
vt 0.714355 0.689941
vt 0.720215 0.698975
vt 0.727051 0.707520
vt 0.706543 0.671143
vt 0.709961 0.677002
vt 0.714844 0.683838
vt 0.719727 0.691406
vt 0.727051 0.700195
vt 0.726562 0.692627
vt 0.720215 0.685059
vt 0.715332 0.678223
vt 0.710938 0.671875
vt 0.726562 0.686035
vt 0.720215 0.679199
vt 0.715820 0.671875
vt 0.720703 0.671875
vt 0.726562 0.679688
vt 0.732910 0.686768
vt 0.732910 0.680176
vt 0.738281 0.680420
vt 0.726562 0.671875
vt 0.732910 0.671875
vt 0.738281 0.671875
vt 0.226074 0.671875
vt 0.228027 0.671875
vt 0.226074 0.681641
vt 0.228027 0.681641
vt 0.226074 0.688232
vt 0.232544 0.681396
vt 0.232544 0.671875
vt 0.228149 0.688477
vt 0.232666 0.688477
vt 0.237549 0.681396
vt 0.226074 0.694824
vt 0.228149 0.695068
vt 0.237427 0.671875
vt 0.237671 0.688477
vt 0.232666 0.695068
vt 0.242432 0.681152
vt 0.226074 0.701904
vt 0.228149 0.702148
vt 0.242554 0.671875
vt 0.242676 0.688477
vt 0.237671 0.695312
vt 0.232666 0.702148
vt 0.247559 0.680908
vt 0.226074 0.708740
vt 0.228149 0.708984
vt 0.247559 0.671875
vt 0.247559 0.688232
vt 0.242798 0.695557
vt 0.237793 0.702393
vt 0.233032 0.709473
vt 0.251953 0.680908
vt 0.251953 0.688232
vt 0.226074 0.716797
vt 0.228149 0.717041
vt 0.251953 0.671875
vt 0.251953 0.695312
vt 0.247681 0.695557
vt 0.242920 0.702393
vt 0.238159 0.709961
vt 0.233276 0.718262
vt 0.256348 0.680664
vt 0.256348 0.687744
vt 0.256104 0.694824
vt 0.226074 0.726074
vt 0.228394 0.726318
vt 0.256592 0.671875
vt 0.251953 0.702637
vt 0.256348 0.702393
vt 0.247559 0.702637
vt 0.243164 0.710205
vt 0.238525 0.718750
vt 0.233521 0.727295
vt 0.228394 0.735107
vt 0.261719 0.687500
vt 0.261719 0.694336
vt 0.261719 0.701660
vt 0.247681 0.710205
vt 0.252197 0.709961
vt 0.256592 0.709961
vt 0.243530 0.718994
vt 0.238770 0.727539
vt 0.233521 0.735596
vt 0.247925 0.719238
vt 0.267090 0.700928
vt 0.267090 0.693604
vt 0.243652 0.727783
vt 0.267090 0.708740
vt 0.261719 0.709473
vt 0.238770 0.735840
vt 0.251953 0.718994
vt 0.256348 0.718750
vt 0.261719 0.718018
vt 0.251709 0.727539
vt 0.247681 0.727783
vt 0.243774 0.736084
vt 0.267090 0.717285
vt 0.256104 0.727295
vt 0.261719 0.727051
vt 0.267090 0.726318
vt 0.247925 0.736084
vt 0.251465 0.736084
vt 0.256104 0.735840
vt 0.261719 0.735352
vt 0.267090 0.734863
vt 0.273193 0.725098
vt 0.261719 0.742920
vt 0.541504 0.734619
vt 0.531250 0.734619
vt 0.520020 0.697021
vt 0.520020 0.706787
vt 0.520508 0.716064
vt 0.520508 0.725098
vt 0.520508 0.734375
vt 0.510254 0.716064
vt 0.509766 0.706055
vt 0.520508 0.743652
vt 0.531250 0.743652
vt 0.510254 0.725098
vt 0.510254 0.696777
vt 0.510254 0.743164
vt 0.510254 0.734131
vt 0.500000 0.715576
vt 0.500000 0.724854
vt 0.500000 0.734131
vt 0.500000 0.706055
vt 0.500000 0.696777
vt 0.500000 0.742920
vt 0.510254 0.752319
vt 0.500000 0.751831
vt 0.490234 0.706055
vt 0.489990 0.716064
vt 0.489746 0.725098
vt 0.489746 0.734131
vt 0.489990 0.743164
vt 0.479492 0.734375
vt 0.479492 0.725098
vt 0.500000 0.761353
vt 0.489990 0.752319
vt 0.479980 0.706787
vt 0.479492 0.716064
vt 0.479492 0.743652
vt 0.469238 0.734619
vt 0.469238 0.725342
vt 0.469238 0.716309
vt 0.469727 0.707031
vt 0.469971 0.697510
vt 0.489746 0.761719
vt 0.479492 0.752686
vt 0.469238 0.743652
vt 0.458496 0.734619
vt 0.458496 0.725586
vt 0.458740 0.716553
vt 0.459229 0.707520
vt 0.459229 0.697998
vt 0.479492 0.761963
vt 0.468994 0.752930
vt 0.458496 0.743896
vt 0.447266 0.734863
vt 0.447266 0.725830
vt 0.447266 0.717041
vt 0.447510 0.708008
vt 0.447754 0.698486
vt 0.468994 0.762329
vt 0.458496 0.753052
vt 0.447266 0.743896
vt 0.435303 0.734863
vt 0.435303 0.726074
vt 0.435303 0.717041
vt 0.435303 0.708252
vt 0.435303 0.698975
vt 0.458496 0.762573
vt 0.447266 0.753174
vt 0.435303 0.743896
vt 0.422852 0.734863
vt 0.422607 0.726074
vt 0.422363 0.717285
vt 0.421875 0.708252
vt 0.421387 0.699219
vt 0.447266 0.762695
vt 0.435303 0.753174
vt 0.423096 0.743896
vt 0.411621 0.743652
vt 0.411377 0.734619
vt 0.410889 0.725830
vt 0.409912 0.717041
vt 0.408936 0.708252
vt 0.407227 0.699463
vt 0.423096 0.753052
vt 0.435791 0.762695
vt 0.399902 0.742920
vt 0.399170 0.734131
vt 0.398438 0.725586
vt 0.400391 0.751953
vt 0.411865 0.752686
vt 0.395752 0.707764
vt 0.397217 0.716553
vt 0.393555 0.699707
vt 0.423584 0.762451
vt 0.412109 0.762085
vt 0.400635 0.761475
vt 0.389160 0.741943
vt 0.389404 0.751099
vt 0.388428 0.733398
vt 0.387207 0.724854
vt 0.389893 0.760742
vt 0.385986 0.716064
vt 0.384277 0.707275
vt 0.382080 0.698242
vt 0.400879 0.771240
vt 0.412354 0.771851
vt 0.390137 0.770630
vt 0.379883 0.740967
vt 0.380127 0.750000
vt 0.380859 0.759766
vt 0.379150 0.732422
vt 0.378174 0.724121
vt 0.381104 0.769775
vt 0.377197 0.715088
vt 0.374756 0.705811
vt 0.400879 0.781372
vt 0.390381 0.780762
vt 0.381348 0.780151
vt 0.371582 0.739990
vt 0.372070 0.749023
vt 0.372559 0.759033
vt 0.372803 0.769287
vt 0.371094 0.731445
vt 0.370605 0.723145
vt 0.372803 0.779663
vt 0.369385 0.714355
vt 0.390381 0.791382
vt 0.381348 0.791016
vt 0.373047 0.790527
vt 0.364746 0.738770
vt 0.364746 0.748291
vt 0.364746 0.758423
vt 0.364746 0.768677
vt 0.364746 0.779175
vt 0.364502 0.730225
vt 0.363770 0.721680
vt 0.364746 0.790283
vt 0.373047 0.802490
vt 0.381592 0.802612
vt 0.364746 0.802246
vt 0.364746 0.814209
vt 0.381836 0.814453
vt 0.373291 0.814575
vt 0.364746 0.826172
vt 0.255859 0.743408
vt 0.251465 0.743896
vt 0.273193 0.733887
vt 0.267090 0.742188
vt 0.261719 0.752319
vt 0.255859 0.752930
vt 0.267090 0.751831
vt 0.272949 0.741455
vt 0.261475 0.761353
vt 0.280273 0.723877
vt 0.280029 0.732666
vt 0.255615 0.761963
vt 0.251465 0.753540
vt 0.267090 0.760498
vt 0.272949 0.750854
vt 0.279785 0.740723
vt 0.286865 0.722412
vt 0.286621 0.731445
vt 0.267090 0.769043
vt 0.261719 0.769775
vt 0.255859 0.770386
vt 0.272949 0.759277
vt 0.279541 0.750366
vt 0.286377 0.739746
vt 0.261719 0.778076
vt 0.292969 0.720947
vt 0.292969 0.730469
vt 0.267334 0.777466
vt 0.272949 0.767700
vt 0.279297 0.758301
vt 0.285889 0.749512
vt 0.292725 0.738770
vt 0.256104 0.778442
vt 0.261963 0.786499
vt 0.298828 0.719727
vt 0.299072 0.729248
vt 0.267578 0.786133
vt 0.273193 0.776367
vt 0.279053 0.766602
vt 0.285889 0.757324
vt 0.292725 0.748047
vt 0.299072 0.737793
vt 0.304932 0.718506
vt 0.305420 0.728027
vt 0.279297 0.775635
vt 0.273438 0.785645
vt 0.285889 0.765381
vt 0.292725 0.756226
vt 0.298828 0.747070
vt 0.305908 0.736816
vt 0.311035 0.717285
vt 0.312012 0.727051
vt 0.285889 0.775024
vt 0.279541 0.784912
vt 0.292480 0.764160
vt 0.299072 0.755249
vt 0.305908 0.746094
vt 0.312500 0.735840
vt 0.317139 0.715576
vt 0.318604 0.725342
vt 0.292480 0.773560
vt 0.286377 0.784180
vt 0.298828 0.763062
vt 0.305908 0.754150
vt 0.312988 0.744629
vt 0.319580 0.734131
vt 0.323975 0.713867
vt 0.325928 0.723389
vt 0.298828 0.772949
vt 0.292725 0.783203
vt 0.305908 0.762207
vt 0.313232 0.753174
vt 0.320557 0.743408
vt 0.327393 0.732422
vt 0.331055 0.711670
vt 0.333252 0.721191
vt 0.299072 0.781982
vt 0.305908 0.771484
vt 0.313477 0.761353
vt 0.321533 0.752075
vt 0.328857 0.742188
vt 0.334961 0.730713
vt 0.338379 0.708984
vt 0.341309 0.718262
vt 0.313721 0.770264
vt 0.306152 0.780518
vt 0.322021 0.760620
vt 0.329834 0.750977
vt 0.336670 0.740723
vt 0.343750 0.728271
vt 0.345947 0.705078
vt 0.349854 0.714600
vt 0.314209 0.778687
vt 0.322998 0.769165
vt 0.330322 0.760010
vt 0.337646 0.750000
vt 0.345947 0.738770
vt 0.352783 0.725586
vt 0.331055 0.768433
vt 0.323242 0.777222
vt 0.338623 0.759644
vt 0.347656 0.749023
vt 0.354980 0.736328
vt 0.339355 0.768066
vt 0.331299 0.776367
vt 0.348633 0.759277
vt 0.356689 0.747559
vt 0.349365 0.767700
vt 0.339844 0.775513
vt 0.357910 0.758667
vt 0.323730 0.786011
vt 0.331787 0.784424
vt 0.358643 0.767334
vt 0.349854 0.775269
vt 0.340820 0.783447
vt 0.324219 0.796021
vt 0.332764 0.794434
vt 0.359131 0.775269
vt 0.350098 0.783081
vt 0.341309 0.793335
vt 0.324707 0.805542
vt 0.333252 0.804321
vt 0.315674 0.797729
vt 0.315918 0.806885
vt 0.359131 0.783203
vt 0.350586 0.792603
vt 0.341797 0.803711
vt 0.324951 0.815918
vt 0.316650 0.816650
vt 0.333740 0.815430
vt 0.307861 0.807861
vt 0.307861 0.817627
vt 0.359131 0.792480
vt 0.350830 0.803711
vt 0.342285 0.814941
vt 0.333984 0.825806
vt 0.325195 0.826172
vt 0.316650 0.826538
vt 0.307617 0.826904
vt 0.300049 0.818237
vt 0.359131 0.803833
vt 0.351318 0.815063
vt 0.342529 0.825928
vt 0.333984 0.836914
vt 0.342529 0.836792
vt 0.325195 0.836914
vt 0.316650 0.836792
vt 0.299805 0.827393
vt 0.307861 0.836792
vt 0.359375 0.814819
vt 0.381836 0.826172
vt 0.373291 0.826294
vt 0.390625 0.825928
vt 0.390625 0.814209
vt 0.381836 0.838013
vt 0.390381 0.802490
vt 0.364746 0.837769
vt 0.372803 0.838135
vt 0.400879 0.825928
vt 0.390625 0.837891
vt 0.400635 0.814331
vt 0.400635 0.802856
vt 0.400879 0.791870
vt 0.373047 0.850220
vt 0.382080 0.850098
vt 0.364746 0.849854
vt 0.401123 0.838013
vt 0.391357 0.850098
vt 0.412109 0.825928
vt 0.411865 0.814453
vt 0.411865 0.803223
vt 0.412109 0.792236
vt 0.412109 0.781860
vt 0.373047 0.862061
vt 0.364746 0.861816
vt 0.382812 0.861572
vt 0.412109 0.838013
vt 0.401855 0.850342
vt 0.392090 0.861206
vt 0.423584 0.825806
vt 0.423584 0.814331
vt 0.423828 0.803101
vt 0.423828 0.792358
vt 0.424072 0.782104
vt 0.424316 0.772095
vt 0.364746 0.873047
vt 0.423828 0.837891
vt 0.412354 0.850220
vt 0.402588 0.861328
vt 0.436523 0.825684
vt 0.436279 0.814209
vt 0.436279 0.803101
vt 0.436523 0.792480
vt 0.436768 0.782227
vt 0.436768 0.772339
vt 0.436035 0.837646
vt 0.424072 0.850342
vt 0.412842 0.861816
vt 0.447021 0.837280
vt 0.447021 0.825317
vt 0.447021 0.813965
vt 0.447021 0.802856
vt 0.447266 0.792358
vt 0.447510 0.782227
vt 0.447754 0.772339
vt 0.436279 0.850342
vt 0.446533 0.850098
vt 0.424561 0.862183
vt 0.458008 0.837158
vt 0.457764 0.849731
vt 0.458008 0.824951
vt 0.458008 0.813477
vt 0.458008 0.802612
vt 0.458008 0.792114
vt 0.458252 0.781982
vt 0.458252 0.772217
vt 0.436523 0.862427
vt 0.457764 0.861450
vt 0.446289 0.861938
vt 0.468994 0.849243
vt 0.468994 0.836792
vt 0.469238 0.860962
vt 0.468994 0.824341
vt 0.468994 0.812988
vt 0.468994 0.802002
vt 0.468994 0.791626
vt 0.468750 0.781616
vt 0.468994 0.771851
vt 0.457764 0.872192
vt 0.469238 0.871948
vt 0.480469 0.860840
vt 0.480225 0.849243
vt 0.479980 0.836426
vt 0.480713 0.871704
vt 0.479736 0.824097
vt 0.479736 0.812622
vt 0.479736 0.801514
vt 0.479492 0.791138
vt 0.479492 0.781250
vt 0.479492 0.771606
vt 0.480713 0.882568
vt 0.469238 0.882812
vt 0.490479 0.860718
vt 0.490479 0.848999
vt 0.490234 0.836670
vt 0.490234 0.824463
vt 0.490234 0.812866
vt 0.489990 0.801758
vt 0.489990 0.790894
vt 0.489746 0.780884
vt 0.489746 0.771240
vt 0.500000 0.860718
vt 0.500000 0.849121
vt 0.500000 0.836548
vt 0.500000 0.824707
vt 0.500000 0.812988
vt 0.500000 0.801880
vt 0.500000 0.790894
vt 0.500000 0.780762
vt 0.500000 0.771118
vt 0.509766 0.848999
vt 0.509766 0.836670
vt 0.510254 0.824463
vt 0.510254 0.812866
vt 0.510254 0.801758
vt 0.510254 0.790894
vt 0.510254 0.780884
vt 0.510254 0.771240
vt 0.510254 0.761719
vt 0.520508 0.823975
vt 0.520020 0.836426
vt 0.520508 0.812622
vt 0.520508 0.801514
vt 0.520508 0.791138
vt 0.520996 0.781250
vt 0.520508 0.771484
vt 0.520508 0.761963
vt 0.520508 0.752686
vt 0.531250 0.812988
vt 0.531250 0.824341
vt 0.531250 0.802002
vt 0.531250 0.791626
vt 0.531250 0.781616
vt 0.531250 0.771851
vt 0.531250 0.762207
vt 0.531250 0.752930
vt 0.351318 0.826050
vt 0.359131 0.826050
vt 0.351074 0.836670
vt 0.341797 0.848389
vt 0.333740 0.848633
vt 0.350830 0.848145
vt 0.324951 0.848511
vt 0.316406 0.847900
vt 0.358643 0.836304
vt 0.358398 0.847778
vt 0.307373 0.847534
vt 0.299561 0.836670
vt 0.350342 0.859741
vt 0.340820 0.860596
vt 0.333252 0.860352
vt 0.357910 0.859131
vt 0.324463 0.859863
vt 0.315918 0.858643
vt 0.307129 0.857910
vt 0.299072 0.847046
vt 0.349609 0.872925
vt 0.357422 0.872192
vt 0.340332 0.873047
vt 0.332275 0.872314
vt 0.323975 0.871582
vt 0.315430 0.870239
vt 0.298828 0.857178
vt 0.306396 0.868774
vt 0.349121 0.883545
vt 0.356934 0.883850
vt 0.339844 0.882874
vt 0.331055 0.882080
vt 0.323486 0.881348
vt 0.315186 0.879822
vt 0.305908 0.878418
vt 0.298584 0.867554
vt 0.356201 0.894165
vt 0.348389 0.893127
vt 0.339111 0.891846
vt 0.330566 0.890808
vt 0.323242 0.889893
vt 0.315186 0.888733
vt 0.305664 0.887207
vt 0.297852 0.877197
vt 0.355469 0.904053
vt 0.347900 0.902466
vt 0.339111 0.901184
vt 0.330078 0.899902
vt 0.322754 0.899048
vt 0.314941 0.897766
vt 0.305664 0.896118
vt 0.297607 0.885925
vt 0.354736 0.914978
vt 0.347168 0.912903
vt 0.338135 0.911133
vt 0.330078 0.909363
vt 0.322510 0.908386
vt 0.314697 0.906921
vt 0.305664 0.905457
vt 0.297607 0.894836
vt 0.354004 0.927063
vt 0.345947 0.924438
vt 0.337158 0.921814
vt 0.329834 0.919800
vt 0.321777 0.918396
vt 0.314453 0.916809
vt 0.306152 0.915771
vt 0.297607 0.904358
vt 0.352539 0.938507
vt 0.344727 0.935547
vt 0.335693 0.932983
vt 0.328857 0.930847
vt 0.321777 0.928833
vt 0.314209 0.927246
vt 0.306641 0.925415
vt 0.298584 0.914124
vt 0.349854 0.950195
vt 0.343018 0.947021
vt 0.334473 0.943848
vt 0.328125 0.941528
vt 0.321533 0.939514
vt 0.314697 0.937622
vt 0.307617 0.935974
vt 0.299072 0.924011
vt 0.346191 0.960968
vt 0.339111 0.957764
vt 0.332764 0.955048
vt 0.327148 0.952393
vt 0.321289 0.950165
vt 0.314697 0.947632
vt 0.307617 0.945526
vt 0.299561 0.933899
vt 0.342285 0.968979
vt 0.336426 0.965637
vt 0.330811 0.963043
vt 0.325684 0.960571
vt 0.320312 0.958527
vt 0.314209 0.956482
vt 0.308105 0.954498
vt 0.300781 0.943573
vt 0.338867 0.975510
vt 0.333740 0.972397
vt 0.329346 0.970154
vt 0.324219 0.968109
vt 0.319336 0.966217
vt 0.313477 0.964478
vt 0.307617 0.962738
vt 0.300537 0.952637
vt 0.335693 0.980728
vt 0.331055 0.977814
vt 0.327148 0.976059
vt 0.322998 0.974152
vt 0.318359 0.972366
vt 0.312744 0.970551
vt 0.306885 0.968750
vt 0.300537 0.960724
vt 0.332275 0.985359
vt 0.328857 0.982864
vt 0.325684 0.981003
vt 0.322021 0.979034
vt 0.318115 0.977051
vt 0.312500 0.974625
vt 0.306396 0.972549
vt 0.300293 0.966980
vt 0.321289 0.982880
vt 0.324707 0.984619
vt 0.327393 0.986259
vt 0.317627 0.981293
vt 0.312012 0.978973
vt 0.330078 0.988373
vt 0.305908 0.977127
vt 0.299805 0.970718
vt 0.299805 0.975555
vt 0.293213 0.969284
vt 0.293457 0.965302
vt 0.293457 0.958954
vt 0.292969 0.974136
vt 0.285156 0.967651
vt 0.285156 0.963104
vt 0.285400 0.956604
vt 0.293213 0.950989
vt 0.285400 0.948669
vt 0.284912 0.972961
vt 0.279785 0.954834
vt 0.279785 0.961578
vt 0.279541 0.946686
vt 0.279541 0.972473
vt 0.279785 0.966858
vt 0.541992 0.813477
vt 0.541992 0.802490
vt 0.541992 0.792114
vt 0.541992 0.781982
vt 0.541992 0.772095
vt 0.541992 0.762573
vt 0.541504 0.753052
vt 0.541504 0.743896
vt 0.553223 0.802856
vt 0.552734 0.792358
vt 0.552734 0.782104
vt 0.552734 0.772217
vt 0.552734 0.762695
vt 0.552734 0.753174
vt 0.552734 0.743896
vt 0.552734 0.734863
vt 0.563477 0.782227
vt 0.563965 0.792480
vt 0.563965 0.772339
vt 0.564453 0.762573
vt 0.564941 0.753174
vt 0.564941 0.743896
vt 0.564941 0.734863
vt 0.564941 0.725830
vt 0.576172 0.792358
vt 0.576172 0.781982
vt 0.576172 0.772095
vt 0.576660 0.762451
vt 0.577148 0.752930
vt 0.577148 0.743896
vt 0.577148 0.734863
vt 0.577637 0.726074
vt 0.577637 0.717285
vt 0.588379 0.743652
vt 0.587891 0.792236
vt 0.587891 0.781738
vt 0.587891 0.771729
vt 0.587891 0.762085
vt 0.588379 0.752563
vt 0.588867 0.734619
vt 0.589355 0.725830
vt 0.590332 0.717041
vt 0.591309 0.708252
vt 0.600098 0.742920
vt 0.599609 0.751953
vt 0.599609 0.761475
vt 0.599609 0.771240
vt 0.599121 0.781372
vt 0.600586 0.734131
vt 0.601562 0.725342
vt 0.604004 0.707520
vt 0.602539 0.716553
vt 0.606445 0.699707
vt 0.610840 0.741943
vt 0.610352 0.750977
vt 0.610352 0.760620
vt 0.609863 0.770508
vt 0.609863 0.780762
vt 0.611328 0.733398
vt 0.612305 0.724854
vt 0.613770 0.716064
vt 0.615723 0.707275
vt 0.617676 0.698242
vt 0.621094 0.689697
vt 0.620117 0.740967
vt 0.619629 0.749756
vt 0.619141 0.759644
vt 0.619141 0.769653
vt 0.619141 0.780151
vt 0.620605 0.732422
vt 0.621582 0.723877
vt 0.623047 0.715088
vt 0.625000 0.705811
vt 0.631836 0.688965
vt 0.627930 0.697266
vt 0.628418 0.739746
vt 0.627930 0.748779
vt 0.627441 0.758911
vt 0.627441 0.769165
vt 0.627441 0.779541
vt 0.628906 0.731445
vt 0.629395 0.723145
vt 0.630371 0.714355
vt 0.633301 0.705322
vt 0.636719 0.696777
vt 0.635254 0.738770
vt 0.635254 0.748291
vt 0.635254 0.758301
vt 0.635742 0.768677
vt 0.635742 0.779175
vt 0.635742 0.730225
vt 0.635742 0.721680
vt 0.637207 0.713379
vt 0.640625 0.704590
vt 0.635742 0.790283
vt 0.627441 0.790405
vt 0.635742 0.802246
vt 0.618652 0.791016
vt 0.626953 0.802368
vt 0.635742 0.814209
vt 0.609863 0.791382
vt 0.618652 0.802490
vt 0.618652 0.814453
vt 0.626953 0.814575
vt 0.635742 0.826172
vt 0.599609 0.791870
vt 0.609863 0.802368
vt 0.609863 0.814209
vt 0.609375 0.825928
vt 0.618164 0.826172
vt 0.626953 0.826294
vt 0.599609 0.802856
vt 0.635742 0.837769
vt 0.618652 0.837891
vt 0.627441 0.838013
vt 0.599121 0.825928
vt 0.599609 0.814209
vt 0.609375 0.837891
vt 0.588379 0.803223
vt 0.635742 0.849854
vt 0.627441 0.850098
vt 0.618164 0.850098
vt 0.588379 0.814331
vt 0.599121 0.837891
vt 0.588379 0.825928
vt 0.608887 0.850098
vt 0.576660 0.814209
vt 0.576660 0.803101
vt 0.576660 0.825806
vt 0.635742 0.861816
vt 0.626953 0.862061
vt 0.617676 0.861572
vt 0.285156 0.939636
vt 0.292725 0.941681
vt 0.279541 0.937897
vt 0.274170 0.953491
vt 0.273926 0.945007
vt 0.274414 0.960358
vt 0.273682 0.936401
vt 0.274414 0.972122
vt 0.274414 0.966248
vt 0.269043 0.952423
vt 0.279053 0.928650
vt 0.284912 0.930237
vt 0.292236 0.932312
vt 0.273438 0.927124
vt 0.269043 0.959503
vt 0.268555 0.935059
vt 0.268555 0.943665
vt 0.269043 0.971985
vt 0.269043 0.965790
vt 0.263428 0.951660
vt 0.263184 0.942596
vt 0.263428 0.958832
vt 0.278809 0.919312
vt 0.273193 0.917908
vt 0.284668 0.920898
vt 0.268311 0.925720
vt 0.262939 0.933899
vt 0.257812 0.941742
vt 0.258057 0.950867
vt 0.278809 0.910339
vt 0.263672 0.971985
vt 0.263672 0.965546
vt 0.257812 0.958313
vt 0.272949 0.908813
vt 0.267822 0.916565
vt 0.262695 0.924561
vt 0.257568 0.932922
vt 0.252930 0.950256
vt 0.252441 0.940979
vt 0.257812 0.971985
vt 0.257568 0.965240
vt 0.252686 0.957947
vt 0.248047 0.949738
vt 0.262451 0.915344
vt 0.267822 0.907410
vt 0.257568 0.923645
vt 0.252686 0.932190
vt 0.247925 0.940430
vt 0.252441 0.965027
vt 0.247803 0.957703
vt 0.242554 0.949158
vt 0.251953 0.971985
vt 0.262207 0.906311
vt 0.257080 0.914307
vt 0.252686 0.922913
vt 0.247925 0.931519
vt 0.242432 0.939850
vt 0.247559 0.964874
vt 0.242310 0.957458
vt 0.237671 0.948730
vt 0.247559 0.971985
vt 0.242554 0.964691
vt 0.256836 0.905273
vt 0.252441 0.913391
vt 0.247803 0.922180
vt 0.242554 0.930847
vt 0.237793 0.939392
vt 0.237305 0.957336
vt 0.232788 0.948486
vt 0.242554 0.971985
vt 0.237427 0.964539
vt 0.232422 0.957306
vt 0.247681 0.912476
vt 0.252441 0.904419
vt 0.242432 0.921814
vt 0.237915 0.930542
vt 0.233032 0.939178
vt 0.228027 0.948425
vt 0.237427 0.971985
vt 0.232300 0.964478
vt 0.227905 0.957458
vt 0.247559 0.903625
vt 0.242676 0.911804
vt 0.238159 0.921387
vt 0.233276 0.930298
vt 0.228271 0.939087
vt 0.226074 0.948517
vt 0.226074 0.939056
vt 0.232544 0.971985
vt 0.228027 0.964569
vt 0.226074 0.957428
vt 0.226074 0.964478
vt 0.237793 0.911316
vt 0.242798 0.902954
vt 0.233032 0.921204
vt 0.228271 0.930115
vt 0.226074 0.930420
vt 0.228027 0.971985
vt 0.226074 0.971985
vt 0.237549 0.902161
vt 0.232910 0.910889
vt 0.228271 0.921143
vt 0.226074 0.921204
vt 0.232788 0.901489
vt 0.228271 0.910706
vt 0.226074 0.910828
vt 0.242798 0.895020
vt 0.237427 0.894043
vt 0.232788 0.893311
vt 0.228271 0.901062
vt 0.226074 0.901184
vt 0.242676 0.886963
vt 0.237305 0.886414
vt 0.232544 0.885803
vt 0.228271 0.892761
vt 0.226074 0.892944
vt 0.226074 0.885681
vt 0.228271 0.885498
vt 0.232666 0.879089
vt 0.228394 0.878784
vt 0.242554 0.880249
vt 0.237305 0.879700
vt 0.226074 0.878906
vt 0.237183 0.873413
vt 0.232544 0.872559
vt 0.228394 0.871826
vt 0.226074 0.871826
vt 0.232544 0.865234
vt 0.242432 0.873535
vt 0.237061 0.865601
vt 0.226074 0.864990
vt 0.228394 0.864990
vt 0.247314 0.880554
vt 0.228394 0.857178
vt 0.232544 0.857178
vt 0.226074 0.857178
vt 0.242432 0.865479
vt 0.247192 0.873535
vt 0.237061 0.857178
vt 0.252197 0.880859
vt 0.247314 0.887573
vt 0.226074 0.847534
vt 0.228394 0.847656
vt 0.232666 0.847778
vt 0.247192 0.865479
vt 0.242310 0.857178
vt 0.252197 0.873413
vt 0.587891 0.838013
vt 0.598633 0.850220
vt 0.608398 0.861084
vt 0.563965 0.803101
vt 0.563965 0.825684
vt 0.563965 0.814209
vt 0.576660 0.837891
vt 0.587891 0.850220
vt 0.597656 0.861328
vt 0.635742 0.873047
vt 0.626465 0.873169
vt 0.617188 0.872681
vt 0.607910 0.872437
vt 0.553223 0.813843
vt 0.553223 0.825317
vt 0.553223 0.837280
vt 0.563965 0.837646
vt 0.576172 0.850342
vt 0.587402 0.861816
vt 0.597656 0.872559
vt 0.635742 0.883850
vt 0.626465 0.883850
vt 0.616699 0.883545
vt 0.607422 0.883484
vt 0.541992 0.824951
vt 0.541992 0.837158
vt 0.553711 0.850098
vt 0.542480 0.849731
vt 0.563965 0.850342
vt 0.575684 0.862183
vt 0.586914 0.872925
vt 0.597168 0.883850
vt 0.635742 0.894348
vt 0.625977 0.894470
vt 0.616699 0.894409
vt 0.606934 0.894714
vt 0.563477 0.862427
vt 0.575684 0.873047
vt 0.586426 0.884094
vt 0.596191 0.895142
vt 0.635742 0.905212
vt 0.625977 0.905212
vt 0.616211 0.905273
vt 0.606445 0.905457
vt 0.563965 0.873047
vt 0.575195 0.884155
vt 0.585938 0.895203
vt 0.595703 0.905579
vt 0.635742 0.916016
vt 0.625488 0.916199
vt 0.615723 0.916077
vt 0.605469 0.916016
vt 0.574707 0.895203
vt 0.564453 0.883972
vt 0.585449 0.905701
vt 0.594727 0.916077
vt 0.635742 0.927124
vt 0.625000 0.927368
vt 0.614746 0.927246
vt 0.604980 0.927124
vt 0.574219 0.905518
vt 0.563965 0.894653
vt 0.584473 0.916016
vt 0.593262 0.927124
vt 0.625000 0.938629
vt 0.613770 0.938629
vt 0.604004 0.938629
vt 0.635742 0.938629
vt 0.563477 0.905212
vt 0.573242 0.915894
vt 0.583008 0.927002
vt 0.591797 0.938629
vt 0.624023 0.942047
vt 0.635742 0.942047
vt 0.613281 0.942047
vt 0.603027 0.942047
vt 0.562500 0.915833
vt 0.571777 0.927002
vt 0.581543 0.938629
vt 0.591309 0.942047
vt 0.569824 0.938629
vt 0.562012 0.926880
vt 0.581055 0.942047
vt 0.561035 0.938629
vt 0.569336 0.942047
vt 0.551270 0.927002
vt 0.551758 0.915771
vt 0.552246 0.904907
vt 0.550293 0.938629
vt 0.560059 0.942047
vt 0.541016 0.927002
vt 0.541016 0.915771
vt 0.541504 0.904724
vt 0.552734 0.894409
vt 0.549805 0.942047
vt 0.540527 0.938629
vt 0.530273 0.927063
vt 0.530273 0.915833
vt 0.530762 0.904724
vt 0.541992 0.894043
vt 0.542480 0.883179
vt 0.553223 0.883545
vt 0.530762 0.893799
vt 0.539551 0.942047
vt 0.529785 0.938629
vt 0.519531 0.927002
vt 0.519531 0.915710
vt 0.519531 0.904663
vt 0.530762 0.882812
vt 0.542480 0.872192
vt 0.519531 0.893738
vt 0.553711 0.872803
vt 0.529297 0.942047
vt 0.519531 0.938629
vt 0.509277 0.938629
vt 0.509766 0.927063
vt 0.509766 0.915771
vt 0.509277 0.904602
vt 0.519531 0.882568
vt 0.530762 0.871948
vt 0.509277 0.893921
vt 0.519043 0.942047
vt 0.500000 0.904785
vt 0.509277 0.942047
vt 0.500000 0.938629
vt 0.500000 0.927063
vt 0.500000 0.916016
vt 0.509277 0.882385
vt 0.519531 0.871704
vt 0.500000 0.893738
vt 0.500000 0.882690
vt 0.490723 0.915771
vt 0.490479 0.927063
vt 0.490967 0.904602
vt 0.491211 0.893921
vt 0.500000 0.942047
vt 0.490967 0.942047
vt 0.490723 0.938629
vt 0.509277 0.871460
vt 0.500000 0.871704
vt 0.490967 0.882385
vt 0.480469 0.904663
vt 0.480713 0.915710
vt 0.237305 0.847900
vt 0.252197 0.888184
vt 0.256592 0.881104
vt 0.247437 0.895691
vt 0.226074 0.839600
vt 0.228394 0.839600
vt 0.232544 0.839600
vt 0.252197 0.865479
vt 0.247314 0.856934
vt 0.242310 0.847778
vt 0.256836 0.873413
vt 0.237183 0.839355
vt 0.252197 0.896423
vt 0.256592 0.888611
vt 0.262207 0.881409
vt 0.226074 0.829956
vt 0.228271 0.830078
vt 0.232544 0.829956
vt 0.256836 0.865356
vt 0.252441 0.856445
vt 0.247314 0.847412
vt 0.242432 0.838989
vt 0.262451 0.873291
vt 0.237183 0.829712
vt 0.267578 0.882019
vt 0.262207 0.889099
vt 0.226074 0.821777
vt 0.228271 0.821533
vt 0.232544 0.821533
vt 0.262695 0.865356
vt 0.256836 0.856201
vt 0.252441 0.846924
vt 0.247437 0.838623
vt 0.242554 0.829468
vt 0.267822 0.873535
vt 0.237305 0.821411
vt 0.226074 0.813599
vt 0.228394 0.813354
vt 0.232788 0.813477
vt 0.268066 0.865479
vt 0.262695 0.855835
vt 0.257080 0.846436
vt 0.252441 0.838257
vt 0.247314 0.829346
vt 0.242554 0.821045
vt 0.237549 0.813599
vt 0.226074 0.807129
vt 0.228394 0.806885
vt 0.232910 0.806396
vt 0.262939 0.846313
vt 0.268311 0.855835
vt 0.257080 0.837891
vt 0.252441 0.829102
vt 0.247437 0.820801
vt 0.242554 0.813354
vt 0.237793 0.806030
vt 0.226074 0.799683
vt 0.228394 0.799438
vt 0.233154 0.798706
vt 0.268311 0.845947
vt 0.262939 0.837524
vt 0.257080 0.828857
vt 0.252197 0.820312
vt 0.247314 0.813110
vt 0.242676 0.805420
vt 0.238037 0.797974
vt 0.226074 0.790283
vt 0.228516 0.790039
vt 0.233398 0.789551
vt 0.268311 0.837280
vt 0.262939 0.828491
vt 0.257080 0.819946
vt 0.252197 0.812866
vt 0.247437 0.804932
vt 0.242798 0.796997
vt 0.238159 0.788818
vt 0.226074 0.780640
vt 0.228516 0.780273
vt 0.233398 0.780151
vt 0.268555 0.828369
vt 0.262939 0.819458
vt 0.256836 0.812500
vt 0.251953 0.804688
vt 0.247437 0.796509
vt 0.243042 0.788208
vt 0.238403 0.780029
vt 0.226074 0.770874
vt 0.228516 0.770508
vt 0.233398 0.770874
vt 0.262695 0.812012
vt 0.268311 0.819336
vt 0.256592 0.804443
vt 0.251953 0.796143
vt 0.256348 0.795776
vt 0.247437 0.787842
vt 0.243286 0.779541
vt 0.238403 0.771118
vt 0.233521 0.762085
vt 0.226074 0.762329
vt 0.228516 0.761963
vt 0.251709 0.787354
vt 0.268311 0.811523
vt 0.262451 0.804077
vt 0.262207 0.795654
vt 0.247559 0.779297
vt 0.243286 0.771240
vt 0.238647 0.762451
vt 0.233765 0.754150
vt 0.226074 0.754150
vt 0.228516 0.753784
vt 0.268066 0.803589
vt 0.267822 0.795410
vt 0.247559 0.770996
vt 0.251709 0.778809
vt 0.243530 0.762695
vt 0.239014 0.754272
vt 0.239014 0.744629
vt 0.233643 0.744873
vt 0.226074 0.744873
vt 0.228516 0.744629
vt 0.243896 0.754028
vt 0.247559 0.762817
vt 0.251709 0.770752
vt 0.244019 0.744629
vt 0.247559 0.753906
vt 0.251465 0.762329
vt 0.226074 0.735107
vt 0.247803 0.744385
vt 0.256104 0.786987
vt 0.273682 0.794922
vt 0.480469 0.927002
vt 0.480713 0.893738
vt 0.480957 0.942047
vt 0.480469 0.938629
vt 0.490723 0.871460
vt 0.469238 0.893799
vt 0.469482 0.904724
vt 0.469482 0.915833
vt 0.470215 0.938629
vt 0.469727 0.927063
vt 0.470703 0.942047
vt 0.458008 0.894043
vt 0.458008 0.883179
vt 0.458496 0.915771
vt 0.458008 0.904724
vt 0.458740 0.927002
vt 0.459229 0.938629
vt 0.459961 0.942047
vt 0.447021 0.894409
vt 0.446777 0.883545
vt 0.447510 0.915833
vt 0.447998 0.927002
vt 0.447266 0.904907
vt 0.448730 0.938629
vt 0.449463 0.942047
vt 0.435791 0.905212
vt 0.435791 0.894653
vt 0.436035 0.915833
vt 0.436768 0.926880
vt 0.437744 0.938629
vt 0.438477 0.942047
vt 0.425537 0.905518
vt 0.426025 0.915894
vt 0.427246 0.927002
vt 0.428955 0.938629
vt 0.429443 0.942047
vt 0.415039 0.916077
vt 0.416260 0.927002
vt 0.417725 0.938629
vt 0.418213 0.942047
vt 0.425049 0.895203
vt 0.414307 0.905701
vt 0.405029 0.916077
vt 0.406250 0.927124
vt 0.407715 0.938629
vt 0.408203 0.942047
vt 0.404297 0.905579
vt 0.414062 0.895203
vt 0.394043 0.916016
vt 0.394775 0.927124
vt 0.395508 0.938629
vt 0.396240 0.942047
vt 0.393555 0.905457
vt 0.403809 0.895142
vt 0.424805 0.884155
vt 0.413818 0.884094
vt 0.384277 0.916077
vt 0.385254 0.927246
vt 0.385986 0.938629
vt 0.386475 0.942047
vt 0.383789 0.905273
vt 0.393066 0.894714
vt 0.403076 0.883850
vt 0.424561 0.873047
vt 0.413330 0.872925
vt 0.374512 0.916260
vt 0.374756 0.927368
vt 0.375244 0.938629
vt 0.375732 0.942047
vt 0.383545 0.894409
vt 0.374023 0.905212
vt 0.392578 0.883484
vt 0.402832 0.872559
vt 0.364746 0.927124
vt 0.364746 0.916016
vt 0.364746 0.938629
vt 0.364746 0.942047
vt 0.374023 0.894531
vt 0.383301 0.883545
vt 0.364746 0.905212
vt 0.392334 0.872437
vt 0.364746 0.894348
vt 0.373779 0.883911
vt 0.383301 0.872681
vt 0.364746 0.883850
vt 0.373535 0.873291
vt 0.649902 0.626953
vt 0.639648 0.617920
vt 0.647461 0.615234
vt 0.645996 0.603760
vt 0.637695 0.606445
vt 0.626465 0.608643
vt 0.645020 0.591797
vt 0.636719 0.593994
vt 0.625488 0.596436
vt 0.613281 0.610596
vt 0.613281 0.598145
vt 0.644531 0.580811
vt 0.635254 0.582520
vt 0.624512 0.584229
vt 0.612793 0.585693
vt 0.597656 0.600098
vt 0.598633 0.587402
vt 0.643555 0.571045
vt 0.634277 0.571777
vt 0.624023 0.572754
vt 0.613281 0.574219
vt 0.599609 0.575684
vt 0.584473 0.588867
vt 0.585938 0.576904
vt 0.643066 0.560547
vt 0.634277 0.560547
vt 0.624023 0.560547
vt 0.613281 0.561279
vt 0.601074 0.562256
vt 0.588379 0.563232
vt 0.572266 0.577881
vt 0.573730 0.564209
vt 0.642578 0.548828
vt 0.633789 0.548340
vt 0.624023 0.547607
vt 0.613281 0.547363
vt 0.602051 0.547363
vt 0.590820 0.547363
vt 0.573242 0.546387
vt 0.559570 0.567383
vt 0.558594 0.553955
vt 0.642090 0.535889
vt 0.633301 0.535400
vt 0.624023 0.534424
vt 0.614258 0.533691
vt 0.603516 0.532715
vt 0.592773 0.532227
vt 0.581055 0.530518
vt 0.553711 0.542725
vt 0.562500 0.536133
vt 0.545410 0.557617
vt 0.279785 0.794312
vt 0.273926 0.802856
vt 0.280029 0.802002
vt 0.286621 0.793823
vt 0.280273 0.810059
vt 0.274170 0.810791
vt 0.286865 0.801514
vt 0.292969 0.792847
vt 0.286865 0.809814
vt 0.280518 0.818604
vt 0.274414 0.818970
vt 0.293213 0.801270
vt 0.299072 0.791748
vt 0.286865 0.818604
vt 0.293213 0.809326
vt 0.299561 0.800415
vt 0.280518 0.827759
vt 0.286865 0.827515
vt 0.274170 0.827759
vt 0.306641 0.789917
vt 0.293213 0.818359
vt 0.293213 0.827515
vt 0.299805 0.808716
vt 0.307373 0.799194
vt 0.280273 0.836792
vt 0.286621 0.836670
vt 0.292969 0.836670
vt 0.274170 0.837036
vt 0.314941 0.787842
vt 0.286621 0.845947
vt 0.280273 0.845703
vt 0.292725 0.846558
vt 0.273926 0.845825
vt 0.286133 0.856201
vt 0.292480 0.856445
vt 0.279785 0.855713
vt 0.273926 0.855835
vt 0.285645 0.865845
vt 0.291992 0.866821
vt 0.279297 0.865356
vt 0.273438 0.865479
vt 0.285156 0.875366
vt 0.291504 0.876221
vt 0.279053 0.874634
vt 0.273193 0.874146
vt 0.284912 0.883789
vt 0.291260 0.884827
vt 0.278809 0.883057
vt 0.273193 0.882446
vt 0.278564 0.891907
vt 0.272705 0.890869
vt 0.291504 0.893799
vt 0.284424 0.893066
vt 0.278809 0.901001
vt 0.272949 0.899719
vt 0.267578 0.898743
vt 0.267578 0.889954
vt 0.291504 0.903503
vt 0.284424 0.902100
vt 0.262207 0.897766
vt 0.291748 0.913025
vt 0.284424 0.911865
vt 0.256836 0.897156
vt 0.291748 0.922607
vt 0.340332 0.695312
vt 0.334229 0.698486
vt 0.335449 0.688232
vt 0.330078 0.691162
vt 0.327637 0.701172
vt 0.330566 0.682129
vt 0.324463 0.693359
vt 0.326172 0.684570
vt 0.321777 0.703613
vt 0.325439 0.677002
vt 0.319336 0.695557
vt 0.321289 0.686523
vt 0.321533 0.678955
vt 0.315674 0.705566
vt 0.320312 0.672363
vt 0.313721 0.697266
vt 0.316650 0.688232
vt 0.317383 0.680664
vt 0.316650 0.674072
vt 0.309814 0.707275
vt 0.314941 0.667969
vt 0.311768 0.689697
vt 0.308594 0.698730
vt 0.313721 0.682129
vt 0.313477 0.675537
vt 0.312012 0.669434
vt 0.304199 0.708740
vt 0.309570 0.664062
vt 0.309570 0.683594
vt 0.306885 0.691406
vt 0.303223 0.700439
vt 0.310547 0.676758
vt 0.309814 0.670654
vt 0.308105 0.665527
vt 0.298584 0.709961
vt 0.307129 0.677979
vt 0.304932 0.685059
vt 0.302002 0.692871
vt 0.298096 0.701904
vt 0.307617 0.671631
vt 0.306396 0.666748
vt 0.292725 0.711670
vt 0.304688 0.672852
vt 0.302979 0.679443
vt 0.300781 0.686279
vt 0.542480 0.547363
vt 0.641602 0.524658
vt 0.632812 0.523926
vt 0.624023 0.523193
vt 0.613281 0.521729
vt 0.604004 0.520508
vt 0.593750 0.519775
vt 0.546387 0.533936
vt 0.531738 0.549805
vt 0.538086 0.537842
vt 0.641113 0.512939
vt 0.632324 0.512695
vt 0.623535 0.512207
vt 0.613770 0.511230
vt 0.604004 0.510498
vt 0.641113 0.502686
vt 0.631836 0.502441
vt 0.623047 0.501953
vt 0.613281 0.501709
vt 0.529297 0.540283
vt 0.521484 0.550781
vt 0.640625 0.491699
vt 0.631836 0.491699
vt 0.622559 0.491699
vt 0.603516 0.501221
vt 0.612793 0.491699
vt 0.640625 0.480957
vt 0.631836 0.480469
vt 0.622559 0.480957
vt 0.632324 0.469727
vt 0.612793 0.480957
vt 0.603516 0.491699
vt 0.623047 0.470215
vt 0.640625 0.469238
vt 0.632324 0.459961
vt 0.613281 0.470703
vt 0.603516 0.481445
vt 0.622559 0.460938
vt 0.641113 0.459961
vt 0.632324 0.452148
vt 0.593750 0.491699
vt 0.641113 0.452148
vt 0.633301 0.443848
vt 0.641113 0.444336
vt 0.633789 0.434570
vt 0.642090 0.435547
vt 0.635254 0.423340
vt 0.583984 0.491211
vt 0.643555 0.424316
vt 0.636719 0.411621
vt 0.645020 0.413086
vt 0.637695 0.399902
vt 0.647461 0.402344
vt 0.575684 0.491211
vt 0.575195 0.481934
vt 0.565430 0.482422
vt 0.566406 0.490723
vt 0.563965 0.473633
vt 0.566406 0.499512
vt 0.575684 0.500000
vt 0.565918 0.507324
vt 0.575195 0.508057
vt 0.583984 0.500244
vt 0.563965 0.515625
vt 0.573242 0.517334
vt 0.583984 0.508789
vt 0.593750 0.500732
vt 0.568848 0.526367
vt 0.559570 0.522705
vt 0.583496 0.519043
vt 0.594238 0.509521
vt 0.553223 0.528809
vt 0.531250 0.836792
vt 0.520020 0.849243
vt 0.531250 0.849243
vt 0.297363 0.694336
vt 0.292236 0.703369
vt 0.304443 0.667969
vt 0.286621 0.713379
vt 0.302246 0.668945
vt 0.301025 0.674316
vt 0.299072 0.680664
vt 0.296631 0.687500
vt 0.291748 0.695801
vt 0.286377 0.704590
vt 0.280029 0.715088
vt 0.299561 0.669922
vt 0.297607 0.675293
vt 0.295898 0.681641
vt 0.291504 0.688721
vt 0.285889 0.697510
vt 0.280029 0.706299
vt 0.272705 0.716309
vt 0.295898 0.670898
vt 0.294922 0.676025
vt 0.290771 0.682617
vt 0.285400 0.689941
vt 0.280029 0.698975
vt 0.272949 0.707520
vt 0.293701 0.671143
vt 0.290039 0.677002
vt 0.285400 0.683838
vt 0.280273 0.691406
vt 0.273193 0.700195
vt 0.273193 0.692627
vt 0.280029 0.685059
vt 0.284912 0.678223
vt 0.289062 0.671875
vt 0.273193 0.686035
vt 0.279541 0.679199
vt 0.284180 0.671875
vt 0.279297 0.671875
vt 0.273438 0.679688
vt 0.267090 0.686768
vt 0.267090 0.680176
vt 0.261719 0.680420
vt 0.273438 0.671875
vt 0.267090 0.671875
vt 0.261719 0.671875
vt 0.527344 0.103516
vt 0.526855 0.114746
vt 0.517578 0.114746
vt 0.526367 0.125977
vt 0.517578 0.125977
vt 0.508789 0.125488
vt 0.517090 0.137695
vt 0.525879 0.138184
vt 0.508789 0.137695
vt 0.500000 0.137695
vt 0.517090 0.150879
vt 0.508301 0.150879
vt 0.525879 0.150879
vt 0.500000 0.150879
vt 0.491699 0.137695
vt 0.508301 0.164062
vt 0.517090 0.164062
vt 0.500000 0.164062
vt 0.525391 0.164062
vt 0.491699 0.150879
vt 0.482910 0.137695
vt 0.500000 0.177246
vt 0.508301 0.177246
vt 0.517090 0.177246
vt 0.491699 0.164062
vt 0.525391 0.177246
vt 0.483154 0.150879
vt 0.474365 0.138184
vt 0.516602 0.190430
vt 0.500000 0.190430
vt 0.491699 0.177246
vt 0.508301 0.190430
vt 0.483154 0.164062
vt 0.474365 0.150879
vt 0.465332 0.138184
vt 0.500000 0.203613
vt 0.491699 0.190430
vt 0.483398 0.190430
vt 0.483398 0.177246
vt 0.474609 0.164062
vt 0.465576 0.151367
vt 0.456055 0.138672
vt 0.491943 0.203613
vt 0.483398 0.203613
vt 0.474854 0.190430
vt 0.474854 0.177246
vt 0.465820 0.164551
vt 0.456299 0.151367
vt 0.445801 0.138672
vt 0.466064 0.177246
vt 0.456543 0.164551
vt 0.474854 0.204102
vt 0.466064 0.190430
vt 0.446045 0.151855
vt 0.434570 0.139160
vt 0.456787 0.177246
vt 0.446045 0.164551
vt 0.434814 0.152344
vt 0.423340 0.139648
vt 0.466064 0.204102
vt 0.457031 0.190430
vt 0.446289 0.177734
vt 0.435059 0.165039
vt 0.423584 0.152344
vt 0.412109 0.140137
vt 0.457275 0.204102
vt 0.446533 0.190918
vt 0.435303 0.178223
vt 0.423828 0.165527
vt 0.412354 0.152832
vt 0.509766 0.860718
vt 0.520020 0.860840
vt 0.531250 0.860962
vt 0.542480 0.861450
vt 0.553711 0.861938
vt 0.436279 0.873047
vt 0.446533 0.872803
vt 0.435791 0.883972
vt 0.362549 0.713623
vt 0.366455 0.705322
vt 0.359375 0.704590
vt 0.371826 0.697266
vt 0.363037 0.696777
vt 0.355957 0.697021
vt 0.368164 0.688965
vt 0.358887 0.689209
vt 0.351074 0.689453
vt 0.378906 0.689697
vt 0.364014 0.681641
vt 0.354492 0.682617
vt 0.346191 0.683105
vt 0.350586 0.677246
vt 0.391113 0.691162
vt 0.375244 0.681641
vt 0.359619 0.675293
vt 0.342529 0.678711
vt 0.346191 0.672363
vt 0.405762 0.690674
vt 0.387939 0.683105
vt 0.370850 0.673584
vt 0.354492 0.669189
vt 0.338867 0.674805
vt 0.341553 0.667725
vt 0.420654 0.689941
vt 0.403564 0.681396
vt 0.384521 0.674316
vt 0.364990 0.666260
vt 0.349121 0.664795
vt 0.335449 0.670410
vt 0.343262 0.661377
vt 0.336914 0.664551
vt 0.357666 0.660645
vt 0.435547 0.689453
vt 0.419678 0.680420
vt 0.402344 0.672119
vt 0.379639 0.661621
vt 0.365479 0.654053
vt 0.348389 0.655518
vt 0.335693 0.657471
vt 0.332764 0.667236
vt 0.332275 0.662109
vt 0.447754 0.688965
vt 0.435059 0.679688
vt 0.419189 0.670410
vt 0.401611 0.660400
vt 0.383789 0.646973
vt 0.367432 0.644043
vt 0.352295 0.648682
vt 0.338867 0.652344
vt 0.330078 0.665039
vt 0.459473 0.688477
vt 0.448242 0.679199
vt 0.435059 0.669678
vt 0.418945 0.659668
vt 0.402344 0.647705
vt 0.385986 0.635010
vt 0.369629 0.632324
vt 0.354736 0.640625
vt 0.342285 0.645752
vt 0.459473 0.678711
vt 0.469971 0.687988
vt 0.448730 0.669189
vt 0.435303 0.659180
vt 0.419189 0.648438
vt 0.403564 0.636475
vt 0.357422 0.629395
vt 0.372070 0.620361
vt 0.346191 0.637695
vt 0.469971 0.678223
vt 0.480225 0.687500
vt 0.419434 0.637207
vt 0.349854 0.626953
vt 0.360596 0.617920
vt 0.373291 0.608643
vt 0.479980 0.677734
vt 0.489990 0.677490
vt 0.352539 0.615234
vt 0.354004 0.603760
vt 0.362305 0.606445
vt 0.489990 0.667480
vt 0.500000 0.667480
vt 0.354736 0.591797
vt 0.363525 0.594238
vt 0.500000 0.657471
vt 0.510254 0.667480
vt 0.355469 0.580811
vt 0.510254 0.657471
vt 0.500000 0.646973
vt 0.520020 0.667969
vt 0.520020 0.677734
vt 0.510742 0.646973
vt 0.520508 0.657715
vt 0.500000 0.636230
vt 0.530273 0.658203
vt 0.530273 0.668457
vt 0.520996 0.647217
vt 0.400879 0.140625
vt 0.446777 0.204590
vt 0.435547 0.191406
vt 0.424072 0.178711
vt 0.412598 0.166016
vt 0.401367 0.152832
vt 0.390869 0.152832
vt 0.435791 0.205078
vt 0.424561 0.191895
vt 0.413086 0.179199
vt 0.401855 0.166016
vt 0.391357 0.166016
vt 0.380615 0.166016
vt 0.424805 0.205566
vt 0.413574 0.192383
vt 0.402344 0.179688
vt 0.391602 0.179199
vt 0.402588 0.192871
vt 0.413574 0.206055
vt 0.316650 0.342773
vt 0.309570 0.340820
vt 0.314941 0.344727
vt 0.322510 0.346680
vt 0.320312 0.349121
vt 0.328369 0.351074
vt 0.325439 0.353516
vt 0.333984 0.356445
vt 0.330566 0.358887
vt 0.339355 0.362305
vt 0.335449 0.365234
vt 0.345459 0.368652
vt 0.340332 0.372070
s 1
f 1/1/1 2/2/2 3/3/3
f 4/4/4 5/5/5 6/6/6
f 5/5/5 4/4/4 7/7/7
f 8/8/8 5/5/5 7/7/7
f 9/9/9 4/4/4 6/6/6
f 6/6/6 3/3/3 9/9/9
f 8/8/8 10/10/10 11/11/11
f 7/7/7 12/12/12 8/8/8
f 8/8/8 12/12/12 10/10/10
f 7/7/7 13/13/13 12/12/12
f 7/7/7 4/4/4 13/13/13
f 14/14/14 4/4/4 9/9/9
f 14/14/14 13/13/13 4/4/4
f 2/2/2 15/15/15 3/3/3
f 2/2/2 16/16/16 15/15/15
f 2/2/2 17/17/17 16/16/16
f 3/3/3 15/15/15 18/18/18
f 18/18/18 9/9/9 3/3/3
f 19/19/19 14/14/14 9/9/9
f 19/19/19 9/9/9 18/18/18
f 12/12/12 20/20/20 10/10/10
f 12/12/12 21/21/21 20/20/20
f 12/12/12 13/13/13 21/21/21
f 22/22/22 21/21/21 13/13/13
f 22/22/22 13/13/13 14/14/14
f 23/23/23 14/14/14 19/19/19
f 23/23/23 22/22/22 14/14/14
f 15/15/15 24/24/24 18/18/18
f 15/15/15 16/16/16 25/25/25
f 15/15/15 25/25/25 24/24/24
f 18/18/18 26/26/26 19/19/19
f 18/18/18 24/24/24 26/26/26
f 27/27/27 23/23/23 19/19/19
f 19/19/19 26/26/26 27/27/27
f 20/20/20 21/21/21 28/28/28
f 29/29/29 21/21/21 22/22/22
f 21/21/21 29/29/29 28/28/28
f 30/30/30 29/29/29 22/22/22
f 30/30/30 22/22/22 23/23/23
f 31/31/31 23/23/23 27/27/27
f 23/23/23 31/31/31 30/30/30
f 32/32/32 20/20/20 28/28/28
f 33/33/33 32/32/32 28/28/28
f 28/28/28 29/29/29 33/33/33
f 24/24/24 34/34/34 26/26/26
f 24/24/24 25/25/25 35/35/35
f 35/35/35 34/34/34 24/24/24
f 26/26/26 36/36/36 27/27/27
f 26/26/26 34/34/34 36/36/36
f 27/27/27 36/36/36 37/37/37
f 27/27/27 37/37/37 31/31/31
f 29/29/29 38/38/38 33/33/33
f 38/38/38 29/29/29 30/30/30
f 30/30/30 39/39/39 38/38/38
f 30/30/30 31/31/31 39/39/39
f 31/31/31 37/37/37 40/40/40
f 31/31/31 40/40/40 39/39/39
f 41/41/41 32/32/32 33/33/33
f 33/33/33 38/38/38 42/42/42
f 42/42/42 41/41/41 33/33/33
f 41/41/41 43/43/43 32/32/32
f 38/38/38 44/44/44 42/42/42
f 38/38/38 39/39/39 44/44/44
f 34/34/34 45/45/45 36/36/36
f 46/46/46 45/45/45 34/34/34
f 46/46/46 34/34/34 35/35/35
f 36/36/36 47/47/47 37/37/37
f 36/36/36 45/45/45 47/47/47
f 37/37/37 48/48/48 40/40/40
f 37/37/37 47/47/47 48/48/48
f 39/39/39 49/49/49 44/44/44
f 39/39/39 40/40/40 49/49/49
f 40/40/40 48/48/48 50/50/50
f 50/50/50 49/49/49 40/40/40
f 51/51/51 43/43/43 41/41/41
f 52/52/52 41/41/41 42/42/42
f 52/52/52 51/51/51 41/41/41
f 53/53/53 52/52/52 42/42/42
f 42/42/42 44/44/44 53/53/53
f 44/44/44 54/54/54 53/53/53
f 44/44/44 49/49/49 54/54/54
f 43/43/43 51/51/51 55/55/55
f 49/49/49 56/56/56 54/54/54
f 56/56/56 49/49/49 50/50/50
f 45/45/45 57/57/57 47/47/47
f 58/58/58 45/45/45 46/46/46
f 58/58/58 57/57/57 45/45/45
f 47/47/47 57/57/57 59/59/59
f 47/47/47 59/59/59 48/48/48
f 48/48/48 59/59/59 60/60/60
f 48/48/48 60/60/60 50/50/50
f 50/50/50 60/60/60 61/61/61
f 61/61/61 56/56/56 50/50/50
f 55/55/55 51/51/51 62/62/62
f 63/63/63 51/51/51 52/52/52
f 51/51/51 63/63/63 62/62/62
f 64/64/64 63/63/63 52/52/52
f 64/64/64 52/52/52 53/53/53
f 53/53/53 54/54/54 65/65/65
f 53/53/53 65/65/65 64/64/64
f 54/54/54 66/66/66 65/65/65
f 54/54/54 56/56/56 66/66/66
f 56/56/56 67/67/67 66/66/66
f 67/67/67 56/56/56 61/61/61
f 57/57/57 68/68/68 59/59/59
f 69/69/69 57/57/57 58/58/58
f 69/69/69 68/68/68 57/57/57
f 59/59/59 70/70/70 60/60/60
f 59/59/59 68/68/68 70/70/70
f 60/60/60 71/71/71 61/61/61
f 60/60/60 70/70/70 71/71/71
f 61/61/61 71/71/71 72/72/72
f 72/72/72 67/67/67 61/61/61
f 70/70/70 68/68/68 73/73/73
f 73/73/73 68/68/68 74/74/74
f 68/68/68 75/75/75 74/74/74
f 76/76/76 75/75/75 68/68/68
f 76/76/76 68/68/68 69/69/69
f 74/74/74 77/77/77 73/73/73
f 75/75/75 77/77/77 74/74/74
f 73/73/73 77/77/77 78/78/78
f 78/78/78 79/79/79 73/73/73
f 80/80/80 77/77/77 75/75/75
f 76/76/76 81/81/81 75/75/75
f 75/75/75 82/82/82 80/80/80
f 81/81/81 82/82/82 75/75/75
f 82/82/82 81/81/81 84/83/83
f 85/84/84 86/85/85 87/86/86
f 87/86/86 86/85/85 88/87/87
f 86/85/85 89/88/88 88/87/87
f 88/87/87 90/89/89 87/86/86
f 87/86/86 90/89/89 91/90/90
f 88/87/87 89/88/88 92/91/91
f 93/92/92 88/87/87 92/91/91
f 90/89/89 88/87/87 93/92/92
f 94/93/93 92/91/91 89/88/88
f 90/89/89 95/94/94 91/90/90
f 90/89/89 96/95/95 95/94/94
f 93/92/92 96/95/95 90/89/89
f 91/90/90 95/94/94 97/96/96
f 92/91/91 98/97/97 93/92/92
f 99/98/98 98/97/97 92/91/91
f 99/98/98 92/91/91 94/93/93
f 98/97/97 100/99/99 93/92/92
f 93/92/92 100/99/99 96/95/95
f 101/100/100 99/98/98 94/93/93
f 95/94/94 102/101/101 97/96/96
f 103/102/102 95/94/94 96/95/95
f 102/101/101 95/94/94 103/102/102
f 100/99/99 104/103/103 96/95/95
f 96/95/95 104/103/103 103/102/102
f 97/96/96 102/101/101 105/104/104
f 98/97/97 99/98/98 106/105/105
f 98/97/97 107/106/106 100/99/99
f 106/105/105 107/106/106 98/97/97
f 108/107/107 99/98/98 101/100/100
f 106/105/105 99/98/98 108/107/107
f 104/103/103 100/99/99 109/108/108
f 109/108/108 100/99/99 107/106/106
f 101/100/100 110/109/109 108/107/107
f 111/110/110 102/101/101 103/102/102
f 112/111/111 102/101/101 111/110/110
f 102/101/101 112/111/111 105/104/104
f 104/103/103 113/112/112 103/102/102
f 103/102/102 113/112/112 111/110/110
f 113/112/112 104/103/103 114/113/113
f 114/113/113 104/103/103 109/108/108
f 105/104/104 112/111/111 115/114/114
f 108/107/107 116/115/115 106/105/105
f 106/105/105 117/116/116 107/106/106
f 116/115/115 117/116/116 106/105/105
f 117/116/116 118/117/117 107/106/106
f 107/106/106 118/117/117 109/108/108
f 108/107/107 110/109/109 119/118/118
f 119/118/118 116/115/115 108/107/107
f 118/117/117 120/119/119 109/108/108
f 109/108/108 120/119/119 114/113/113
f 110/109/109 121/120/120 119/118/118
f 113/112/112 122/121/121 111/110/110
f 123/122/122 112/111/111 111/110/110
f 111/110/110 122/121/121 123/122/122
f 124/123/123 112/111/111 123/122/122
f 112/111/111 124/123/123 115/114/114
f 122/121/121 113/112/112 125/124/124
f 125/124/124 113/112/112 114/113/113
f 120/119/119 126/125/125 114/113/113
f 114/113/113 126/125/125 125/124/124
f 115/114/114 124/123/123 127/126/126
f 119/118/118 128/127/127 116/115/115
f 116/115/115 129/128/128 117/116/116
f 128/127/127 129/128/128 116/115/115
f 129/128/128 130/129/129 117/116/116
f 117/116/116 130/129/129 118/117/117
f 130/129/129 131/130/130 118/117/117
f 118/117/117 131/130/130 120/119/119
f 119/118/118 121/120/120 132/131/131
f 132/131/131 128/127/127 119/118/118
f 131/130/130 133/132/132 120/119/119
f 120/119/119 133/132/132 126/125/125
f 121/120/120 134/133/133 132/131/131
f 135/134/134 124/123/123 123/122/122
f 136/135/135 124/123/123 135/134/134
f 124/123/123 136/135/135 127/126/126
f 133/132/132 137/136/136 126/125/125
f 126/125/125 138/137/137 125/124/124
f 126/125/125 137/136/136 138/137/137
f 127/126/126 136/135/135 139/138/138
f 132/131/131 140/139/139 128/127/127
f 128/127/127 141/140/140 129/128/128
f 140/139/139 141/140/140 128/127/127
f 130/129/129 129/128/128 142/141/141
f 142/141/141 129/128/128 141/140/140
f 131/130/130 130/129/129 143/142/142
f 143/142/142 130/129/129 142/141/141
f 133/132/132 131/130/130 144/143/143
f 144/143/143 131/130/130 143/142/142
f 132/131/131 134/133/133 145/144/144
f 145/144/144 140/139/139 132/131/131
f 144/143/143 146/145/145 133/132/132
f 133/132/132 146/145/145 137/136/136
f 147/146/146 145/144/144 134/133/133
f 148/147/147 139/138/138 136/135/135
f 149/148/148 136/135/135 135/134/134
f 148/147/147 136/135/135 149/148/148
f 150/149/149 146/145/145 144/143/143
f 143/142/142 150/149/149 144/143/143
f 151/150/150 150/149/149 143/142/142
f 142/141/141 151/150/150 143/142/142
f 141/140/140 152/151/151 142/141/141
f 152/151/151 151/150/150 142/141/141
f 153/152/152 152/151/151 141/140/140
f 140/139/139 153/152/152 141/140/140
f 154/153/153 145/144/144 147/146/146
f 154/153/153 140/139/139 145/144/144
f 155/154/154 153/152/152 140/139/139
f 155/154/154 140/139/139 154/153/153
f 151/150/150 156/155/155 150/149/149
f 157/156/156 151/150/150 152/151/151
f 156/155/155 151/150/150 157/156/156
f 157/156/156 152/151/151 158/157/157
f 158/157/157 152/151/151 153/152/152
f 155/154/154 159/158/158 153/152/152
f 153/152/152 159/158/158 158/157/157
f 159/158/158 155/154/154 160/159/159
f 154/153/153 161/160/160 155/154/154
f 160/159/159 155/154/154 161/160/160
f 162/161/161 157/156/156 158/157/157
f 163/162/162 157/156/156 162/161/161
f 163/162/162 156/155/155 157/156/156
f 159/158/158 164/163/163 158/157/157
f 158/157/157 164/163/163 162/161/161
f 164/163/163 159/158/158 165/164/164
f 165/164/164 159/158/158 160/159/159
f 165/164/164 160/159/159 166/165/165
f 160/159/159 161/160/160 167/166/166
f 166/165/165 160/159/159 167/166/166
f 168/167/167 163/162/162 162/161/161
f 162/161/161 169/168/168 168/167/167
f 164/163/163 169/168/168 162/161/161
f 169/168/168 164/163/163 170/169/169
f 170/169/169 164/163/163 165/164/164
f 170/169/169 165/164/164 171/170/170
f 171/170/170 165/164/164 166/165/165
f 171/170/170 166/165/165 172/171/171
f 166/165/165 167/166/166 173/172/172
f 172/171/171 166/165/165 173/172/172
f 173/172/172 167/166/166 174/173/173
f 167/166/166 161/160/160 175/174/174
f 167/166/166 175/174/174 174/173/173
f 169/168/168 176/175/175 168/167/167
f 169/168/168 177/176/176 176/175/175
f 170/169/169 177/176/176 169/168/168
f 177/176/176 170/169/169 178/177/177
f 178/177/177 170/169/169 171/170/170
f 178/177/177 171/170/170 179/178/178
f 179/178/178 171/170/170 172/171/171
f 172/171/171 180/179/179 179/178/178
f 181/180/180 180/179/179 172/171/171
f 173/172/172 181/180/180 172/171/171
f 182/181/181 181/180/180 173/172/172
f 174/173/173 182/181/181 173/172/172
f 174/173/173 175/174/174 183/182/182
f 183/182/182 184/183/183 174/173/173
f 184/183/183 182/181/181 174/173/173
f 185/184/184 177/176/176 178/177/177
f 186/185/185 177/176/176 185/184/184
f 186/185/185 176/175/175 177/176/176
f 185/184/184 178/177/177 187/186/186
f 187/186/186 178/177/177 179/178/178
f 187/186/186 179/178/178 188/187/187
f 188/187/187 179/178/178 180/179/179
f 181/180/180 189/188/188 180/179/179
f 190/189/189 180/179/179 189/188/188
f 188/187/187 180/179/179 190/189/189
f 191/190/190 189/188/188 181/180/180
f 181/180/180 182/181/181 191/190/190
f 182/181/181 184/183/183 192/191/191
f 191/190/190 182/181/181 192/191/191
f 192/191/191 184/183/183 193/192/192
f 184/183/183 194/193/193 193/192/192
f 194/193/193 184/183/183 183/182/182
f 195/194/194 185/184/184 187/186/186
f 196/195/195 185/184/184 195/194/194
f 196/195/195 186/185/185 185/184/184
f 195/194/194 187/186/186 197/196/196
f 197/196/196 187/186/186 188/187/187
f 197/196/196 188/187/187 198/197/197
f 198/197/197 188/187/187 190/189/189
f 191/190/190 199/198/198 189/188/188
f 200/199/199 189/188/188 199/198/198
f 190/189/189 189/188/188 200/199/199
f 200/199/199 201/200/200 190/189/189
f 190/189/189 201/200/200 198/197/197
f 192/191/191 202/201/201 191/190/190
f 202/201/201 199/198/198 191/190/190
f 192/191/191 193/192/192 203/202/202
f 203/202/202 202/201/201 192/191/191
f 203/202/202 193/192/192 204/203/203
f 193/192/192 194/193/193 205/204/204
f 205/204/204 204/203/203 193/192/192
f 206/205/205 196/195/195 195/194/194
f 202/201/201 207/206/206 199/198/198
f 208/207/207 199/198/198 207/206/206
f 200/199/199 199/198/198 208/207/207
f 208/207/207 209/208/208 200/199/199
f 200/199/199 209/208/208 201/200/200
f 202/201/201 203/202/202 210/209/209
f 210/209/209 207/206/206 202/201/201
f 210/209/209 203/202/202 211/210/210
f 203/202/202 204/203/203 211/210/210
f 211/210/210 204/203/203 212/211/211
f 213/212/212 204/203/203 205/204/204
f 204/203/203 213/212/212 212/211/211
f 210/209/209 214/213/213 207/206/206
f 215/214/214 207/206/206 214/213/213
f 208/207/207 207/206/206 215/214/214
f 215/214/214 216/215/215 208/207/207
f 208/207/207 216/215/215 209/208/208
f 210/209/209 211/210/210 217/216/216
f 217/216/216 214/213/213 210/209/209
f 211/210/210 212/211/211 218/217/217
f 217/216/216 211/210/210 218/217/217
f 217/216/216 219/218/218 214/213/213
f 220/219/219 215/214/214 214/213/213
f 219/218/218 220/219/219 214/213/213
f 217/216/216 218/217/217 221/220/220
f 221/220/220 219/218/218 217/216/216
f 215/214/214 222/221/221 216/215/215
f 226/222/222 227/223/223 228/224/224
f 226/222/222 228/224/224 229/225/225
f 229/225/225 228/224/224 230/226/226
f 230/226/226 231/227/227 229/225/225
f 230/226/226 232/228/228 231/227/227
f 232/228/228 233/229/229 231/227/227
f 234/230/230 235/231/231 236/232/232
f 234/230/230 237/233/233 235/231/231
f 237/233/233 238/234/234 235/231/231
f 239/235/235 237/233/233 234/230/230
f 239/235/235 234/230/230 240/236/236
f 239/235/235 241/237/237 237/233/233
f 242/238/238 239/235/235 240/236/236
f 241/237/237 239/235/235 242/238/238
f 237/233/233 241/237/237 243/239/239
f 237/233/233 244/240/240 238/234/234
f 243/239/239 244/240/240 237/233/233
f 244/240/240 245/241/241 238/234/234
f 241/237/237 246/242/242 243/239/239
f 247/243/243 241/237/237 242/238/238
f 246/242/242 241/237/237 247/243/243
f 243/239/239 246/242/242 248/244/244
f 243/239/239 248/244/244 244/240/240
f 245/241/241 244/240/240 249/245/245
f 244/240/240 248/244/244 250/246/246
f 249/245/245 244/240/240 250/246/246
f 249/245/245 251/247/247 245/241/241
f 246/242/242 252/248/248 248/244/244
f 253/249/249 246/242/242 247/243/243
f 252/248/248 246/242/242 253/249/249
f 248/244/244 252/248/248 254/250/250
f 248/244/244 254/250/250 250/246/246
f 249/245/245 255/251/251 251/247/247
f 256/252/252 255/251/251 249/245/245
f 250/246/246 256/252/252 249/245/245
f 250/246/246 254/250/250 257/253/253
f 257/253/253 256/252/252 250/246/246
f 257/253/253 258/254/254 256/252/252
f 256/252/252 258/254/254 255/251/251
f 259/255/255 251/247/247 255/251/251
f 258/254/254 260/256/256 255/251/251
f 255/251/251 260/256/256 259/255/255
f 252/248/248 261/257/257 254/250/250
f 252/248/248 262/258/258 261/257/257
f 253/249/249 262/258/258 252/248/248
f 254/250/250 263/259/259 257/253/253
f 254/250/250 261/257/257 263/259/259
f 257/253/253 263/259/259 264/260/260
f 264/260/260 258/254/254 257/253/253
f 253/249/249 265/261/261 262/258/258
f 266/262/262 258/254/254 264/260/260
f 258/254/254 267/263/263 260/256/256
f 266/262/262 267/263/263 258/254/254
f 267/263/263 268/264/264 260/256/256
f 260/256/256 268/264/264 259/255/255
f 261/257/257 269/265/265 263/259/259
f 270/266/266 269/265/265 261/257/257
f 261/257/257 262/258/258 270/266/266
f 262/258/258 265/261/261 271/267/267
f 270/266/266 262/258/258 271/267/267
f 264/260/260 263/259/259 272/268/268
f 272/268/268 263/259/259 269/265/265
f 266/262/262 264/260/260 273/269/269
f 273/269/269 264/260/260 272/268/268
f 273/269/269 267/263/263 266/262/262
f 271/267/267 265/261/261 274/270/270
f 269/265/265 270/266/266 275/271/271
f 276/272/272 269/265/265 275/271/271
f 272/268/268 269/265/265 276/272/272
f 275/271/271 270/266/266 277/273/273
f 270/266/266 271/267/267 277/273/273
f 271/267/267 274/270/270 278/274/274
f 277/273/273 271/267/267 278/274/274
f 272/268/268 279/275/275 273/269/269
f 276/272/272 279/275/275 272/268/268
f 280/276/276 268/264/264 267/263/263
f 280/276/276 281/277/277 268/264/264
f 275/271/271 277/273/273 282/278/278
f 283/279/279 275/271/271 282/278/278
f 276/272/272 275/271/271 283/279/279
f 276/272/272 283/279/279 284/280/280
f 284/280/280 279/275/275 276/272/272
f 282/278/278 277/273/273 285/281/281
f 278/274/274 285/281/281 277/273/273
f 273/269/269 279/275/275 286/282/282
f 279/275/275 284/280/280 286/282/282
f 285/281/281 287/283/283 282/278/278
f 282/278/278 287/283/283 283/279/279
f 280/276/276 288/284/284 281/277/277
f 267/263/263 288/284/284 280/276/276
f 289/285/285 288/284/284 267/263/263
f 289/285/285 267/263/263 273/269/269
f 273/269/269 286/282/282 289/285/285
f 290/286/286 222/221/221 215/214/214
f 290/286/286 215/214/214 220/219/219
f 291/287/287 292/288/288 293/289/289
f 292/288/288 294/290/290 293/289/289
f 295/291/291 294/290/290 292/288/288
f 295/291/291 292/288/288 296/292/292
f 294/290/290 295/291/291 297/293/293
f 297/293/293 295/291/291 298/294/294
f 295/291/291 296/292/292 298/294/294
f 298/294/294 296/292/292 299/295/295
f 298/294/294 300/296/296 297/293/293
f 301/297/297 300/296/296 298/294/294
f 299/295/295 301/297/297 298/294/294
f 301/297/297 302/298/298 300/296/296
f 303/299/299 301/297/297 299/295/295
f 303/299/299 299/295/295 304/300/300
f 305/301/301 302/298/298 301/297/297
f 306/302/302 301/297/297 303/299/299
f 305/301/301 301/297/297 306/302/302
f 304/300/300 307/303/303 303/299/299
f 303/299/299 307/303/303 306/302/302
f 305/301/301 308/304/304 302/298/298
f 309/305/305 308/304/304 305/301/301
f 310/306/306 305/301/301 306/302/302
f 309/305/305 305/301/301 310/306/306
f 307/303/303 311/307/307 306/302/302
f 306/302/302 311/307/307 310/306/306
f 307/303/303 304/300/300 312/308/308
f 313/309/309 307/303/303 312/308/308
f 311/307/307 307/303/303 313/309/309
f 312/308/308 304/300/300 314/310/310
f 309/305/305 315/311/311 308/304/304
f 316/312/312 315/311/311 309/305/305
f 317/313/313 309/305/305 310/306/306
f 316/312/312 309/305/305 317/313/313
f 311/307/307 318/314/314 310/306/306
f 310/306/306 318/314/314 317/313/313
f 318/314/314 311/307/307 319/315/315
f 319/315/315 311/307/307 313/309/309
f 313/309/309 312/308/308 320/316/316
f 312/308/308 314/310/310 321/317/317
f 320/316/316 312/308/308 321/317/317
f 319/315/315 313/309/309 322/318/318
f 322/318/318 313/309/309 320/316/316
f 321/317/317 314/310/310 323/319/319
f 316/312/312 324/320/320 315/311/311
f 325/321/321 324/320/320 316/312/312
f 326/322/322 316/312/312 317/313/313
f 325/321/321 316/312/312 326/322/322
f 318/314/314 327/323/323 317/313/313
f 317/313/313 327/323/323 326/322/322
f 327/323/323 318/314/314 328/324/324
f 328/324/324 318/314/314 319/315/315
f 328/324/324 319/315/315 329/325/325
f 329/325/325 319/315/315 322/318/318
f 321/317/317 330/326/326 320/316/316
f 320/316/316 331/327/327 322/318/318
f 330/326/326 331/327/327 320/316/316
f 323/319/319 332/328/328 321/317/317
f 332/328/328 330/326/326 321/317/317
f 331/327/327 333/329/329 322/318/318
f 322/318/318 333/329/329 329/325/325
f 334/330/330 332/328/328 323/319/319
f 325/321/321 335/331/331 324/320/320
f 336/332/332 325/321/321 326/322/322
f 335/331/331 325/321/321 336/332/332
f 327/323/323 337/333/333 326/322/322
f 326/322/322 337/333/333 336/332/332
f 337/333/333 327/323/323 338/334/334
f 338/334/334 327/323/323 328/324/324
f 338/334/334 328/324/324 339/335/335
f 339/335/335 328/324/324 329/325/325
f 333/329/329 340/336/336 329/325/325
f 329/325/325 340/336/336 339/335/335
f 331/327/327 330/326/326 341/337/337
f 330/326/326 332/328/328 342/338/338
f 341/337/337 330/326/326 342/338/338
f 331/327/327 343/339/339 333/329/329
f 331/327/327 341/337/337 343/339/339
f 342/338/338 332/328/328 344/340/340
f 332/328/328 334/330/330 344/340/340
f 333/329/329 343/339/339 345/341/341
f 346/342/342 333/329/329 345/341/341
f 340/336/336 333/329/329 346/342/342
f 344/340/340 334/330/330 347/343/343
f 348/344/344 335/331/331 336/332/332
f 349/345/345 336/332/332 337/333/333
f 348/344/344 336/332/332 349/345/345
f 349/345/345 337/333/333 350/346/346
f 350/346/346 337/333/333 338/334/334
f 350/346/346 338/334/334 351/347/347
f 351/347/347 338/334/334 339/335/335
f 351/347/347 339/335/335 352/348/348
f 352/348/348 339/335/335 340/336/336
f 352/348/348 340/336/336 353/349/349
f 353/349/349 340/336/336 346/342/342
f 342/338/338 344/340/340 354/350/350
f 344/340/340 347/343/343 355/351/351
f 354/350/350 344/340/340 355/351/351
f 343/339/339 356/352/352 345/341/341
f 345/341/341 357/353/353 346/342/342
f 356/352/352 357/353/353 345/341/341
f 353/349/349 346/342/342 358/354/354
f 358/354/354 346/342/342 357/353/353
f 359/355/355 348/344/344 349/345/345
f 360/356/356 349/345/345 350/346/346
f 359/355/355 349/345/345 360/356/356
f 360/356/356 350/346/346 361/357/357
f 361/357/357 350/346/346 351/347/347
f 352/348/348 362/358/358 351/347/347
f 351/347/347 362/358/358 361/357/357
f 353/349/349 363/359/359 352/348/348
f 352/348/348 363/359/359 362/358/358
f 358/354/354 364/360/360 353/349/349
f 353/349/349 364/360/360 363/359/359
f 365/361/361 359/355/355 360/356/356
f 366/362/362 360/356/356 361/357/357
f 365/361/361 360/356/356 366/362/362
f 362/358/358 367/363/363 361/357/357
f 361/357/357 367/363/363 366/362/362
f 363/359/359 368/364/364 362/358/358
f 362/358/358 368/364/364 367/363/363
f 368/364/364 363/359/359 369/365/365
f 369/365/365 363/359/359 364/360/360
f 369/365/365 370/366/366 368/364/364
f 370/366/366 367/363/363 368/364/364
f 371/367/367 366/362/362 367/363/363
f 371/367/367 367/363/363 370/366/366
f 372/368/368 365/361/361 366/362/362
f 372/368/368 366/362/362 371/367/367
f 373/369/369 370/366/366 369/365/365
f 375/370/370 374/371/371 376/372/372
f 355/351/351 347/343/343 374/371/371
f 376/372/372 374/371/371 347/343/343
f 377/373/373 375/370/370 376/372/372
f 378/374/374 375/370/370 377/373/373
f 376/372/372 347/343/343 379/375/375
f 380/376/376 376/372/372 379/375/375
f 377/373/373 376/372/372 380/376/376
f 377/373/373 381/377/377 378/374/374
f 377/373/373 382/378/378 381/377/377
f 380/376/376 382/378/378 377/373/373
f 378/374/374 381/377/377 383/379/379
f 383/379/379 384/380/380 378/374/374
f 382/378/378 380/376/376 385/381/381
f 379/375/375 386/382/382 380/376/376
f 385/381/381 380/376/376 386/382/382
f 379/375/375 347/343/343 334/330/330
f 334/330/330 387/383/383 379/375/375
f 387/383/383 386/382/382 379/375/375
f 381/377/377 388/384/384 383/379/379
f 389/385/385 381/377/377 382/378/378
f 388/384/384 381/377/377 389/385/385
f 389/385/385 382/378/378 390/386/386
f 390/386/386 382/378/378 385/381/381
f 383/379/379 388/384/384 391/387/387
f 383/379/379 391/387/387 392/388/388
f 392/388/388 384/380/380 383/379/379
f 385/381/381 386/382/382 393/389/389
f 394/390/390 385/381/381 393/389/389
f 390/386/386 385/381/381 394/390/390
f 393/389/389 386/382/382 395/391/391
f 387/383/383 395/391/391 386/382/382
f 323/319/319 387/383/383 334/330/330
f 396/392/392 395/391/391 387/383/383
f 323/319/319 396/392/392 387/383/383
f 397/393/393 391/387/387 388/384/384
f 398/394/394 388/384/384 389/385/385
f 397/393/393 388/384/384 398/394/394
f 398/394/394 389/385/385 399/395/395
f 399/395/395 389/385/385 390/386/386
f 399/395/395 390/386/386 400/396/396
f 400/396/396 390/386/386 394/390/390
f 401/397/397 391/387/387 397/393/393
f 391/387/387 401/397/397 402/398/398
f 392/388/388 391/387/387 402/398/398
f 394/390/390 393/389/389 403/399/399
f 393/389/389 395/391/391 404/400/400
f 403/399/399 393/389/389 404/400/400
f 403/399/399 405/401/401 394/390/390
f 394/390/390 405/401/401 400/396/396
f 404/400/400 395/391/391 406/402/402
f 396/392/392 406/402/402 395/391/391
f 314/310/310 396/392/392 323/319/319
f 314/310/310 407/403/403 396/392/392
f 407/403/403 406/402/402 396/392/392
f 397/393/393 408/404/404 401/397/397
f 397/393/393 409/405/405 408/404/404
f 398/394/394 409/405/405 397/393/393
f 399/395/395 410/406/406 398/394/394
f 398/394/394 410/406/406 409/405/405
f 400/396/396 411/407/407 399/395/395
f 399/395/395 411/407/407 410/406/406
f 405/401/401 412/408/408 400/396/396
f 400/396/396 412/408/408 411/407/407
f 405/401/401 403/399/399 413/409/409
f 403/399/399 404/400/400 414/410/410
f 413/409/409 403/399/399 414/410/410
f 404/400/400 406/402/402 415/411/411
f 414/410/410 404/400/400 415/411/411
f 412/408/408 405/401/401 416/412/412
f 416/412/412 405/401/401 413/409/409
f 406/402/402 407/403/403 296/292/292
f 415/411/411 406/402/402 296/292/292
f 304/300/300 407/403/403 314/310/310
f 304/300/300 299/295/295 407/403/403
f 296/292/292 407/403/403 299/295/295
f 417/413/413 408/404/404 409/405/405
f 409/405/405 418/414/414 417/413/413
f 410/406/406 418/414/414 409/405/405
f 418/414/414 410/406/406 419/415/415
f 419/415/415 410/406/406 411/407/407
f 419/415/415 411/407/407 420/416/416
f 420/416/416 411/407/407 412/408/408
f 420/416/416 412/408/408 421/417/417
f 421/417/417 412/408/408 416/412/412
f 422/418/418 416/412/412 413/409/409
f 413/409/409 414/410/410 423/419/419
f 423/419/419 422/418/418 413/409/409
f 414/410/410 415/411/411 424/420/420
f 423/419/419 414/410/410 424/420/420
f 296/292/292 292/288/288 415/411/411
f 424/420/420 415/411/411 292/288/288
f 425/421/421 421/417/417 416/412/412
f 425/421/421 416/412/412 422/418/418
f 418/414/414 426/422/422 417/413/413
f 427/423/423 418/414/414 419/415/415
f 426/422/422 418/414/414 427/423/423
f 427/423/423 419/415/415 428/424/424
f 428/424/424 419/415/415 420/416/416
f 428/424/424 420/416/416 429/425/425
f 429/425/425 420/416/416 421/417/417
f 430/426/426 421/417/417 425/421/421
f 430/426/426 429/425/425 421/417/417
f 431/427/427 422/418/418 423/419/419
f 423/419/419 432/428/428 431/427/427
f 423/419/419 424/420/420 432/428/428
f 424/420/420 292/288/288 291/287/287
f 432/428/428 424/420/420 291/287/287
f 422/418/418 433/429/429 425/421/421
f 425/421/421 434/430/430 430/426/426
f 425/421/421 433/429/429 434/430/430
f 435/431/431 426/422/422 427/423/423
f 436/432/432 427/423/423 428/424/424
f 435/431/431 427/423/423 436/432/432
f 436/432/432 428/424/424 437/433/433
f 437/433/433 428/424/424 429/425/425
f 438/434/434 437/433/433 429/425/425
f 438/434/434 429/425/425 430/426/426
f 430/426/426 434/430/430 439/435/435
f 430/426/426 439/435/435 438/434/434
f 431/427/427 432/428/428 440/436/436
f 433/429/429 441/437/437 434/430/430
f 434/430/430 442/438/438 439/435/435
f 434/430/430 441/437/437 442/438/438
f 443/439/439 435/431/431 436/432/432
f 436/432/432 444/440/440 443/439/439
f 437/433/433 444/440/440 436/432/432
f 444/440/440 437/433/433 445/441/441
f 446/442/442 437/433/433 438/434/434
f 445/441/441 437/433/433 446/442/442
f 438/434/434 447/443/443 446/442/442
f 438/434/434 439/435/435 447/443/443
f 439/435/435 442/438/438 448/444/444
f 448/444/444 447/443/443 439/435/435
f 449/445/445 443/439/439 444/440/440
f 444/440/440 445/441/441 449/445/445
f 450/446/446 445/441/441 446/442/442
f 446/442/442 447/443/443 450/446/446
f 451/447/447 445/441/441 450/446/446
f 449/445/445 445/441/441 451/447/447
f 441/437/437 452/448/448 442/438/438
f 442/438/438 453/449/449 448/444/444
f 442/438/438 452/448/448 453/449/449
f 454/450/450 450/446/446 447/443/443
f 454/450/450 447/443/443 448/444/444
f 448/444/444 453/449/449 455/451/451
f 455/451/451 454/450/450 448/444/444
f 450/446/446 456/452/452 451/447/447
f 456/452/452 450/446/446 454/450/450
f 457/453/453 456/452/452 454/450/450
f 457/453/453 454/450/450 455/451/451
f 451/447/447 456/452/452 458/454/454
f 459/455/455 449/445/445 451/447/447
f 451/447/447 458/454/454 459/455/455
f 456/452/452 460/456/456 458/454/454
f 460/456/456 456/452/452 457/453/453
f 452/448/448 461/457/457 453/449/449
f 453/449/449 462/458/458 455/451/451
f 453/449/449 461/457/457 462/458/458
f 455/451/451 462/458/458 463/459/459
f 455/451/451 463/459/459 457/453/453
f 464/460/460 460/456/456 457/453/453
f 457/453/453 463/459/459 464/460/460
f 458/454/454 460/456/456 465/461/461
f 373/369/369 466/462/462 370/366/366
f 467/463/463 371/367/367 370/366/366
f 370/366/366 466/462/462 467/463/463
f 371/367/367 468/464/464 372/368/368
f 469/465/465 468/464/464 371/367/367
f 469/465/465 371/367/367 467/463/463
f 470/466/466 467/463/463 466/462/462
f 471/467/467 467/463/463 470/466/466
f 467/463/463 471/467/467 469/465/465
f 471/467/467 470/466/466 473/468/468
f 473/468/468 470/466/466 472/469/469
f 469/465/465 471/467/467 474/470/470
f 471/467/467 473/468/468 474/470/470
f 472/469/469 475/471/471 473/468/468
f 84/83/83 475/471/471 472/469/469
f 474/470/470 473/468/468 476/472/472
f 475/471/471 476/472/472 473/468/468
f 84/83/83 81/81/81 475/471/471
f 477/473/473 476/472/472 475/471/471
f 478/474/474 475/471/471 81/81/81
f 477/473/473 475/471/471 478/474/474
f 474/470/470 476/472/472 479/475/475
f 476/472/472 477/473/473 480/476/476
f 479/475/475 476/472/472 480/476/476
f 477/473/473 478/474/474 481/477/477
f 480/476/476 477/473/473 481/477/477
f 478/474/474 81/81/81 76/76/76
f 481/477/477 478/474/474 482/478/478
f 478/474/474 76/76/76 482/478/478
f 479/475/475 480/476/476 483/479/479
f 480/476/476 481/477/477 484/480/480
f 483/479/479 480/476/476 484/480/480
f 481/477/477 482/478/478 485/481/481
f 484/480/480 481/477/477 485/481/481
f 482/478/478 76/76/76 69/69/69
f 482/478/478 69/69/69 486/482/482
f 485/481/481 482/478/478 486/482/482
f 483/479/479 484/480/480 487/483/483
f 484/480/480 485/481/481 488/484/484
f 487/483/483 484/480/480 488/484/484
f 485/481/481 486/482/482 489/485/485
f 488/484/484 485/481/481 489/485/485
f 490/486/486 356/352/352 343/339/339
f 486/482/482 69/69/69 58/58/58
f 489/485/485 486/482/482 491/487/487
f 486/482/482 58/58/58 491/487/487
f 488/484/484 492/488/488 487/483/483
f 493/489/489 492/488/488 488/484/484
f 489/485/485 493/489/489 488/484/484
f 491/487/487 494/490/490 489/485/485
f 494/490/490 493/489/489 489/485/485
f 343/339/339 495/491/491 490/486/486
f 490/486/486 495/491/491 496/492/492
f 343/339/339 341/337/337 495/491/491
f 495/491/491 341/337/337 496/492/492
f 491/487/487 58/58/58 46/46/46
f 46/46/46 497/493/493 491/487/487
f 497/493/493 494/490/490 491/487/487
f 496/492/492 341/337/337 498/494/494
f 493/489/489 499/495/495 492/488/488
f 500/496/496 499/495/495 493/489/489
f 494/490/490 500/496/496 493/489/489
f 494/490/490 497/493/493 501/497/497
f 501/497/497 500/496/496 494/490/490
f 341/337/337 342/338/338 498/494/494
f 498/494/494 342/338/338 354/350/350
f 35/35/35 497/493/493 46/46/46
f 501/497/497 497/493/493 502/498/498
f 35/35/35 502/498/498 497/493/493
f 499/495/495 500/496/496 503/499/499
f 500/496/496 501/497/497 504/500/500
f 503/499/499 500/496/496 504/500/500
f 501/497/497 502/498/498 505/501/501
f 504/500/500 501/497/497 505/501/501
f 25/25/25 502/498/498 35/35/35
f 505/501/501 502/498/498 506/502/502
f 502/498/498 25/25/25 506/502/502
f 503/499/499 504/500/500 507/503/503
f 504/500/500 505/501/501 508/504/504
f 507/503/503 504/500/500 508/504/504
f 505/501/501 506/502/502 509/505/505
f 508/504/504 505/501/501 509/505/505
f 506/502/502 25/25/25 16/16/16
f 509/505/505 506/502/502 510/506/506
f 16/16/16 510/506/506 506/502/502
f 508/504/504 511/507/507 507/503/503
f 512/508/508 511/507/507 508/504/504
f 509/505/505 512/508/508 508/504/504
f 509/505/505 510/506/506 513/509/509
f 513/509/509 512/508/508 509/505/505
f 511/507/507 514/510/510 507/503/503
f 515/511/511 503/499/499 507/503/503
f 507/503/503 514/510/510 515/511/511
f 516/512/512 511/507/507 512/508/508
f 513/509/509 516/512/512 512/508/508
f 517/513/513 514/510/510 511/507/507
f 517/513/513 511/507/507 516/512/512
f 17/17/17 510/506/506 16/16/16
f 513/509/509 510/506/506 518/514/514
f 510/506/506 17/17/17 518/514/514
f 518/514/514 519/515/515 513/509/509
f 520/516/516 516/512/512 513/509/509
f 513/509/509 519/515/515 520/516/516
f 521/517/517 517/513/513 516/512/512
f 520/516/516 521/517/517 516/512/512
f 518/514/514 17/17/17 522/518/518
f 518/514/514 522/518/518 519/515/515
f 519/515/515 522/518/518 523/519/519
f 519/515/515 524/520/520 520/516/516
f 519/515/515 523/519/519 524/520/520
f 520/516/516 524/520/520 525/521/521
f 525/521/521 521/517/517 520/516/516
f 526/522/522 503/499/499 515/511/511
f 526/522/522 499/495/495 503/499/499
f 527/523/523 499/495/495 526/522/522
f 528/524/524 527/523/523 526/522/522
f 499/495/495 527/523/523 492/488/488
f 492/488/488 527/523/523 529/525/525
f 530/526/526 529/525/525 527/523/523
f 530/526/526 527/523/523 528/524/524
f 531/527/527 530/526/526 528/524/524
f 492/488/488 529/525/525 487/483/483
f 487/483/483 529/525/525 532/528/528
f 533/529/529 529/525/525 530/526/526
f 529/525/525 533/529/529 532/528/528
f 534/530/530 533/529/529 530/526/526
f 534/530/530 530/526/526 531/527/527
f 531/527/527 535/531/531 534/530/530
f 532/528/528 483/479/479 487/483/483
f 532/528/528 533/529/529 536/532/532
f 537/533/533 483/479/479 532/528/528
f 536/532/532 537/533/533 532/528/528
f 533/529/529 538/534/534 536/532/532
f 538/534/534 533/529/529 534/530/530
f 534/530/530 535/531/531 539/535/535
f 534/530/530 539/535/535 538/534/534
f 537/533/533 479/475/475 483/479/479
f 536/532/532 538/534/534 540/536/536
f 541/537/537 537/533/533 536/532/532
f 540/536/536 541/537/537 536/532/532
f 542/538/538 479/475/475 537/533/533
f 537/533/533 541/537/537 542/538/538
f 538/534/534 543/539/539 540/536/536
f 538/534/534 539/535/535 543/539/539
f 542/538/538 474/470/470 479/475/475
f 540/536/536 543/539/539 544/540/540
f 545/541/541 541/537/537 540/536/536
f 540/536/536 544/540/540 545/541/541
f 541/537/537 545/541/541 546/542/542
f 542/538/538 541/537/537 546/542/542
f 469/465/465 474/470/470 542/538/538
f 542/538/538 546/542/542 469/465/465
f 543/539/539 547/543/543 544/540/540
f 545/541/541 544/540/540 548/544/544
f 544/540/540 549/545/545 548/544/544
f 544/540/540 547/543/543 549/545/545
f 546/542/542 545/541/541 550/546/546
f 548/544/544 550/546/546 545/541/541
f 546/542/542 550/546/546 468/464/464
f 469/465/465 546/542/542 468/464/464
f 547/543/543 551/547/547 549/545/545
f 548/544/544 549/545/545 552/548/548
f 553/549/549 550/546/546 548/544/544
f 548/544/544 552/548/548 553/549/549
f 551/547/547 554/550/550 549/545/545
f 549/545/545 554/550/550 552/548/548
f 468/464/464 550/546/546 555/551/551
f 553/549/549 555/551/551 550/546/546
f 554/550/550 551/547/547 556/552/552
f 554/550/550 557/553/553 552/548/548
f 553/549/549 552/548/548 558/554/554
f 552/548/548 557/553/553 558/554/554
f 557/553/553 554/550/550 559/555/555
f 559/555/555 554/550/550 556/552/552
f 558/554/554 560/556/556 553/549/549
f 561/557/557 555/551/551 553/549/549
f 553/549/549 560/556/556 561/557/557
f 560/556/556 558/554/554 562/558/558
f 562/558/558 558/554/554 557/553/553
f 562/558/558 557/553/553 563/559/559
f 563/559/559 557/553/553 559/555/555
f 459/455/455 458/454/454 564/560/560
f 458/454/454 465/461/461 564/560/560
f 565/561/561 465/461/461 460/456/456
f 565/561/561 460/456/456 464/460/460
f 461/457/457 566/562/562 462/458/458
f 567/563/563 463/459/459 462/458/458
f 462/458/458 566/562/562 567/563/563
f 568/564/564 463/459/459 567/563/563
f 568/564/564 464/460/460 463/459/459
f 569/565/565 565/561/561 464/460/460
f 569/565/565 464/460/460 568/564/564
f 570/566/566 465/461/461 565/561/561
f 564/560/560 465/461/461 571/567/567
f 465/461/461 570/566/566 571/567/567
f 572/568/568 570/566/566 565/561/561
f 572/568/568 565/561/561 569/565/565
f 566/562/562 573/569/569 567/563/563
f 567/563/563 574/570/570 568/564/564
f 567/563/563 573/569/569 574/570/570
f 568/564/564 574/570/570 575/571/571
f 568/564/564 575/571/571 569/565/565
f 576/572/572 572/568/568 569/565/565
f 569/565/565 575/571/571 576/572/572
f 577/573/573 570/566/566 572/568/568
f 571/567/567 570/566/566 578/574/574
f 570/566/566 577/573/573 578/574/574
f 579/575/575 577/573/573 572/568/568
f 579/575/575 572/568/568 576/572/572
f 573/569/569 580/576/576 574/570/570
f 581/577/577 575/571/571 574/570/570
f 574/570/570 580/576/576 581/577/577
f 582/578/578 575/571/571 581/577/577
f 582/578/578 576/572/572 575/571/571
f 583/579/579 579/575/575 576/572/572
f 583/579/579 576/572/572 582/578/578
f 584/580/580 577/573/573 579/575/575
f 578/574/574 577/573/573 585/581/581
f 577/573/573 584/580/580 585/581/581
f 586/582/582 584/580/580 579/575/575
f 586/582/582 579/575/575 583/579/579
f 573/569/569 587/583/583 580/576/576
f 588/584/584 584/580/580 586/582/582
f 585/581/581 584/580/580 589/585/585
f 584/580/580 588/584/584 589/585/585
f 585/581/581 590/586/586 578/574/574
f 591/587/587 590/586/586 585/581/581
f 589/585/585 591/587/587 585/581/581
f 589/585/585 588/584/584 592/588/588
f 593/589/589 591/587/587 589/585/585
f 592/588/588 593/589/589 589/585/585
f 591/587/587 593/589/589 594/590/590
f 595/591/591 591/587/587 594/590/590
f 590/586/586 591/587/587 595/591/591
f 596/592/592 593/589/589 592/588/588
f 593/589/589 596/592/592 597/593/593
f 594/590/590 593/589/589 597/593/593
f 597/593/593 598/594/594 594/590/590
f 594/590/590 599/595/595 595/591/591
f 598/594/594 599/595/595 594/590/590
f 599/595/595 600/596/596 595/591/591
f 601/597/597 590/586/586 595/591/591
f 595/591/591 600/596/596 601/597/597
f 602/598/598 590/586/586 601/597/597
f 590/586/586 602/598/598 578/574/574
f 597/593/593 596/592/592 603/599/599
f 597/593/593 603/599/599 604/600/600
f 604/600/600 598/594/594 597/593/593
f 598/594/594 604/600/600 605/601/601
f 606/602/602 598/594/594 605/601/601
f 599/595/595 598/594/594 606/602/602
f 600/596/596 599/595/595 607/603/603
f 607/603/603 599/595/595 606/602/602
f 608/604/604 600/596/596 607/603/603
f 609/605/605 600/596/596 608/604/604
f 600/596/596 609/605/605 601/597/597
f 601/597/597 609/605/605 610/606/606
f 601/597/597 610/606/606 602/598/598
f 578/574/574 602/598/598 571/567/567
f 602/598/598 610/606/606 611/607/607
f 602/598/598 611/607/607 571/567/567
f 604/600/600 603/599/599 612/608/608
f 604/600/600 612/608/608 613/609/609
f 605/601/601 604/600/600 613/609/609
f 605/601/601 614/610/610 606/602/602
f 615/611/611 614/610/610 605/601/601
f 613/609/609 615/611/611 605/601/601
f 614/610/610 616/612/612 606/602/602
f 606/602/602 616/612/612 607/603/603
f 616/612/612 617/613/613 607/603/603
f 607/603/603 617/613/613 608/604/604
f 618/614/614 609/605/605 608/604/604
f 608/604/604 619/615/615 618/614/614
f 617/613/613 619/615/615 608/604/604
f 620/616/616 609/605/605 618/614/614
f 609/605/605 620/616/616 610/606/606
f 610/606/606 620/616/616 621/617/617
f 621/617/617 611/607/607 610/606/606
f 571/567/567 611/607/607 564/560/560
f 611/607/607 622/618/618 564/560/560
f 622/618/618 611/607/607 621/617/617
f 613/609/609 612/608/608 623/619/619
f 624/620/620 615/611/611 613/609/609
f 623/619/619 624/620/620 613/609/609
f 614/610/610 615/611/611 625/621/621
f 626/622/622 614/610/610 625/621/621
f 616/612/612 614/610/610 626/622/622
f 615/611/611 624/620/620 627/623/623
f 625/621/621 615/611/611 627/623/623
f 617/613/613 616/612/612 628/624/624
f 628/624/624 616/612/612 626/622/622
f 619/615/615 617/613/613 629/625/625
f 629/625/625 617/613/613 628/624/624
f 630/626/626 620/616/616 618/614/614
f 631/627/627 620/616/616 630/626/626
f 620/616/616 631/627/627 621/617/617
f 621/617/617 631/627/627 632/628/628
f 633/629/629 621/617/617 632/628/628
f 622/618/618 621/617/617 633/629/629
f 564/560/560 622/618/618 459/455/455
f 633/629/629 634/630/630 622/618/618
f 622/618/618 634/630/630 459/455/455
f 635/631/631 624/620/620 623/619/619
f 624/620/620 635/631/631 636/632/632
f 627/623/623 624/620/620 636/632/632
f 628/624/624 626/622/622 637/633/633
f 626/622/622 625/621/621 638/634/634
f 637/633/633 626/622/622 638/634/634
f 629/625/625 628/624/624 639/635/635
f 639/635/635 628/624/624 637/633/633
f 640/636/636 631/627/627 630/626/626
f 641/637/637 631/627/627 640/636/636
f 631/627/627 641/637/637 632/628/628
f 632/628/628 641/637/637 642/638/638
f 643/639/639 632/628/628 642/638/638
f 633/629/629 632/628/628 643/639/639
f 643/639/639 644/640/640 633/629/629
f 633/629/629 644/640/640 634/630/630
f 634/630/630 449/445/445 459/455/455
f 644/640/640 645/641/641 634/630/630
f 634/630/630 645/641/641 449/445/445
f 636/632/632 635/631/631 646/642/642
f 647/643/643 639/635/635 637/633/633
f 648/644/644 637/633/633 638/634/634
f 647/643/643 637/633/633 648/644/644
f 641/637/637 640/636/636 649/645/645
f 641/637/637 650/646/646 642/638/638
f 649/645/645 650/646/646 641/637/637
f 650/646/646 651/647/647 642/638/638
f 642/638/638 651/647/647 643/639/639
f 651/647/647 652/648/648 643/639/639
f 643/639/639 652/648/648 644/640/640
f 652/648/648 653/649/649 644/640/640
f 644/640/640 653/649/649 645/641/641
f 645/641/641 443/439/439 449/445/445
f 653/649/649 654/650/650 645/641/641
f 645/641/641 654/650/650 443/439/439
f 650/646/646 649/645/645 655/651/651
f 656/652/652 650/646/646 655/651/651
f 651/647/647 650/646/646 656/652/652
f 652/648/648 651/647/647 657/653/653
f 657/653/653 651/647/647 656/652/652
f 653/649/649 652/648/648 658/654/654
f 658/654/654 652/648/648 657/653/653
f 654/650/650 653/649/649 659/655/655
f 659/655/655 653/649/649 658/654/654
f 654/650/650 435/431/431 443/439/439
f 659/655/655 660/656/656 654/650/650
f 654/650/650 660/656/656 435/431/431
f 657/653/653 656/652/652 661/657/657
f 656/652/652 655/651/651 236/232/232
f 661/657/657 656/652/652 236/232/232
f 658/654/654 657/653/653 662/658/658
f 662/658/658 657/653/653 661/657/657
f 659/655/655 658/654/654 663/659/659
f 663/659/659 658/654/654 662/658/658
f 663/659/659 664/660/660 659/655/655
f 659/655/655 664/660/660 660/656/656
f 660/656/656 426/422/422 435/431/431
f 426/422/422 660/656/656 665/661/661
f 665/661/661 660/656/656 664/660/660
f 236/232/232 235/231/231 661/657/657
f 661/657/657 666/662/662 662/658/658
f 235/231/231 666/662/662 661/657/657
f 666/662/662 667/663/663 662/658/658
f 662/658/658 667/663/663 663/659/659
f 667/663/663 668/664/664 663/659/659
f 663/659/659 668/664/664 664/660/660
f 668/664/664 669/665/665 664/660/660
f 664/660/660 669/665/665 665/661/661
f 417/413/413 426/422/422 665/661/661
f 669/665/665 670/666/666 665/661/661
f 665/661/661 670/666/666 417/413/413
f 666/662/662 671/667/667 667/663/663
f 238/234/234 671/667/667 666/662/662
f 235/231/231 238/234/234 666/662/662
f 671/667/667 672/668/668 667/663/663
f 667/663/663 672/668/668 668/664/664
f 672/668/668 673/669/669 668/664/664
f 668/664/664 673/669/669 669/665/665
f 673/669/669 674/670/670 669/665/665
f 669/665/665 674/670/670 670/666/666
f 670/666/666 408/404/404 417/413/413
f 674/670/670 675/671/671 670/666/666
f 670/666/666 675/671/671 408/404/404
f 671/667/667 676/672/672 672/668/668
f 245/241/241 676/672/672 671/667/667
f 238/234/234 245/241/241 671/667/667
f 676/672/672 677/673/673 672/668/668
f 672/668/668 677/673/673 673/669/669
f 677/673/673 678/674/674 673/669/669
f 673/669/669 678/674/674 674/670/670
f 678/674/674 679/675/675 674/670/670
f 674/670/670 679/675/675 675/671/671
f 401/397/397 408/404/404 675/671/671
f 679/675/675 680/676/676 675/671/671
f 675/671/671 680/676/676 401/397/397
f 245/241/241 251/247/247 676/672/672
f 676/672/672 681/677/677 677/673/673
f 251/247/247 681/677/677 676/672/672
f 681/677/677 682/678/678 677/673/673
f 677/673/673 682/678/678 678/674/674
f 682/678/678 683/679/679 678/674/674
f 678/674/674 683/679/679 679/675/675
f 680/676/676 679/675/675 684/680/680
f 684/680/680 679/675/675 683/679/679
f 402/398/398 401/397/397 680/676/676
f 684/680/680 685/681/681 680/676/676
f 680/676/676 685/681/681 402/398/398
f 681/677/677 251/247/247 259/255/255
f 686/682/682 681/677/677 259/255/255
f 682/678/678 681/677/677 686/682/682
f 683/679/679 682/678/678 687/683/683
f 687/683/683 682/678/678 686/682/682
f 684/680/680 683/679/679 688/684/684
f 688/684/684 683/679/679 687/683/683
f 688/684/684 689/685/685 684/680/680
f 684/680/680 689/685/685 685/681/681
f 685/681/681 690/686/686 402/398/398
f 691/687/687 685/681/681 689/685/685
f 690/686/686 685/681/681 691/687/687
f 402/398/398 690/686/686 392/388/388
f 686/682/682 692/688/688 687/683/683
f 268/264/264 692/688/688 686/682/682
f 259/255/255 268/264/264 686/682/682
f 692/688/688 693/689/689 687/683/683
f 687/683/683 693/689/689 688/684/684
f 693/689/689 694/690/690 688/684/684
f 688/684/684 694/690/690 689/685/685
f 694/690/690 695/691/691 689/685/685
f 689/685/685 695/691/691 691/687/687
f 268/264/264 281/277/277 692/688/688
f 692/688/688 281/277/277 693/689/689
f 690/686/686 696/692/692 392/388/388
f 697/693/693 690/686/686 691/687/687
f 696/692/692 690/686/686 697/693/693
f 695/691/691 698/694/694 691/687/687
f 562/558/558 699/695/695 560/556/556
f 560/556/556 700/696/696 561/557/557
f 560/556/556 699/695/695 700/696/696
f 561/557/557 700/696/696 701/697/697
f 701/697/697 555/551/551 561/557/557
f 563/559/559 702/698/698 562/558/558
f 562/558/558 702/698/698 699/695/695
f 702/698/698 703/699/699 699/695/695
f 699/695/695 704/700/700 700/696/696
f 699/695/695 703/699/699 704/700/700
f 700/696/696 704/700/700 705/701/701
f 700/696/696 705/701/701 701/697/697
f 703/699/699 706/702/702 704/700/700
f 704/700/700 706/702/702 707/703/703
f 704/700/700 707/703/703 705/701/701
f 705/701/701 707/703/703 708/704/704
f 701/697/697 705/701/701 709/705/705
f 705/701/701 708/704/704 709/705/705
f 709/705/705 710/706/706 701/697/697
f 710/706/706 555/551/551 701/697/697
f 706/702/702 711/707/707 707/703/703
f 707/703/703 711/707/707 712/708/708
f 707/703/703 712/708/708 708/704/704
f 709/705/705 708/704/704 359/355/355
f 708/704/704 348/344/344 359/355/355
f 708/704/704 712/708/708 348/344/344
f 709/705/705 359/355/355 365/361/361
f 365/361/361 710/706/706 709/705/705
f 710/706/706 365/361/361 372/368/368
f 468/464/464 710/706/706 372/368/368
f 555/551/551 710/706/706 468/464/464
f 711/707/707 713/709/709 712/708/708
f 712/708/708 713/709/709 335/331/331
f 712/708/708 335/331/331 348/344/344
f 324/320/320 335/331/331 713/709/709
f 714/710/710 715/711/711 716/712/712
f 717/713/713 715/711/711 714/710/710
f 718/714/714 717/713/713 714/710/710
f 717/713/713 719/715/715 715/711/711
f 715/711/711 719/715/715 720/716/716
f 721/717/717 717/713/713 718/714/714
f 717/713/713 722/718/718 719/715/715
f 721/717/717 722/718/718 717/713/713
f 719/715/715 723/719/719 720/716/716
f 719/715/715 722/718/718 723/719/719
f 724/720/720 721/717/717 718/714/714
f 725/721/721 721/717/717 724/720/720
f 725/721/721 722/718/718 721/717/717
f 720/716/716 723/719/719 726/722/722
f 723/719/719 722/718/718 727/723/723
f 728/724/724 722/718/718 725/721/721
f 722/718/718 728/724/724 727/723/723
f 723/719/719 729/725/725 726/722/722
f 723/719/719 727/723/723 729/725/725
f 730/726/726 725/721/721 724/720/720
f 731/727/727 725/721/721 730/726/726
f 731/727/727 728/724/724 725/721/721
f 726/722/722 729/725/725 732/728/728
f 729/725/725 727/723/723 733/729/729
f 727/723/723 728/724/724 734/730/730
f 727/723/723 734/730/730 733/729/729
f 728/724/724 735/731/731 734/730/730
f 735/731/731 728/724/724 731/727/727
f 729/725/725 736/732/732 732/728/728
f 733/729/729 736/732/732 729/725/725
f 737/733/733 731/727/727 730/726/726
f 738/734/734 731/727/727 737/733/733
f 738/734/734 735/731/731 731/727/727
f 732/728/728 736/732/732 739/735/735
f 740/736/736 736/732/732 733/729/729
f 733/729/729 734/730/730 741/737/737
f 741/737/737 740/736/736 733/729/729
f 734/730/730 742/738/738 741/737/737
f 734/730/730 735/731/731 742/738/738
f 735/731/731 743/739/739 742/738/738
f 743/739/739 735/731/731 738/734/734
f 744/740/740 739/735/735 736/732/732
f 745/741/741 736/732/732 740/736/736
f 744/740/740 736/732/732 745/741/741
f 746/742/742 738/734/734 737/733/733
f 747/743/743 738/734/734 746/742/742
f 747/743/743 743/739/739 738/734/734
f 748/744/744 739/735/735 744/740/740
f 745/741/741 740/736/736 749/745/745
f 750/746/746 740/736/736 741/737/737
f 749/745/745 740/736/736 750/746/746
f 741/737/737 742/738/738 751/747/747
f 751/747/747 750/746/746 741/737/737
f 742/738/738 752/748/748 751/747/747
f 742/738/738 743/739/739 752/748/748
f 743/739/739 753/749/749 752/748/748
f 753/749/749 743/739/739 747/743/743
f 744/740/740 754/750/750 748/744/744
f 755/751/751 744/740/740 745/741/741
f 754/750/750 744/740/740 755/751/751
f 749/745/745 756/752/752 745/741/741
f 745/741/741 756/752/752 755/751/751
f 757/753/753 747/743/743 746/742/742
f 758/754/754 747/743/743 757/753/753
f 758/754/754 753/749/749 747/743/743
f 748/744/744 754/750/750 759/755/755
f 749/745/745 750/746/746 760/756/756
f 761/757/757 749/745/745 760/756/756
f 756/752/752 749/745/745 761/757/757
f 760/756/756 750/746/746 762/758/758
f 762/758/758 750/746/746 751/747/747
f 763/759/759 762/758/758 751/747/747
f 751/747/747 752/748/748 763/759/759
f 752/748/748 764/760/760 763/759/759
f 752/748/748 753/749/749 764/760/760
f 765/761/761 764/760/760 753/749/749
f 765/761/761 753/749/749 758/754/754
f 758/754/754 757/753/753 766/762/762
f 766/762/762 765/761/761 758/754/754
f 767/763/763 754/750/750 755/751/751
f 755/751/751 768/764/764 767/763/763
f 756/752/752 768/764/764 755/751/751
f 768/764/764 756/752/752 769/765/765
f 769/765/765 756/752/752 761/757/757
f 762/758/758 770/766/766 760/756/756
f 770/766/766 762/758/758 763/759/759
f 760/756/756 770/766/766 771/767/767
f 771/767/767 761/757/757 760/756/756
f 761/757/757 772/768/768 769/765/765
f 772/768/768 761/757/757 771/767/767
f 763/759/759 764/760/760 773/769/769
f 773/769/769 770/766/766 763/759/759
f 764/760/760 774/770/770 773/769/769
f 774/770/770 764/760/760 765/761/761
f 765/761/761 775/771/771 774/770/770
f 775/771/771 765/761/761 766/762/762
f 770/766/766 776/772/772 771/767/767
f 776/772/772 770/766/766 773/769/769
f 777/773/773 768/764/764 769/765/765
f 778/774/774 768/764/764 777/773/773
f 778/774/774 767/763/763 768/764/764
f 773/769/769 774/770/770 779/775/775
f 779/775/775 776/772/772 773/769/769
f 777/773/773 769/765/765 780/776/776
f 769/765/765 772/768/768 781/777/777
f 780/776/776 769/765/765 781/777/777
f 774/770/770 782/778/778 779/775/775
f 774/770/770 775/771/771 782/778/778
f 771/767/767 776/772/772 783/779/779
f 784/780/780 771/767/767 783/779/779
f 772/768/768 771/767/767 784/780/780
f 781/777/777 772/768/768 785/781/781
f 785/781/781 772/768/768 784/780/780
f 783/779/779 776/772/772 786/782/782
f 691/687/687 698/694/694 697/693/693
f 693/689/689 281/277/277 787/783/783
f 693/689/689 787/783/783 694/690/690
f 788/784/784 695/691/691 694/690/690
f 694/690/690 787/783/783 788/784/784
f 392/388/388 696/692/692 384/380/380
f 695/691/691 789/785/785 698/694/694
f 790/786/786 789/785/785 695/691/691
f 790/786/786 695/691/691 788/784/784
f 790/786/786 791/787/787 789/785/785
f 788/784/784 791/787/787 790/786/786
f 792/788/788 791/787/787 788/784/784
f 787/783/783 792/788/788 788/784/784
f 789/785/785 791/787/787 793/789/789
f 791/787/787 794/790/790 793/789/789
f 791/787/787 795/791/791 794/790/790
f 792/788/788 795/791/791 791/787/787
f 793/789/789 794/790/790 796/792/792
f 795/791/791 797/793/793 794/790/790
f 794/790/790 798/794/794 796/792/792
f 794/790/790 797/793/793 798/794/794
f 796/792/792 798/794/794 799/795/795
f 798/794/794 800/796/796 799/795/795
f 798/794/794 801/797/797 800/796/796
f 797/793/793 801/797/797 798/794/794
f 799/795/795 800/796/796 206/205/205
f 800/796/796 196/195/195 206/205/205
f 802/798/798 800/796/796 801/797/797
f 196/195/195 800/796/796 802/798/798
f 801/797/797 803/799/799 802/798/798
f 804/800/800 803/799/799 801/797/797
f 797/793/793 804/800/800 801/797/797
f 805/801/801 804/800/800 797/793/793
f 797/793/793 795/791/791 805/801/801
f 802/798/798 186/185/185 196/195/195
f 803/799/799 806/802/802 802/798/798
f 802/798/798 806/802/802 186/185/185
f 804/800/800 807/803/803 803/799/799
f 808/804/804 803/799/799 807/803/803
f 806/802/802 803/799/799 808/804/804
f 804/800/800 805/801/801 809/805/805
f 809/805/805 807/803/803 804/800/800
f 809/805/805 805/801/801 810/806/806
f 805/801/801 795/791/791 811/807/807
f 805/801/801 811/807/807 810/806/806
f 795/791/791 792/788/788 811/807/807
f 806/802/802 176/175/175 186/185/185
f 176/175/175 806/802/802 812/808/808
f 812/808/808 806/802/802 808/804/804
f 809/805/805 813/809/809 807/803/803
f 807/803/803 814/810/810 808/804/804
f 813/809/809 814/810/810 807/803/803
f 814/810/810 815/811/811 808/804/804
f 808/804/804 815/811/811 812/808/808
f 810/806/806 816/812/812 809/805/805
f 816/812/812 813/809/809 809/805/805
f 817/813/813 816/812/812 810/806/806
f 810/806/806 811/807/807 818/814/814
f 818/814/814 817/813/813 810/806/806
f 811/807/807 819/815/815 818/814/814
f 811/807/807 792/788/788 819/815/815
f 819/815/815 792/788/788 787/783/783
f 168/167/167 176/175/175 812/808/808
f 168/167/167 812/808/808 820/816/816
f 820/816/816 812/808/808 815/811/811
f 816/812/812 821/817/817 813/809/809
f 813/809/809 822/818/818 814/810/810
f 821/817/817 822/818/818 813/809/809
f 822/818/818 823/819/819 814/810/810
f 814/810/810 823/819/819 815/811/811
f 820/816/816 815/811/811 824/820/820
f 824/820/820 815/811/811 823/819/819
f 817/813/813 825/821/821 816/812/812
f 825/821/821 821/817/817 816/812/812
f 826/822/822 817/813/813 818/814/814
f 827/823/823 825/821/821 817/813/813
f 817/813/813 826/822/822 827/823/823
f 828/824/824 826/822/822 818/814/814
f 818/814/814 819/815/815 828/824/824
f 787/783/783 281/277/277 819/815/815
f 819/815/815 281/277/277 828/824/824
f 820/816/816 163/162/162 168/167/167
f 824/820/820 829/825/825 820/816/816
f 820/816/816 829/825/825 163/162/162
f 821/817/817 825/821/821 830/826/826
f 831/827/827 821/817/817 830/826/826
f 822/818/818 821/817/817 831/827/827
f 823/819/819 822/818/818 832/828/828
f 832/828/828 822/818/818 831/827/827
f 824/820/820 823/819/819 833/829/829
f 833/829/829 823/819/819 832/828/828
f 829/825/825 824/820/820 834/830/830
f 834/830/830 824/820/820 833/829/829
f 825/821/821 827/823/823 835/831/831
f 830/826/826 825/821/821 835/831/831
f 288/284/284 826/822/822 828/824/824
f 281/277/277 288/284/284 828/824/824
f 288/284/284 836/832/832 826/822/822
f 827/823/823 826/822/822 836/832/832
f 836/832/832 837/833/833 827/823/823
f 835/831/831 827/823/823 837/833/833
f 829/825/825 156/155/155 163/162/162
f 156/155/155 829/825/825 838/834/834
f 838/834/834 829/825/825 834/830/830
f 835/831/831 839/835/835 830/826/826
f 830/826/826 840/836/836 831/827/827
f 839/835/835 840/836/836 830/826/826
f 840/836/836 841/837/837 831/827/827
f 831/827/827 841/837/837 832/828/828
f 841/837/837 842/838/838 832/828/828
f 832/828/828 842/838/838 833/829/829
f 842/838/838 843/839/839 833/829/829
f 833/829/829 843/839/839 834/830/830
f 838/834/834 834/830/830 844/840/840
f 844/840/840 834/830/830 843/839/839
f 845/841/841 839/835/835 835/831/831
f 837/833/833 845/841/841 835/831/831
f 286/282/282 837/833/833 836/832/832
f 289/285/285 836/832/832 288/284/284
f 289/285/285 286/282/282 836/832/832
f 284/280/280 845/841/841 837/833/833
f 286/282/282 284/280/280 837/833/833
f 150/149/149 156/155/155 838/834/834
f 844/840/840 846/842/842 838/834/834
f 838/834/834 846/842/842 150/149/149
f 839/835/835 847/843/843 840/836/836
f 848/844/844 847/843/843 839/835/835
f 845/841/841 848/844/844 839/835/835
f 847/843/843 849/845/845 840/836/836
f 840/836/836 849/845/845 841/837/837
f 842/838/838 841/837/837 850/846/846
f 850/846/846 841/837/837 849/845/845
f 850/846/846 851/847/847 842/838/838
f 842/838/838 851/847/847 843/839/839
f 851/847/847 852/848/848 843/839/839
f 843/839/839 852/848/848 844/840/840
f 852/848/848 853/849/849 844/840/840
f 844/840/840 853/849/849 846/842/842
f 283/279/279 848/844/844 845/841/841
f 284/280/280 283/279/279 845/841/841
f 846/842/842 146/145/145 150/149/149
f 853/849/849 146/145/145 846/842/842
f 847/843/843 854/850/850 849/845/845
f 855/851/851 854/850/850 847/843/843
f 848/844/844 855/851/851 847/843/843
f 287/283/283 855/851/851 848/844/844
f 283/279/279 287/283/283 848/844/844
f 850/846/846 849/845/845 856/852/852
f 856/852/852 849/845/845 854/850/850
f 851/847/847 850/846/846 857/853/853
f 857/853/853 850/846/846 856/852/852
f 857/853/853 858/854/854 851/847/847
f 851/847/847 858/854/854 852/848/848
f 858/854/854 859/855/855 852/848/848
f 852/848/848 859/855/855 853/849/849
f 137/136/136 146/145/145 853/849/849
f 853/849/849 860/856/856 137/136/136
f 859/855/855 860/856/856 853/849/849
f 854/850/850 855/851/851 861/857/857
f 862/858/858 854/850/850 861/857/857
f 856/852/852 854/850/850 862/858/858
f 855/851/851 287/283/283 863/859/859
f 861/857/857 855/851/851 863/859/859
f 857/853/853 856/852/852 864/860/860
f 864/860/860 856/852/852 862/858/858
f 864/860/860 865/861/861 857/853/853
f 857/853/853 865/861/861 858/854/854
f 859/855/855 858/854/854 866/862/862
f 866/862/862 858/854/854 865/861/861
f 860/856/856 859/855/855 867/863/863
f 867/863/863 859/855/855 866/862/862
f 860/856/856 138/137/137 137/136/136
f 867/863/863 868/864/864 860/856/856
f 868/864/864 138/137/137 860/856/856
f 862/858/858 869/865/865 864/860/860
f 870/866/866 869/865/865 862/858/858
f 861/857/857 870/866/866 862/858/858
f 869/865/865 871/867/867 864/860/860
f 864/860/860 871/867/867 865/861/861
f 871/867/867 872/868/868 865/861/861
f 865/861/861 872/868/868 866/862/862
f 872/868/868 873/869/869 866/862/862
f 866/862/862 873/869/869 867/863/863
f 874/870/870 868/864/864 867/863/863
f 867/863/863 873/869/869 874/870/870
f 871/867/867 875/871/871 872/868/868
f 869/865/865 875/871/871 871/867/867
f 876/872/872 875/871/871 869/865/865
f 869/865/865 870/866/866 876/872/872
f 872/868/868 877/873/873 873/869/869
f 872/868/868 875/871/871 877/873/873
f 874/870/870 878/874/874 868/864/864
f 868/864/864 879/875/875 138/137/137
f 878/874/874 879/875/875 868/864/864
f 125/124/124 138/137/137 879/875/875
f 876/872/872 880/876/876 875/871/871
f 875/871/871 880/876/876 877/873/873
f 873/869/869 877/873/873 881/877/877
f 874/870/870 873/869/869 882/878/878
f 873/869/869 881/877/877 882/878/878
f 883/879/879 878/874/874 874/870/870
f 874/870/870 882/878/878 883/879/879
f 877/873/873 880/876/876 884/880/880
f 877/873/873 884/880/880 881/877/877
f 883/879/879 885/881/881 878/874/874
f 878/874/874 886/882/882 879/875/875
f 885/881/881 886/882/882 878/874/874
f 886/882/882 122/121/121 879/875/875
f 879/875/875 122/121/121 125/124/124
f 881/877/877 884/880/880 887/883/883
f 882/878/878 881/877/877 888/884/884
f 881/877/877 887/883/883 888/884/884
f 882/878/878 888/884/884 889/885/885
f 883/879/879 882/878/878 889/885/885
f 890/886/886 885/881/881 883/879/879
f 883/879/879 889/885/885 890/886/886
f 880/876/876 891/887/887 884/880/880
f 884/880/880 892/888/888 887/883/883
f 884/880/880 891/887/887 892/888/888
f 890/886/886 149/148/148 885/881/881
f 885/881/881 135/134/134 886/882/882
f 149/148/148 135/134/134 885/881/881
f 122/121/121 886/882/882 123/122/122
f 123/122/122 886/882/882 135/134/134
f 888/884/884 887/883/883 893/889/889
f 887/883/883 894/890/890 893/889/889
f 895/891/891 776/772/772 779/775/775
f 786/782/782 776/772/772 895/891/891
f 779/775/775 782/778/778 896/892/892
f 779/775/775 896/892/892 895/891/891
f 780/776/776 781/777/777 897/893/893
f 897/893/893 781/777/777 785/781/781
f 786/782/782 898/894/894 783/779/779
f 783/779/779 898/894/894 784/780/780
f 898/894/894 899/895/895 784/780/780
f 784/780/780 899/895/895 785/781/781
f 899/895/895 900/896/896 785/781/781
f 785/781/781 900/896/896 897/893/893
f 895/891/891 901/897/897 786/782/782
f 895/891/891 896/892/892 901/897/897
f 786/782/782 901/897/897 902/898/898
f 786/782/782 903/899/899 898/894/894
f 902/898/898 903/899/899 786/782/782
f 903/899/899 904/900/900 898/894/894
f 898/894/894 904/900/900 899/895/895
f 904/900/900 905/901/901 899/895/895
f 899/895/895 905/901/901 900/896/896
f 900/896/896 905/901/901 906/902/902
f 900/896/896 906/902/902 897/893/893
f 904/900/900 907/903/903 905/901/901
f 903/899/899 907/903/903 904/900/900
f 908/904/904 907/903/903 903/899/899
f 902/898/898 908/904/904 903/899/899
f 909/905/905 908/904/904 902/898/898
f 901/897/897 909/905/905 902/898/898
f 906/902/902 905/901/901 910/906/906
f 905/901/901 907/903/903 911/907/907
f 905/901/901 911/907/907 910/906/906
f 907/903/903 912/908/908 911/907/907
f 907/903/903 908/904/904 912/908/908
f 912/908/908 908/904/904 913/909/909
f 908/904/904 909/905/905 913/909/909
f 911/907/907 912/908/908 914/910/910
f 910/906/906 911/907/907 915/911/911
f 911/907/907 914/910/910 915/911/911
f 912/908/908 916/912/912 914/910/910
f 913/909/909 916/912/912 912/908/908
f 906/902/902 910/906/906 917/913/913
f 910/906/906 915/911/911 918/914/914
f 917/913/913 910/906/906 918/914/914
f 919/915/915 916/912/912 913/909/909
f 920/916/916 919/915/915 913/909/909
f 913/909/909 909/905/905 920/916/916
f 914/910/910 916/912/912 921/917/917
f 915/911/911 914/910/910 922/918/918
f 914/910/910 921/917/917 922/918/918
f 915/911/911 922/918/918 923/919/919
f 918/914/914 915/911/911 923/919/919
f 917/913/913 918/914/914 924/920/920
f 918/914/914 923/919/919 925/921/921
f 924/920/920 918/914/914 925/921/921
f 916/912/912 926/922/922 921/917/917
f 927/923/923 926/922/922 916/912/912
f 919/915/915 928/924/924 916/912/912
f 916/912/912 928/924/924 927/923/923
f 921/917/917 926/922/922 929/925/925
f 922/918/918 921/917/917 929/925/925
f 923/919/919 922/918/918 930/926/926
f 922/918/918 929/925/925 930/926/926
f 923/919/919 930/926/926 931/927/927
f 925/921/921 923/919/919 931/927/927
f 932/928/928 926/922/922 927/923/923
f 928/924/924 932/928/928 927/923/923
f 925/921/921 933/929/929 924/920/920
f 934/930/930 933/929/929 925/921/921
f 931/927/927 934/930/930 925/921/921
f 935/931/931 926/922/922 932/928/928
f 929/925/925 926/922/922 936/932/932
f 926/922/922 935/931/931 936/932/932
f 930/926/926 929/925/925 937/933/933
f 929/925/925 936/932/932 937/933/933
f 931/927/927 930/926/926 938/934/934
f 930/926/926 937/933/933 938/934/934
f 938/934/934 939/935/935 931/927/927
f 939/935/935 934/930/930 931/927/927
f 940/936/936 932/928/928 928/924/924
f 941/937/937 935/931/931 932/928/928
f 940/936/936 941/937/937 932/928/928
f 933/929/929 934/930/930 942/938/938
f 934/930/930 939/935/935 943/939/939
f 942/938/938 934/930/930 943/939/939
f 944/940/940 935/931/931 941/937/937
f 936/932/932 935/931/931 945/941/941
f 935/931/931 944/940/940 945/941/941
f 945/941/941 946/942/942 936/932/932
f 937/933/933 936/932/932 946/942/942
f 938/934/934 937/933/933 947/943/943
f 937/933/933 946/942/942 947/943/943
f 948/944/944 939/935/935 938/934/934
f 947/943/943 948/944/944 938/934/934
f 939/935/935 948/944/944 949/945/945
f 943/939/939 939/935/935 949/945/945
f 943/939/939 950/946/946 942/938/938
f 951/947/947 950/946/946 943/939/939
f 943/939/939 949/945/945 951/947/947
f 952/948/948 946/942/942 945/941/941
f 945/941/941 944/940/940 953/949/949
f 953/949/949 952/948/948 945/941/941
f 952/948/948 954/950/950 946/942/942
f 947/943/943 946/942/942 954/950/950
f 955/951/951 948/944/944 947/943/943
f 954/950/950 955/951/951 947/943/943
f 948/944/944 955/951/951 956/952/952
f 949/945/945 948/944/944 956/952/952
f 949/945/945 956/952/952 957/953/953
f 951/947/947 949/945/945 957/953/953
f 950/946/946 951/947/947 958/954/954
f 951/947/947 957/953/953 959/955/955
f 958/954/954 951/947/947 959/955/955
f 960/956/956 954/950/950 952/948/948
f 952/948/948 961/957/957 960/956/956
f 961/957/957 952/948/948 953/949/949
f 954/950/950 960/956/956 962/958/958
f 962/958/958 955/951/951 954/950/950
f 956/952/952 955/951/951 963/959/959
f 955/951/951 962/958/958 963/959/959
f 957/953/953 956/952/952 964/960/960
f 956/952/952 963/959/959 964/960/960
f 957/953/953 964/960/960 965/961/961
f 959/955/955 957/953/953 965/961/961
f 958/954/954 959/955/955 966/962/962
f 959/955/955 965/961/961 967/963/963
f 966/962/962 959/955/955 967/963/963
f 962/958/958 960/956/956 968/964/964
f 969/965/965 968/964/964 960/956/956
f 960/956/956 961/957/957 969/965/965
f 962/958/958 968/964/964 970/966/966
f 963/959/959 962/958/958 970/966/966
f 964/960/960 963/959/959 971/967/967
f 963/959/959 970/966/966 971/967/967
f 964/960/960 971/967/967 972/968/968
f 965/961/961 964/960/960 972/968/968
f 965/961/961 972/968/968 973/969/969
f 967/963/963 965/961/961 973/969/969
f 966/962/962 967/963/963 974/970/970
f 967/963/963 973/969/969 975/971/971
f 974/970/970 967/963/963 975/971/971
f 970/966/966 968/964/964 976/972/972
f 968/964/964 977/973/973 976/972/972
f 977/973/973 968/964/964 969/965/965
f 971/967/967 970/966/966 978/974/974
f 970/966/966 976/972/972 978/974/974
f 972/968/968 971/967/967 979/975/975
f 971/967/967 978/974/974 979/975/975
f 973/969/969 972/968/968 980/976/976
f 972/968/968 979/975/975 980/976/976
f 973/969/969 980/976/976 981/977/977
f 975/971/971 973/969/969 981/977/977
f 974/970/970 975/971/971 982/978/978
f 975/971/971 981/977/977 983/979/979
f 982/978/978 975/971/971 983/979/979
f 976/972/972 977/973/973 984/980/980
f 984/980/980 985/981/981 976/972/972
f 978/974/974 976/972/972 985/981/981
f 978/974/974 985/981/981 986/982/982
f 979/975/975 978/974/974 986/982/982
f 980/976/976 979/975/975 987/983/983
f 986/982/982 987/983/983 979/975/975
f 981/977/977 980/976/976 988/984/984
f 980/976/976 987/983/983 988/984/984
f 981/977/977 988/984/984 989/985/985
f 983/979/979 981/977/977 989/985/985
f 982/978/978 983/979/979 990/986/986
f 983/979/979 989/985/985 991/987/987
f 990/986/986 983/979/979 991/987/987
f 986/982/982 985/981/981 992/988/988
f 993/989/989 985/981/981 984/980/980
f 985/981/981 993/989/989 992/988/988
f 994/990/990 987/983/983 986/982/982
f 992/988/988 994/990/990 986/982/982
f 988/984/984 987/983/983 995/991/991
f 987/983/983 994/990/990 995/991/991
f 989/985/985 988/984/984 996/992/992
f 988/984/984 995/991/991 996/992/992
f 989/985/985 996/992/992 997/993/993
f 991/987/987 989/985/985 997/993/993
f 990/986/986 991/987/987 998/994/994
f 991/987/987 997/993/993 999/995/995
f 998/994/994 991/987/987 999/995/995
f 992/988/988 993/989/989 1000/996/996
f 1000/996/996 1001/997/997 992/988/988
f 1001/997/997 994/990/990 992/988/988
f 994/990/990 1001/997/997 1002/998/998
f 995/991/991 994/990/990 1002/998/998
f 996/992/992 995/991/991 1003/999/999
f 1002/998/998 1003/999/999 995/991/991
f 996/992/992 1003/999/999 1004/1000/1000
f 997/993/993 996/992/992 1004/1000/1000
f 997/993/993 1004/1000/1000 1005/1001/1001
f 999/995/995 997/993/993 1005/1001/1001
f 1002/998/998 1001/997/997 1006/1002/1002
f 1007/1003/1003 1001/997/997 1000/996/996
f 1001/997/997 1007/1003/1003 1006/1002/1002
f 1006/1002/1002 1008/1004/1004 1002/998/998
f 1008/1004/1004 1003/999/999 1002/998/998
f 1004/1000/1000 1003/999/999 1009/1005/1005
f 1003/999/999 1008/1004/1004 1009/1005/1005
f 1004/1000/1000 1009/1005/1005 1010/1006/1006
f 1005/1001/1001 1004/1000/1000 1010/1006/1006
f 1011/1007/1007 1008/1004/1004 1006/1002/1002
f 1006/1002/1002 1012/1008/1008 1011/1007/1007
f 1006/1002/1002 1007/1003/1003 1012/1008/1008
f 1011/1007/1007 1013/1009/1009 1008/1004/1004
f 1009/1005/1005 1008/1004/1004 1013/1009/1009
f 1010/1006/1006 1009/1005/1005 1014/1010/1010
f 1009/1005/1005 1013/1009/1009 1014/1010/1010
f 1015/1011/1011 1013/1009/1009 1011/1007/1007
f 1011/1007/1007 1016/1012/1012 1015/1011/1011
f 1011/1007/1007 1012/1008/1008 1016/1012/1012
f 1013/1009/1009 1015/1011/1011 1017/1013/1013
f 1014/1010/1010 1013/1009/1009 1017/1013/1013
f 1007/1003/1003 1018/1014/1014 1012/1008/1008
f 1019/1015/1015 1016/1012/1012 1012/1008/1008
f 1012/1008/1008 1018/1014/1014 1019/1015/1015
f 1017/1013/1013 1015/1011/1011 1020/1016/1016
f 1015/1011/1011 1021/1017/1017 1020/1016/1016
f 1015/1011/1011 1016/1012/1012 1021/1017/1017
f 1016/1012/1012 1022/1018/1018 1021/1017/1017
f 1022/1018/1018 1016/1012/1012 1019/1015/1015
f 1018/1014/1014 1023/1019/1019 1019/1015/1015
f 1024/1020/1020 1022/1018/1018 1019/1015/1015
f 1019/1015/1015 1023/1019/1019 1024/1020/1020
f 1020/1016/1016 1021/1017/1017 1025/1021/1021
f 1021/1017/1017 1022/1018/1018 1026/1022/1022
f 1021/1017/1017 1026/1022/1022 1025/1021/1021
f 1022/1018/1018 1027/1023/1023 1026/1022/1022
f 1027/1023/1023 1022/1018/1018 1024/1020/1020
f 1023/1019/1019 1028/1024/1024 1024/1020/1020
f 1029/1025/1025 1027/1023/1023 1024/1020/1020
f 1024/1020/1020 1028/1024/1024 1029/1025/1025
f 1018/1014/1014 1030/1026/1026 1023/1019/1019
f 1031/1027/1027 1023/1019/1019 1030/1026/1026
f 1028/1024/1024 1023/1019/1019 1031/1027/1027
f 1025/1021/1021 1026/1022/1022 1032/1028/1028
f 1026/1022/1022 1027/1023/1023 1033/1029/1029
f 1026/1022/1022 1033/1029/1029 1032/1028/1028
f 1027/1023/1023 1034/1030/1030 1033/1029/1029
f 1034/1030/1030 1027/1023/1023 1029/1025/1025
f 1028/1024/1024 1035/1031/1031 1029/1025/1025
f 1028/1024/1024 1036/1032/1032 1035/1031/1031
f 1031/1027/1027 1036/1032/1032 1028/1024/1024
f 1029/1025/1025 1035/1031/1031 1037/1033/1033
f 1037/1033/1033 1034/1030/1030 1029/1025/1025
f 1030/1026/1026 1038/1034/1034 1031/1027/1027
f 1039/1035/1035 1031/1027/1027 1038/1034/1034
f 1036/1032/1032 1031/1027/1027 1039/1035/1035
f 1032/1028/1028 1033/1029/1029 1040/1036/1036
f 1033/1029/1029 1034/1030/1030 1041/1037/1037
f 1033/1029/1029 1041/1037/1037 1040/1036/1036
f 1034/1030/1030 1042/1038/1038 1041/1037/1037
f 1042/1038/1038 1034/1030/1030 1037/1033/1033
f 1035/1031/1031 1043/1039/1039 1037/1033/1033
f 887/883/883 892/888/888 894/890/890
f 893/889/889 1044/1040/1040 888/884/884
f 889/885/885 888/884/884 1044/1040/1040
f 889/885/885 1044/1040/1040 1045/1041/1041
f 890/886/886 889/885/885 1045/1041/1041
f 1046/1042/1042 149/148/148 890/886/886
f 890/886/886 1045/1041/1041 1046/1042/1042
f 1047/1043/1043 894/890/890 892/888/888
f 1048/1044/1044 892/888/888 891/887/887
f 1047/1043/1043 892/888/888 1048/1044/1044
f 1046/1042/1042 148/147/147 149/148/148
f 1049/1045/1045 1044/1040/1040 893/889/889
f 893/889/889 1050/1046/1046 1049/1045/1045
f 893/889/889 894/890/890 1050/1046/1046
f 1051/1047/1047 1050/1046/1046 894/890/890
f 1051/1047/1047 894/890/890 1047/1043/1043
f 1044/1040/1040 1049/1045/1045 1052/1048/1048
f 1045/1041/1041 1044/1040/1040 1052/1048/1048
f 1045/1041/1041 1052/1048/1048 1053/1049/1049
f 1046/1042/1042 1045/1041/1041 1053/1049/1049
f 1054/1050/1050 148/147/147 1046/1042/1042
f 1046/1042/1042 1053/1049/1049 1054/1050/1050
f 1048/1044/1044 1055/1051/1051 1047/1043/1043
f 1047/1043/1043 1055/1051/1051 1051/1047/1047
f 1052/1048/1048 1049/1045/1045 1056/1052/1052
f 1049/1045/1045 1057/1053/1053 1056/1052/1052
f 1049/1045/1045 1050/1046/1046 1057/1053/1053
f 1058/1054/1054 1057/1053/1053 1050/1046/1046
f 1058/1054/1054 1050/1046/1046 1051/1047/1047
f 1051/1047/1047 1055/1051/1051 1059/1055/1055
f 1051/1047/1047 1059/1055/1055 1058/1054/1054
f 1056/1052/1052 1060/1056/1056 1052/1048/1048
f 1053/1049/1049 1052/1048/1048 1060/1056/1056
f 1053/1049/1049 1060/1056/1056 1061/1057/1057
f 1054/1050/1050 1053/1049/1049 1061/1057/1057
f 1054/1050/1050 1062/1058/1058 148/147/147
f 1063/1059/1059 1062/1058/1058 1054/1050/1050
f 1061/1057/1057 1063/1059/1059 1054/1050/1050
f 1064/1060/1060 1060/1056/1056 1056/1052/1052
f 1056/1052/1052 1065/1061/1061 1064/1060/1060
f 1056/1052/1052 1057/1053/1053 1065/1061/1061
f 1066/1062/1062 1065/1061/1061 1057/1053/1053
f 1066/1062/1062 1057/1053/1053 1058/1054/1054
f 1067/1063/1063 1066/1062/1062 1058/1054/1054
f 1058/1054/1054 1059/1055/1055 1067/1063/1063
f 1064/1060/1060 1068/1064/1064 1060/1056/1056
f 1061/1057/1057 1060/1056/1056 1068/1064/1064
f 1068/1064/1064 1069/1065/1065 1061/1057/1057
f 1069/1065/1065 1063/1059/1059 1061/1057/1057
f 1070/1066/1066 1068/1064/1064 1064/1060/1060
f 1064/1060/1060 1071/1067/1067 1070/1066/1066
f 1064/1060/1060 1065/1061/1061 1071/1067/1067
f 1072/1068/1068 1071/1067/1067 1065/1061/1061
f 1072/1068/1068 1065/1061/1061 1066/1062/1062
f 1073/1069/1069 1066/1062/1062 1067/1063/1063
f 1066/1062/1062 1073/1069/1069 1072/1068/1068
f 1070/1066/1066 1074/1070/1070 1068/1064/1064
f 1074/1070/1070 1069/1065/1065 1068/1064/1064
f 1075/1071/1071 1074/1070/1070 1070/1066/1066
f 1070/1066/1066 1076/1072/1072 1075/1071/1071
f 1070/1066/1066 1071/1067/1067 1076/1072/1072
f 1077/1073/1073 1076/1072/1072 1071/1067/1067
f 1077/1073/1073 1071/1067/1067 1072/1068/1068
f 1078/1074/1074 1077/1073/1073 1072/1068/1068
f 1072/1068/1068 1073/1069/1069 1078/1074/1074
f 1079/1075/1075 1078/1074/1074 1073/1069/1069
f 1067/1063/1063 1079/1075/1075 1073/1069/1069
f 1075/1071/1071 1076/1072/1072 1080/1076/1076
f 1081/1077/1077 1080/1076/1076 1076/1072/1072
f 1081/1077/1077 1076/1072/1072 1077/1073/1073
f 1082/1078/1078 1081/1077/1077 1077/1073/1073
f 1082/1078/1078 1077/1073/1073 1078/1074/1074
f 1083/1079/1079 1078/1074/1074 1079/1075/1075
f 1083/1079/1079 1082/1078/1078 1078/1074/1074
f 1084/1080/1080 1080/1076/1076 1081/1077/1077
f 1085/1081/1081 1084/1080/1080 1081/1077/1077
f 1085/1081/1081 1081/1077/1077 1082/1078/1078
f 1082/1078/1078 1086/1082/1082 1085/1081/1081
f 1086/1082/1082 1082/1078/1078 1083/1079/1079
f 1087/1083/1083 1086/1082/1082 1083/1079/1079
f 1083/1079/1079 1088/1084/1084 1087/1083/1083
f 1079/1075/1075 1088/1084/1084 1083/1079/1079
f 1079/1075/1075 1089/1085/1085 1088/1084/1084
f 1089/1085/1085 1079/1075/1075 1067/1063/1063
f 1090/1086/1086 1084/1080/1080 1085/1081/1081
f 1085/1081/1081 1091/1087/1087 1090/1086/1086
f 1085/1081/1081 1086/1082/1082 1091/1087/1087
f 1092/1088/1088 1086/1082/1082 1087/1083/1083
f 1092/1088/1088 1091/1087/1087 1086/1082/1082
f 1088/1084/1084 1093/1089/1089 1087/1083/1083
f 1094/1090/1090 1092/1088/1088 1087/1083/1083
f 1087/1083/1083 1093/1089/1089 1094/1090/1090
f 1088/1084/1084 1089/1085/1085 1095/1091/1091
f 1088/1084/1084 1095/1091/1091 1093/1089/1089
f 1089/1085/1085 1096/1092/1092 1095/1091/1091
f 1089/1085/1085 1059/1055/1055 1096/1092/1092
f 1067/1063/1063 1059/1055/1055 1089/1085/1085
f 1090/1086/1086 1091/1087/1087 1097/1093/1093
f 1098/1094/1094 1091/1087/1087 1092/1088/1088
f 1091/1087/1087 1098/1094/1094 1097/1093/1093
f 1099/1095/1095 1092/1088/1088 1094/1090/1090
f 1099/1095/1095 1098/1094/1094 1092/1088/1088
f 1100/1096/1096 1099/1095/1095 1094/1090/1090
f 1093/1089/1089 1100/1096/1096 1094/1090/1090
f 1101/1097/1097 1100/1096/1096 1093/1089/1089
f 1093/1089/1089 1095/1091/1091 1102/1098/1098
f 1102/1098/1098 1101/1097/1097 1093/1089/1089
f 1095/1091/1091 1096/1092/1092 1103/1099/1099
f 1095/1091/1091 1103/1099/1099 1102/1098/1098
f 1096/1092/1092 1104/1100/1100 1103/1099/1099
f 1096/1092/1092 1055/1051/1051 1104/1100/1100
f 1059/1055/1055 1055/1051/1051 1096/1092/1092
f 1097/1093/1093 1098/1094/1094 1105/1101/1101
f 1106/1102/1102 1098/1094/1094 1099/1095/1095
f 1098/1094/1094 1106/1102/1102 1105/1101/1101
f 1099/1095/1095 1107/1103/1103 1106/1102/1102
f 1107/1103/1103 1099/1095/1095 1100/1096/1096
f 1108/1104/1104 1107/1103/1103 1100/1096/1096
f 1100/1096/1096 1101/1097/1097 1108/1104/1104
f 1108/1104/1104 1101/1097/1097 1109/1105/1105
f 1110/1106/1106 1109/1105/1105 1101/1097/1097
f 1110/1106/1106 1101/1097/1097 1102/1098/1098
f 1111/1107/1107 1110/1106/1106 1102/1098/1098
f 1102/1098/1098 1103/1099/1099 1111/1107/1107
f 1103/1099/1099 1104/1100/1100 1112/1108/1108
f 1103/1099/1099 1112/1108/1108 1111/1107/1107
f 1104/1100/1100 1113/1109/1109 1112/1108/1108
f 1104/1100/1100 1114/1110/1110 1113/1109/1109
f 1055/1051/1051 1114/1110/1110 1104/1100/1100
f 1114/1110/1110 1055/1051/1051 1048/1044/1044
f 1105/1101/1101 1106/1102/1102 1115/1111/1111
f 1106/1102/1102 1116/1112/1112 1115/1111/1111
f 1106/1102/1102 1107/1103/1103 1116/1112/1112
f 1117/1113/1113 1107/1103/1103 1108/1104/1104
f 1107/1103/1103 1117/1113/1113 1116/1112/1112
f 1108/1104/1104 1118/1114/1114 1117/1113/1113
f 1119/1115/1115 1118/1114/1114 1108/1104/1104
f 1109/1105/1105 1119/1115/1115 1108/1104/1104
f 1120/1116/1116 1109/1105/1105 1110/1106/1106
f 1109/1105/1105 1120/1116/1116 1121/1117/1117
f 1121/1117/1117 1119/1115/1115 1109/1105/1105
f 1110/1106/1106 1122/1118/1118 1120/1116/1116
f 1122/1118/1118 1110/1106/1106 1111/1107/1107
f 1123/1119/1119 1122/1118/1118 1111/1107/1107
f 1111/1107/1107 1112/1108/1108 1123/1119/1119
f 1112/1108/1108 1113/1109/1109 1124/1120/1120
f 1112/1108/1108 1124/1120/1120 1123/1119/1119
f 1115/1111/1111 1116/1112/1112 1125/1121/1121
f 1116/1112/1112 1117/1113/1113 1126/1122/1122
f 1116/1112/1112 1126/1122/1122 1125/1121/1121
f 1118/1114/1114 1127/1123/1123 1117/1113/1113
f 1117/1113/1113 1127/1123/1123 1126/1122/1122
f 1118/1114/1114 1119/1115/1115 1128/1124/1124
f 1128/1124/1124 1127/1123/1123 1118/1114/1114
f 1119/1115/1115 1121/1117/1117 1129/1125/1125
f 1128/1124/1124 1119/1115/1115 1129/1125/1125
f 1126/1122/1122 1127/1123/1123 1130/1126/1126
f 1125/1121/1121 1126/1122/1122 1130/1126/1126
f 1120/1116/1116 1122/1118/1118 1131/1127/1127
f 1122/1118/1118 1132/1128/1128 1131/1127/1127
f 1132/1128/1128 1122/1118/1118 1123/1119/1119
f 1133/1129/1129 1132/1128/1128 1123/1119/1119
f 1123/1119/1119 1124/1120/1120 1133/1129/1129
f 1130/1126/1126 1127/1123/1123 1134/1130/1130
f 1127/1123/1123 1135/1131/1131 1134/1130/1130
f 1135/1131/1131 1127/1123/1123 1128/1124/1124
f 1128/1124/1124 1136/1132/1132 1135/1131/1131
f 1137/1133/1133 1136/1132/1132 1128/1124/1124
f 1129/1125/1125 1137/1133/1133 1128/1124/1124
f 1135/1131/1131 1136/1132/1132 1138/1134/1134
f 1134/1130/1130 1135/1131/1131 1138/1134/1134
f 1131/1127/1127 1132/1128/1128 1139/1135/1135
f 1132/1128/1128 1140/1136/1136 1139/1135/1135
f 1140/1136/1136 1132/1128/1128 1133/1129/1129
f 1136/1132/1132 1137/1133/1133 1141/1137/1137
f 1138/1134/1134 1136/1132/1132 1142/1138/1138
f 1136/1132/1132 1141/1137/1137 1142/1138/1138
f 1139/1135/1135 1140/1136/1136 1143/1139/1139
f 1139/1135/1135 1144/1140/1140 1131/1127/1127
f 1143/1139/1139 1144/1140/1140 1139/1135/1135
f 1140/1136/1136 1145/1141/1141 1143/1139/1139
f 1146/1142/1142 1140/1136/1136 1133/1129/1129
f 1145/1141/1141 1140/1136/1136 1146/1142/1142
f 1142/1138/1138 1141/1137/1137 1147/1143/1143
f 1143/1139/1139 1145/1141/1141 1148/1144/1144
f 1149/1145/1145 1144/1140/1140 1143/1139/1139
f 1148/1144/1144 1149/1145/1145 1143/1139/1139
f 1145/1141/1141 1150/1146/1146 1148/1144/1144
f 1151/1147/1147 1145/1141/1141 1146/1142/1142
f 1150/1146/1146 1145/1141/1141 1151/1147/1147
f 1148/1144/1144 1150/1146/1146 1152/1148/1148
f 1153/1149/1149 1149/1145/1145 1148/1144/1144
f 1152/1148/1148 1153/1149/1149 1148/1144/1144
f 1149/1145/1145 1153/1149/1149 1154/1150/1150
f 1155/1151/1151 1149/1145/1145 1154/1150/1150
f 1144/1140/1140 1149/1145/1145 1155/1151/1151
f 1144/1140/1140 1155/1151/1151 1156/1152/1152
f 1131/1127/1127 1144/1140/1140 1156/1152/1152
f 1150/1146/1146 1157/1153/1153 1152/1148/1148
f 1158/1154/1154 1150/1146/1146 1151/1147/1147
f 1157/1153/1153 1150/1146/1146 1158/1154/1154
f 1152/1148/1148 1157/1153/1153 1159/1155/1155
f 1160/1156/1156 1153/1149/1149 1152/1148/1148
f 1159/1155/1155 1160/1156/1156 1152/1148/1148
f 1153/1149/1149 1160/1156/1156 1161/1157/1157
f 1154/1150/1150 1153/1149/1149 1161/1157/1157
f 1154/1150/1150 1162/1158/1158 1155/1151/1151
f 1163/1159/1159 1162/1158/1158 1154/1150/1150
f 1161/1157/1157 1163/1159/1159 1154/1150/1150
f 1155/1151/1151 1162/1158/1158 1164/1160/1160
f 1156/1152/1152 1155/1151/1151 1164/1160/1160
f 1131/1127/1127 1156/1152/1152 1120/1116/1116
f 1156/1152/1152 1164/1160/1160 1165/1161/1161
f 1120/1116/1116 1156/1152/1152 1165/1161/1161
f 1166/1162/1162 1159/1155/1155 1157/1153/1153
f 1167/1163/1163 1157/1153/1153 1158/1154/1154
f 1166/1162/1162 1157/1153/1153 1167/1163/1163
f 1168/1164/1164 1159/1155/1155 1166/1162/1162
f 1159/1155/1155 1168/1164/1164 1169/1165/1165
f 1169/1165/1165 1160/1156/1156 1159/1155/1155
f 1160/1156/1156 1169/1165/1165 1170/1166/1166
f 1161/1157/1157 1160/1156/1156 1170/1166/1166
f 1171/1167/1167 1163/1159/1159 1161/1157/1157
f 1170/1166/1166 1171/1167/1167 1161/1157/1157
f 1162/1158/1158 1163/1159/1159 1172/1168/1168
f 1164/1160/1160 1162/1158/1158 1173/1169/1169
f 1162/1158/1158 1172/1168/1168 1173/1169/1169
f 1163/1159/1159 1171/1167/1167 1174/1170/1170
f 1172/1168/1168 1163/1159/1159 1174/1170/1170
f 1164/1160/1160 1173/1169/1169 1175/1171/1171
f 1165/1161/1161 1164/1160/1160 1175/1171/1171
f 1121/1117/1117 1120/1116/1116 1165/1161/1161
f 1165/1161/1161 1175/1171/1171 1121/1117/1117
f 1166/1162/1162 1176/1172/1172 1168/1164/1164
f 1177/1173/1173 1166/1162/1162 1167/1163/1163
f 1176/1172/1172 1166/1162/1162 1177/1173/1173
f 1169/1165/1165 1168/1164/1164 1178/1174/1174
f 1179/1175/1175 1178/1174/1174 1168/1164/1164
f 1168/1164/1164 1176/1172/1172 1179/1175/1175
f 1169/1165/1165 1178/1174/1174 1180/1176/1176
f 1170/1166/1166 1169/1165/1165 1180/1176/1176
f 1181/1177/1177 1171/1167/1167 1170/1166/1166
f 1180/1176/1176 1181/1177/1177 1170/1166/1166
f 1171/1167/1167 1181/1177/1177 1182/1178/1178
f 1174/1170/1170 1171/1167/1167 1182/1178/1178
f 1173/1169/1169 1172/1168/1168 1183/1179/1179
f 1174/1170/1170 1184/1180/1180 1172/1168/1168
f 1172/1168/1168 1184/1180/1180 1183/1179/1179
f 1173/1169/1169 1183/1179/1179 1185/1181/1181
f 1175/1171/1171 1173/1169/1169 1185/1181/1181
f 1186/1182/1182 1184/1180/1180 1174/1170/1170
f 1182/1178/1178 1186/1182/1182 1174/1170/1170
f 1185/1181/1181 1187/1183/1183 1175/1171/1171
f 1121/1117/1117 1175/1171/1171 1187/1183/1183
f 1129/1125/1125 1121/1117/1117 1187/1183/1183
f 1188/1184/1184 1178/1174/1174 1179/1175/1175
f 1043/1039/1039 1042/1038/1038 1037/1033/1033
f 1189/1185/1185 1043/1039/1039 1035/1031/1031
f 1036/1032/1032 1189/1185/1185 1035/1031/1031
f 1039/1035/1035 1190/1186/1186 1036/1032/1032
f 1190/1186/1186 1189/1185/1185 1036/1032/1032
f 1191/1187/1187 1190/1186/1186 1039/1035/1035
f 1192/1188/1188 1191/1187/1187 1039/1035/1035
f 1039/1035/1035 1038/1034/1034 1192/1188/1188
f 1040/1036/1036 1041/1037/1037 1193/1189/1189
f 1041/1037/1037 1042/1038/1038 1194/1190/1190
f 1041/1037/1037 1194/1190/1190 1193/1189/1189
f 1195/1191/1191 1194/1190/1190 1042/1038/1038
f 1195/1191/1191 1042/1038/1038 1043/1039/1039
f 1043/1039/1039 1189/1185/1185 1196/1192/1192
f 1197/1193/1193 1043/1039/1039 1196/1192/1192
f 1195/1191/1191 1043/1039/1039 1197/1193/1193
f 1189/1185/1185 1190/1186/1186 1198/1194/1194
f 1196/1192/1192 1189/1185/1185 1198/1194/1194
f 1190/1186/1186 1191/1187/1187 1199/1195/1195
f 1198/1194/1194 1190/1186/1186 1199/1195/1195
f 1200/1196/1196 1191/1187/1187 1192/1188/1188
f 1199/1195/1195 1191/1187/1187 1201/1197/1197
f 1191/1187/1187 1200/1196/1196 1201/1197/1197
f 1193/1189/1189 1194/1190/1190 1202/1198/1198
f 1203/1199/1199 1194/1190/1190 1195/1191/1191
f 1194/1190/1190 1204/1200/1200 1202/1198/1198
f 1203/1199/1199 1204/1200/1200 1194/1190/1190
f 1203/1199/1199 1195/1191/1191 1205/1201/1201
f 1205/1201/1201 1195/1191/1191 1197/1193/1193
f 1196/1192/1192 1206/1202/1202 1197/1193/1193
f 1207/1203/1203 1206/1202/1202 1196/1192/1192
f 1198/1194/1194 1207/1203/1203 1196/1192/1192
f 1205/1201/1201 1197/1193/1193 1208/1204/1204
f 1208/1204/1204 1197/1193/1193 1206/1202/1202
f 1209/1205/1205 1207/1203/1203 1198/1194/1194
f 1199/1195/1195 1209/1205/1205 1198/1194/1194
f 1201/1197/1197 1210/1206/1206 1199/1195/1195
f 1210/1206/1206 1209/1205/1205 1199/1195/1195
f 1204/1200/1200 1203/1199/1199 1211/1207/1207
f 1211/1207/1207 1203/1199/1199 1205/1201/1201
f 1208/1204/1204 1212/1208/1208 1205/1201/1201
f 1205/1201/1201 1212/1208/1208 1211/1207/1207
f 1213/1209/1209 1210/1206/1206 1201/1197/1197
f 1201/1197/1197 1200/1196/1196 1214/1210/1210
f 1214/1210/1210 1213/1209/1209 1201/1197/1197
f 1208/1204/1204 1206/1202/1202 1215/1211/1211
f 1206/1202/1202 1207/1203/1203 1216/1212/1212
f 1215/1211/1211 1206/1202/1202 1216/1212/1212
f 1207/1203/1203 1209/1205/1205 1217/1213/1213
f 1216/1212/1212 1207/1203/1203 1217/1213/1213
f 1215/1211/1211 1218/1214/1214 1208/1204/1204
f 1208/1204/1204 1218/1214/1214 1212/1208/1208
f 1217/1213/1213 1209/1205/1205 1219/1215/1215
f 1210/1206/1206 1219/1215/1215 1209/1205/1205
f 1213/1209/1209 1220/1216/1216 1210/1206/1206
f 1220/1216/1216 1219/1215/1215 1210/1206/1206
f 1221/1217/1217 1220/1216/1216 1213/1209/1209
f 1222/1218/1218 1221/1217/1217 1213/1209/1209
f 1222/1218/1218 1213/1209/1209 1214/1210/1210
f 1215/1211/1211 1216/1212/1212 1223/1219/1219
f 1224/1220/1220 1215/1211/1211 1223/1219/1219
f 1218/1214/1214 1215/1211/1211 1224/1220/1220
f 1216/1212/1212 1217/1213/1213 1225/1221/1221
f 1223/1219/1219 1216/1212/1212 1225/1221/1221
f 1217/1213/1213 1219/1215/1215 1226/1222/1222
f 1225/1221/1221 1217/1213/1213 1226/1222/1222
f 1219/1215/1215 1220/1216/1216 1227/1223/1223
f 1226/1222/1222 1219/1215/1215 1227/1223/1223
f 1220/1216/1216 1221/1217/1217 1228/1224/1224
f 1227/1223/1223 1220/1216/1216 1228/1224/1224
f 1229/1225/1225 1221/1217/1217 1222/1218/1218
f 1228/1224/1224 1221/1217/1217 1230/1226/1226
f 1221/1217/1217 1229/1225/1225 1230/1226/1226
f 1223/1219/1219 1225/1221/1221 1231/1227/1227
f 1223/1219/1219 1232/1228/1228 1224/1220/1220
f 1231/1227/1227 1232/1228/1228 1223/1219/1219
f 1231/1227/1227 1225/1221/1221 1233/1229/1229
f 1225/1221/1221 1226/1222/1222 1233/1229/1229
f 1226/1222/1222 1227/1223/1223 1234/1230/1230
f 1233/1229/1229 1226/1222/1222 1234/1230/1230
f 1234/1230/1230 1227/1223/1223 1235/1231/1231
f 1227/1223/1223 1228/1224/1224 1235/1231/1231
f 1228/1224/1224 1230/1226/1226 1236/1232/1232
f 1235/1231/1231 1228/1224/1224 1236/1232/1232
f 1236/1232/1232 1230/1226/1226 1237/1233/1233
f 1230/1226/1226 1229/1225/1225 1238/1234/1234
f 1230/1226/1226 1238/1234/1234 1237/1233/1233
f 1231/1227/1227 1239/1235/1235 1232/1228/1228
f 1240/1236/1236 1239/1235/1235 1231/1227/1227
f 1231/1227/1227 1233/1229/1229 1240/1236/1236
f 1240/1236/1236 1233/1229/1229 1241/1237/1237
f 1234/1230/1230 1241/1237/1237 1233/1229/1229
f 1235/1231/1231 1242/1238/1238 1234/1230/1230
f 1242/1238/1238 1241/1237/1237 1234/1230/1230
f 1243/1239/1239 1242/1238/1238 1235/1231/1231
f 1236/1232/1232 1243/1239/1239 1235/1231/1231
f 1237/1233/1233 1244/1240/1240 1236/1232/1232
f 1244/1240/1240 1243/1239/1239 1236/1232/1232
f 1245/1241/1241 1244/1240/1240 1237/1233/1233
f 1246/1242/1242 1245/1241/1241 1237/1233/1233
f 1237/1233/1233 1238/1234/1234 1246/1242/1242
f 1240/1236/1236 1247/1243/1243 1239/1235/1235
f 1248/1244/1244 1247/1243/1243 1240/1236/1236
f 1240/1236/1236 1241/1237/1237 1248/1244/1244
f 1248/1244/1244 1241/1237/1237 1249/1245/1245
f 1242/1238/1238 1249/1245/1245 1241/1237/1237
f 1243/1239/1239 1250/1246/1246 1242/1238/1238
f 1250/1246/1246 1249/1245/1245 1242/1238/1238
f 1251/1247/1247 1250/1246/1246 1243/1239/1239
f 1244/1240/1240 1251/1247/1247 1243/1239/1239
f 1244/1240/1240 1245/1241/1241 1252/1248/1248
f 1252/1248/1248 1251/1247/1247 1244/1240/1240
f 1252/1248/1248 1245/1241/1241 1253/1249/1249
f 1245/1241/1241 1254/1250/1250 1253/1249/1249
f 1254/1250/1250 1245/1241/1241 1246/1242/1242
f 1247/1243/1243 1248/1244/1244 1255/1251/1251
f 1248/1244/1244 1249/1245/1245 1256/1252/1252
f 1255/1251/1251 1248/1244/1244 1256/1252/1252
f 1249/1245/1245 1250/1246/1246 1257/1253/1253
f 1256/1252/1252 1249/1245/1245 1257/1253/1253
f 1250/1246/1246 1251/1247/1247 1258/1254/1254
f 1257/1253/1253 1250/1246/1246 1258/1254/1254
f 1258/1254/1254 1251/1247/1247 1259/1255/1255
f 1251/1247/1247 1252/1248/1248 1259/1255/1255
f 1252/1248/1248 1253/1249/1249 1260/1256/1256
f 1259/1255/1255 1252/1248/1248 1260/1256/1256
f 1260/1256/1256 1253/1249/1249 1261/1257/1257
f 1253/1249/1249 1262/1258/1258 1261/1257/1257
f 1253/1249/1249 1254/1250/1250 1262/1258/1258
f 1255/1251/1251 1256/1252/1252 1263/1259/1259
f 1263/1259/1259 1256/1252/1252 1264/1260/1260
f 1256/1252/1252 1257/1253/1253 1264/1260/1260
f 1264/1260/1260 1257/1253/1253 1265/1261/1261
f 1258/1254/1254 1265/1261/1261 1257/1253/1253
f 1266/1262/1262 1265/1261/1261 1258/1254/1254
f 1258/1254/1254 1259/1255/1255 1266/1262/1262
f 1266/1262/1262 1259/1255/1255 1267/1263/1263
f 1259/1255/1255 1260/1256/1256 1267/1263/1263
f 1260/1256/1256 1261/1257/1257 1268/1264/1264
f 1267/1263/1263 1260/1256/1256 1268/1264/1264
f 1268/1264/1264 1261/1257/1257 1269/1265/1265
f 1261/1257/1257 1270/1266/1266 1269/1265/1265
f 1261/1257/1257 1262/1258/1258 1270/1266/1266
f 1264/1260/1260 1271/1267/1267 1263/1259/1259
f 1272/1268/1268 1271/1267/1267 1264/1260/1260
f 1265/1261/1261 1272/1268/1268 1264/1260/1260
f 1273/1269/1269 1272/1268/1268 1265/1261/1261
f 1265/1261/1261 1266/1262/1262 1273/1269/1269
f 1266/1262/1262 1267/1263/1263 1274/1270/1270
f 1273/1269/1269 1266/1262/1262 1274/1270/1270
f 1274/1270/1270 1267/1263/1263 1275/1271/1271
f 1267/1263/1263 1268/1264/1264 1275/1271/1271
f 1268/1264/1264 1269/1265/1265 1276/1272/1272
f 1275/1271/1271 1268/1264/1264 1276/1272/1272
f 1276/1272/1272 1269/1265/1265 1277/1273/1273
f 1269/1265/1265 1278/1274/1274 1277/1273/1273
f 1269/1265/1265 1270/1266/1266 1278/1274/1274
f 1271/1267/1267 1272/1268/1268 1279/1275/1275
f 1279/1275/1275 1272/1268/1268 1280/1276/1276
f 1272/1268/1268 1273/1269/1269 1280/1276/1276
f 1280/1276/1276 1273/1269/1269 1281/1277/1277
f 1274/1270/1270 1281/1277/1277 1273/1269/1269
f 1275/1271/1271 1282/1278/1278 1274/1270/1270
f 1282/1278/1278 1281/1277/1277 1274/1270/1270
f 1283/1279/1279 1282/1278/1278 1275/1271/1271
f 1276/1272/1272 1283/1279/1279 1275/1271/1271
f 1277/1273/1273 1284/1280/1280 1276/1272/1272
f 1284/1280/1280 1283/1279/1279 1276/1272/1272
f 1285/1281/1281 1284/1280/1280 1277/1273/1273
f 1277/1273/1273 1278/1274/1274 1286/1282/1282
f 1286/1282/1282 1285/1281/1281 1277/1273/1273
f 1279/1275/1275 1280/1276/1276 1287/1283/1283
f 1287/1283/1283 1280/1276/1276 1288/1284/1284
f 1281/1277/1277 1288/1284/1284 1280/1276/1276
f 1289/1285/1285 1288/1284/1284 1281/1277/1277
f 1282/1278/1278 1289/1285/1285 1281/1277/1277
f 1283/1279/1279 1290/1286/1286 1282/1278/1278
f 1290/1286/1286 1289/1285/1285 1282/1278/1278
f 1291/1287/1287 1290/1286/1286 1283/1279/1279
f 1284/1280/1280 1291/1287/1287 1283/1279/1279
f 1285/1281/1281 1292/1288/1288 1284/1280/1280
f 1292/1288/1288 1291/1287/1287 1284/1280/1280
f 1293/1289/1289 1292/1288/1288 1285/1281/1281
f 1294/1290/1290 1293/1289/1289 1285/1281/1281
f 1294/1290/1290 1285/1281/1281 1286/1282/1282
f 1287/1283/1283 1288/1284/1284 1295/1291/1291
f 1295/1291/1291 1288/1284/1284 1296/1292/1292
f 1289/1285/1285 1296/1292/1292 1288/1284/1284
f 1297/1293/1293 1296/1292/1292 1289/1285/1285
f 1290/1286/1286 1297/1293/1293 1289/1285/1285
f 1291/1287/1287 1298/1294/1294 1290/1286/1286
f 1298/1294/1294 1297/1293/1293 1290/1286/1286
f 1299/1295/1295 1298/1294/1294 1291/1287/1287
f 1292/1288/1288 1299/1295/1295 1291/1287/1287
f 1293/1289/1289 1300/1296/1296 1292/1288/1288
f 1300/1296/1296 1299/1295/1295 1292/1288/1288
f 1301/1297/1297 1300/1296/1296 1293/1289/1289
f 1302/1298/1298 1301/1297/1297 1293/1289/1289
f 1302/1298/1298 1293/1289/1289 1294/1290/1290
f 1296/1292/1292 1303/1299/1299 1295/1291/1291
f 1304/1300/1300 1303/1299/1299 1296/1292/1292
f 1296/1292/1292 1297/1293/1293 1304/1300/1300
f 1304/1300/1300 1297/1293/1293 1305/1301/1301
f 1298/1294/1294 1305/1301/1301 1297/1293/1293
f 1306/1302/1302 1305/1301/1301 1298/1294/1294
f 1299/1295/1295 1306/1302/1302 1298/1294/1294
f 1307/1303/1303 1306/1302/1302 1299/1295/1295
f 1300/1296/1296 1307/1303/1303 1299/1295/1295
f 1301/1297/1297 1308/1304/1304 1300/1296/1296
f 1308/1304/1304 1307/1303/1303 1300/1296/1296
f 1309/1305/1305 1308/1304/1304 1301/1297/1297
f 1310/1306/1306 1309/1305/1305 1301/1297/1297
f 1310/1306/1306 1301/1297/1297 1302/1298/1298
f 1303/1299/1299 1304/1300/1300 1311/1307/1307
f 1311/1307/1307 1304/1300/1300 1312/1308/1308
f 1304/1300/1300 1305/1301/1301 1312/1308/1308
f 1312/1308/1308 1305/1301/1301 1313/1309/1309
f 1306/1302/1302 1313/1309/1309 1305/1301/1301
f 1314/1310/1310 1313/1309/1309 1306/1302/1302
f 1307/1303/1303 1314/1310/1310 1306/1302/1302
f 1315/1311/1311 1314/1310/1310 1307/1303/1303
f 1308/1304/1304 1315/1311/1311 1307/1303/1303
f 1309/1305/1305 1316/1312/1312 1308/1304/1304
f 1316/1312/1312 1315/1311/1311 1308/1304/1304
f 1317/1313/1313 1316/1312/1312 1309/1305/1305
f 1318/1314/1314 1317/1313/1313 1309/1305/1305
f 1318/1314/1314 1309/1305/1305 1310/1306/1306
f 1311/1307/1307 1312/1308/1308 1319/1315/1315
f 1319/1315/1315 1312/1308/1308 1320/1316/1316
f 1312/1308/1308 1313/1309/1309 1320/1316/1316
f 1320/1316/1316 1313/1309/1309 1321/1317/1317
f 1314/1310/1310 1321/1317/1317 1313/1309/1309
f 1322/1318/1318 1321/1317/1317 1314/1310/1310
f 1315/1311/1311 1322/1318/1318 1314/1310/1310
f 1323/1319/1319 1322/1318/1318 1315/1311/1311
f 1316/1312/1312 1323/1319/1319 1315/1311/1311
f 1317/1313/1313 1324/1320/1320 1316/1312/1312
f 1324/1320/1320 1323/1319/1319 1316/1312/1312
f 1325/1321/1321 1324/1320/1320 1317/1313/1313
f 1326/1322/1322 1325/1321/1321 1317/1313/1313
f 1326/1322/1322 1317/1313/1313 1318/1314/1314
f 1327/1323/1323 1321/1317/1317 1322/1318/1318
f 1322/1318/1318 1323/1319/1319 1327/1323/1323
f 1321/1317/1317 1328/1324/1324 1320/1316/1316
f 1328/1324/1324 1321/1317/1317 1327/1323/1323
f 1320/1316/1316 1329/1325/1325 1319/1315/1315
f 1320/1316/1316 1328/1324/1324 1329/1325/1325
f 1327/1323/1323 1323/1319/1319 1330/1326/1326
f 1323/1319/1319 1324/1320/1320 1330/1326/1326
f 1324/1320/1320 1325/1321/1321 1331/1327/1327
f 1330/1326/1326 1324/1320/1320 1331/1327/1327
f 1319/1315/1315 1329/1325/1325 1332/1328/1328
f 1331/1327/1327 1325/1321/1321 1333/1329/1329
f 1325/1321/1321 1334/1330/1330 1333/1329/1329
f 1334/1330/1330 1325/1321/1321 1326/1322/1322
f 1333/1329/1329 1334/1330/1330 1335/1331/1331
f 1180/1176/1176 1178/1174/1174 1336/1332/1332
f 1178/1174/1174 1188/1184/1184 1336/1332/1332
f 1337/1333/1333 1181/1177/1177 1180/1176/1176
f 1336/1332/1332 1337/1333/1333 1180/1176/1176
f 1181/1177/1177 1337/1333/1333 1338/1334/1334
f 1182/1178/1178 1181/1177/1177 1338/1334/1334
f 1339/1335/1335 1186/1182/1182 1182/1178/1178
f 1338/1334/1334 1339/1335/1335 1182/1178/1178
f 1187/1183/1183 1340/1336/1336 1129/1125/1125
f 1340/1336/1336 1187/1183/1183 1185/1181/1181
f 1341/1337/1337 1340/1336/1336 1185/1181/1181
f 1185/1181/1181 1183/1179/1179 1341/1337/1337
f 1183/1179/1179 1342/1338/1338 1341/1337/1337
f 1183/1179/1179 1184/1180/1180 1342/1338/1338
f 1186/1182/1182 1343/1339/1339 1184/1180/1180
f 1344/1340/1340 1343/1339/1339 1186/1182/1182
f 1339/1335/1335 1344/1340/1340 1186/1182/1182
f 1345/1341/1341 1337/1333/1333 1336/1332/1332
f 1336/1332/1332 1188/1184/1184 1346/1342/1342
f 1346/1342/1342 1345/1341/1341 1336/1332/1332
f 1345/1341/1341 1347/1343/1343 1337/1333/1333
f 1338/1334/1334 1337/1333/1333 1347/1343/1343
f 1348/1344/1344 1339/1335/1335 1338/1334/1334
f 1347/1343/1343 1348/1344/1344 1338/1334/1334
f 1349/1345/1345 1344/1340/1340 1339/1335/1335
f 1348/1344/1344 1349/1345/1345 1339/1335/1335
f 1344/1340/1340 1349/1345/1345 1350/1346/1346
f 1351/1347/1347 1344/1340/1340 1350/1346/1346
f 1343/1339/1339 1344/1340/1340 1351/1347/1347
f 1352/1348/1348 1347/1343/1343 1345/1341/1341
f 1353/1349/1349 1345/1341/1341 1346/1342/1342
f 1345/1341/1341 1353/1349/1349 1352/1348/1348
f 1354/1350/1350 1348/1344/1344 1347/1343/1343
f 1352/1348/1348 1354/1350/1350 1347/1343/1343
f 1355/1351/1351 1349/1345/1345 1348/1344/1344
f 1354/1350/1350 1355/1351/1351 1348/1344/1344
f 1349/1345/1345 1355/1351/1351 1356/1352/1352
f 1350/1346/1346 1349/1345/1345 1356/1352/1352
f 1350/1346/1346 1356/1352/1352 1357/1353/1353
f 1358/1354/1354 1350/1346/1346 1357/1353/1353
f 1351/1347/1347 1350/1346/1346 1358/1354/1354
f 1352/1348/1348 1353/1349/1349 1359/1355/1355
f 1359/1355/1355 1360/1356/1356 1352/1348/1348
f 1360/1356/1356 1354/1350/1350 1352/1348/1348
f 1361/1357/1357 1355/1351/1351 1354/1350/1350
f 1360/1356/1356 1361/1357/1357 1354/1350/1350
f 1355/1351/1351 1361/1357/1357 1362/1358/1358
f 1356/1352/1352 1355/1351/1351 1362/1358/1358
f 1356/1352/1352 1362/1358/1358 1363/1359/1359
f 1357/1353/1353 1356/1352/1352 1363/1359/1359
f 1357/1353/1353 1364/1360/1360 1358/1354/1354
f 1365/1361/1361 1364/1360/1360 1357/1353/1353
f 1363/1359/1359 1365/1361/1361 1357/1353/1353
f 1366/1362/1362 1361/1357/1357 1360/1356/1356
f 1367/1363/1363 1360/1356/1356 1359/1355/1355
f 1367/1363/1363 1366/1362/1362 1360/1356/1356
f 1362/1358/1358 1361/1357/1357 1368/1364/1364
f 1366/1362/1362 1368/1364/1364 1361/1357/1357
f 1362/1358/1358 1368/1364/1364 1369/1365/1365
f 1363/1359/1359 1362/1358/1358 1369/1365/1365
f 1370/1366/1366 1365/1361/1361 1363/1359/1359
f 1369/1365/1365 1370/1366/1366 1363/1359/1359
f 1370/1366/1366 1371/1367/1367 1365/1361/1361
f 1371/1367/1367 1364/1360/1360 1365/1361/1361
f 1372/1368/1368 1368/1364/1364 1366/1362/1362
f 1366/1362/1362 1373/1369/1369 1372/1368/1368
f 1373/1369/1369 1366/1362/1362 1367/1363/1363
f 1368/1364/1364 1372/1368/1368 1374/1370/1370
f 1369/1365/1365 1368/1364/1364 1374/1370/1370
f 1375/1371/1371 1370/1366/1366 1369/1365/1365
f 1374/1370/1370 1375/1371/1371 1369/1365/1365
f 1375/1371/1371 1376/1372/1372 1370/1366/1366
f 1376/1372/1372 1371/1367/1367 1370/1366/1366
f 1374/1370/1370 1372/1368/1368 1377/1373/1373
f 1372/1368/1368 1378/1374/1374 1377/1373/1373
f 1372/1368/1368 1373/1369/1369 1378/1374/1374
f 1379/1375/1375 1375/1371/1371 1374/1370/1370
f 1377/1373/1373 1379/1375/1375 1374/1370/1370
f 1379/1375/1375 1380/1376/1376 1375/1371/1371
f 1380/1376/1376 1376/1372/1372 1375/1371/1371
f 1380/1376/1376 1381/1377/1377 1376/1372/1372
f 1376/1372/1372 1382/1378/1378 1371/1367/1367
f 1381/1377/1377 1382/1378/1378 1376/1372/1372
f 1377/1373/1373 1378/1374/1374 1383/1379/1379
f 1383/1379/1379 1384/1380/1380 1377/1373/1373
f 1384/1380/1380 1379/1375/1375 1377/1373/1373
f 1384/1380/1380 1385/1381/1381 1379/1375/1375
f 1385/1381/1381 1380/1376/1376 1379/1375/1375
f 1385/1381/1381 1386/1382/1382 1380/1376/1376
f 1386/1382/1382 1381/1377/1377 1380/1376/1376
f 1387/1383/1383 1385/1381/1381 1384/1380/1380
f 1388/1384/1384 1384/1380/1380 1383/1379/1379
f 1388/1384/1384 1387/1383/1383 1384/1380/1380
f 1387/1383/1383 1389/1385/1385 1385/1381/1381
f 1389/1385/1385 1386/1382/1382 1385/1381/1381
f 1378/1374/1374 1390/1386/1386 1383/1379/1379
f 1391/1387/1387 1388/1384/1384 1383/1379/1379
f 1383/1379/1379 1390/1386/1386 1391/1387/1387
f 1392/1388/1388 1389/1385/1385 1387/1383/1383
f 1393/1389/1389 1392/1388/1388 1387/1383/1383
f 1393/1389/1389 1387/1383/1383 1388/1384/1384
f 1394/1390/1390 1393/1389/1389 1388/1384/1384
f 1394/1390/1390 1388/1384/1384 1391/1387/1387
f 1390/1386/1386 1395/1391/1391 1391/1387/1387
f 1396/1392/1392 1394/1390/1390 1391/1387/1387
f 1391/1387/1387 1395/1391/1391 1396/1392/1392
f 1397/1393/1393 1392/1388/1388 1393/1389/1389
f 1398/1394/1394 1393/1389/1389 1394/1390/1390
f 1398/1394/1394 1397/1393/1393 1393/1389/1389
f 1399/1395/1395 1398/1394/1394 1394/1390/1390
f 1399/1395/1395 1394/1390/1390 1396/1392/1392
f 1395/1391/1391 1400/1396/1396 1396/1392/1392
f 1401/1397/1397 1399/1395/1395 1396/1392/1392
f 1396/1392/1392 1400/1396/1396 1401/1397/1397
f 1395/1391/1391 1402/1398/1398 1400/1396/1396
f 1403/1399/1399 1402/1398/1398 1395/1391/1391
f 1395/1391/1391 1390/1386/1386 1403/1399/1399
f 1404/1400/1400 1397/1393/1393 1398/1394/1394
f 1405/1401/1401 1404/1400/1400 1398/1394/1394
f 1405/1401/1401 1398/1394/1394 1399/1395/1395
f 1406/1402/1402 1405/1401/1401 1399/1395/1395
f 1406/1402/1402 1399/1395/1395 1401/1397/1397
f 1400/1396/1396 1407/1403/1403 1401/1397/1397
f 1408/1404/1404 1400/1396/1396 1402/1398/1398
f 1407/1403/1403 1400/1396/1396 1408/1404/1404
f 1401/1397/1397 1407/1403/1403 1409/1405/1405
f 1409/1405/1405 1406/1402/1402 1401/1397/1397
f 1402/1398/1398 1403/1399/1399 1410/1406/1406
f 1411/1407/1407 1402/1398/1398 1410/1406/1406
f 1408/1404/1404 1402/1398/1398 1411/1407/1407
f 1412/1408/1408 1404/1400/1400 1405/1401/1401
f 1413/1409/1409 1405/1401/1401 1406/1402/1402
f 1413/1409/1409 1412/1408/1408 1405/1401/1401
f 1414/1410/1410 1413/1409/1409 1406/1402/1402
f 1414/1410/1410 1406/1402/1402 1409/1405/1405
f 1407/1403/1403 1415/1411/1411 1409/1405/1405
f 1416/1412/1412 1415/1411/1411 1407/1403/1403
f 1407/1403/1403 1408/1404/1404 1416/1412/1412
f 1416/1412/1412 1408/1404/1404 1417/1413/1413
f 1408/1404/1404 1411/1407/1407 1417/1413/1413
f 1414/1410/1410 1409/1405/1405 1418/1414/1414
f 1418/1414/1414 1409/1405/1405 1415/1411/1411
f 1411/1407/1407 1410/1406/1406 1419/1415/1415
f 1419/1415/1415 1420/1416/1416 1411/1407/1407
f 1417/1413/1413 1411/1407/1407 1420/1416/1416
f 1421/1417/1417 1412/1408/1408 1413/1409/1409
f 1422/1418/1418 1413/1409/1409 1414/1410/1410
f 1422/1418/1418 1421/1417/1417 1413/1409/1409
f 1422/1418/1418 1414/1410/1410 1423/1419/1419
f 1423/1419/1419 1414/1410/1410 1418/1414/1414
f 1415/1411/1411 1416/1412/1412 1424/1420/1420
f 1425/1421/1421 1415/1411/1411 1424/1420/1420
f 1418/1414/1414 1415/1411/1411 1425/1421/1421
f 1416/1412/1412 1417/1413/1413 1426/1422/1422
f 1424/1420/1420 1416/1412/1412 1426/1422/1422
f 1426/1422/1422 1417/1413/1413 1427/1423/1423
f 1417/1413/1413 1420/1416/1416 1427/1423/1423
f 1423/1419/1419 1418/1414/1414 1428/1424/1424
f 1428/1424/1424 1418/1414/1414 1425/1421/1421
f 1427/1423/1423 1420/1416/1416 1429/1425/1425
f 1430/1426/1426 1420/1416/1416 1419/1415/1415
f 1430/1426/1426 1429/1425/1425 1420/1416/1416
f 1431/1427/1427 1421/1417/1417 1422/1418/1418
f 1431/1427/1427 1422/1418/1418 1432/1428/1428
f 1432/1428/1428 1422/1418/1418 1423/1419/1419
f 1432/1428/1428 1423/1419/1419 1433/1429/1429
f 1433/1429/1429 1423/1419/1419 1428/1424/1424
f 1426/1422/1422 1434/1430/1430 1424/1420/1420
f 1435/1431/1431 1424/1420/1420 1434/1430/1430
f 1425/1421/1421 1424/1420/1420 1435/1431/1431
f 1428/1424/1424 1425/1421/1421 1436/1432/1432
f 1436/1432/1432 1425/1421/1421 1435/1431/1431
f 1437/1433/1433 1434/1430/1430 1426/1422/1422
f 1426/1422/1422 1427/1423/1423 1437/1433/1433
f 1437/1433/1433 1427/1423/1423 1438/1434/1434
f 1427/1423/1423 1429/1425/1425 1438/1434/1434
f 1433/1429/1429 1428/1424/1424 1439/1435/1435
f 1439/1435/1435 1428/1424/1424 1436/1432/1432
f 1438/1434/1434 1429/1425/1425 1440/1436/1436
f 1441/1437/1437 1429/1425/1425 1430/1426/1426
f 1429/1425/1425 1441/1437/1437 1440/1436/1436
f 1437/1433/1433 1442/1438/1438 1434/1430/1430
f 1443/1439/1439 1434/1430/1430 1442/1438/1438
f 1435/1431/1431 1434/1430/1430 1443/1439/1439
f 1436/1432/1432 1435/1431/1431 1444/1440/1440
f 1444/1440/1440 1435/1431/1431 1443/1439/1439
f 1439/1435/1435 1436/1432/1432 1445/1441/1441
f 1445/1441/1441 1436/1432/1432 1444/1440/1440
f 1446/1442/1442 1442/1438/1438 1437/1433/1433
f 1438/1434/1434 1446/1442/1442 1437/1433/1433
f 1447/1443/1443 1446/1442/1442 1438/1434/1434
f 1438/1434/1434 1440/1436/1436 1447/1443/1443
f 1447/1443/1443 1440/1436/1436 1448/1444/1444
f 1440/1436/1436 1441/1437/1437 1449/1445/1445
f 1449/1445/1445 1448/1444/1444 1440/1436/1436
f 1442/1438/1438 1446/1442/1442 1450/1446/1446
f 1451/1447/1447 1442/1438/1438 1450/1446/1446
f 1443/1439/1439 1442/1438/1438 1451/1447/1447
f 1444/1440/1440 1443/1439/1439 1452/1448/1448
f 1452/1448/1448 1443/1439/1439 1451/1447/1447
f 1452/1448/1448 1453/1449/1449 1444/1440/1440
f 1444/1440/1440 1453/1449/1449 1445/1441/1441
f 1446/1442/1442 1447/1443/1443 1454/1450/1450
f 1450/1446/1446 1446/1442/1442 1454/1450/1450
f 1454/1450/1450 1447/1443/1443 1455/1451/1451
f 1447/1443/1443 1448/1444/1444 1455/1451/1451
f 1455/1451/1451 1448/1444/1444 1456/1452/1452
f 1457/1453/1453 1448/1444/1444 1449/1445/1445
f 1457/1453/1453 1456/1452/1452 1448/1444/1444
f 1454/1450/1450 1458/1454/1454 1450/1446/1446
f 1459/1455/1455 1450/1446/1446 1458/1454/1454
f 1451/1447/1447 1450/1446/1446 1459/1455/1455
f 1452/1448/1448 1451/1447/1447 1460/1456/1456
f 1460/1456/1456 1451/1447/1447 1459/1455/1455
f 1460/1456/1456 1461/1457/1457 1452/1448/1448
f 1452/1448/1448 1461/1457/1457 1453/1449/1449
f 1462/1458/1458 1458/1454/1454 1454/1450/1450
f 1454/1450/1450 1455/1451/1451 1462/1458/1458
f 1462/1458/1458 1455/1451/1451 1463/1459/1459
f 1455/1451/1451 1456/1452/1452 1463/1459/1459
f 1463/1459/1459 1456/1452/1452 1464/1460/1460
f 1465/1461/1461 1456/1452/1452 1457/1453/1453
f 1456/1452/1452 1465/1461/1461 1464/1460/1460
f 1462/1458/1458 1466/1462/1462 1458/1454/1454
f 1467/1463/1463 1458/1454/1454 1466/1462/1462
f 1459/1455/1455 1458/1454/1454 1467/1463/1463
f 1460/1456/1456 1459/1455/1455 1468/1464/1464
f 1468/1464/1464 1459/1455/1455 1467/1463/1463
f 1461/1457/1457 1460/1456/1456 1469/1465/1465
f 1469/1465/1465 1460/1456/1456 1468/1464/1464
f 1463/1459/1459 1470/1466/1466 1462/1458/1458
f 1470/1466/1466 1466/1462/1462 1462/1458/1458
f 1471/1467/1467 1470/1466/1466 1463/1459/1459
f 1463/1459/1459 1464/1460/1460 1471/1467/1467
f 1471/1467/1467 1464/1460/1460 1472/1468/1468
f 1464/1460/1460 1465/1461/1461 1473/1469/1469
f 1473/1469/1469 1472/1468/1468 1464/1460/1460
f 1470/1466/1466 1474/1470/1470 1466/1462/1462
f 1475/1471/1471 1466/1462/1462 1474/1470/1470
f 1467/1463/1463 1466/1462/1462 1475/1471/1471
f 1468/1464/1464 1467/1463/1463 1476/1472/1472
f 1476/1472/1472 1467/1463/1463 1475/1471/1471
f 1469/1465/1465 1468/1464/1464 1477/1473/1473
f 1477/1473/1473 1468/1464/1464 1476/1472/1472
f 1471/1467/1467 1478/1474/1474 1470/1466/1466
f 1478/1474/1474 1474/1470/1470 1470/1466/1466
f 1479/1475/1475 1478/1474/1474 1471/1467/1467
f 1471/1467/1467 1472/1468/1468 1479/1475/1475
f 1479/1475/1475 1472/1468/1468 1480/1476/1476
f 1481/1477/1477 1472/1468/1468 1473/1469/1469
f 1481/1477/1477 1480/1476/1476 1472/1468/1468
f 1478/1474/1474 1482/1478/1478 1474/1470/1470
f 1483/1479/1479 1474/1470/1470 1482/1478/1478
f 1475/1471/1471 1474/1470/1470 1483/1479/1479
f 1476/1472/1472 1475/1471/1471 1484/1480/1480
f 1484/1480/1480 1475/1471/1471 1483/1479/1479
f 1334/1330/1330 1485/1481/1481 1335/1331/1331
f 1334/1330/1330 1486/1482/1482 1485/1481/1481
f 1326/1322/1322 1486/1482/1482 1334/1330/1330
f 1326/1322/1322 1487/1483/1483 1486/1482/1482
f 1318/1314/1314 1487/1483/1483 1326/1322/1322
f 1335/1331/1331 1485/1481/1481 1488/1484/1484
f 1485/1481/1481 1489/1485/1485 1488/1484/1484
f 1485/1481/1481 1490/1486/1486 1489/1485/1485
f 1486/1482/1482 1490/1486/1486 1485/1481/1481
f 1487/1483/1483 1491/1487/1487 1486/1482/1482
f 1486/1482/1482 1491/1487/1487 1490/1486/1486
f 1487/1483/1483 1318/1314/1314 1492/1488/1488
f 1493/1489/1489 1487/1483/1483 1492/1488/1488
f 1491/1487/1487 1487/1483/1483 1493/1489/1489
f 1492/1488/1488 1318/1314/1314 1310/1306/1306
f 1488/1484/1484 1489/1485/1485 1494/1490/1490
f 1495/1491/1491 1490/1486/1486 1491/1487/1487
f 1496/1492/1492 1490/1486/1486 1495/1491/1491
f 1496/1492/1492 1489/1485/1485 1490/1486/1486
f 1495/1491/1491 1491/1487/1487 1497/1493/1493
f 1497/1493/1493 1491/1487/1487 1493/1489/1489
f 1494/1490/1490 1489/1485/1485 1498/1494/1494
f 1499/1495/1495 1489/1485/1485 1496/1492/1492
f 1498/1494/1494 1489/1485/1485 1499/1495/1495
f 1492/1488/1488 1500/1496/1496 1493/1489/1489
f 1501/1497/1497 1500/1496/1496 1492/1488/1488
f 1310/1306/1306 1501/1497/1497 1492/1488/1488
f 1500/1496/1496 1502/1498/1498 1493/1489/1489
f 1493/1489/1489 1502/1498/1498 1497/1493/1493
f 1302/1298/1298 1501/1497/1497 1310/1306/1306
f 1503/1499/1499 1496/1492/1492 1495/1491/1491
f 1504/1500/1500 1495/1491/1491 1497/1493/1493
f 1503/1499/1499 1495/1491/1491 1504/1500/1500
f 1505/1501/1501 1496/1492/1492 1503/1499/1499
f 1505/1501/1501 1499/1495/1495 1496/1492/1492
f 1502/1498/1498 1506/1502/1502 1497/1493/1493
f 1497/1493/1493 1506/1502/1502 1504/1500/1500
f 1498/1494/1494 1499/1495/1495 1507/1503/1503
f 1507/1503/1503 1499/1495/1495 1508/1504/1504
f 1508/1504/1504 1499/1495/1495 1505/1501/1501
f 1503/1499/1499 1509/1505/1505 1505/1501/1501
f 1504/1500/1500 1509/1505/1505 1503/1499/1499
f 1500/1496/1496 1510/1506/1506 1502/1498/1498
f 1511/1507/1507 1510/1506/1506 1500/1496/1496
f 1501/1497/1497 1511/1507/1507 1500/1496/1496
f 1512/1508/1508 1511/1507/1507 1501/1497/1497
f 1302/1298/1298 1512/1508/1508 1501/1497/1497
f 1510/1506/1506 1513/1509/1509 1502/1498/1498
f 1502/1498/1498 1513/1509/1509 1506/1502/1502
f 1505/1501/1501 1514/1510/1510 1508/1504/1504
f 1505/1501/1501 1509/1505/1505 1514/1510/1510
f 1506/1502/1502 1515/1511/1511 1504/1500/1500
f 1506/1502/1502 1513/1509/1509 1515/1511/1511
f 1516/1512/1512 1509/1505/1505 1504/1500/1500
f 1504/1500/1500 1515/1511/1511 1516/1512/1512
f 1508/1504/1504 1517/1513/1513 1507/1503/1503
f 1518/1514/1514 1517/1513/1513 1508/1504/1504
f 1508/1504/1504 1514/1510/1510 1518/1514/1514
f 1509/1505/1505 1519/1515/1515 1514/1510/1510
f 1520/1516/1516 1509/1505/1505 1516/1512/1512
f 1519/1515/1515 1509/1505/1505 1520/1516/1516
f 1516/1512/1512 1515/1511/1511 1520/1516/1516
f 1514/1510/1510 1519/1515/1515 1521/1517/1517
f 1514/1510/1510 1521/1517/1517 1518/1514/1514
f 1511/1507/1507 1522/1518/1518 1510/1506/1506
f 1510/1506/1506 1523/1519/1519 1513/1509/1509
f 1522/1518/1518 1523/1519/1519 1510/1506/1506
f 1524/1520/1520 1522/1518/1518 1511/1507/1507
f 1511/1507/1507 1512/1508/1508 1524/1520/1520
f 1513/1509/1509 1523/1519/1519 1525/1521/1521
f 1515/1511/1511 1513/1509/1509 1525/1521/1521
f 1515/1511/1511 1525/1521/1521 1526/1522/1522
f 1520/1516/1516 1515/1511/1511 1526/1522/1522
f 1520/1516/1516 1526/1522/1522 1527/1523/1523
f 1527/1523/1523 1519/1515/1515 1520/1516/1516
f 1519/1515/1515 1528/1524/1524 1521/1517/1517
f 1528/1524/1524 1519/1515/1515 1527/1523/1523
f 1524/1520/1520 1529/1525/1525 1522/1518/1518
f 1522/1518/1518 1529/1525/1525 1523/1519/1519
f 1517/1513/1513 1518/1514/1514 1530/1526/1526
f 1530/1526/1526 1518/1514/1514 1531/1527/1527
f 1518/1514/1514 1521/1517/1517 1531/1527/1527
f 1521/1517/1517 1528/1524/1524 1532/1528/1528
f 1521/1517/1517 1532/1528/1528 1531/1527/1527
f 1523/1519/1519 1529/1525/1525 1533/1529/1529
f 1533/1529/1529 1534/1530/1530 1523/1519/1519
f 1525/1521/1521 1523/1519/1519 1534/1530/1530
f 1526/1522/1522 1525/1521/1521 1535/1531/1531
f 1525/1521/1521 1534/1530/1530 1535/1531/1531
f 1526/1522/1522 1535/1531/1531 1536/1532/1532
f 1527/1523/1523 1526/1522/1522 1536/1532/1532
f 1527/1523/1523 1537/1533/1533 1528/1524/1524
f 1528/1524/1524 1537/1533/1533 1532/1528/1528
f 1527/1523/1523 1536/1532/1532 1538/1534/1534
f 1538/1534/1534 1537/1533/1533 1527/1523/1523
f 1531/1527/1527 1539/1535/1535 1530/1526/1526
f 1540/1536/1536 1539/1535/1535 1531/1527/1527
f 1531/1527/1527 1532/1528/1528 1540/1536/1536
f 1532/1528/1528 1537/1533/1533 1541/1537/1537
f 1532/1528/1528 1541/1537/1537 1540/1536/1536
f 1537/1533/1533 1542/1538/1538 1541/1537/1537
f 1538/1534/1534 1542/1538/1538 1537/1533/1533
f 1535/1531/1531 1534/1530/1530 1543/1539/1539
f 1544/1540/1540 1543/1539/1539 1534/1530/1530
f 1544/1540/1540 1534/1530/1530 1533/1529/1529
f 1535/1531/1531 1543/1539/1539 1545/1541/1541
f 1536/1532/1532 1535/1531/1531 1545/1541/1541
f 1536/1532/1532 1545/1541/1541 1546/1542/1542
f 1538/1534/1534 1536/1532/1532 1546/1542/1542
f 1546/1542/1542 1547/1543/1543 1538/1534/1534
f 1547/1543/1543 1542/1538/1538 1538/1534/1534
f 1540/1536/1536 1541/1537/1537 1548/1544/1544
f 1540/1536/1536 1548/1544/1544 1539/1535/1535
f 1541/1537/1537 1542/1538/1538 1549/1545/1545
f 1541/1537/1537 1549/1545/1545 1548/1544/1544
f 1550/1546/1546 1549/1545/1545 1542/1538/1538
f 1542/1538/1538 1547/1543/1543 1550/1546/1546
f 1539/1535/1535 1548/1544/1544 1551/1547/1547
f 1552/1548/1548 1543/1539/1539 1544/1540/1540
f 1545/1541/1541 1543/1539/1539 1553/1549/1549
f 1552/1548/1548 1553/1549/1549 1543/1539/1539
f 1545/1541/1541 1553/1549/1549 1554/1550/1550
f 1546/1542/1542 1545/1541/1541 1554/1550/1550
f 1555/1551/1551 1547/1543/1543 1546/1542/1542
f 1554/1550/1550 1555/1551/1551 1546/1542/1542
f 1547/1543/1543 1555/1551/1551 1556/1552/1552
f 1550/1546/1546 1547/1543/1543 1556/1552/1552
f 1548/1544/1544 1557/1553/1553 1551/1547/1547
f 1548/1544/1544 1549/1545/1545 1557/1553/1553
f 1558/1554/1554 1549/1545/1545 1550/1546/1546
f 1558/1554/1554 1557/1553/1553 1549/1545/1545
f 1550/1546/1546 1559/1555/1555 1558/1554/1554
f 1556/1552/1552 1559/1555/1555 1550/1546/1546
f 1551/1547/1547 1557/1553/1553 1560/1556/1556
f 1557/1553/1553 1561/1557/1557 1560/1556/1556
f 1561/1557/1557 1557/1553/1553 1558/1554/1554
f 1562/1558/1558 1553/1549/1549 1552/1548/1548
f 1554/1550/1550 1553/1549/1549 1563/1559/1559
f 1553/1549/1549 1562/1558/1558 1563/1559/1559
f 1563/1559/1559 1564/1560/1560 1554/1550/1550
f 1564/1560/1560 1555/1551/1551 1554/1550/1550
f 1564/1560/1560 1565/1561/1561 1555/1551/1551
f 1556/1552/1552 1555/1551/1551 1565/1561/1561
f 1565/1561/1561 1566/1562/1562 1556/1552/1552
f 1566/1562/1562 1559/1555/1555 1556/1552/1552
f 1558/1554/1554 1559/1555/1555 1567/1563/1563
f 1558/1554/1554 1567/1563/1563 1561/1557/1557
f 1559/1555/1555 1568/1564/1564 1567/1563/1563
f 1566/1562/1562 1568/1564/1564 1559/1555/1555
f 1560/1556/1556 1561/1557/1557 1569/1565/1565
f 1561/1557/1557 1570/1566/1566 1569/1565/1565
f 1561/1557/1557 1567/1563/1563 1570/1566/1566
f 1567/1563/1563 1568/1564/1564 1571/1567/1567
f 1567/1563/1563 1571/1567/1567 1570/1566/1566
f 1572/1568/1568 1564/1560/1560 1563/1559/1559
f 1573/1569/1569 1572/1568/1568 1563/1559/1559
f 1563/1559/1559 1562/1558/1558 1573/1569/1569
f 1564/1560/1560 1572/1568/1568 1574/1570/1570
f 1574/1570/1570 1565/1561/1561 1564/1560/1560
f 1575/1571/1571 1566/1562/1562 1565/1561/1561
f 1574/1570/1570 1575/1571/1571 1565/1561/1561
f 1566/1562/1562 1575/1571/1571 1576/1572/1572
f 1576/1572/1572 1568/1564/1564 1566/1562/1562
f 1576/1572/1572 1577/1573/1573 1568/1564/1564
f 1568/1564/1564 1577/1573/1573 1571/1567/1567
f 1569/1565/1565 1570/1566/1566 1578/1574/1574
f 1570/1566/1566 1579/1575/1575 1578/1574/1574
f 1570/1566/1566 1571/1567/1567 1579/1575/1575
f 1571/1567/1567 1577/1573/1573 1580/1576/1576
f 1571/1567/1567 1580/1576/1576 1579/1575/1575
f 1581/1577/1577 1572/1568/1568 1573/1569/1569
f 1574/1570/1570 1572/1568/1568 1582/1578/1578
f 1572/1568/1568 1581/1577/1577 1582/1578/1578
f 1582/1578/1578 1583/1579/1579 1574/1570/1570
f 1583/1579/1579 1575/1571/1571 1574/1570/1570
f 1575/1571/1571 1583/1579/1579 1584/1580/1580
f 1576/1572/1572 1575/1571/1571 1584/1580/1580
f 1576/1572/1572 1584/1580/1580 1585/1581/1581
f 1585/1581/1581 1577/1573/1573 1576/1572/1572
f 1577/1573/1573 1586/1582/1582 1580/1576/1576
f 1587/1583/1583 1577/1573/1573 1585/1581/1581
f 1586/1582/1582 1577/1573/1573 1587/1583/1583
f 1578/1574/1574 1579/1575/1575 1588/1584/1584
f 1579/1575/1575 1580/1576/1576 1589/1585/1585
f 1579/1575/1575 1589/1585/1585 1588/1584/1584
f 1580/1576/1576 1586/1582/1582 1590/1586/1586
f 1580/1576/1576 1591/1587/1587 1589/1585/1585
f 1590/1586/1586 1591/1587/1587 1580/1576/1576
f 1592/1588/1588 1583/1579/1579 1582/1578/1578
f 1582/1578/1578 1581/1577/1577 1593/1589/1589
f 1593/1589/1589 1592/1588/1588 1582/1578/1578
f 1583/1579/1579 1592/1588/1588 1594/1590/1590
f 1584/1580/1580 1583/1579/1579 1594/1590/1590
f 1584/1580/1580 1594/1590/1590 1595/1591/1591
f 1585/1581/1581 1584/1580/1580 1595/1591/1591
f 1595/1591/1591 1596/1592/1592 1585/1581/1581
f 1585/1581/1581 1596/1592/1592 1587/1583/1583
f 1589/1585/1585 1591/1587/1587 1597/1593/1593
f 1588/1584/1584 1589/1585/1585 1597/1593/1593
f 1597/1593/1593 1591/1587/1587 1598/1594/1594
f 1599/1595/1595 1592/1588/1588 1593/1589/1589
f 1594/1590/1590 1592/1588/1588 1600/1596/1596
f 1592/1588/1588 1599/1595/1595 1600/1596/1596
f 1594/1590/1590 1600/1596/1596 1601/1597/1597
f 1595/1591/1591 1594/1590/1590 1601/1597/1597
f 1596/1592/1592 1595/1591/1591 1602/1598/1598
f 1602/1598/1598 1595/1591/1591 1601/1597/1597
f 1600/1596/1596 1599/1595/1595 1603/1599/1599
f 1601/1597/1597 1600/1596/1596 1604/1600/1600
f 1600/1596/1596 1603/1599/1599 1604/1600/1600
f 1604/1600/1600 1605/1601/1601 1601/1597/1597
f 1601/1597/1597 1605/1601/1601 1602/1598/1598
f 1593/1589/1589 1606/1602/1602 1599/1595/1595
f 1607/1603/1603 1603/1599/1599 1599/1595/1595
f 1599/1595/1595 1606/1602/1602 1607/1603/1603
f 1608/1604/1604 1603/1599/1599 1607/1603/1603
f 1604/1600/1600 1603/1599/1599 1609/1605/1605
f 1603/1599/1599 1608/1604/1604 1609/1605/1605
f 1609/1605/1605 1610/1606/1606 1604/1600/1600
f 1604/1600/1600 1610/1606/1606 1605/1601/1601
f 1606/1602/1602 1611/1607/1607 1607/1603/1603
f 1612/1608/1608 1608/1604/1604 1607/1603/1603
f 1607/1603/1603 1611/1607/1607 1612/1608/1608
f 1613/1609/1609 1608/1604/1604 1612/1608/1608
f 1609/1605/1605 1608/1604/1604 1614/1610/1610
f 1608/1604/1604 1613/1609/1609 1614/1610/1610
f 1614/1610/1610 1615/1611/1611 1609/1605/1605
f 1609/1605/1605 1615/1611/1611 1610/1606/1606
f 1614/1610/1610 1616/1612/1612 1615/1611/1611
f 1617/1613/1613 1616/1612/1612 1614/1610/1610
f 1614/1610/1610 1613/1609/1609 1617/1613/1613
f 1612/1608/1608 1618/1614/1614 1613/1609/1609
f 1613/1609/1609 1619/1615/1615 1617/1613/1613
f 1618/1614/1614 1619/1615/1615 1613/1609/1609
f 1611/1607/1607 1620/1616/1616 1612/1608/1608
f 1621/1617/1617 1618/1614/1614 1612/1608/1608
f 1612/1608/1608 1620/1616/1616 1621/1617/1617
f 1616/1612/1612 1617/1613/1613 1622/1618/1618
f 1622/1618/1618 1617/1613/1613 1619/1615/1615
f 1621/1617/1617 1620/1616/1616 1623/1619/1619
f 1623/1619/1619 1618/1614/1614 1621/1617/1617
f 1624/1620/1620 1618/1614/1614 1623/1619/1619
f 1625/1621/1621 1618/1614/1614 1624/1620/1620
f 1619/1615/1615 1618/1614/1614 1625/1621/1621
f 1622/1618/1618 1619/1615/1615 1626/1622/1622
f 1626/1622/1622 1619/1615/1615 1625/1621/1621
f 1623/1619/1619 1627/1623/1623 1624/1620/1620
f 1624/1620/1620 1627/1623/1623 1625/1621/1621
f 1623/1619/1619 1620/1616/1616 1628/1624/1624
f 1629/1625/1625 1627/1623/1623 1623/1619/1619
f 1628/1624/1624 1629/1625/1625 1623/1619/1619
f 1625/1621/1621 1630/1626/1626 1626/1622/1622
f 1631/1627/1627 1630/1626/1626 1625/1621/1621
f 1625/1621/1621 1627/1623/1623 1631/1627/1627
f 1632/1628/1628 1628/1624/1624 1620/1616/1616
f 1611/1607/1607 1632/1628/1628 1620/1616/1616
f 1484/1480/1480 1633/1629/1629 1476/1472/1472
f 1476/1472/1472 1633/1629/1629 1477/1473/1473
f 1479/1475/1475 1634/1630/1630 1478/1474/1474
f 1634/1630/1630 1482/1478/1478 1478/1474/1474
f 1635/1631/1631 1634/1630/1630 1479/1475/1475
f 1479/1475/1475 1480/1476/1476 1635/1631/1631
f 1483/1479/1479 1636/1632/1632 1484/1480/1480
f 1483/1479/1479 1482/1478/1478 1636/1632/1632
f 1634/1630/1630 1637/1633/1633 1482/1478/1478
f 1636/1632/1632 1482/1478/1478 1637/1633/1633
f 1635/1631/1631 1480/1476/1476 1638/1634/1634
f 1639/1635/1635 1480/1476/1476 1481/1477/1477
f 1639/1635/1635 1638/1634/1634 1480/1476/1476
f 1635/1631/1631 1640/1636/1636 1634/1630/1630
f 1640/1636/1636 1637/1633/1633 1634/1630/1630
f 1641/1637/1637 1640/1636/1636 1635/1631/1631
f 1635/1631/1631 1638/1634/1634 1641/1637/1637
f 1484/1480/1480 1642/1638/1638 1633/1629/1629
f 1643/1639/1639 1642/1638/1638 1484/1480/1480
f 1484/1480/1480 1636/1632/1632 1643/1639/1639
f 1636/1632/1632 1644/1640/1640 1643/1639/1639
f 1636/1632/1632 1637/1633/1633 1644/1640/1640
f 1640/1636/1636 1645/1641/1641 1637/1633/1633
f 1644/1640/1640 1637/1633/1633 1645/1641/1641
f 1641/1637/1637 1646/1642/1642 1640/1636/1636
f 1646/1642/1642 1645/1641/1641 1640/1636/1636
f 1641/1637/1637 1638/1634/1634 1647/1643/1643
f 1648/1644/1644 1638/1634/1634 1639/1635/1635
f 1648/1644/1644 1647/1643/1643 1638/1634/1634
f 1649/1645/1645 1646/1642/1642 1641/1637/1637
f 1641/1637/1637 1647/1643/1643 1649/1645/1645
f 1642/1638/1638 1643/1639/1639 1650/1646/1646
f 1643/1639/1639 1644/1640/1640 1651/1647/1647
f 1650/1646/1646 1643/1639/1639 1651/1647/1647
f 1651/1647/1647 1644/1640/1640 1652/1648/1648
f 1644/1640/1640 1645/1641/1641 1653/1649/1649
f 1652/1648/1648 1644/1640/1640 1653/1649/1649
f 1645/1641/1641 1646/1642/1642 1654/1650/1650
f 1653/1649/1649 1645/1641/1641 1654/1650/1650
f 1646/1642/1642 1649/1645/1645 1655/1651/1651
f 1654/1650/1650 1646/1642/1642 1655/1651/1651
f 1650/1646/1646 1651/1647/1647 1656/1652/1652
f 1656/1652/1652 1651/1647/1647 1652/1648/1648
f 1655/1651/1651 1649/1645/1645 1657/1653/1653
f 1649/1645/1645 1647/1643/1643 1658/1654/1654
f 1649/1645/1645 1658/1654/1654 1657/1653/1653
f 1647/1643/1643 1659/1655/1655 1658/1654/1654
f 1660/1656/1656 1659/1655/1655 1647/1643/1643
f 1660/1656/1656 1647/1643/1643 1648/1644/1644
f 1652/1648/1648 1661/1657/1657 1656/1652/1652
f 1662/1658/1658 1661/1657/1657 1652/1648/1648
f 1652/1648/1648 1653/1649/1649 1662/1658/1658
f 1662/1658/1658 1653/1649/1649 1663/1659/1659
f 1653/1649/1649 1654/1650/1650 1663/1659/1659
f 1655/1651/1651 1664/1660/1660 1654/1650/1650
f 1663/1659/1659 1654/1650/1650 1664/1660/1660
f 1665/1661/1661 1664/1660/1660 1655/1651/1651
f 1655/1651/1651 1657/1653/1653 1665/1661/1661
f 1665/1661/1661 1657/1653/1653 1666/1662/1662
f 1657/1653/1653 1658/1654/1654 1667/1663/1663
f 1657/1653/1653 1667/1663/1663 1666/1662/1662
f 1659/1655/1655 1668/1664/1664 1658/1654/1654
f 1658/1654/1654 1668/1664/1664 1667/1663/1663
f 1659/1655/1655 1660/1656/1656 1669/1665/1665
f 1670/1666/1666 1659/1655/1655 1669/1665/1665
f 1668/1664/1664 1659/1655/1655 1670/1666/1666
f 1661/1657/1657 1662/1658/1658 1671/1667/1667
f 1662/1658/1658 1663/1659/1659 1672/1668/1668
f 1671/1667/1667 1662/1658/1658 1672/1668/1668
f 1672/1668/1668 1663/1659/1659 1673/1669/1669
f 1663/1659/1659 1664/1660/1660 1673/1669/1669
f 1664/1660/1660 1665/1661/1661 1674/1670/1670
f 1673/1669/1669 1664/1660/1660 1674/1670/1670
f 1665/1661/1661 1666/1662/1662 1675/1671/1671
f 1674/1670/1670 1665/1661/1661 1675/1671/1671
f 1666/1662/1662 1667/1663/1663 1676/1672/1672
f 1667/1663/1663 1668/1664/1664 1676/1672/1672
f 1675/1671/1671 1666/1662/1662 1677/1673/1673
f 1666/1662/1662 1676/1672/1672 1677/1673/1673
f 1670/1666/1666 1678/1674/1674 1668/1664/1664
f 1676/1672/1672 1668/1664/1664 1679/1675/1675
f 1668/1664/1664 1678/1674/1674 1679/1675/1675
f 1670/1666/1666 1680/1676/1676 1678/1674/1674
f 1681/1677/1677 1680/1676/1676 1670/1666/1666
f 1669/1665/1665 1681/1677/1677 1670/1666/1666
f 1671/1667/1667 1672/1668/1668 1682/1678/1678
f 1672/1668/1668 1673/1669/1669 1683/1679/1679
f 1682/1678/1678 1672/1668/1668 1683/1679/1679
f 1683/1679/1679 1673/1669/1669 1684/1680/1680
f 1673/1669/1669 1674/1670/1670 1684/1680/1680
f 1675/1671/1671 1685/1681/1681 1674/1670/1670
f 1684/1680/1680 1674/1670/1670 1685/1681/1681
f 1686/1682/1682 1685/1681/1681 1675/1671/1671
f 1675/1671/1671 1677/1673/1673 1686/1682/1682
f 1677/1673/1673 1676/1672/1672 1687/1683/1683
f 1676/1672/1672 1688/1684/1684 1687/1683/1683
f 1679/1675/1675 1688/1684/1684 1676/1672/1672
f 1686/1682/1682 1677/1673/1673 1689/1685/1685
f 1677/1673/1673 1687/1683/1683 1689/1685/1685
f 1688/1684/1684 1679/1675/1675 1690/1686/1686
f 1690/1686/1686 1679/1675/1675 1678/1674/1674
f 1680/1676/1676 1691/1687/1687 1678/1674/1674
f 1678/1674/1674 1691/1687/1687 1690/1686/1686
f 1680/1676/1676 1681/1677/1677 1692/1688/1688
f 1692/1688/1688 1691/1687/1687 1680/1676/1676
f 1689/1685/1685 1687/1683/1683 1693/1689/1689
f 1687/1683/1683 1688/1684/1684 1693/1689/1689
f 1682/1678/1678 1683/1679/1679 1694/1690/1690
f 1683/1679/1679 1684/1680/1680 1695/1691/1691
f 1694/1690/1690 1683/1679/1679 1695/1691/1691
f 1695/1691/1691 1684/1680/1680 1696/1692/1692
f 1684/1680/1680 1685/1681/1681 1696/1692/1692
f 1686/1682/1682 1697/1693/1693 1685/1681/1681
f 1696/1692/1692 1685/1681/1681 1697/1693/1693
f 1698/1694/1694 1697/1693/1693 1686/1682/1682
f 1689/1685/1685 1698/1694/1694 1686/1682/1682
f 1699/1695/1695 1698/1694/1694 1689/1685/1685
f 1689/1685/1685 1693/1689/1689 1699/1695/1695
f 1690/1686/1686 1700/1696/1696 1688/1684/1684
f 1690/1686/1686 1691/1687/1687 1700/1696/1696
f 1688/1684/1684 1700/1696/1696 1701/1697/1697
f 1693/1689/1689 1688/1684/1684 1701/1697/1697
f 1700/1696/1696 1691/1687/1687 1702/1698/1698
f 1691/1687/1687 1703/1699/1699 1702/1698/1698
f 1703/1699/1699 1691/1687/1687 1692/1688/1688
f 1699/1695/1695 1693/1689/1689 1704/1700/1700
f 1693/1689/1689 1705/1701/1701 1704/1700/1700
f 1701/1697/1697 1705/1701/1701 1693/1689/1689
f 1700/1696/1696 1705/1701/1701 1701/1697/1697
f 1706/1702/1702 1705/1701/1701 1700/1696/1696
f 1702/1698/1698 1706/1702/1702 1700/1696/1696
f 1707/1703/1703 1697/1693/1693 1698/1694/1694
f 1699/1695/1695 1707/1703/1703 1698/1694/1694
f 1708/1704/1704 1697/1693/1693 1707/1703/1703
f 1697/1693/1693 1708/1704/1704 1696/1692/1692
f 1709/1705/1705 1707/1703/1703 1699/1695/1695
f 1699/1695/1695 1704/1700/1700 1709/1705/1705
f 1709/1705/1705 1704/1700/1700 1710/1706/1706
f 1704/1700/1700 1711/1707/1707 1710/1706/1706
f 1705/1701/1701 1711/1707/1707 1704/1700/1700
f 1711/1707/1707 1705/1701/1701 1712/1708/1708
f 1712/1708/1708 1705/1701/1701 1706/1702/1702
f 1706/1702/1702 1713/1709/1709 1712/1708/1708
f 1714/1710/1710 1713/1709/1709 1706/1702/1702
f 1714/1710/1710 1706/1702/1702 1702/1698/1698
f 1713/1709/1709 1714/1710/1710 1715/1711/1711
f 1714/1710/1710 1702/1698/1698 1716/1712/1712
f 1715/1711/1711 1714/1710/1710 1716/1712/1712
f 1715/1711/1711 1716/1712/1712 1717/1713/1713
f 1696/1692/1692 1708/1704/1704 1718/1714/1714
f 1719/1715/1715 1696/1692/1692 1718/1714/1714
f 1695/1691/1691 1696/1692/1692 1719/1715/1715
f 1720/1716/1716 1695/1691/1691 1719/1715/1715
f 1694/1690/1690 1695/1691/1691 1720/1716/1716
f 1717/1713/1713 1716/1712/1712 1721/1717/1717
f 1717/1713/1713 1721/1717/1717 1722/1718/1718
f 1716/1712/1712 1723/1719/1719 1721/1717/1717
f 1722/1718/1718 1721/1717/1717 1724/1720/1720
f 1721/1717/1717 1723/1719/1719 1724/1720/1720
f 1725/1721/1721 1723/1719/1719 1716/1712/1712
f 1716/1712/1712 1702/1698/1698 1725/1721/1721
f 1724/1720/1720 1726/1722/1722 1722/1718/1718
f 1725/1721/1721 1727/1723/1723 1723/1719/1719
f 1724/1720/1720 1723/1719/1719 1728/1724/1724
f 1727/1723/1723 1728/1724/1724 1723/1719/1719
f 1729/1725/1725 1726/1722/1722 1724/1720/1720
f 1728/1724/1724 1729/1725/1725 1724/1720/1720
f 1703/1699/1699 1727/1723/1723 1725/1721/1721
f 1702/1698/1698 1703/1699/1699 1725/1721/1721
f 1726/1722/1722 1729/1725/1725 1730/1726/1726
f 1731/1727/1727 1728/1724/1724 1727/1723/1723
f 1731/1727/1727 1732/1728/1728 1728/1724/1724
f 1732/1728/1728 1729/1725/1725 1728/1724/1724
f 1729/1725/1725 1732/1728/1728 1733/1729/1729
f 1730/1726/1726 1729/1725/1725 1733/1729/1729
f 1731/1727/1727 1727/1723/1723 1734/1730/1730
f 1727/1723/1723 1703/1699/1699 1735/1731/1731
f 1734/1730/1730 1727/1723/1723 1735/1731/1731
f 1735/1731/1731 1703/1699/1699 1692/1688/1688
f 1730/1726/1726 1733/1729/1729 1736/1732/1732
f 1737/1733/1733 1732/1728/1728 1731/1727/1727
f 1738/1734/1734 1731/1727/1727 1734/1730/1730
f 1737/1733/1733 1731/1727/1727 1738/1734/1734
f 1732/1728/1728 1737/1733/1733 1739/1735/1735
f 1733/1729/1729 1732/1728/1728 1739/1735/1735
f 1739/1735/1735 1740/1736/1736 1733/1729/1729
f 1736/1732/1732 1733/1729/1729 1740/1736/1736
f 1737/1733/1733 1738/1734/1734 1741/1737/1737
f 1739/1735/1735 1737/1733/1733 1741/1737/1737
f 1735/1731/1731 1742/1738/1738 1734/1730/1730
f 1734/1730/1730 1743/1739/1739 1738/1734/1734
f 1742/1738/1738 1743/1739/1739 1734/1730/1730
f 1735/1731/1731 1692/1688/1688 1744/1740/1740
f 1744/1740/1740 1742/1738/1738 1735/1731/1731
f 1741/1737/1737 1745/1741/1741 1739/1735/1735
f 1745/1741/1741 1740/1736/1736 1739/1735/1735
f 1740/1736/1736 1746/1742/1742 1736/1732/1732
f 1747/1743/1743 1746/1742/1742 1740/1736/1736
f 1745/1741/1741 1747/1743/1743 1740/1736/1736
f 1748/1744/1744 1738/1734/1734 1743/1739/1739
f 1749/1745/1745 1738/1734/1734 1748/1744/1744
f 1741/1737/1737 1738/1734/1734 1749/1745/1745
f 1750/1746/1746 1745/1741/1741 1741/1737/1737
f 1741/1737/1737 1749/1745/1745 1750/1746/1746
f 1751/1747/1747 1747/1743/1743 1745/1741/1741
f 1750/1746/1746 1751/1747/1747 1745/1741/1741
f 1742/1738/1738 1744/1740/1740 1752/1748/1748
f 1753/1749/1749 1742/1738/1738 1752/1748/1748
f 1743/1739/1739 1742/1738/1738 1753/1749/1749
f 1748/1744/1744 1743/1739/1739 1754/1750/1750
f 1754/1750/1750 1743/1739/1739 1753/1749/1749
f 1747/1743/1743 646/642/642 1746/1742/1742
f 636/632/632 646/642/642 1747/1743/1743
f 1751/1747/1747 636/632/632 1747/1743/1743
f 647/643/643 1749/1745/1745 1748/1744/1744
f 1755/1751/1751 1748/1744/1744 1754/1750/1750
f 647/643/643 1748/1744/1744 1755/1751/1751
f 648/644/644 1749/1745/1745 647/643/643
f 1750/1746/1746 1749/1745/1745 648/644/644
f 1750/1746/1746 648/644/644 1756/1752/1752
f 1756/1752/1752 1751/1747/1747 1750/1746/1746
f 627/623/623 636/632/632 1751/1747/1747
f 1756/1752/1752 627/623/623 1751/1747/1747
f 1753/1749/1749 1752/1748/1748 1757/1753/1753
f 1758/1754/1754 1753/1749/1749 1757/1753/1753
f 1754/1750/1750 1753/1749/1749 1758/1754/1754
f 1755/1751/1751 1754/1750/1750 1759/1755/1755
f 1759/1755/1755 1754/1750/1750 1758/1754/1754
f 1755/1751/1751 639/635/635 647/643/643
f 639/635/635 1755/1751/1751 1760/1756/1756
f 1760/1756/1756 1755/1751/1751 1759/1755/1755
f 1756/1752/1752 648/644/644 638/634/634
f 625/621/621 627/623/623 1756/1752/1752
f 638/634/634 625/621/621 1756/1752/1752
f 1759/1755/1755 1758/1754/1754 1761/1757/1757
f 1758/1754/1754 1757/1753/1753 1762/1758/1758
f 1761/1757/1757 1758/1754/1754 1762/1758/1758
f 1760/1756/1756 1759/1755/1755 1763/1759/1759
f 1763/1759/1759 1759/1755/1755 1761/1757/1757
f 1760/1756/1756 629/625/625 639/635/635
f 1764/1760/1760 1760/1756/1756 1763/1759/1759
f 1765/1761/1761 1760/1756/1756 1764/1760/1760
f 1765/1761/1761 629/625/625 1760/1756/1756
f 1761/1757/1757 1762/1758/1758 1766/1762/1762
f 1767/1763/1763 1761/1757/1757 1766/1762/1762
f 1763/1759/1759 1761/1757/1757 1767/1763/1763
f 1764/1760/1760 1763/1759/1759 1768/1764/1764
f 1768/1764/1764 1763/1759/1759 1767/1763/1763
f 1765/1761/1761 619/615/615 629/625/625
f 1769/1765/1765 619/615/615 1765/1761/1761
f 1764/1760/1760 1769/1765/1765 1765/1761/1761
f 1770/1766/1766 1769/1765/1765 1764/1760/1760
f 1768/1764/1764 1770/1766/1766 1764/1760/1760
f 1768/1764/1764 1767/1763/1763 1771/1767/1767
f 1767/1763/1763 1766/1762/1762 1772/1768/1768
f 1771/1767/1767 1767/1763/1763 1772/1768/1768
f 1627/1623/1623 1773/1769/1769 1631/1627/1627
f 1774/1770/1770 1773/1769/1769 1627/1623/1623
f 1629/1625/1625 1774/1770/1770 1627/1623/1623
f 1773/1769/1769 1775/1771/1771 1631/1627/1627
f 1631/1627/1627 1775/1771/1771 1630/1626/1626
f 1776/1772/1772 1629/1625/1625 1628/1624/1624
f 1777/1773/1773 1628/1624/1624 1632/1628/1628
f 1777/1773/1773 1776/1772/1772 1628/1624/1624
f 1778/1774/1774 1774/1770/1770 1629/1625/1625
f 1776/1772/1772 1778/1774/1774 1629/1625/1625
f 1779/1775/1775 1777/1773/1773 1632/1628/1628
f 1780/1776/1776 1632/1628/1628 1611/1607/1607
f 1632/1628/1628 1780/1776/1776 1779/1775/1775
f 1606/1602/1602 1780/1776/1776 1611/1607/1607
f 1773/1769/1769 1781/1777/1777 1775/1771/1771
f 1782/1778/1778 1781/1777/1777 1773/1769/1769
f 1773/1769/1769 1774/1770/1770 1782/1778/1778
f 1774/1770/1770 1778/1774/1774 1783/1779/1779
f 1782/1778/1778 1774/1770/1770 1783/1779/1779
f 1784/1780/1780 1776/1772/1772 1777/1773/1773
f 1784/1780/1780 1785/1781/1781 1776/1772/1772
f 1785/1781/1781 1778/1774/1774 1776/1772/1772
f 1786/1782/1782 1784/1780/1780 1777/1773/1773
f 1786/1782/1782 1777/1773/1773 1779/1775/1775
f 1785/1781/1781 1787/1783/1783 1778/1774/1774
f 1783/1779/1779 1778/1774/1774 1787/1783/1783
f 1779/1775/1775 1780/1776/1776 1788/1784/1784
f 1779/1775/1775 1788/1784/1784 1789/1785/1785
f 1779/1775/1775 1789/1785/1785 1786/1782/1782
f 1780/1776/1776 1790/1786/1786 1788/1784/1784
f 1790/1786/1786 1780/1776/1776 1606/1602/1602
f 1593/1589/1589 1790/1786/1786 1606/1602/1602
f 1781/1777/1777 1782/1778/1778 1791/1787/1787
f 1791/1787/1787 1782/1778/1778 1792/1788/1788
f 1782/1778/1778 1783/1779/1779 1792/1788/1788
f 1783/1779/1779 1787/1783/1783 1793/1789/1789
f 1792/1788/1788 1783/1779/1779 1793/1789/1789
f 1794/1790/1790 1784/1780/1780 1786/1782/1782
f 1794/1790/1790 1795/1791/1791 1784/1780/1780
f 1795/1791/1791 1785/1781/1781 1784/1780/1780
f 1796/1792/1792 1787/1783/1783 1785/1781/1781
f 1795/1791/1791 1796/1792/1792 1785/1781/1781
f 1797/1793/1793 1794/1790/1790 1786/1782/1782
f 1786/1782/1782 1789/1785/1785 1797/1793/1793
f 1796/1792/1792 1798/1794/1794 1787/1783/1783
f 1793/1789/1789 1787/1783/1783 1798/1794/1794
f 1788/1784/1784 1790/1786/1786 1799/1795/1795
f 1799/1795/1795 1800/1796/1796 1788/1784/1784
f 1789/1785/1785 1788/1784/1784 1800/1796/1796
f 1789/1785/1785 1801/1797/1797 1797/1793/1793
f 1789/1785/1785 1800/1796/1796 1801/1797/1797
f 1790/1786/1786 1581/1577/1577 1799/1795/1795
f 1581/1577/1577 1790/1786/1786 1593/1589/1589
f 1792/1788/1788 1802/1798/1798 1791/1787/1787
f 1803/1799/1799 1802/1798/1798 1792/1788/1788
f 1793/1789/1789 1803/1799/1799 1792/1788/1788
f 1804/1800/1800 1803/1799/1799 1793/1789/1789
f 1798/1794/1794 1804/1800/1800 1793/1789/1789
f 1805/1801/1801 1794/1790/1790 1797/1793/1793
f 1805/1801/1801 1806/1802/1802 1794/1790/1790
f 1806/1802/1802 1795/1791/1791 1794/1790/1790
f 1806/1802/1802 1807/1803/1803 1795/1791/1791
f 1807/1803/1803 1796/1792/1792 1795/1791/1791
f 1796/1792/1792 1807/1803/1803 1808/1804/1804
f 1808/1804/1804 1798/1794/1794 1796/1792/1792
f 1809/1805/1805 1805/1801/1801 1797/1793/1793
f 1797/1793/1793 1801/1797/1797 1809/1805/1805
f 1810/1806/1806 1804/1800/1800 1798/1794/1794
f 1808/1804/1804 1810/1806/1806 1798/1794/1794
f 1801/1797/1797 1811/1807/1807 1809/1805/1805
f 1801/1797/1797 1800/1796/1796 1812/1808/1808
f 1801/1797/1797 1812/1808/1808 1811/1807/1807
f 1803/1799/1799 1813/1809/1809 1802/1798/1798
f 1814/1810/1810 1813/1809/1809 1803/1799/1799
f 1804/1800/1800 1814/1810/1810 1803/1799/1799
f 1815/1811/1811 1814/1810/1810 1804/1800/1800
f 1810/1806/1806 1815/1811/1811 1804/1800/1800
f 1816/1812/1812 1805/1801/1801 1809/1805/1805
f 1816/1812/1812 1817/1813/1813 1805/1801/1801
f 1817/1813/1813 1806/1802/1802 1805/1801/1801
f 1818/1814/1814 1807/1803/1803 1806/1802/1802
f 1806/1802/1802 1817/1813/1813 1818/1814/1814
f 1807/1803/1803 1818/1814/1814 1819/1815/1815
f 1808/1804/1804 1807/1803/1803 1819/1815/1815
f 1820/1816/1816 1810/1806/1806 1808/1804/1804
f 1819/1815/1815 1820/1816/1816 1808/1804/1804
f 1809/1805/1805 1811/1807/1807 1821/1817/1817
f 1821/1817/1817 1816/1812/1812 1809/1805/1805
f 1822/1818/1818 1815/1811/1811 1810/1806/1806
f 1820/1816/1816 1822/1818/1818 1810/1806/1806
f 1813/1809/1809 1814/1810/1810 1823/1819/1819
f 1823/1819/1819 1814/1810/1810 1824/1820/1820
f 1814/1810/1810 1815/1811/1811 1824/1820/1820
f 1815/1811/1811 1822/1818/1818 1825/1821/1821
f 1824/1820/1820 1815/1811/1811 1825/1821/1821
f 1826/1822/1822 1816/1812/1812 1821/1817/1817
f 1826/1822/1822 1827/1823/1823 1816/1812/1812
f 1827/1823/1823 1817/1813/1813 1816/1812/1812
f 1827/1823/1823 1828/1824/1824 1817/1813/1813
f 1818/1814/1814 1817/1813/1813 1828/1824/1824
f 1819/1815/1815 1818/1814/1814 1829/1825/1825
f 1818/1814/1814 1828/1824/1824 1829/1825/1825
f 1830/1826/1826 1820/1816/1816 1819/1815/1815
f 1829/1825/1825 1830/1826/1826 1819/1815/1815
f 1831/1827/1827 1822/1818/1818 1820/1816/1816
f 1830/1826/1826 1831/1827/1827 1820/1816/1816
f 1822/1818/1818 1831/1827/1827 1832/1828/1828
f 1825/1821/1821 1822/1818/1818 1832/1828/1828
f 1823/1819/1819 1824/1820/1820 1833/1829/1829
f 1833/1829/1829 1824/1820/1820 1834/1830/1830
f 1824/1820/1820 1825/1821/1821 1834/1830/1830
f 1825/1821/1821 1832/1828/1828 1835/1831/1831
f 1834/1830/1830 1825/1821/1821 1835/1831/1831
f 1836/1832/1832 1828/1824/1824 1827/1823/1823
f 1827/1823/1823 1837/1833/1833 1836/1832/1832
f 1837/1833/1833 1827/1823/1823 1826/1822/1822
f 1828/1824/1824 1836/1832/1832 1838/1834/1834
f 1829/1825/1825 1828/1824/1824 1838/1834/1834
f 1839/1835/1835 1830/1826/1826 1829/1825/1825
f 1838/1834/1834 1839/1835/1835 1829/1825/1825
f 1840/1836/1836 1831/1827/1827 1830/1826/1826
f 1839/1835/1835 1840/1836/1836 1830/1826/1826
f 1832/1828/1828 1831/1827/1827 1841/1837/1837
f 1831/1827/1827 1840/1836/1836 1841/1837/1837
f 1832/1828/1828 1841/1837/1837 1842/1838/1838
f 1835/1831/1831 1832/1828/1828 1842/1838/1838
f 1834/1830/1830 1843/1839/1839 1833/1829/1829
f 1844/1840/1840 1843/1839/1839 1834/1830/1830
f 1834/1830/1830 1835/1831/1831 1844/1840/1840
f 1835/1831/1831 1842/1838/1838 1845/1841/1841
f 1844/1840/1840 1835/1831/1831 1845/1841/1841
f 1836/1832/1832 1837/1833/1833 1846/1842/1842
f 1838/1834/1834 1836/1832/1832 1847/1843/1843
f 1836/1832/1832 1846/1842/1842 1847/1843/1843
f 1848/1844/1844 1839/1835/1835 1838/1834/1834
f 1847/1843/1843 1848/1844/1844 1838/1834/1834
f 1849/1845/1845 1840/1836/1836 1839/1835/1835
f 1848/1844/1844 1849/1845/1845 1839/1835/1835
f 1849/1845/1845 1850/1846/1846 1840/1836/1836
f 1841/1837/1837 1840/1836/1836 1850/1846/1846
f 1842/1838/1838 1841/1837/1837 1851/1847/1847
f 1850/1846/1846 1851/1847/1847 1841/1837/1837
f 1842/1838/1838 1851/1847/1847 1852/1848/1848
f 1845/1841/1841 1842/1838/1838 1852/1848/1848
f 1844/1840/1840 1853/1849/1849 1843/1839/1839
f 1854/1850/1850 1853/1849/1849 1844/1840/1840
f 1845/1841/1841 1854/1850/1850 1844/1840/1840
f 1852/1848/1848 1855/1851/1851 1845/1841/1841
f 1855/1851/1851 1854/1850/1850 1845/1841/1841
f 1847/1843/1843 1846/1842/1842 1856/1852/1852
f 1856/1852/1852 1857/1853/1853 1847/1843/1843
f 1857/1853/1853 1848/1844/1844 1847/1843/1843
f 1858/1854/1854 1849/1845/1845 1848/1844/1844
f 1857/1853/1853 1858/1854/1854 1848/1844/1844
f 1859/1855/1855 1850/1846/1846 1849/1845/1845
f 1849/1845/1845 1858/1854/1854 1859/1855/1855
f 1859/1855/1855 1860/1856/1856 1850/1846/1846
f 1860/1856/1856 1851/1847/1847 1850/1846/1846
f 1852/1848/1848 1851/1847/1847 1861/1857/1857
f 1860/1856/1856 1861/1857/1857 1851/1847/1847
f 1861/1857/1857 1862/1858/1858 1852/1848/1848
f 1862/1858/1858 1855/1851/1851 1852/1848/1848
f 1854/1850/1850 1863/1859/1859 1853/1849/1849
f 1864/1860/1860 1863/1859/1859 1854/1850/1850
f 1855/1851/1851 1864/1860/1860 1854/1850/1850
f 1862/1858/1858 1865/1861/1861 1855/1851/1851
f 1865/1861/1861 1864/1860/1860 1855/1851/1851
f 1866/1862/1862 1857/1853/1853 1856/1852/1852
f 1866/1862/1862 1867/1863/1863 1857/1853/1853
f 1867/1863/1863 1858/1854/1854 1857/1853/1853
f 1858/1854/1854 1867/1863/1863 1868/1864/1864
f 1859/1855/1855 1858/1854/1854 1868/1864/1864
f 1869/1865/1865 1860/1856/1856 1859/1855/1855
f 1859/1855/1855 1868/1864/1864 1869/1865/1865
f 1869/1865/1865 1870/1866/1866 1860/1856/1856
f 1870/1866/1866 1861/1857/1857 1860/1856/1856
f 1871/1867/1867 1862/1858/1858 1861/1857/1857
f 1870/1866/1866 1871/1867/1867 1861/1857/1857
f 1872/1868/1868 1865/1861/1861 1862/1858/1858
f 1871/1867/1867 1872/1868/1868 1862/1858/1858
f 1863/1859/1859 1864/1860/1860 1873/1869/1869
f 1873/1869/1869 1864/1860/1860 1874/1870/1870
f 1864/1860/1860 1865/1861/1861 1874/1870/1870
f 1865/1861/1861 1872/1868/1868 1875/1871/1871
f 1874/1870/1870 1865/1861/1861 1875/1871/1871
f 1868/1864/1864 1867/1863/1863 1876/1872/1872
f 1867/1863/1863 1877/1873/1873 1876/1872/1872
f 1877/1873/1873 1867/1863/1863 1866/1862/1862
f 1868/1864/1864 1876/1872/1872 1878/1874/1874
f 1869/1865/1865 1868/1864/1864 1878/1874/1874
f 1879/1875/1875 1870/1866/1866 1869/1865/1865
f 1869/1865/1865 1880/1876/1876 1879/1875/1875
f 1878/1874/1874 1880/1876/1876 1869/1865/1865
f 1879/1875/1875 1881/1877/1877 1870/1866/1866
f 1881/1877/1877 1871/1867/1867 1870/1866/1866
f 1882/1878/1878 1872/1868/1868 1871/1867/1867
f 1881/1877/1877 1882/1878/1878 1871/1867/1867
f 1872/1868/1868 1882/1878/1878 1883/1879/1879
f 1875/1871/1871 1872/1868/1868 1883/1879/1879
f 1875/1871/1871 1883/1879/1879 1884/1880/1880
f 1875/1871/1871 1884/1880/1880 1874/1870/1870
f 1874/1870/1870 1885/1881/1881 1873/1869/1869
f 1886/1882/1882 1885/1881/1881 1874/1870/1870
f 1874/1870/1870 1884/1880/1880 1886/1882/1882
f 1887/1883/1883 1881/1877/1877 1879/1875/1875
f 1879/1875/1875 1880/1876/1876 1887/1883/1883
f 1876/1872/1872 1877/1873/1873 1888/1884/1884
f 1876/1872/1872 1888/1884/1884 1889/1885/1885
f 1878/1874/1874 1876/1872/1872 1889/1885/1885
f 1889/1885/1885 1890/1886/1886 1878/1874/1874
f 1878/1874/1874 1890/1886/1886 1880/1876/1876
f 1891/1887/1887 1882/1878/1878 1881/1877/1877
f 1887/1883/1883 1891/1887/1887 1881/1877/1877
f 1883/1879/1879 1882/1878/1878 1892/1888/1888
f 1882/1878/1878 1891/1887/1887 1892/1888/1888
f 1892/1888/1888 1893/1889/1889 1883/1879/1879
f 1884/1880/1880 1883/1879/1879 1893/1889/1889
f 1893/1889/1889 1894/1890/1890 1884/1880/1880
f 1884/1880/1880 1894/1890/1890 1886/1882/1882
f 1886/1882/1882 1895/1891/1891 1885/1881/1881
f 1896/1892/1892 1895/1891/1891 1886/1882/1882
f 1886/1882/1882 1894/1890/1890 1896/1892/1892
f 1889/1885/1885 1888/1884/1884 1897/1893/1893
f 1889/1885/1885 1898/1894/1894 1890/1886/1886
f 1897/1893/1893 1898/1894/1894 1889/1885/1885
f 1892/1888/1888 1891/1887/1887 1899/1895/1895
f 1891/1887/1887 1900/1896/1896 1899/1895/1895
f 1900/1896/1896 1891/1887/1887 1887/1883/1883
f 1892/1888/1888 1899/1895/1895 1901/1897/1897
f 1901/1897/1897 1893/1889/1889 1892/1888/1888
f 1901/1897/1897 1902/1898/1898 1893/1889/1889
f 1902/1898/1898 1894/1890/1890 1893/1889/1889
f 1903/1899/1899 1894/1890/1890 1902/1898/1898
f 1904/1900/1900 1894/1890/1890 1903/1899/1899
f 1894/1890/1890 1904/1900/1900 1896/1892/1892
f 1896/1892/1892 1905/1901/1901 1895/1891/1891
f 1906/1902/1902 1905/1901/1901 1896/1892/1892
f 1896/1892/1892 1904/1900/1900 1906/1902/1902
f 1907/1903/1903 1902/1898/1898 1901/1897/1897
f 1907/1903/1903 1903/1899/1899 1902/1898/1898
f 1901/1897/1897 1908/1904/1904 1907/1903/1903
f 1901/1897/1897 1899/1895/1895 1908/1904/1904
f 1899/1895/1895 1900/1896/1896 1909/1905/1905
f 1899/1895/1895 1909/1905/1905 1908/1904/1904
f 782/778/778 1904/1900/1900 1903/1899/1899
f 775/771/771 1904/1900/1900 782/778/778
f 1904/1900/1900 775/771/771 1906/1902/1902
f 1910/1906/1906 1903/1899/1899 1907/1903/1903
f 896/892/892 1903/1899/1899 1910/1906/1906
f 782/778/778 1903/1899/1899 896/892/892
f 1911/1907/1907 1910/1906/1906 1907/1903/1903
f 1907/1903/1903 1908/1904/1904 1911/1907/1907
f 1908/1904/1904 1912/1908/1908 1911/1907/1907
f 1908/1904/1904 1909/1905/1905 1912/1908/1908
f 1905/1901/1901 1906/1902/1902 1913/1909/1909
f 1906/1902/1902 775/771/771 766/762/762
f 1914/1910/1910 1770/1766/1766 1768/1764/1764
f 1771/1767/1767 1914/1910/1910 1768/1764/1764
f 1766/1762/1762 1762/1758/1758 1915/1911/1911
f 1766/1762/1762 1915/1911/1911 1916/1912/1912
f 1772/1768/1768 1766/1762/1762 1916/1912/1912
f 619/615/615 1769/1765/1765 618/614/614
f 1769/1765/1765 1770/1766/1766 630/626/626
f 618/614/614 1769/1765/1765 630/626/626
f 1770/1766/1766 1914/1910/1910 640/636/636
f 630/626/626 1770/1766/1766 640/636/636
f 1771/1767/1767 1772/1768/1768 1917/1913/1913
f 1917/1913/1913 1918/1914/1914 1771/1767/1767
f 1918/1914/1914 1914/1910/1910 1771/1767/1767
f 1917/1913/1913 1772/1768/1768 1919/1915/1915
f 1772/1768/1768 1916/1912/1912 1919/1915/1915
f 1914/1910/1910 1918/1914/1914 1920/1916/1916
f 640/636/636 1914/1910/1910 1920/1916/1916
f 1916/1912/1912 1915/1911/1911 1921/1917/1917
f 1916/1912/1912 1921/1917/1917 1922/1918/1918
f 1919/1915/1915 1916/1912/1912 1922/1918/1918
f 649/645/645 640/636/636 1920/1916/1916
f 1919/1915/1915 1923/1919/1919 1917/1913/1913
f 1923/1919/1919 1924/1920/1920 1917/1913/1913
f 1924/1920/1920 1918/1914/1914 1917/1913/1913
f 1918/1914/1914 1924/1920/1920 1925/1921/1921
f 1920/1916/1916 1918/1914/1914 1925/1921/1921
f 1926/1922/1922 1923/1919/1919 1919/1915/1915
f 1922/1918/1918 1926/1922/1922 1919/1915/1915
f 649/645/645 1920/1916/1916 1927/1923/1923
f 1927/1923/1923 1920/1916/1916 1925/1921/1921
f 1928/1924/1924 1927/1923/1923 1925/1921/1921
f 1925/1921/1921 1924/1920/1920 1928/1924/1924
f 1929/1925/1925 1924/1920/1920 1923/1919/1919
f 1924/1920/1920 1929/1925/1925 1928/1924/1924
f 1923/1919/1919 1926/1922/1922 1930/1926/1926
f 1930/1926/1926 1929/1925/1925 1923/1919/1919
f 1922/1918/1918 1921/1917/1917 1931/1927/1927
f 1922/1918/1918 1931/1927/1927 1932/1928/1928
f 1932/1928/1928 1926/1922/1922 1922/1918/1918
f 1930/1926/1926 1926/1922/1922 1933/1929/1929
f 1932/1928/1928 1933/1929/1929 1926/1922/1922
f 655/651/651 649/645/645 1927/1923/1923
f 1934/1930/1930 1927/1923/1923 1928/1924/1924
f 1927/1923/1923 1934/1930/1930 655/651/651
f 1935/1931/1931 1934/1930/1930 1928/1924/1924
f 1928/1924/1924 1929/1925/1925 1935/1931/1931
f 1936/1932/1932 1929/1925/1925 1930/1926/1926
f 1929/1925/1925 1936/1932/1932 1935/1931/1931
f 1933/1929/1929 1937/1933/1933 1930/1926/1926
f 1937/1933/1933 1936/1932/1932 1930/1926/1926
f 1932/1928/1928 1931/1927/1927 1938/1934/1934
f 1939/1935/1935 1933/1929/1929 1932/1928/1928
f 1932/1928/1928 1938/1934/1934 1939/1935/1935
f 1940/1936/1936 1937/1933/1933 1933/1929/1929
f 1933/1929/1929 1939/1935/1935 1940/1936/1936
f 1941/1937/1937 1934/1930/1930 1935/1931/1931
f 1934/1930/1930 1941/1937/1937 1942/1938/1938
f 655/651/651 1934/1930/1930 1942/1938/1938
f 1943/1939/1939 1941/1937/1937 1935/1931/1931
f 1935/1931/1931 1936/1932/1932 1943/1939/1939
f 1944/1940/1940 1936/1932/1932 1937/1933/1933
f 1936/1932/1932 1944/1940/1940 1943/1939/1939
f 1940/1936/1936 1945/1941/1941 1937/1933/1933
f 1945/1941/1941 1944/1940/1940 1937/1933/1933
f 236/232/232 655/651/651 1942/1938/1938
f 1942/1938/1938 1941/1937/1937 1946/1942/1942
f 1942/1938/1938 1946/1942/1942 236/232/232
f 1947/1943/1943 1941/1937/1937 1943/1939/1939
f 1947/1943/1943 1946/1942/1942 1941/1937/1937
f 1948/1944/1944 1947/1943/1943 1943/1939/1939
f 1943/1939/1939 1944/1940/1940 1948/1944/1944
f 1939/1935/1935 1938/1934/1934 1949/1945/1945
f 1939/1935/1935 1949/1945/1945 1950/1946/1946
f 1940/1936/1936 1939/1935/1935 1950/1946/1946
f 1951/1947/1947 1945/1941/1941 1940/1936/1936
f 1950/1946/1946 1951/1947/1947 1940/1936/1936
f 1952/1948/1948 1944/1940/1940 1945/1941/1941
f 1944/1940/1940 1952/1948/1948 1948/1944/1944
f 1945/1941/1941 1951/1947/1947 1953/1949/1949
f 1945/1941/1941 1954/1950/1950 1952/1948/1948
f 1953/1949/1949 1954/1950/1950 1945/1941/1941
f 240/236/236 1946/1942/1942 1947/1943/1943
f 240/236/236 234/230/230 1946/1942/1942
f 236/232/232 1946/1942/1942 234/230/230
f 1955/1951/1951 1947/1943/1943 1948/1944/1944
f 1955/1951/1951 240/236/236 1947/1943/1943
f 1956/1952/1952 1955/1951/1951 1948/1944/1944
f 1948/1944/1944 1952/1948/1948 1956/1952/1952
f 1952/1948/1948 1954/1950/1950 1956/1952/1952
f 1950/1946/1946 1949/1945/1945 1957/1953/1953
f 1957/1953/1953 1958/1954/1954 1950/1946/1946
f 1958/1954/1954 1951/1947/1947 1950/1946/1946
f 1953/1949/1949 1951/1947/1947 1959/1955/1955
f 1951/1947/1947 1960/1956/1956 1959/1955/1955
f 1958/1954/1954 1960/1956/1956 1951/1947/1947
f 1959/1955/1955 1961/1957/1957 1953/1949/1949
f 1953/1949/1949 1962/1958/1958 1954/1950/1950
f 1961/1957/1957 1962/1958/1958 1953/1949/1949
f 1963/1959/1959 1954/1950/1950 1962/1958/1958
f 1964/1960/1960 1954/1950/1950 1963/1959/1959
f 1956/1952/1952 1954/1950/1950 1964/1960/1960
f 1965/1961/1961 1955/1951/1951 1956/1952/1952
f 1964/1960/1960 1965/1961/1961 1956/1952/1952
f 1965/1961/1961 242/238/238 1955/1951/1951
f 242/238/238 240/236/236 1955/1951/1951
f 1966/1962/1962 1958/1954/1954 1957/1953/1953
f 1958/1954/1954 1966/1962/1962 1960/1956/1956
f 1967/1963/1963 1961/1957/1957 1959/1955/1955
f 1960/1956/1956 1967/1963/1963 1959/1955/1955
f 1960/1956/1956 1966/1962/1962 1968/1964/1964
f 1960/1956/1956 1968/1964/1964 1969/1965/1965
f 1969/1965/1965 1967/1963/1963 1960/1956/1956
f 1967/1963/1963 1970/1966/1966 1961/1957/1957
f 1961/1957/1957 1971/1967/1967 1962/1958/1958
f 1961/1957/1957 1970/1966/1966 1971/1967/1967
f 1962/1958/1958 1971/1967/1967 1972/1968/1968
f 1972/1968/1968 1963/1959/1959 1962/1958/1958
f 1973/1969/1969 1963/1959/1959 1972/1968/1968
f 1963/1959/1959 1973/1969/1969 265/261/261
f 1963/1959/1959 265/261/261 1964/1960/1960
f 1964/1960/1960 265/261/261 1974/1970/1970
f 1974/1970/1970 1965/1961/1961 1964/1960/1960
f 247/243/243 242/238/238 1965/1961/1961
f 1965/1961/1961 1974/1970/1970 247/243/243
f 1969/1965/1965 1975/1971/1971 1967/1963/1963
f 1967/1963/1963 1975/1971/1971 1970/1966/1966
f 1970/1966/1966 1976/1972/1972 1971/1967/1967
f 1975/1971/1971 1976/1972/1972 1970/1966/1966
f 1971/1967/1967 1976/1972/1972 1977/1973/1973
f 1971/1967/1967 1977/1973/1973 1972/1968/1968
f 1975/1971/1971 1969/1965/1965 1978/1974/1974
f 1969/1965/1965 1968/1964/1964 1979/1975/1975
f 1978/1974/1974 1969/1965/1965 1979/1975/1975
f 1974/1970/1970 265/261/261 253/249/249
f 247/243/243 1974/1970/1970 253/249/249
f 1972/1968/1968 1977/1973/1973 1980/1976/1976
f 1981/1977/1977 1972/1968/1968 1980/1976/1976
f 1973/1969/1969 1972/1968/1968 1981/1977/1977
f 265/261/261 1973/1969/1969 274/270/270
f 1982/1978/1978 1973/1969/1969 1981/1977/1977
f 274/270/270 1973/1969/1969 1982/1978/1978
f 1983/1979/1979 1975/1971/1971 1978/1974/1974
f 1984/1980/1980 1975/1971/1971 1983/1979/1979
f 1984/1980/1980 1976/1972/1972 1975/1971/1971
f 1978/1974/1974 1979/1975/1975 1985/1981/1981
f 1978/1974/1974 1985/1981/1981 1983/1979/1979
f 1976/1972/1972 1986/1982/1982 1977/1973/1973
f 1976/1972/1972 1987/1983/1983 1986/1982/1982
f 1984/1980/1980 1987/1983/1983 1976/1972/1972
f 1977/1973/1973 1988/1984/1984 1980/1976/1976
f 1989/1985/1985 1980/1976/1976 1988/1984/1984
f 1981/1977/1977 1980/1976/1976 1989/1985/1985
f 1989/1985/1985 1990/1986/1986 1981/1977/1977
f 1981/1977/1977 1990/1986/1986 1982/1978/1978
f 1983/1979/1979 1991/1987/1987 1984/1980/1980
f 1984/1980/1980 1991/1987/1987 1987/1983/1983
f 1990/1986/1986 1992/1988/1988 1982/1978/1978
f 278/274/274 274/270/270 1982/1978/1978
f 1982/1978/1978 1992/1988/1988 278/274/274
f 1983/1979/1979 1985/1981/1981 1993/1989/1989
f 1994/1990/1990 1983/1979/1979 1993/1989/1989
f 1991/1987/1987 1983/1979/1979 1994/1990/1990
f 1995/1991/1991 1987/1983/1983 1991/1987/1987
f 1996/1992/1992 1987/1983/1983 1995/1991/1991
f 1987/1983/1983 1996/1992/1992 1986/1982/1982
f 1995/1991/1991 1991/1987/1987 1177/1173/1173
f 1177/1173/1173 1991/1987/1987 1994/1990/1990
f 1989/1985/1985 1997/1993/1993 1990/1986/1986
f 1998/1994/1994 1997/1993/1993 1989/1985/1985
f 1989/1985/1985 1988/1984/1984 1998/1994/1994
f 1997/1993/1993 1999/1995/1995 1990/1986/1986
f 1990/1986/1986 1999/1995/1995 1992/1988/1988
f 1999/1995/1995 2000/1996/1996 1992/1988/1988
f 1992/1988/1988 285/281/281 278/274/274
f 1992/1988/1988 2000/1996/1996 285/281/281
f 1994/1990/1990 1176/1172/1172 1177/1173/1173
f 2001/1997/1997 1176/1172/1172 1994/1990/1990
f 1993/1989/1989 2001/1997/1997 1994/1990/1990
f 2002/1998/1998 1996/1992/1992 1995/1991/1991
f 1167/1163/1163 1995/1991/1991 1177/1173/1173
f 2002/1998/1998 1995/1991/1991 1167/1163/1163
f 1997/1993/1993 1998/1994/1994 2003/1999/1999
f 1997/1993/1993 2004/2000/2000 1999/1995/1995
f 2003/1999/1999 2004/2000/2000 1997/1993/1993
f 2004/2000/2000 863/859/859 1999/1995/1995
f 1999/1995/1995 863/859/859 2000/1996/1996
f 2000/1996/1996 287/283/283 285/281/281
f 863/859/859 287/283/283 2000/1996/1996
f 1176/1172/1172 2001/1997/1997 1179/1175/1175
f 1158/1154/1154 2002/1998/1998 1167/1163/1163
f 2004/2000/2000 2003/1999/1999 2005/2001/2001
f 861/857/857 2004/2000/2000 2005/2001/2001
f 863/859/859 2004/2000/2000 861/857/857
f 2005/2001/2001 2003/1999/1999 2006/2002/2002
f 2005/2001/2001 2006/2002/2002 870/866/866
f 2005/2001/2001 870/866/866 861/857/857
f 2007/2003/2003 2006/2002/2002 2003/1999/1999
f 2003/1999/1999 1998/1994/1994 2007/2003/2003
f 2008/2004/2004 2006/2002/2002 2007/2003/2003
f 870/866/866 2006/2002/2002 2009/2005/2005
f 2006/2002/2002 2008/2004/2004 2009/2005/2005
f 876/872/872 870/866/866 2009/2005/2005
f 1998/1994/1994 2010/2006/2006 2007/2003/2003
f 2007/2003/2003 2011/2007/2007 2008/2004/2004
f 2007/2003/2003 2010/2006/2006 2011/2007/2007
f 1998/1994/1994 1988/1984/1984 2010/2006/2006
f 2009/2005/2005 2008/2004/2004 2012/2008/2008
f 2008/2004/2004 2013/2009/2009 2012/2008/2008
f 2008/2004/2004 2011/2007/2007 2013/2009/2009
f 2012/2008/2008 2014/2010/2010 2009/2005/2005
f 2009/2005/2005 2014/2010/2010 876/872/872
f 2012/2008/2008 2013/2009/2009 2015/2011/2011
f 2012/2008/2008 2015/2011/2011 2014/2010/2010
f 2014/2010/2010 880/876/876 876/872/872
f 2016/2012/2012 2011/2007/2007 2010/2006/2006
f 2017/2013/2013 2010/2006/2006 1988/1984/1984
f 2016/2012/2012 2010/2006/2006 2017/2013/2013
f 2018/2014/2014 2013/2009/2009 2011/2007/2007
f 2018/2014/2014 2011/2007/2007 2016/2012/2012
f 2019/2015/2015 2015/2011/2011 2013/2009/2009
f 2019/2015/2015 2013/2009/2009 2018/2014/2014
f 2014/2010/2010 2015/2011/2011 2020/2016/2016
f 2014/2010/2010 2020/2016/2016 880/876/876
f 2021/2017/2017 2020/2016/2016 2015/2011/2011
f 2021/2017/2017 2015/2011/2011 2019/2015/2015
f 2017/2013/2013 1988/1984/1984 1977/1973/1973
f 880/876/876 2020/2016/2016 891/887/887
f 2022/2018/2018 891/887/887 2020/2016/2016
f 2022/2018/2018 2020/2016/2016 2021/2017/2017
f 2017/2013/2013 2023/2019/2019 2016/2012/2012
f 2016/2012/2012 2024/2020/2020 2018/2014/2014
f 2023/2019/2019 2024/2020/2020 2016/2012/2012
f 1986/1982/1982 2023/2019/2019 2017/2013/2013
f 1977/1973/1973 1986/1982/1982 2017/2013/2013
f 2024/2020/2020 2025/2021/2021 2018/2014/2014
f 2018/2014/2014 2025/2021/2021 2019/2015/2015
f 2025/2021/2021 2026/2022/2022 2019/2015/2015
f 2019/2015/2015 2026/2022/2022 2021/2017/2017
f 2026/2022/2022 2027/2023/2023 2021/2017/2017
f 2021/2017/2017 2027/2023/2023 2022/2018/2018
f 1048/1044/1044 891/887/887 2022/2018/2018
f 2027/2023/2023 1114/1110/1110 2022/2018/2018
f 2022/2018/2018 1114/1110/1110 1048/1044/1044
f 2024/2020/2020 2023/2019/2019 2028/2024/2024
f 1986/1982/1982 1996/1992/1992 2023/2019/2019
f 2028/2024/2024 2023/2019/2019 1996/1992/1992
f 2028/2024/2024 2029/2025/2025 2024/2020/2020
f 2024/2020/2020 2029/2025/2025 2025/2021/2021
f 2026/2022/2022 2025/2021/2021 2030/2026/2026
f 2030/2026/2026 2025/2021/2021 2029/2025/2025
f 2027/2023/2023 2026/2022/2022 2031/2027/2027
f 2031/2027/2027 2026/2022/2022 2030/2026/2026
f 1114/1110/1110 2027/2023/2023 1113/1109/1109
f 1113/1109/1109 2027/2023/2023 2031/2027/2027
f 2029/2025/2025 2028/2024/2024 2032/2028/2028
f 2028/2024/2024 1996/1992/1992 2002/1998/1998
f 1913/1909/1909 1906/1902/1902 766/762/762
f 2033/2029/2029 1910/1906/1906 1911/1907/1907
f 1910/1906/1906 2033/2029/2029 896/892/892
f 920/916/916 2033/2029/2029 1911/1907/1907
f 1911/1907/1907 1912/1908/1908 920/916/916
f 1912/1908/1908 1909/1905/1905 919/915/915
f 1912/1908/1908 919/915/915 920/916/916
f 896/892/892 2033/2029/2029 901/897/897
f 909/905/905 2033/2029/2029 920/916/916
f 2033/2029/2029 909/905/905 901/897/897
f 766/762/762 757/753/753 1913/1909/1909
f 919/915/915 1909/1905/1905 928/924/924
f 1909/1905/1905 940/936/936 928/924/924
f 1900/1896/1896 940/936/936 1909/1905/1905
f 1900/1896/1896 2034/2030/2030 940/936/936
f 2034/2030/2030 941/937/937 940/936/936
f 1887/1883/1883 2034/2030/2030 1900/1896/1896
f 2034/2030/2030 1880/1876/1876 941/937/937
f 1887/1883/1883 1880/1876/1876 2034/2030/2030
f 941/937/937 1880/1876/1876 1890/1886/1886
f 941/937/937 1890/1886/1886 944/940/940
f 944/940/940 1890/1886/1886 1898/1894/1894
f 944/940/940 1898/1894/1894 953/949/949
f 953/949/949 1898/1894/1894 2035/2031/2031
f 1898/1894/1894 1897/1893/1893 2035/2031/2031
f 2035/2031/2031 961/957/957 953/949/949
f 2036/2032/2032 961/957/957 2035/2031/2031
f 2035/2031/2031 1897/1893/1893 2037/2033/2033
f 2038/2034/2034 2035/2031/2031 2037/2033/2033
f 2036/2032/2032 2035/2031/2031 2038/2034/2034
f 961/957/957 2036/2032/2032 969/965/965
f 969/965/965 2036/2032/2032 2039/2035/2035
f 2038/2034/2034 2039/2035/2035 2036/2032/2032
f 2038/2034/2034 2037/2033/2033 2040/2036/2036
f 1897/1893/1893 2041/2037/2037 2037/2033/2033
f 2040/2036/2036 2037/2033/2033 2041/2037/2037
f 2040/2036/2036 2042/2038/2038 2038/2034/2034
f 2042/2038/2038 2039/2035/2035 2038/2034/2034
f 1888/1884/1884 2041/2037/2037 1897/1893/1893
f 969/965/965 2039/2035/2035 977/973/973
f 2042/2038/2038 2043/2039/2039 2039/2035/2035
f 977/973/973 2039/2035/2035 2043/2039/2039
f 2044/2040/2040 2042/2038/2038 2040/2036/2036
f 2040/2036/2036 2045/2041/2041 2044/2040/2040
f 2041/2037/2037 2045/2041/2041 2040/2036/2036
f 2046/2042/2042 2045/2041/2041 2041/2037/2037
f 1888/1884/1884 2046/2042/2042 2041/2037/2037
f 2042/2038/2038 2044/2040/2040 2047/2043/2043
f 2047/2043/2043 2043/2039/2039 2042/2038/2038
f 1877/1873/1873 2046/2042/2042 1888/1884/1884
f 977/973/973 2043/2039/2039 984/980/980
f 2043/2039/2039 2047/2043/2043 2048/2044/2044
f 984/980/980 2043/2039/2039 2048/2044/2044
f 2044/2040/2040 2045/2041/2041 2049/2045/2045
f 2044/2040/2040 2049/2045/2045 2050/2046/2046
f 2047/2043/2043 2044/2040/2040 2050/2046/2046
f 2047/2043/2043 2050/2046/2046 2051/2047/2047
f 2048/2044/2044 2047/2043/2043 2051/2047/2047
f 2045/2041/2041 2046/2042/2042 2052/2048/2048
f 2053/2049/2049 2045/2041/2041 2052/2048/2048
f 2049/2045/2045 2045/2041/2041 2053/2049/2049
f 2046/2042/2042 1877/1873/1873 2054/2050/2050
f 2052/2048/2048 2046/2042/2042 2054/2050/2050
f 2054/2050/2050 1877/1873/1873 1866/1862/1862
f 2048/2044/2044 993/989/989 984/980/980
f 2055/2051/2051 993/989/989 2048/2044/2044
f 2051/2047/2047 2055/2051/2051 2048/2044/2044
f 2050/2046/2046 2049/2045/2045 2056/2052/2052
f 2057/2053/2053 2049/2045/2045 2053/2049/2049
f 2056/2052/2052 2049/2045/2045 2057/2053/2053
f 2050/2046/2046 2056/2052/2052 2058/2054/2054
f 2051/2047/2047 2050/2046/2046 2058/2054/2054
f 2059/2055/2055 2055/2051/2051 2051/2047/2047
f 2051/2047/2047 2058/2054/2054 2059/2055/2055
f 2052/2048/2048 2054/2050/2050 2060/2056/2056
f 2061/2057/2057 2052/2048/2048 2060/2056/2056
f 2053/2049/2049 2052/2048/2048 2061/2057/2057
f 2057/2053/2053 2053/2049/2049 2062/2058/2058
f 2062/2058/2058 2053/2049/2049 2061/2057/2057
f 2054/2050/2050 1866/1862/1862 2063/2059/2059
f 2060/2056/2056 2054/2050/2050 2063/2059/2059
f 2063/2059/2059 1866/1862/1862 1856/1852/1852
f 993/989/989 2055/2051/2051 1000/996/996
f 1000/996/996 2055/2051/2051 2064/2060/2060
f 2055/2051/2051 2059/2055/2055 2064/2060/2060
f 2058/2054/2054 2056/2052/2052 1192/1188/1188
f 1200/1196/1196 2056/2052/2052 2057/2053/2053
f 1192/1188/1188 2056/2052/2052 1200/1196/1196
f 1200/1196/1196 2057/2053/2053 1214/1210/1210
f 1214/1210/1210 2057/2053/2053 2062/2058/2058
f 2059/2055/2055 2058/2054/2054 1038/1034/1034
f 1192/1188/1188 1038/1034/1034 2058/2054/2054
f 2064/2060/2060 2059/2055/2055 1030/1026/1026
f 2059/2055/2055 1038/1034/1034 1030/1026/1026
f 2060/2056/2056 2065/2061/2061 2061/2057/2057
f 2066/2062/2062 2065/2061/2061 2060/2056/2056
f 2063/2059/2059 2066/2062/2062 2060/2056/2056
f 2065/2061/2061 2067/2063/2063 2061/2057/2057
f 2061/2057/2057 2067/2063/2063 2062/2058/2058
f 1214/1210/1210 2062/2058/2058 1222/1218/1218
f 1222/1218/1218 2062/2058/2058 2067/2063/2063
f 2068/2064/2064 2066/2062/2062 2063/2059/2059
f 1856/1852/1852 2068/2064/2064 2063/2059/2059
f 1846/1842/1842 2068/2064/2064 1856/1852/1852
f 1000/996/996 2064/2060/2060 1007/1003/1003
f 1007/1003/1003 2064/2060/2060 1018/1014/1014
f 2064/2060/2060 1030/1026/1026 1018/1014/1014
f 2066/2062/2062 2069/2065/2065 2065/2061/2061
f 2065/2061/2061 2070/2066/2066 2067/2063/2063
f 2069/2065/2065 2070/2066/2066 2065/2061/2061
f 2071/2067/2067 2069/2065/2065 2066/2062/2062
f 2068/2064/2064 2071/2067/2067 2066/2062/2062
f 1222/1218/1218 2067/2063/2063 1229/1225/1225
f 1229/1225/1225 2067/2063/2063 2070/2066/2066
f 2072/2068/2068 2071/2067/2067 2068/2064/2064
f 2068/2064/2064 1846/1842/1842 2072/2068/2068
f 2072/2068/2068 1846/1842/1842 1837/1833/1833
f 2069/2065/2065 2071/2067/2067 2073/2069/2069
f 2074/2070/2070 2069/2065/2065 2073/2069/2069
f 2070/2066/2066 2069/2065/2065 2074/2070/2070
f 1229/1225/1225 2070/2066/2066 1238/1234/1234
f 1238/1234/1234 2070/2066/2066 2074/2070/2070
f 2071/2067/2067 2072/2068/2068 2075/2071/2071
f 2073/2069/2069 2071/2067/2067 2075/2071/2071
f 2072/2068/2068 1837/1833/1833 2076/2072/2072
f 2075/2071/2071 2072/2068/2068 2076/2072/2072
f 2076/2072/2072 1837/1833/1833 1826/1822/1822
f 2073/2069/2069 2075/2071/2071 2077/2073/2073
f 2073/2069/2069 2078/2074/2074 2074/2070/2070
f 2077/2073/2073 2078/2074/2074 2073/2069/2069
f 2078/2074/2074 1246/1242/1242 2074/2070/2070
f 2074/2070/2070 1246/1242/1242 1238/1234/1234
f 2077/2073/2073 2075/2071/2071 2079/2075/2075
f 2075/2071/2071 2076/2072/2072 2079/2075/2075
f 2079/2075/2075 2076/2072/2072 2080/2076/2076
f 2076/2072/2072 1826/1822/1822 2080/2076/2076
f 2080/2076/2076 1826/1822/1822 1821/1817/1817
f 2077/2073/2073 2079/2075/2075 2081/2077/2077
f 2082/2078/2078 2077/2073/2073 2081/2077/2077
f 2078/2074/2074 2077/2073/2073 2082/2078/2078
f 1246/1242/1242 2078/2074/2074 1254/1250/1250
f 1254/1250/1250 2078/2074/2074 2082/2078/2078
f 2081/2077/2077 2079/2075/2075 2083/2079/2079
f 2079/2075/2075 2080/2076/2076 2083/2079/2079
f 2083/2079/2079 2080/2076/2076 2084/2080/2080
f 1821/1817/1817 2084/2080/2080 2080/2076/2076
f 2083/2079/2079 2085/2081/2081 2081/2077/2077
f 2084/2080/2080 2085/2081/2081 2083/2079/2079
f 1811/1807/1807 2084/2080/2080 1821/1817/1817
f 2086/2082/2082 2085/2081/2081 2084/2080/2080
f 1811/1807/1807 2086/2082/2082 2084/2080/2080
f 2081/2077/2077 2087/2083/2083 2082/2078/2078
f 2088/2084/2084 2087/2083/2083 2081/2077/2077
f 2081/2077/2077 2085/2081/2081 2088/2084/2084
f 2087/2083/2083 1262/1258/1258 2082/2078/2078
f 2082/2078/2078 1262/1258/1258 1254/1250/1250
f 2085/2081/2081 2089/2085/2085 2088/2084/2084
f 2085/2081/2081 2090/2086/2086 2089/2085/2085
f 2086/2082/2082 2090/2086/2086 2085/2081/2081
f 2086/2082/2082 2091/2087/2087 2090/2086/2086
f 2092/2088/2088 2091/2087/2087 2086/2082/2082
f 2092/2088/2088 2086/2082/2082 1811/1807/1807
f 1811/1807/1807 1812/1808/1808 2092/2088/2088
f 2087/2083/2083 1270/1266/1266 1262/1258/1258
f 2093/2089/2089 1270/1266/1266 2087/2083/2083
f 2087/2083/2083 2088/2084/2084 2093/2089/2089
f 2093/2089/2089 2088/2084/2084 2094/2090/2090
f 2088/2084/2084 2089/2085/2085 2094/2090/2090
f 2091/2087/2087 2092/2088/2088 2095/2091/2091
f 2095/2091/2091 2092/2088/2088 1812/1808/1808
f 2089/2085/2085 1529/1525/1525 2094/2090/2090
f 2089/2085/2085 1533/1529/1529 1529/1525/1525
f 2090/2086/2086 1533/1529/1529 2089/2085/2085
f 2091/2087/2087 1544/1540/1540 2090/2086/2086
f 2090/2086/2086 1544/1540/1540 1533/1529/1529
f 1544/1540/1540 2091/2087/2087 1552/1548/1548
f 1552/1548/1548 2091/2087/2087 2095/2091/2091
f 2093/2089/2089 1278/1274/1274 1270/1266/1266
f 2093/2089/2089 2094/2090/2090 2096/2092/2092
f 2096/2092/2092 1278/1274/1274 2093/2089/2089
f 2094/2090/2090 1529/1525/1525 2097/2093/2093
f 2096/2092/2092 2094/2090/2090 2097/2093/2093
f 2095/2091/2091 1562/1558/1558 1552/1548/1548
f 2098/2094/2094 1562/1558/1558 2095/2091/2091
f 1812/1808/1808 2098/2094/2094 2095/2091/2091
f 2097/2093/2093 1529/1525/1525 1524/1520/1520
f 1524/1520/1520 2099/2095/2095 2097/2093/2093
f 2097/2093/2093 2099/2095/2095 2096/2092/2092
f 2099/2095/2095 1286/1282/1282 2096/2092/2092
f 2096/2092/2092 1286/1282/1282 1278/1274/1274
f 1562/1558/1558 2098/2094/2094 1573/1569/1569
f 1524/1520/1520 1512/1508/1508 2099/2095/2095
f 1512/1508/1508 1294/1290/1290 2099/2095/2095
f 2099/2095/2095 1294/1290/1290 1286/1282/1282
f 1294/1290/1290 1512/1508/1508 1302/1298/1298
f 1573/1569/1569 2098/2094/2094 1799/1795/1795
f 1799/1795/1795 1581/1577/1577 1573/1569/1569
f 2098/2094/2094 1800/1796/1796 1799/1795/1795
f 1800/1796/1796 2098/2094/2094 1812/1808/1808
f 2100/2096/2096 990/986/986 998/994/994
f 2101/2097/2097 990/986/986 2100/2096/2096
f 2102/2098/2098 2101/2097/2097 2100/2096/2096
f 2101/2097/2097 982/978/978 990/986/986
f 2103/2099/2099 2101/2097/2097 2102/2098/2098
f 2101/2097/2097 2103/2099/2099 2104/2100/2100
f 2104/2100/2100 982/978/978 2101/2097/2097
f 2105/2101/2101 2103/2099/2099 2102/2098/2098
f 2104/2100/2100 974/970/970 982/978/978
f 2104/2100/2100 2103/2099/2099 2106/2102/2102
f 2103/2099/2099 2107/2103/2103 2106/2102/2102
f 2107/2103/2103 2103/2099/2099 2105/2101/2101
f 2108/2104/2104 974/970/970 2104/2100/2100
f 2104/2100/2100 2106/2102/2102 2108/2104/2104
f 2109/2105/2105 2107/2103/2103 2105/2101/2101
f 2108/2104/2104 966/962/962 974/970/970
f 2108/2104/2104 2106/2102/2102 2110/2106/2106
f 2106/2102/2102 2111/2107/2107 2110/2106/2106
f 2106/2102/2102 2107/2103/2103 2111/2107/2107
f 2112/2108/2108 2107/2103/2103 2109/2105/2105
f 2107/2103/2103 2112/2108/2108 2111/2107/2107
f 2113/2109/2109 966/962/962 2108/2104/2104
f 2108/2104/2104 2110/2106/2106 2113/2109/2109
f 2114/2110/2110 2112/2108/2108 2109/2105/2105
f 2113/2109/2109 958/954/954 966/962/962
f 2113/2109/2109 2110/2106/2106 2115/2111/2111
f 2116/2112/2112 2115/2111/2111 2110/2106/2106
f 2110/2106/2106 2111/2107/2107 2116/2112/2112
f 2111/2107/2107 2112/2108/2108 2117/2113/2113
f 2111/2107/2107 2117/2113/2113 2116/2112/2112
f 2118/2114/2114 2112/2108/2108 2114/2110/2110
f 2112/2108/2108 2118/2114/2114 2117/2113/2113
f 2113/2109/2109 2115/2111/2111 2119/2115/2115
f 2119/2115/2115 958/954/954 2113/2109/2109
f 2120/2116/2116 2118/2114/2114 2114/2110/2110
f 2119/2115/2115 950/946/946 958/954/954
f 2121/2117/2117 2115/2111/2111 2116/2112/2112
f 2119/2115/2115 2115/2111/2111 2122/2118/2118
f 2115/2111/2111 2121/2117/2117 2122/2118/2118
f 2116/2112/2112 2117/2113/2113 2123/2119/2119
f 2116/2112/2112 2123/2119/2119 2121/2117/2117
f 2117/2113/2113 2118/2114/2114 2124/2120/2120
f 2117/2113/2113 2124/2120/2120 2123/2119/2119
f 2118/2114/2114 2125/2121/2121 2124/2120/2120
f 2125/2121/2121 2118/2114/2114 2120/2116/2116
f 2126/2122/2122 950/946/946 2119/2115/2115
f 2119/2115/2115 2122/2118/2118 2126/2122/2122
f 2127/2123/2123 2125/2121/2121 2120/2116/2116
f 950/946/946 2126/2122/2122 942/938/938
f 2121/2117/2117 2123/2119/2119 2128/2124/2124
f 2122/2118/2118 2121/2117/2117 2129/2125/2125
f 2121/2117/2117 2128/2124/2124 2129/2125/2125
f 2126/2122/2122 2122/2118/2118 2130/2126/2126
f 2129/2125/2125 2130/2126/2126 2122/2118/2118
f 2123/2119/2119 2124/2120/2120 2131/2127/2127
f 2131/2127/2127 2128/2124/2124 2123/2119/2119
f 2124/2120/2120 2132/2128/2128 2131/2127/2127
f 2032/2028/2028 2028/2024/2024 2002/1998/1998
f 2030/2026/2026 2029/2025/2025 2133/2129/2129
f 2133/2129/2129 2029/2025/2025 2032/2028/2028
f 2031/2027/2027 2030/2026/2026 2134/2130/2130
f 2134/2130/2130 2030/2026/2026 2133/2129/2129
f 1113/1109/1109 2031/2027/2027 1124/1120/1120
f 1124/1120/1120 2031/2027/2027 2134/2130/2130
f 2032/2028/2028 2002/1998/1998 1158/1154/1154
f 1151/1147/1147 2032/2028/2028 1158/1154/1154
f 2133/2129/2129 2032/2028/2028 1151/1147/1147
f 2134/2130/2130 2133/2129/2129 1146/1142/1142
f 1146/1142/1142 2133/2129/2129 1151/1147/1147
f 1124/1120/1120 2134/2130/2130 1133/1129/1129
f 1133/1129/1129 2134/2130/2130 1146/1142/1142
f 1382/1378/1378 2135/2131/2131 1371/1367/1367
f 1371/1367/1367 2135/2131/2131 2136/2132/2132
f 2135/2131/2131 2137/2133/2133 2136/2132/2132
f 2136/2132/2132 1364/1360/1360 1371/1367/1367
f 2136/2132/2132 2138/2134/2134 1364/1360/1360
f 2139/2135/2135 2138/2134/2134 2136/2132/2132
f 2136/2132/2132 2137/2133/2133 2139/2135/2135
f 2137/2133/2133 2140/2136/2136 2139/2135/2135
f 2139/2135/2135 2141/2137/2137 2138/2134/2134
f 2139/2135/2135 2140/2136/2136 2141/2137/2137
f 1364/1360/1360 2138/2134/2134 1358/1354/1354
f 2138/2134/2134 2141/2137/2137 2142/2138/2138
f 1358/1354/1354 2138/2134/2134 2143/2139/2139
f 2138/2134/2134 2142/2138/2138 2143/2139/2139
f 2140/2136/2136 2144/2140/2140 2141/2137/2137
f 2141/2137/2137 2144/2140/2140 2145/2141/2141
f 2141/2137/2137 2145/2141/2141 2142/2138/2138
f 2143/2139/2139 1351/1347/1347 1358/1354/1354
f 2142/2138/2138 2145/2141/2141 2146/2142/2142
f 2143/2139/2139 2142/2138/2138 2147/2143/2143
f 2142/2138/2138 2146/2142/2142 2147/2143/2143
f 2148/2144/2144 1351/1347/1347 2143/2139/2139
f 2147/2143/2143 2148/2144/2144 2143/2139/2139
f 2144/2140/2140 2149/2145/2145 2145/2141/2141
f 2145/2141/2141 2150/2146/2146 2146/2142/2142
f 2145/2141/2141 2149/2145/2145 2150/2146/2146
f 2148/2144/2144 1343/1339/1339 1351/1347/1347
f 2146/2142/2142 2150/2146/2146 2151/2147/2147
f 2147/2143/2143 2146/2142/2142 2152/2148/2148
f 2146/2142/2142 2151/2147/2147 2152/2148/2148
f 2152/2148/2148 2153/2149/2149 2147/2143/2143
f 2153/2149/2149 2148/2144/2144 2147/2143/2143
f 2154/2150/2150 1343/1339/1339 2148/2144/2144
f 2153/2149/2149 2154/2150/2150 2148/2144/2144
f 2149/2145/2145 2155/2151/2151 2150/2146/2146
f 2150/2146/2146 2156/2152/2152 2151/2147/2147
f 2150/2146/2146 2155/2151/2151 2156/2152/2152
f 1343/1339/1339 2154/2150/2150 1184/1180/1180
f 2151/2147/2147 2156/2152/2152 2157/2153/2153
f 2152/2148/2148 2151/2147/2147 2158/2154/2154
f 2151/2147/2147 2157/2153/2153 2158/2154/2154
f 2159/2155/2155 2153/2149/2149 2152/2148/2148
f 2158/2154/2154 2159/2155/2155 2152/2148/2148
f 2160/2156/2156 2154/2150/2150 2153/2149/2149
f 2153/2149/2149 2159/2155/2155 2160/2156/2156
f 2154/2150/2150 2160/2156/2156 1342/1338/1338
f 1184/1180/1180 2154/2150/2150 1342/1338/1338
f 2155/2151/2151 2161/2157/2157 2156/2152/2152
f 2156/2152/2152 2162/2158/2158 2157/2153/2153
f 2156/2152/2152 2161/2157/2157 2162/2158/2158
f 2157/2153/2153 2162/2158/2158 2163/2159/2159
f 2158/2154/2154 2157/2153/2153 2164/2160/2160
f 2157/2153/2153 2163/2159/2159 2164/2160/2160
f 2164/2160/2160 2165/2161/2161 2158/2154/2154
f 2165/2161/2161 2159/2155/2155 2158/2154/2154
f 2165/2161/2161 2166/2162/2162 2159/2155/2155
f 2160/2156/2156 2159/2155/2155 2166/2162/2162
f 2160/2156/2156 2166/2162/2162 2167/2163/2163
f 1342/1338/1338 2160/2156/2156 2167/2163/2163
f 1341/1337/1337 1342/1338/1338 2167/2163/2163
f 2161/2157/2157 2168/2164/2164 2162/2158/2158
f 2162/2158/2158 2168/2164/2164 2169/2165/2165
f 2162/2158/2158 2169/2165/2165 2163/2159/2159
f 2167/2163/2163 2166/2162/2162 2170/2166/2166
f 2167/2163/2163 2170/2166/2166 1341/1337/1337
f 2171/2167/2167 2166/2162/2162 2165/2161/2161
f 2166/2162/2162 2171/2167/2167 2170/2166/2166
f 2172/2168/2168 2165/2161/2161 2164/2160/2160
f 2165/2161/2161 2172/2168/2168 2171/2167/2167
f 2173/2169/2169 2172/2168/2168 2164/2160/2160
f 2164/2160/2160 2163/2159/2159 2173/2169/2169
f 2163/2159/2159 2169/2165/2165 2174/2170/2170
f 2163/2159/2159 2175/2171/2171 2173/2169/2169
f 2174/2170/2170 2175/2171/2171 2163/2159/2159
f 2171/2167/2167 2172/2168/2168 2176/2172/2172
f 2170/2166/2166 2171/2167/2167 2177/2173/2173
f 2171/2167/2167 2176/2172/2172 2177/2173/2173
f 2178/2174/2174 2172/2168/2168 2173/2169/2169
f 2172/2168/2168 2178/2174/2174 2176/2172/2172
f 2178/2174/2174 2173/2169/2169 2179/2175/2175
f 2179/2175/2175 2173/2169/2169 2175/2171/2171
f 2178/2174/2174 2179/2175/2175 2180/2176/2176
f 2176/2172/2172 2178/2174/2174 2180/2176/2176
f 2176/2172/2172 2180/2176/2176 2181/2177/2177
f 2177/2173/2173 2176/2172/2172 2181/2177/2177
f 2177/2173/2173 2181/2177/2177 2182/2178/2178
f 2182/2178/2178 2170/2166/2166 2177/2173/2173
f 2180/2176/2176 2179/2175/2175 2183/2179/2179
f 2180/2176/2176 2183/2179/2179 2184/2180/2180
f 2181/2177/2177 2180/2176/2176 2184/2180/2180
f 1141/1137/1137 2181/2177/2177 2184/2180/2180
f 2185/2181/2181 2181/2177/2177 1141/1137/1137
f 2182/2178/2178 2181/2177/2177 2185/2181/2181
f 2185/2181/2181 1137/1133/1133 2182/2178/2178
f 1141/1137/1137 1137/1133/1133 2185/2181/2181
f 2184/2180/2180 2183/2179/2179 2186/2182/2182
f 1141/1137/1137 2184/2180/2180 1147/1143/1143
f 1147/1143/1143 2184/2180/2180 2186/2182/2182
f 2182/2178/2178 1137/1133/1133 2187/2183/2183
f 2187/2183/2183 2188/2184/2184 2182/2178/2178
f 2188/2184/2184 2170/2166/2166 2182/2178/2178
f 2187/2183/2183 1137/1133/1133 1129/1125/1125
f 1340/1336/1336 2188/2184/2184 2187/2183/2183
f 1129/1125/1125 1340/1336/1336 2187/2183/2183
f 2188/2184/2184 1340/1336/1336 1341/1337/1337
f 1341/1337/1337 2170/2166/2166 2188/2184/2184
f 1062/1058/1058 139/138/138 148/147/147
f 2189/2185/2185 2190/2186/2186 2191/2187/2187
f 2192/2188/2188 2190/2186/2186 2189/2185/2185
f 2193/2189/2189 2192/2188/2188 2189/2185/2185
f 2190/2186/2186 2192/2188/2188 2194/2190/2190
f 2194/2190/2190 2192/2188/2188 2195/2191/2191
f 2192/2188/2188 2196/2192/2192 2195/2191/2191
f 2196/2192/2192 2192/2188/2188 2193/2189/2189
f 2197/2193/2193 2196/2192/2192 2193/2189/2189
f 2195/2191/2191 2198/2194/2194 2194/2190/2190
f 2194/2190/2190 2198/2194/2194 2199/2195/2195
f 2195/2191/2191 2196/2192/2192 2200/2196/2196
f 2201/2197/2197 2195/2191/2191 2200/2196/2196
f 2198/2194/2194 2195/2191/2191 2201/2197/2197
f 2200/2196/2196 2196/2192/2192 2202/2198/2198
f 2203/2199/2199 2196/2192/2192 2197/2193/2193
f 2202/2198/2198 2196/2192/2192 2203/2199/2199
f 2202/2198/2198 2204/2200/2200 2200/2196/2196
f 2200/2196/2196 2204/2200/2200 2201/2197/2197
f 2201/2197/2197 2204/2200/2200 2205/2201/2201
f 2205/2201/2201 2198/2194/2194 2201/2197/2197
f 2206/2202/2202 2198/2194/2194 2205/2201/2201
f 2198/2194/2194 2206/2202/2202 2199/2195/2195
f 2207/2203/2203 2203/2199/2199 2197/2193/2193
f 2199/2195/2195 2206/2202/2202 2208/2204/2204
f 2202/2198/2198 2209/2205/2205 2204/2200/2200
f 2210/2206/2206 2209/2205/2205 2202/2198/2198
f 2202/2198/2198 2203/2199/2199 2210/2206/2206
f 2210/2206/2206 2203/2199/2199 2211/2207/2207
f 2211/2207/2207 2203/2199/2199 2207/2203/2203
f 2212/2208/2208 2204/2200/2200 2209/2205/2205
f 2213/2209/2209 2204/2200/2200 2212/2208/2208
f 2205/2201/2201 2204/2200/2200 2213/2209/2209
f 2213/2209/2209 2214/2210/2210 2205/2201/2201
f 2215/2211/2211 2206/2202/2202 2205/2201/2201
f 2205/2201/2201 2214/2210/2210 2215/2211/2211
f 2216/2212/2212 2206/2202/2202 2215/2211/2211
f 2206/2202/2202 2216/2212/2212 2208/2204/2204
f 2217/2213/2213 2211/2207/2207 2207/2203/2203
f 2208/2204/2204 2216/2212/2212 2218/2214/2214
f 2210/2206/2206 2219/2215/2215 2209/2205/2205
f 2220/2216/2216 2209/2205/2205 2219/2215/2215
f 2212/2208/2208 2209/2205/2205 2220/2216/2216
f 2210/2206/2206 2211/2207/2207 2221/2217/2217
f 2221/2217/2217 2219/2215/2215 2210/2206/2206
f 2222/2218/2218 2211/2207/2207 2217/2213/2213
f 2221/2217/2217 2211/2207/2207 2222/2218/2218
f 2212/2208/2208 2223/2219/2219 2213/2209/2209
f 2224/2220/2220 2212/2208/2208 2220/2216/2216
f 2223/2219/2219 2212/2208/2208 2224/2220/2220
f 2213/2209/2209 2225/2221/2221 2214/2210/2210
f 2213/2209/2209 2223/2219/2219 2225/2221/2221
f 55/55/55 2215/2211/2211 2214/2210/2210
f 2214/2210/2210 2225/2221/2221 2226/2222/2222
f 2214/2210/2210 2226/2222/2222 55/55/55
f 2227/2223/2223 2215/2211/2211 55/55/55
f 2227/2223/2223 2216/2212/2212 2215/2211/2211
f 2228/2224/2224 2218/2214/2214 2216/2212/2212
f 2228/2224/2224 2216/2212/2212 2227/2223/2223
f 2229/2225/2225 2222/2218/2218 2217/2213/2213
f 2230/2226/2226 2222/2218/2218 2229/2225/2225
f 2222/2218/2218 2230/2226/2226 2221/2217/2217
f 2220/2216/2216 2219/2215/2215 2231/2227/2227
f 2232/2228/2228 2220/2216/2216 2231/2227/2227
f 2224/2220/2220 2220/2216/2216 2232/2228/2228
f 2223/2219/2219 2233/2229/2229 2225/2221/2221
f 2234/2230/2230 2223/2219/2219 2224/2220/2220
f 2233/2229/2229 2223/2219/2219 2234/2230/2230
f 2234/2230/2230 2224/2220/2220 2235/2231/2231
f 2235/2231/2231 2224/2220/2220 2232/2228/2228
f 2236/2232/2232 2226/2222/2222 2225/2221/2221
f 2225/2221/2221 2233/2229/2229 2236/2232/2232
f 55/55/55 2226/2222/2222 43/43/43
f 2237/2233/2233 2226/2222/2222 2236/2232/2232
f 2226/2222/2222 2237/2233/2233 43/43/43
f 55/55/55 62/62/62 2227/2223/2223
f 2238/2234/2234 2228/2224/2224 2227/2223/2223
f 2227/2223/2223 62/62/62 2238/2234/2234
f 2239/2235/2235 2230/2226/2226 2229/2225/2225
f 2235/2231/2231 2232/2228/2228 2240/2236/2236
f 2232/2228/2228 2231/2227/2227 2241/2237/2237
f 2240/2236/2236 2232/2228/2228 2241/2237/2237
f 2233/2229/2229 2242/2238/2238 2236/2232/2232
f 2243/2239/2239 2233/2229/2229 2234/2230/2230
f 2242/2238/2238 2233/2229/2229 2243/2239/2239
f 2243/2239/2239 2234/2230/2230 2244/2240/2240
f 2244/2240/2240 2234/2230/2230 2235/2231/2231
f 2244/2240/2240 2235/2231/2231 2245/2241/2241
f 2245/2241/2241 2235/2231/2231 2240/2236/2236
f 2246/2242/2242 2237/2233/2233 2236/2232/2232
f 2236/2232/2232 2242/2238/2238 2246/2242/2242
f 43/43/43 2237/2233/2233 32/32/32
f 2237/2233/2233 20/20/20 32/32/32
f 20/20/20 2237/2233/2233 2246/2242/2242
f 2240/2236/2236 2247/2243/2243 2245/2241/2241
f 2248/2244/2244 2247/2243/2243 2240/2236/2236
f 2241/2237/2237 2248/2244/2244 2240/2236/2236
f 2242/2238/2238 2249/2245/2245 2246/2242/2242
f 2242/2238/2238 2250/2246/2246 2249/2245/2245
f 2243/2239/2239 2250/2246/2246 2242/2238/2238
f 2244/2240/2240 2251/2247/2247 2243/2239/2239
f 2243/2239/2239 2251/2247/2247 2250/2246/2246
f 2251/2247/2247 2244/2240/2240 2252/2248/2248
f 2252/2248/2248 2244/2240/2240 2245/2241/2241
f 2247/2243/2243 2253/2249/2249 2245/2241/2241
f 2245/2241/2241 2253/2249/2249 2252/2248/2248
f 10/10/10 20/20/20 2246/2242/2242
f 2246/2242/2242 2249/2245/2245 10/10/10
f 2247/2243/2243 2248/2244/2244 2254/2250/2250
f 2247/2243/2243 2255/2251/2251 2253/2249/2249
f 2254/2250/2250 2255/2251/2251 2247/2243/2243
f 11/11/11 10/10/10 2249/2245/2245
f 2256/2252/2252 2249/2245/2245 2250/2246/2246
f 11/11/11 2249/2245/2245 2256/2252/2252
f 2256/2252/2252 2250/2246/2246 2257/2253/2253
f 2257/2253/2253 2250/2246/2246 2251/2247/2247
f 2257/2253/2253 2251/2247/2247 2258/2254/2254
f 2258/2254/2254 2251/2247/2247 2252/2248/2248
f 2253/2249/2249 2259/2255/2255 2252/2248/2248
f 2252/2248/2248 2259/2255/2255 2258/2254/2254
f 2259/2255/2255 2253/2249/2249 2260/2256/2256
f 2260/2256/2256 2253/2249/2249 2255/2251/2251
f 2255/2251/2251 2261/2257/2257 2260/2256/2256
f 2262/2258/2258 2261/2257/2257 2255/2251/2251
f 2254/2250/2250 2262/2258/2258 2255/2251/2251
f 2263/2259/2259 2256/2252/2252 2257/2253/2253
f 2264/2260/2260 2256/2252/2252 2263/2259/2259
f 2264/2260/2260 11/11/11 2256/2252/2252
f 2263/2259/2259 2257/2253/2253 2265/2261/2261
f 2265/2261/2261 2257/2253/2253 2258/2254/2254
f 2259/2255/2255 2266/2262/2262 2258/2254/2254
f 2258/2254/2254 2266/2262/2262 2265/2261/2261
f 2266/2262/2262 2259/2255/2255 2267/2263/2263
f 2267/2263/2263 2259/2255/2255 2260/2256/2256
f 2261/2257/2257 2268/2264/2264 2260/2256/2256
f 2260/2256/2256 2268/2264/2264 2267/2263/2263
f 2124/2120/2120 2125/2121/2121 2132/2128/2128
f 2269/2265/2265 2125/2121/2121 2127/2123/2123
f 2125/2121/2121 2269/2265/2265 2132/2128/2128
f 2126/2122/2122 2130/2126/2126 2270/2266/2266
f 942/938/938 2126/2122/2122 2270/2266/2266
f 2270/2266/2266 933/929/929 942/938/938
f 2271/2267/2267 2128/2124/2124 2131/2127/2127
f 2129/2125/2125 2128/2124/2124 2272/2268/2268
f 2128/2124/2124 2271/2267/2267 2272/2268/2268
f 2129/2125/2125 2272/2268/2268 2273/2269/2269
f 2273/2269/2269 2130/2126/2126 2129/2125/2125
f 2130/2126/2126 2273/2269/2269 2274/2270/2270
f 2270/2266/2266 2130/2126/2126 2274/2270/2270
f 2131/2127/2127 2275/2271/2271 2271/2267/2267
f 2131/2127/2127 2132/2128/2128 2275/2271/2271
f 2132/2128/2128 2269/2265/2265 2276/2272/2272
f 2132/2128/2128 2276/2272/2272 2275/2271/2271
f 2277/2273/2273 933/929/929 2270/2266/2266
f 2274/2270/2270 2277/2273/2273 2270/2266/2266
f 2277/2273/2273 924/920/920 933/929/929
f 2271/2267/2267 2275/2271/2271 2278/2274/2274
f 2272/2268/2268 2271/2267/2267 2279/2275/2275
f 2271/2267/2267 2278/2274/2274 2279/2275/2275
f 2273/2269/2269 2272/2268/2268 2280/2276/2276
f 2279/2275/2275 2280/2276/2276 2272/2268/2268
f 2273/2269/2269 2280/2276/2276 2281/2277/2277
f 2274/2270/2270 2273/2269/2269 2281/2277/2277
f 2282/2278/2278 2277/2273/2273 2274/2270/2270
f 2281/2277/2277 2282/2278/2278 2274/2270/2270
f 2275/2271/2271 2276/2272/2272 2283/2279/2279
f 2283/2279/2279 2278/2274/2274 2275/2271/2271
f 2277/2273/2273 2282/2278/2278 2284/2280/2280
f 2284/2280/2280 924/920/920 2277/2273/2273
f 924/920/920 2284/2280/2280 917/913/913
f 2285/2281/2281 2278/2274/2274 2283/2279/2279
f 2279/2275/2275 2278/2274/2274 2286/2282/2282
f 2278/2274/2274 2285/2281/2281 2286/2282/2282
f 2279/2275/2275 2286/2282/2282 2287/2283/2283
f 2287/2283/2283 2280/2276/2276 2279/2275/2275
f 2280/2276/2276 2287/2283/2283 2288/2284/2284
f 2281/2277/2277 2280/2276/2276 2288/2284/2284
f 2288/2284/2284 2289/2285/2285 2281/2277/2277
f 2289/2285/2285 2282/2278/2278 2281/2277/2277
f 2284/2280/2280 2282/2278/2278 2290/2286/2286
f 2282/2278/2278 2289/2285/2285 2290/2286/2286
f 2284/2280/2280 2290/2286/2286 2291/2287/2287
f 917/913/913 2284/2280/2280 2291/2287/2287
f 917/913/913 2291/2287/2287 906/902/902
f 2286/2282/2282 2285/2281/2281 2292/2288/2288
f 2292/2288/2288 2293/2289/2289 2286/2282/2282
f 2287/2283/2283 2286/2282/2282 2293/2289/2289
f 2287/2283/2283 2293/2289/2289 2294/2290/2290
f 2288/2284/2284 2287/2283/2283 2294/2290/2290
f 2295/2291/2291 2289/2285/2285 2288/2284/2284
f 2294/2290/2290 2295/2291/2291 2288/2284/2284
f 2289/2285/2285 2295/2291/2291 2296/2292/2292
f 2290/2286/2286 2289/2285/2285 2296/2292/2292
f 2291/2287/2287 2290/2286/2286 2297/2293/2293
f 2290/2286/2286 2296/2292/2292 2297/2293/2293
f 2291/2287/2287 2297/2293/2293 2298/2294/2294
f 906/902/902 2291/2287/2287 2298/2294/2294
f 897/893/893 906/902/902 2298/2294/2294
f 2299/2295/2295 2293/2289/2289 2292/2288/2288
f 2293/2289/2289 2299/2295/2295 2300/2296/2296
f 2294/2290/2290 2293/2289/2289 2300/2296/2296
f 2300/2296/2296 2301/2297/2297 2294/2290/2290
f 2301/2297/2297 2295/2291/2291 2294/2290/2290
f 2296/2292/2292 2295/2291/2291 2302/2298/2298
f 2295/2291/2291 2301/2297/2297 2302/2298/2298
f 2296/2292/2292 2302/2298/2298 2303/2299/2299
f 2297/2293/2293 2296/2292/2292 2303/2299/2299
f 2298/2294/2294 2297/2293/2293 2304/2300/2300
f 2297/2293/2293 2303/2299/2299 2304/2300/2300
f 2304/2300/2300 780/776/776 2298/2294/2294
f 2298/2294/2294 780/776/776 897/893/893
f 2300/2296/2296 2299/2295/2295 2305/2301/2301
f 2305/2301/2301 2306/2302/2302 2300/2296/2296
f 2306/2302/2302 2301/2297/2297 2300/2296/2296
f 2301/2297/2297 2306/2302/2302 2307/2303/2303
f 2302/2298/2298 2301/2297/2297 2307/2303/2303
f 2303/2299/2299 2302/2298/2298 2308/2304/2304
f 2302/2298/2298 2307/2303/2303 2308/2304/2304
f 2303/2299/2299 2308/2304/2304 2309/2305/2305
f 2304/2300/2300 2303/2299/2299 2309/2305/2305
f 2309/2305/2305 777/773/773 2304/2300/2300
f 2304/2300/2300 777/773/773 780/776/776
f 2309/2305/2305 2308/2304/2304 2310/2306/2306
f 2310/2306/2306 777/773/773 2309/2305/2305
f 2308/2304/2304 2307/2303/2303 2311/2307/2307
f 2308/2304/2304 2311/2307/2307 2310/2306/2306
f 2307/2303/2303 2312/2308/2308 2311/2307/2307
f 2307/2303/2303 2306/2302/2302 2312/2308/2308
f 2306/2302/2302 2313/2309/2309 2312/2308/2308
f 2313/2309/2309 2306/2302/2302 2305/2301/2301
f 778/774/774 777/773/773 2310/2306/2306
f 2310/2306/2306 2311/2307/2307 2314/2310/2310
f 2314/2310/2310 778/774/774 2310/2306/2306
f 2311/2307/2307 2315/2311/2311 2314/2310/2310
f 2311/2307/2307 2312/2308/2308 2315/2311/2311
f 2312/2308/2308 2316/2312/2312 2315/2311/2311
f 2312/2308/2308 2313/2309/2309 2316/2312/2312
f 2315/2311/2311 2316/2312/2312 2317/2313/2313
f 2314/2310/2310 2315/2311/2311 2318/2314/2314
f 2315/2311/2311 2317/2313/2313 2318/2314/2314
f 2319/2315/2315 778/774/774 2314/2310/2310
f 2314/2310/2310 2320/2316/2316 2319/2315/2315
f 2318/2314/2314 2320/2316/2316 2314/2310/2310
f 2319/2315/2315 767/763/763 778/774/774
f 2320/2316/2316 2321/2317/2317 2319/2315/2315
f 2319/2315/2315 2321/2317/2317 767/763/763
f 2318/2314/2314 2317/2313/2313 2322/2318/2318
f 2320/2316/2316 2318/2314/2314 2323/2319/2319
f 2323/2319/2319 2318/2314/2314 2322/2318/2318
f 2321/2317/2317 2320/2316/2316 2324/2320/2320
f 2324/2320/2320 2320/2316/2316 2323/2319/2319
f 2321/2317/2317 754/750/750 767/763/763
f 754/750/750 2321/2317/2317 759/755/755
f 759/755/755 2321/2317/2317 2324/2320/2320
f 2325/2321/2321 2326/2322/2322 2327/2323/2323
f 2327/2323/2323 2326/2322/2322 2328/2324/2324
f 2328/2324/2324 2329/2325/2325 2327/2323/2323
f 2328/2324/2324 2326/2322/2322 2330/2326/2326
f 2330/2326/2326 2326/2322/2322 2331/2327/2327
f 2332/2328/2328 2329/2325/2325 2328/2324/2324
f 2333/2329/2329 2328/2324/2324 2330/2326/2326
f 2332/2328/2328 2328/2324/2324 2333/2329/2329
f 2331/2327/2327 2334/2330/2330 2330/2326/2326
f 2330/2326/2326 2334/2330/2330 2333/2329/2329
f 2329/2325/2325 2332/2328/2328 2335/2331/2331
f 2335/2331/2331 2332/2328/2328 2336/2332/2332
f 2332/2328/2328 2333/2329/2329 2336/2332/2332
f 2337/2333/2333 2334/2330/2330 2331/2327/2327
f 2333/2329/2329 2334/2330/2330 2338/2334/2334
f 2336/2332/2332 2333/2329/2329 2339/2335/2335
f 2333/2329/2329 2338/2334/2334 2339/2335/2335
f 2337/2333/2333 2340/2336/2336 2334/2330/2330
f 2340/2336/2336 2338/2334/2334 2334/2330/2330
f 2336/2332/2332 2341/2337/2337 2335/2331/2331
f 2342/2338/2338 2341/2337/2337 2336/2332/2332
f 2336/2332/2332 2339/2335/2335 2342/2338/2338
f 2343/2339/2339 2340/2336/2336 2337/2333/2333
f 2344/2340/2340 2338/2334/2334 2340/2336/2336
f 2339/2335/2335 2338/2334/2334 2345/2341/2341
f 2338/2334/2334 2344/2340/2340 2345/2341/2341
f 2339/2335/2335 2345/2341/2341 2346/2342/2342
f 2342/2338/2338 2339/2335/2335 2346/2342/2342
f 2340/2336/2336 2343/2339/2339 2347/2343/2343
f 2347/2343/2343 2344/2340/2340 2340/2336/2336
f 2341/2337/2337 2342/2338/2338 2348/2344/2344
f 2348/2344/2344 2342/2338/2338 2349/2345/2345
f 2342/2338/2338 2346/2342/2342 2349/2345/2345
f 2347/2343/2343 2343/2339/2339 2350/2346/2346
f 2351/2347/2347 2344/2340/2340 2347/2343/2343
f 2345/2341/2341 2344/2340/2340 2352/2348/2348
f 2344/2340/2340 2351/2347/2347 2352/2348/2348
f 2352/2348/2348 2353/2349/2349 2345/2341/2341
f 2346/2342/2342 2345/2341/2341 2353/2349/2349
f 2346/2342/2342 2353/2349/2349 2354/2350/2350
f 2349/2345/2345 2346/2342/2342 2354/2350/2350
f 2350/2346/2346 2355/2351/2351 2347/2343/2343
f 2347/2343/2343 2356/2352/2352 2351/2347/2347
f 2355/2351/2351 2356/2352/2352 2347/2343/2343
f 2349/2345/2345 2357/2353/2353 2348/2344/2344
f 2358/2354/2354 2357/2353/2353 2349/2345/2345
f 2349/2345/2345 2354/2350/2350 2358/2354/2354
f 2359/2355/2355 2355/2351/2351 2350/2346/2346
f 2356/2352/2352 2360/2356/2356 2351/2347/2347
f 2352/2348/2348 2351/2347/2347 2361/2357/2357
f 2351/2347/2347 2360/2356/2356 2361/2357/2357
f 2362/2358/2358 2353/2349/2349 2352/2348/2348
f 2361/2357/2357 2362/2358/2358 2352/2348/2348
f 2353/2349/2349 2362/2358/2358 2363/2359/2359
f 2354/2350/2350 2353/2349/2349 2363/2359/2359
f 2354/2350/2350 2363/2359/2359 2364/2360/2360
f 2358/2354/2354 2354/2350/2350 2364/2360/2360
f 2359/2355/2355 2365/2361/2361 2355/2351/2351
f 2366/2362/2362 2355/2351/2351 2365/2361/2361
f 2356/2352/2352 2355/2351/2351 2366/2362/2362
f 2360/2356/2356 2356/2352/2352 2367/2363/2363
f 2367/2363/2363 2356/2352/2352 2366/2362/2362
f 2358/2354/2354 2368/2364/2364 2357/2353/2353
f 2369/2365/2365 2368/2364/2364 2358/2354/2354
f 2364/2360/2360 2369/2365/2365 2358/2354/2354
f 2370/2366/2366 2365/2361/2361 2359/2355/2355
f 2360/2356/2356 2371/2367/2367 2361/2357/2357
f 2372/2368/2368 2360/2356/2356 2367/2363/2363
f 2371/2367/2367 2360/2356/2356 2372/2368/2368
f 2361/2357/2357 2371/2367/2367 2373/2369/2369
f 2373/2369/2369 2362/2358/2358 2361/2357/2357
f 2362/2358/2358 2373/2369/2369 2374/2370/2370
f 2363/2359/2359 2362/2358/2358 2374/2370/2370
f 2374/2370/2370 2375/2371/2371 2363/2359/2359
f 2364/2360/2360 2363/2359/2359 2375/2371/2371
f 2375/2371/2371 2376/2372/2372 2364/2360/2360
f 2376/2372/2372 2369/2365/2365 2364/2360/2360
f 2377/2373/2373 2368/2364/2364 2369/2365/2365
f 2369/2365/2365 2376/2372/2372 2377/2373/2373
f 2365/2361/2361 2378/2374/2374 2366/2362/2362
f 2366/2362/2362 2379/2375/2375 2367/2363/2363
f 2378/2374/2374 2379/2375/2375 2366/2362/2362
f 2372/2368/2368 2367/2363/2363 2380/2376/2376
f 2380/2376/2376 2367/2363/2363 2379/2375/2375
f 2371/2367/2367 2381/2377/2377 2373/2369/2369
f 2374/2370/2370 2373/2369/2369 2381/2377/2377
f 2382/2378/2378 2381/2377/2377 2371/2367/2367
f 2371/2367/2367 2372/2368/2368 2382/2378/2378
f 2372/2368/2368 2380/2376/2376 2383/2379/2379
f 2382/2378/2378 2372/2368/2368 2383/2379/2379
f 2384/2380/2380 2375/2371/2371 2374/2370/2370
f 2381/2377/2377 2384/2380/2380 2374/2370/2370
f 2384/2380/2380 2385/2381/2381 2375/2371/2371
f 2385/2381/2381 2376/2372/2372 2375/2371/2371
f 2376/2372/2372 2385/2381/2381 2386/2382/2382
f 2377/2373/2373 2376/2372/2372 2386/2382/2382
f 2382/2378/2378 2387/2383/2383 2381/2377/2377
f 2387/2383/2383 2384/2380/2380 2381/2377/2377
f 2380/2376/2376 2379/2375/2375 2388/2384/2384
f 2379/2375/2375 2378/2374/2374 2389/2385/2385
f 2388/2384/2384 2379/2375/2375 2389/2385/2385
f 2390/2386/2386 2385/2381/2381 2384/2380/2380
f 2387/2383/2383 2390/2386/2386 2384/2380/2380
f 2391/2387/2387 2380/2376/2376 2388/2384/2384
f 2392/2388/2388 2380/2376/2376 2391/2387/2387
f 2383/2379/2379 2380/2376/2376 2392/2388/2388
f 2385/2381/2381 2390/2386/2386 2393/2389/2389
f 2386/2382/2382 2385/2381/2381 2393/2389/2389
f 2394/2390/2390 2387/2383/2383 2382/2378/2378
f 2395/2391/2391 2382/2378/2378 2383/2379/2379
f 2394/2390/2390 2382/2378/2378 2395/2391/2391
f 2395/2391/2391 2383/2379/2379 2396/2392/2392
f 2396/2392/2392 2383/2379/2379 2392/2388/2388
f 2394/2390/2390 2397/2393/2393 2387/2383/2383
f 2398/2394/2394 2390/2386/2386 2387/2383/2383
f 2387/2383/2383 2397/2393/2393 2398/2394/2394
f 2393/2389/2389 2390/2386/2386 2399/2395/2395
f 2390/2386/2386 2398/2394/2394 2399/2395/2395
f 2396/2392/2392 2392/2388/2388 2400/2396/2396
f 2400/2396/2396 2392/2388/2388 2391/2387/2387
f 2395/2391/2391 2401/2397/2397 2394/2390/2390
f 2394/2390/2390 2401/2397/2397 2397/2393/2393
f 2396/2392/2392 2402/2398/2398 2395/2391/2391
f 2395/2391/2391 2402/2398/2398 2401/2397/2397
f 2400/2396/2396 2403/2399/2399 2396/2392/2392
f 2396/2392/2392 2403/2399/2399 2402/2398/2398
f 2398/2394/2394 2397/2393/2393 2404/2400/2400
f 2399/2395/2395 2398/2394/2394 2404/2400/2400
f 2404/2400/2400 2397/2393/2393 2405/2401/2401
f 2397/2393/2393 2406/2402/2402 2405/2401/2401
f 2401/2397/2397 2406/2402/2402 2397/2393/2393
f 2402/2398/2398 2407/2403/2403 2401/2397/2397
f 2401/2397/2397 2407/2403/2403 2406/2402/2402
f 2403/2399/2399 2408/2404/2404 2402/2398/2398
f 2402/2398/2398 2408/2404/2404 2407/2403/2403
f 2403/2399/2399 2409/2405/2405 2408/2404/2404
f 2400/2396/2396 2409/2405/2405 2403/2399/2399
f 2407/2403/2403 2408/2404/2404 2410/2406/2406
f 2262/2258/2258 2411/2407/2407 2261/2257/2257
f 2412/2408/2408 2261/2257/2257 2411/2407/2407
f 2268/2264/2264 2261/2257/2257 2412/2408/2408
f 2413/2409/2409 2263/2259/2259 2265/2261/2261
f 227/223/223 2263/2259/2259 2413/2409/2409
f 227/223/223 2264/2260/2260 2263/2259/2259
f 2266/2262/2262 2414/2410/2410 2265/2261/2261
f 2265/2261/2261 2414/2410/2410 2413/2409/2409
f 2414/2410/2410 2266/2262/2262 2415/2411/2411
f 2415/2411/2411 2266/2262/2262 2267/2263/2263
f 2268/2264/2264 2416/2412/2412 2267/2263/2263
f 2267/2263/2263 2416/2412/2412 2415/2411/2411
f 2416/2412/2412 2268/2264/2264 2417/2413/2413
f 2417/2413/2413 2268/2264/2264 2412/2408/2408
f 2418/2414/2414 2414/2410/2410 2415/2411/2411
f 2415/2411/2411 2416/2412/2412 2418/2414/2414
f 2419/2415/2415 2414/2410/2410 2418/2414/2414
f 2414/2410/2410 2419/2415/2415 2413/2409/2409
f 2412/2408/2408 2420/2416/2416 2417/2413/2413
f 2421/2417/2417 2420/2416/2416 2412/2408/2408
f 2411/2407/2407 2421/2417/2417 2412/2408/2408
f 2416/2412/2412 2417/2413/2413 2422/2418/2418
f 2418/2414/2414 2416/2412/2412 2422/2418/2418
f 227/223/223 2413/2409/2409 228/224/224
f 2413/2409/2409 2419/2415/2415 2423/2419/2419
f 228/224/224 2413/2409/2409 2423/2419/2419
f 2420/2416/2416 2424/2420/2420 2417/2413/2413
f 2422/2418/2418 2417/2413/2413 2425/2421/2421
f 2417/2413/2413 2424/2420/2420 2425/2421/2421
f 2426/2422/2422 2419/2415/2415 2418/2414/2414
f 2418/2414/2414 2427/2423/2423 2426/2422/2422
f 2422/2418/2418 2427/2423/2423 2418/2414/2414
f 2427/2423/2423 2422/2418/2418 2428/2424/2424
f 2428/2424/2424 2422/2418/2418 2425/2421/2421
f 2429/2425/2425 2419/2415/2415 2426/2422/2422
f 2419/2415/2415 2430/2426/2426 2423/2419/2419
f 2429/2425/2425 2430/2426/2426 2419/2415/2415
f 228/224/224 2423/2419/2419 230/226/226
f 230/226/226 2423/2419/2419 2430/2426/2426
f 2424/2420/2420 2431/2427/2427 2425/2421/2421
f 2425/2421/2421 2431/2427/2427 2428/2424/2424
f 2424/2420/2420 2420/2416/2416 2432/2428/2428
f 2433/2429/2429 2424/2420/2420 2432/2428/2428
f 2431/2427/2427 2424/2420/2420 2433/2429/2429
f 2426/2422/2422 2434/2430/2430 2429/2425/2425
f 2434/2430/2430 2430/2426/2426 2429/2425/2425
f 2435/2431/2431 2434/2430/2430 2426/2422/2422
f 2426/2422/2422 2427/2423/2423 2435/2431/2431
f 2427/2423/2423 2428/2424/2424 2436/2432/2432
f 2435/2431/2431 2427/2423/2423 2436/2432/2432
f 2431/2427/2427 2437/2433/2433 2428/2424/2424
f 2436/2432/2432 2428/2424/2424 2437/2433/2433
f 2430/2426/2426 232/228/228 230/226/226
f 232/228/228 2430/2426/2426 2434/2430/2430
f 2438/2434/2434 2437/2433/2433 2431/2427/2427
f 2431/2427/2427 2433/2429/2429 2438/2434/2434
f 2438/2434/2434 2439/2435/2435 2437/2433/2433
f 2437/2433/2433 2439/2435/2435 2436/2432/2432
f 2436/2432/2432 2439/2435/2435 2440/2436/2436
f 2440/2436/2436 2435/2431/2431 2436/2432/2432
f 2432/2428/2428 2441/2437/2437 2433/2429/2429
f 2438/2434/2434 2433/2429/2429 2442/2438/2438
f 2441/2437/2437 2442/2438/2438 2433/2429/2429
f 2435/2431/2431 2443/2439/2439 2434/2430/2430
f 2434/2430/2430 233/229/229 232/228/228
f 2443/2439/2439 233/229/229 2434/2430/2430
f 2444/2440/2440 2443/2439/2439 2435/2431/2431
f 2444/2440/2440 2435/2431/2431 2440/2436/2436
f 2445/2441/2441 2439/2435/2435 2438/2434/2434
f 2438/2434/2434 2442/2438/2438 2445/2441/2441
f 2445/2441/2441 2446/2442/2442 2439/2435/2435
f 2447/2443/2443 2439/2435/2435 2446/2442/2442
f 2440/2436/2436 2439/2435/2435 2447/2443/2443
f 2444/2440/2440 2440/2436/2436 2448/2444/2444
f 2448/2444/2444 2440/2436/2436 2447/2443/2443
f 2448/2444/2444 2449/2445/2445 2444/2440/2440
f 2444/2440/2440 2449/2445/2445 2443/2439/2439
f 2449/2445/2445 2450/2446/2446 2443/2439/2439
f 2443/2439/2439 2450/2446/2446 233/229/229
f 2451/2447/2447 2442/2438/2438 2441/2437/2437
f 2445/2441/2441 2442/2438/2438 2452/2448/2448
f 2451/2447/2447 2452/2448/2448 2442/2438/2438
f 2453/2449/2449 2446/2442/2442 2445/2441/2441
f 2445/2441/2441 2452/2448/2448 2453/2449/2449
f 2446/2442/2442 2453/2449/2449 2454/2450/2450
f 2455/2451/2451 2446/2442/2442 2454/2450/2450
f 2447/2443/2443 2446/2442/2442 2455/2451/2451
f 2448/2444/2444 2447/2443/2443 2456/2452/2452
f 2456/2452/2452 2447/2443/2443 2455/2451/2451
f 2449/2445/2445 2448/2444/2444 2457/2453/2453
f 2457/2453/2453 2448/2444/2444 2456/2452/2452
f 2450/2446/2446 2449/2445/2445 2458/2454/2454
f 2458/2454/2454 2449/2445/2445 2457/2453/2453
f 2459/2455/2455 2452/2448/2448 2451/2447/2447
f 2453/2449/2449 2452/2448/2448 2460/2456/2456
f 2459/2455/2455 2460/2456/2456 2452/2448/2448
f 2454/2450/2450 2453/2449/2449 2461/2457/2457
f 2453/2449/2449 2460/2456/2456 2461/2457/2457
f 2454/2450/2450 2461/2457/2457 2462/2458/2458
f 2454/2450/2450 2463/2459/2459 2455/2451/2451
f 2462/2458/2458 2463/2459/2459 2454/2450/2450
f 2456/2452/2452 2455/2451/2451 2464/2460/2460
f 2464/2460/2460 2455/2451/2451 2463/2459/2459
f 2464/2460/2460 2465/2461/2461 2456/2452/2452
f 2456/2452/2452 2465/2461/2461 2457/2453/2453
f 2458/2454/2454 2457/2453/2453 2466/2462/2462
f 2466/2462/2462 2457/2453/2453 2465/2461/2461
f 2467/2463/2463 2460/2456/2456 2459/2455/2455
f 2461/2457/2457 2460/2456/2456 2468/2464/2464
f 2460/2456/2456 2467/2463/2463 2468/2464/2464
f 2462/2458/2458 2461/2457/2457 2469/2465/2465
f 2461/2457/2457 2468/2464/2464 2469/2465/2465
f 2469/2465/2465 2470/2466/2466 2462/2458/2458
f 2462/2458/2458 2471/2467/2467 2463/2459/2459
f 2470/2466/2466 2471/2467/2467 2462/2458/2458
f 2471/2467/2467 2472/2468/2468 2463/2459/2459
f 2463/2459/2459 2472/2468/2468 2464/2460/2460
f 2472/2468/2468 2473/2469/2469 2464/2460/2460
f 2464/2460/2460 2473/2469/2469 2465/2461/2461
f 2473/2469/2469 2474/2470/2470 2465/2461/2461
f 2465/2461/2461 2474/2470/2470 2466/2462/2462
f 2468/2464/2464 2467/2463/2463 2475/2471/2471
f 2475/2471/2471 2476/2472/2472 2468/2464/2464
f 2469/2465/2465 2468/2464/2464 2476/2472/2472
f 2477/2473/2473 2470/2466/2466 2469/2465/2465
f 2469/2465/2465 2476/2472/2472 2477/2473/2473
f 2477/2473/2473 2478/2474/2474 2470/2466/2466
f 2470/2466/2466 2479/2475/2475 2471/2467/2467
f 2478/2474/2474 2479/2475/2475 2470/2466/2466
f 2479/2475/2475 2480/2476/2476 2471/2467/2467
f 2471/2467/2467 2480/2476/2476 2472/2468/2468
f 2480/2476/2476 2481/2477/2477 2472/2468/2468
f 2472/2468/2468 2481/2477/2477 2473/2469/2469
f 2481/2477/2477 2482/2478/2478 2473/2469/2469
f 2473/2469/2469 2482/2478/2478 2474/2470/2470
f 2483/2479/2479 2476/2472/2472 2475/2471/2471
f 2477/2473/2473 2476/2472/2472 2484/2480/2480
f 2483/2479/2479 2484/2480/2480 2476/2472/2472
f 2485/2481/2481 2478/2474/2474 2477/2473/2473
f 2477/2473/2473 2484/2480/2480 2485/2481/2481
f 2486/2482/2482 2478/2474/2474 2485/2481/2481
f 2487/2483/2483 2478/2474/2474 2486/2482/2482
f 2478/2474/2474 2487/2483/2483 2479/2475/2475
f 2479/2475/2475 2487/2483/2483 2488/2484/2484
f 2489/2485/2485 2479/2475/2475 2488/2484/2484
f 2480/2476/2476 2479/2475/2475 2489/2485/2485
f 2489/2485/2485 2490/2486/2486 2480/2476/2476
f 2480/2476/2476 2490/2486/2486 2481/2477/2477
f 2490/2486/2486 2491/2487/2487 2481/2477/2477
f 2481/2477/2477 2491/2487/2487 2482/2478/2478
f 2485/2481/2481 2492/2488/2488 2486/2482/2482
f 2485/2481/2481 2484/2480/2480 2492/2488/2488
f 2493/2489/2489 2484/2480/2480 2483/2479/2479
f 2493/2489/2489 2492/2488/2488 2484/2480/2480
f 2494/2490/2490 2487/2483/2483 2486/2482/2482
f 2495/2491/2491 2487/2483/2483 2494/2490/2490
f 2495/2491/2491 2488/2484/2484 2487/2483/2483
f 2496/2492/2492 2488/2484/2484 2495/2491/2491
f 2496/2492/2492 2489/2485/2485 2488/2484/2484
f 2486/2482/2482 2497/2493/2493 2494/2490/2490
f 2498/2494/2494 2497/2493/2493 2486/2482/2482
f 2486/2482/2482 2492/2488/2488 2498/2494/2494
f 2489/2485/2485 2499/2495/2495 2490/2486/2486
f 2500/2496/2496 2499/2495/2495 2489/2485/2485
f 2500/2496/2496 2489/2485/2485 2496/2492/2492
f 2499/2495/2495 2501/2497/2497 2490/2486/2486
f 2490/2486/2486 2501/2497/2497 2491/2487/2487
f 2502/2498/2498 2492/2488/2488 2493/2489/2489
f 2503/2499/2499 2492/2488/2488 2502/2498/2498
f 2498/2494/2494 2492/2488/2488 2503/2499/2499
f 2497/2493/2493 2498/2494/2494 2504/2500/2500
f 2504/2500/2500 2498/2494/2494 2503/2499/2499
f 2505/2501/2501 2495/2491/2491 2494/2490/2490
f 2494/2490/2490 2506/2502/2502 2505/2501/2501
f 2497/2493/2493 2506/2502/2502 2494/2490/2490
f 2507/2503/2503 2495/2491/2491 2505/2501/2501
f 2507/2503/2503 2496/2492/2492 2495/2491/2491
f 2508/2504/2504 2496/2492/2492 2507/2503/2503
f 2508/2504/2504 2500/2496/2496 2496/2492/2492
f 2506/2502/2502 2497/2493/2493 2509/2505/2505
f 2509/2505/2505 2497/2493/2493 2504/2500/2500
f 2500/2496/2496 2510/2506/2506 2499/2495/2495
f 2510/2506/2506 2500/2496/2496 2508/2504/2504
f 2499/2495/2495 2510/2506/2506 2511/2507/2507
f 2499/2495/2495 2512/2508/2508 2501/2497/2497
f 2511/2507/2507 2512/2508/2508 2499/2495/2495
f 2504/2500/2500 2503/2499/2499 2513/2509/2509
f 2503/2499/2499 2502/2498/2498 2514/2510/2510
f 2513/2509/2509 2503/2499/2499 2514/2510/2510
f 2509/2505/2505 2504/2500/2500 2515/2511/2511
f 2515/2511/2511 2504/2500/2500 2513/2509/2509
f 2516/2512/2512 2507/2503/2503 2505/2501/2501
f 2505/2501/2501 2517/2513/2513 2516/2512/2512
f 2506/2502/2502 2517/2513/2513 2505/2501/2501
f 2517/2513/2513 2506/2502/2502 2518/2514/2514
f 2518/2514/2514 2506/2502/2502 2509/2505/2505
f 2519/2515/2515 2507/2503/2503 2516/2512/2512
f 2519/2515/2515 2508/2504/2504 2507/2503/2503
f 2520/2516/2516 2508/2504/2504 2519/2515/2515
f 2520/2516/2516 2510/2506/2506 2508/2504/2504
f 2518/2514/2514 2509/2505/2505 2521/2517/2517
f 2521/2517/2517 2509/2505/2505 2515/2511/2511
f 2510/2506/2506 2522/2518/2518 2511/2507/2507
f 2522/2518/2518 2510/2506/2506 2520/2516/2516
f 2511/2507/2507 2522/2518/2518 2523/2519/2519
f 2523/2519/2519 2512/2508/2508 2511/2507/2507
f 2513/2509/2509 2514/2510/2510 2524/2520/2520
f 2525/2521/2521 2513/2509/2509 2524/2520/2520
f 2515/2511/2511 2513/2509/2509 2525/2521/2521
f 2525/2521/2521 2526/2522/2522 2515/2511/2511
f 2515/2511/2511 2526/2522/2522 2521/2517/2517
f 2527/2523/2523 2519/2515/2515 2516/2512/2512
f 2516/2512/2512 2528/2524/2524 2527/2523/2523
f 2517/2513/2513 2528/2524/2524 2516/2512/2512
f 2528/2524/2524 2517/2513/2513 2529/2525/2525
f 2529/2525/2525 2517/2513/2513 2518/2514/2514
f 2529/2525/2525 2518/2514/2514 2530/2526/2526
f 2530/2526/2526 2518/2514/2514 2521/2517/2517
f 2531/2527/2527 2519/2515/2515 2527/2523/2523
f 2531/2527/2527 2520/2516/2516 2519/2515/2515
f 2532/2528/2528 2520/2516/2516 2531/2527/2527
f 2532/2528/2528 2522/2518/2518 2520/2516/2516
f 2526/2522/2522 2533/2529/2529 2521/2517/2517
f 2521/2517/2517 2533/2529/2529 2530/2526/2526
f 2522/2518/2518 2534/2530/2530 2523/2519/2519
f 2534/2530/2530 2522/2518/2518 2532/2528/2528
f 2525/2521/2521 2524/2520/2520 2535/2531/2531
f 2536/2532/2532 2525/2521/2521 2535/2531/2531
f 2526/2522/2522 2525/2521/2521 2536/2532/2532
f 2533/2529/2529 2526/2522/2522 2537/2533/2533
f 2537/2533/2533 2526/2522/2522 2536/2532/2532
f 2538/2534/2534 2531/2527/2527 2527/2523/2523
f 2527/2523/2523 2539/2535/2535 2538/2534/2534
f 2528/2524/2524 2539/2535/2535 2527/2523/2523
f 2539/2535/2535 2528/2524/2524 2540/2536/2536
f 2540/2536/2536 2528/2524/2524 2529/2525/2525
f 2540/2536/2536 2529/2525/2525 2541/2537/2537
f 2541/2537/2537 2529/2525/2525 2530/2526/2526
f 2533/2529/2529 2542/2538/2538 2530/2526/2526
f 2530/2526/2526 2542/2538/2538 2541/2537/2537
f 2543/2539/2539 2531/2527/2527 2538/2534/2534
f 2543/2539/2539 2532/2528/2528 2531/2527/2527
f 2544/2540/2540 2532/2528/2528 2543/2539/2539
f 2544/2540/2540 2534/2530/2530 2532/2528/2528
f 2537/2533/2533 2545/2541/2541 2533/2529/2529
f 2533/2529/2529 2545/2541/2541 2542/2538/2538
f 2537/2533/2533 2536/2532/2532 2546/2542/2542
f 2536/2532/2532 2535/2531/2531 2547/2543/2543
f 2546/2542/2542 2536/2532/2532 2547/2543/2543
f 2546/2542/2542 2548/2544/2544 2537/2533/2533
f 2537/2533/2533 2548/2544/2544 2545/2541/2541
f 2548/2544/2544 2546/2542/2542 2549/2545/2545
f 2550/2546/2546 2546/2542/2542 2547/2543/2543
f 2551/2547/2547 2546/2542/2542 2550/2546/2546
f 2549/2545/2545 2546/2542/2542 2551/2547/2547
f 2551/2547/2547 2552/2548/2548 2549/2545/2545
f 2407/2403/2403 2410/2406/2406 2406/2402/2402
f 2406/2402/2402 2410/2406/2406 2553/2549/2549
f 2406/2402/2402 2553/2549/2549 2405/2401/2401
f 2405/2401/2401 2553/2549/2549 2554/2550/2550
f 2405/2401/2401 2554/2550/2550 2404/2400/2400
f 2408/2404/2404 2409/2405/2405 2555/2551/2551
f 2410/2406/2406 2408/2404/2404 2556/2552/2552
f 2408/2404/2404 2555/2551/2551 2556/2552/2552
f 2556/2552/2552 2557/2553/2553 2410/2406/2406
f 2410/2406/2406 2557/2553/2553 2553/2549/2549
f 2553/2549/2549 2557/2553/2553 2558/2554/2554
f 2553/2549/2549 2558/2554/2554 2554/2550/2550
f 2559/2555/2555 2557/2553/2553 2556/2552/2552
f 2556/2552/2552 2555/2551/2551 2560/2556/2556
f 2560/2556/2556 2559/2555/2555 2556/2552/2552
f 2557/2553/2553 2559/2555/2555 2561/2557/2557
f 2557/2553/2553 2561/2557/2557 2558/2554/2554
f 2409/2405/2405 2562/2558/2558 2555/2551/2551
f 2555/2551/2551 2563/2559/2559 2560/2556/2556
f 2555/2551/2551 2562/2558/2558 2563/2559/2559
f 2558/2554/2554 2561/2557/2557 2564/2560/2560
f 2558/2554/2554 2564/2560/2560 2565/2561/2561
f 2554/2550/2550 2558/2554/2554 2565/2561/2561
f 2561/2557/2557 2559/2555/2555 2566/2562/2562
f 2567/2563/2563 2559/2555/2555 2560/2556/2556
f 2559/2555/2555 2567/2563/2563 2566/2562/2562
f 2568/2564/2564 2567/2563/2563 2560/2556/2556
f 2560/2556/2556 2563/2559/2559 2568/2564/2564
f 2562/2558/2558 2569/2565/2565 2563/2559/2559
f 2563/2559/2559 2570/2566/2566 2568/2564/2564
f 2563/2559/2559 2569/2565/2565 2570/2566/2566
f 2566/2562/2562 2571/2567/2567 2561/2557/2557
f 2561/2557/2557 2571/2567/2567 2572/2568/2568
f 2573/2569/2569 2561/2557/2557 2572/2568/2568
f 2564/2560/2560 2561/2557/2557 2573/2569/2569
f 2566/2562/2562 2574/2570/2570 2571/2567/2567
f 2566/2562/2562 2567/2563/2563 2574/2570/2570
f 2575/2571/2571 2567/2563/2563 2568/2564/2564
f 2567/2563/2563 2575/2571/2571 2574/2570/2570
f 2576/2572/2572 2575/2571/2571 2568/2564/2564
f 2568/2564/2564 2570/2566/2566 2576/2572/2572
f 2572/2568/2568 2571/2567/2567 2577/2573/2573
f 2572/2568/2568 2577/2573/2573 2573/2569/2569
f 2578/2574/2574 2570/2566/2566 2569/2565/2565
f 2579/2575/2575 2570/2566/2566 2578/2574/2574
f 2570/2566/2566 2579/2575/2575 2576/2572/2572
f 2577/2573/2573 2571/2567/2567 2580/2576/2576
f 2571/2567/2567 2574/2570/2570 2581/2577/2577
f 2571/2567/2567 2581/2577/2577 2580/2576/2576
f 2574/2570/2570 2575/2571/2571 2582/2578/2578
f 2574/2570/2570 2582/2578/2578 2581/2577/2577
f 2583/2579/2579 2575/2571/2571 2576/2572/2572
f 2575/2571/2571 2583/2579/2579 2582/2578/2578
f 2584/2580/2580 2583/2579/2579 2576/2572/2572
f 2576/2572/2572 2579/2575/2575 2584/2580/2580
f 2573/2569/2569 2577/2573/2573 2585/2581/2581
f 2580/2576/2576 2586/2582/2582 2577/2573/2573
f 2577/2573/2573 2586/2582/2582 2585/2581/2581
f 2587/2583/2583 2579/2575/2575 2578/2574/2574
f 2588/2584/2584 2579/2575/2575 2587/2583/2583
f 2588/2584/2584 2584/2580/2580 2579/2575/2575
f 2589/2585/2585 2586/2582/2582 2580/2576/2576
f 2580/2576/2576 2581/2577/2577 2590/2586/2586
f 2590/2586/2586 2589/2585/2585 2580/2576/2576
f 2581/2577/2577 2591/2587/2587 2590/2586/2586
f 2581/2577/2577 2582/2578/2578 2591/2587/2587
f 2582/2578/2578 2583/2579/2579 2592/2588/2588
f 2582/2578/2578 2592/2588/2588 2591/2587/2587
f 2593/2589/2589 2583/2579/2579 2584/2580/2580
f 2593/2589/2589 2592/2588/2588 2583/2579/2579
f 2594/2590/2590 2593/2589/2589 2584/2580/2580
f 2594/2590/2590 2584/2580/2580 2588/2584/2584
f 2587/2583/2583 2595/2591/2591 2588/2584/2584
f 2588/2584/2584 2596/2592/2592 2594/2590/2590
f 2588/2584/2584 2595/2591/2591 2596/2592/2592
f 2590/2586/2586 2591/2587/2587 2597/2593/2593
f 2598/2594/2594 2589/2585/2585 2590/2586/2586
f 2590/2586/2586 2597/2593/2593 2598/2594/2594
f 2591/2587/2587 2599/2595/2595 2597/2593/2593
f 2591/2587/2587 2592/2588/2588 2599/2595/2595
f 2600/2596/2596 2592/2588/2588 2593/2589/2589
f 2592/2588/2588 2600/2596/2596 2599/2595/2595
f 2601/2597/2597 2600/2596/2596 2593/2589/2589
f 2601/2597/2597 2593/2589/2589 2594/2590/2590
f 2602/2598/2598 2601/2597/2597 2594/2590/2590
f 2594/2590/2590 2596/2592/2592 2602/2598/2598
f 2595/2591/2591 2603/2599/2599 2596/2592/2592
f 2596/2592/2592 2604/2600/2600 2602/2598/2598
f 2596/2592/2592 2603/2599/2599 2604/2600/2600
f 2597/2593/2593 2599/2595/2595 2605/2601/2601
f 2605/2601/2601 2606/2602/2602 2597/2593/2593
f 2598/2594/2594 2597/2593/2593 2606/2602/2602
f 2599/2595/2595 2607/2603/2603 2605/2601/2601
f 2599/2595/2595 2600/2596/2596 2607/2603/2603
f 2608/2604/2604 2600/2596/2596 2601/2597/2597
f 2608/2604/2604 2607/2603/2603 2600/2596/2596
f 2609/2605/2605 2601/2597/2597 2602/2598/2598
f 2601/2597/2597 2609/2605/2605 2608/2604/2604
f 2610/2606/2606 2609/2605/2605 2602/2598/2598
f 2602/2598/2598 2604/2600/2600 2610/2606/2606
f 2603/2599/2599 2611/2607/2607 2604/2600/2600
f 2604/2600/2600 2612/2608/2608 2610/2606/2606
f 2604/2600/2600 2611/2607/2607 2612/2608/2608
f 2605/2601/2601 2607/2603/2603 2613/2609/2609
f 2613/2609/2609 2614/2610/2610 2605/2601/2601
f 2614/2610/2610 2606/2602/2602 2605/2601/2601
f 2607/2603/2603 2615/2611/2611 2613/2609/2609
f 2615/2611/2611 2607/2603/2603 2608/2604/2604
f 2608/2604/2604 2609/2605/2605 2616/2612/2612
f 2608/2604/2604 2616/2612/2612 2615/2611/2611
f 2609/2605/2605 2617/2613/2613 2616/2612/2612
f 2617/2613/2613 2609/2605/2605 2610/2606/2606
f 2618/2614/2614 2617/2613/2613 2610/2606/2606
f 2610/2606/2606 2612/2608/2608 2618/2614/2614
f 2611/2607/2607 2619/2615/2615 2612/2608/2608
f 2612/2608/2608 2620/2616/2616 2618/2614/2614
f 2612/2608/2608 2619/2615/2615 2620/2616/2616
f 2613/2609/2609 2615/2611/2611 2621/2617/2617
f 2621/2617/2617 2622/2618/2618 2613/2609/2609
f 2622/2618/2618 2614/2610/2610 2613/2609/2609
f 2615/2611/2611 2616/2612/2612 2623/2619/2619
f 2615/2611/2611 2623/2619/2619 2621/2617/2617
f 2616/2612/2612 2617/2613/2613 2624/2620/2620
f 2616/2612/2612 2624/2620/2620 2623/2619/2619
f 2625/2621/2621 2617/2613/2613 2618/2614/2614
f 2617/2613/2613 2625/2621/2621 2624/2620/2620
f 2626/2622/2622 2625/2621/2621 2618/2614/2614
f 2618/2614/2614 2620/2616/2616 2626/2622/2622
f 2619/2615/2615 2627/2623/2623 2620/2616/2616
f 2620/2616/2616 2628/2624/2624 2626/2622/2622
f 2620/2616/2616 2627/2623/2623 2628/2624/2624
f 2629/2625/2625 2622/2618/2618 2621/2617/2617
f 2630/2626/2626 2629/2625/2625 2621/2617/2617
f 2621/2617/2617 2623/2619/2619 2630/2626/2626
f 2623/2619/2619 2631/2627/2627 2630/2626/2626
f 2623/2619/2619 2624/2620/2620 2631/2627/2627
f 2624/2620/2620 2625/2621/2621 2632/2628/2628
f 2632/2628/2628 2631/2627/2627 2624/2620/2620
f 2633/2629/2629 2625/2621/2621 2626/2622/2622
f 2625/2621/2621 2633/2629/2629 2632/2628/2628
f 2634/2630/2630 2633/2629/2629 2626/2622/2622
f 2626/2622/2622 2628/2624/2624 2634/2630/2630
f 2627/2623/2623 2635/2631/2631 2628/2624/2624
f 2636/2632/2632 2634/2630/2630 2628/2624/2624
f 2628/2624/2624 2635/2631/2631 2636/2632/2632
f 2630/2626/2626 2631/2627/2627 2637/2633/2633
f 2638/2634/2634 2629/2625/2625 2630/2626/2626
f 2637/2633/2633 2638/2634/2634 2630/2626/2626
f 2639/2635/2635 2631/2627/2627 2632/2628/2628
f 2631/2627/2627 2639/2635/2635 2637/2633/2633
f 2632/2628/2628 2633/2629/2629 2640/2636/2636
f 2640/2636/2636 2639/2635/2635 2632/2628/2628
f 2641/2637/2637 2633/2629/2629 2634/2630/2630
f 2633/2629/2629 2641/2637/2637 2640/2636/2636
f 2642/2638/2638 2641/2637/2637 2634/2630/2630
f 2642/2638/2638 2634/2630/2630 2636/2632/2632
f 2635/2631/2631 2643/2639/2639 2636/2632/2632
f 2636/2632/2632 2644/2640/2640 2642/2638/2638
f 2636/2632/2632 2643/2639/2639 2644/2640/2640
f 2645/2641/2641 2638/2634/2634 2637/2633/2633
f 2646/2642/2642 2645/2641/2641 2637/2633/2633
f 2637/2633/2633 2639/2635/2635 2646/2642/2642
f 2639/2635/2635 2647/2643/2643 2646/2642/2642
f 2647/2643/2643 2639/2635/2635 2640/2636/2636
f 2640/2636/2636 2641/2637/2637 2648/2644/2644
f 2640/2636/2636 2648/2644/2644 2647/2643/2643
f 2641/2637/2637 2649/2645/2645 2648/2644/2644
f 2649/2645/2645 2641/2637/2637 2642/2638/2638
f 2650/2646/2646 2649/2645/2645 2642/2638/2638
f 2642/2638/2638 2644/2640/2640 2650/2646/2646
f 2646/2642/2642 2647/2643/2643 2651/2647/2647
f 2652/2648/2648 2645/2641/2641 2646/2642/2642
f 2651/2647/2647 2652/2648/2648 2646/2642/2642
f 2647/2643/2643 2653/2649/2649 2651/2647/2647
f 2647/2643/2643 2648/2644/2644 2653/2649/2649
f 2648/2644/2644 2649/2645/2645 2654/2650/2650
f 2654/2650/2650 2653/2649/2649 2648/2644/2644
f 2649/2645/2645 2655/2651/2651 2654/2650/2650
f 2655/2651/2651 2649/2645/2645 2650/2646/2646
f 2651/2647/2647 2653/2649/2649 2656/2652/2652
f 2656/2652/2652 2657/2653/2653 2651/2647/2647
f 2657/2653/2653 2652/2648/2648 2651/2647/2647
f 2653/2649/2649 2658/2654/2654 2656/2652/2652
f 2658/2654/2654 2653/2649/2649 2654/2650/2650
f 2654/2650/2650 2655/2651/2651 2659/2655/2655
f 2654/2650/2650 2659/2655/2655 2658/2654/2654
f 2656/2652/2652 2658/2654/2654 2660/2656/2656
f 2660/2656/2656 2661/2657/2657 2656/2652/2652
f 2661/2657/2657 2657/2653/2653 2656/2652/2652
f 2658/2654/2654 2662/2658/2658 2660/2656/2656
f 2658/2654/2654 2659/2655/2655 2662/2658/2658
f 2652/2648/2648 2657/2653/2653 2663/2659/2659
f 2657/2653/2653 2661/2657/2657 2664/2660/2660
f 2663/2659/2659 2657/2653/2653 2664/2660/2660
f 2660/2656/2656 2662/2658/2658 2665/2661/2661
f 2665/2661/2661 2666/2662/2662 2660/2656/2656
f 2666/2662/2662 2661/2657/2657 2660/2656/2656
f 2666/2662/2662 2667/2663/2663 2661/2657/2657
f 2664/2660/2660 2661/2657/2657 2667/2663/2663
f 2663/2659/2659 2664/2660/2660 2668/2664/2664
f 2664/2660/2660 2667/2663/2663 2669/2665/2665
f 2668/2664/2664 2664/2660/2660 2669/2665/2665
f 2670/2666/2666 2666/2662/2662 2665/2661/2661
f 2671/2667/2667 2667/2663/2663 2666/2662/2662
f 2670/2666/2666 2671/2667/2667 2666/2662/2662
f 2667/2663/2663 2671/2667/2667 2672/2668/2668
f 2669/2665/2665 2667/2663/2663 2672/2668/2668
f 2669/2665/2665 2673/2669/2669 2668/2664/2664
f 2674/2670/2670 2673/2669/2669 2669/2665/2665
f 2669/2665/2665 2672/2668/2668 2674/2670/2670
f 2675/2671/2671 2663/2659/2659 2668/2664/2664
f 2668/2664/2664 2676/2672/2672 2675/2671/2671
f 2673/2669/2669 2676/2672/2672 2668/2664/2664
f 2677/2673/2673 2671/2667/2667 2670/2666/2666
f 2672/2668/2668 2671/2667/2667 2678/2674/2674
f 2677/2673/2673 2678/2674/2674 2671/2667/2667
f 2672/2668/2668 2678/2674/2674 2679/2675/2675
f 2674/2670/2670 2672/2668/2668 2679/2675/2675
f 2673/2669/2669 2674/2670/2670 2680/2676/2676
f 2681/2677/2677 2673/2669/2669 2680/2676/2676
f 2676/2672/2672 2673/2669/2669 2681/2677/2677
f 2680/2676/2676 2674/2670/2670 2682/2678/2678
f 2674/2670/2670 2679/2675/2675 2682/2678/2678
f 2683/2679/2679 2675/2671/2671 2676/2672/2672
f 2684/2680/2680 2676/2672/2672 2681/2677/2677
f 2683/2679/2679 2676/2672/2672 2684/2680/2680
f 2685/2681/2681 2678/2674/2674 2677/2673/2673
f 2679/2675/2675 2678/2674/2674 2686/2682/2682
f 2685/2681/2681 2686/2682/2682 2678/2674/2674
f 2679/2675/2675 2686/2682/2682 2687/2683/2683
f 2682/2678/2678 2679/2675/2675 2687/2683/2683
f 2688/2684/2684 2680/2676/2676 2682/2678/2678
f 2682/2678/2678 2687/2683/2683 2688/2684/2684
f 2689/2685/2685 2680/2676/2676 2688/2684/2684
f 2689/2685/2685 2681/2677/2677 2680/2676/2676
f 2690/2686/2686 2684/2680/2680 2681/2677/2677
f 2690/2686/2686 2681/2677/2677 2689/2685/2685
f 2691/2687/2687 2684/2680/2680 2690/2686/2686
f 2691/2687/2687 2692/2688/2688 2684/2680/2680
f 2692/2688/2688 2683/2679/2679 2684/2680/2680
f 2693/2689/2689 2686/2682/2682 2685/2681/2681
f 2687/2683/2683 2686/2682/2682 2694/2690/2690
f 2693/2689/2689 2694/2690/2690 2686/2682/2682
f 2687/2683/2683 2694/2690/2690 2695/2691/2691
f 2688/2684/2684 2687/2683/2683 2695/2691/2691
f 2688/2684/2684 2696/2692/2692 2689/2685/2685
f 2688/2684/2684 2697/2693/2693 2696/2692/2692
f 2695/2691/2691 2697/2693/2693 2688/2684/2684
f 2689/2685/2685 2698/2694/2694 2690/2686/2686
f 2689/2685/2685 2696/2692/2692 2698/2694/2694
f 2699/2695/2695 2691/2687/2687 2690/2686/2686
f 2690/2686/2686 2698/2694/2694 2699/2695/2695
f 2700/2696/2696 2692/2688/2688 2691/2687/2687
f 2701/2697/2697 2691/2687/2687 2699/2695/2695
f 2701/2697/2697 2700/2696/2696 2691/2687/2687
f 2702/2698/2698 2694/2690/2690 2693/2689/2689
f 2703/2699/2699 2551/2547/2547 2550/2546/2546
f 2704/2700/2700 2551/2547/2547 2703/2699/2699
f 2704/2700/2700 2552/2548/2548 2551/2547/2547
f 2703/2699/2699 2550/2546/2546 2705/2701/2701
f 2550/2546/2546 2547/2543/2543 2706/2702/2702
f 2705/2701/2701 2550/2546/2546 2706/2702/2702
f 2703/2699/2699 2705/2701/2701 2707/2703/2703
f 2707/2703/2703 2704/2700/2700 2703/2699/2699
f 2706/2702/2702 2547/2543/2543 2708/2704/2704
f 2547/2543/2543 2535/2531/2531 2708/2704/2704
f 2552/2548/2548 2704/2700/2700 2709/2705/2705
f 2710/2706/2706 2704/2700/2700 2707/2703/2703
f 2709/2705/2705 2704/2700/2700 2710/2706/2706
f 2705/2701/2701 2706/2702/2702 2711/2707/2707
f 2705/2701/2701 2711/2707/2707 2712/2708/2708
f 2707/2703/2703 2705/2701/2701 2712/2708/2708
f 2711/2707/2707 2706/2702/2702 2713/2709/2709
f 2706/2702/2702 2714/2710/2710 2713/2709/2709
f 2708/2704/2704 2714/2710/2710 2706/2702/2702
f 2714/2710/2710 2708/2704/2704 2715/2711/2711
f 2715/2711/2711 2708/2704/2704 2535/2531/2531
f 2710/2706/2706 2707/2703/2703 2716/2712/2712
f 2707/2703/2703 2712/2708/2708 2717/2713/2713
f 2716/2712/2712 2707/2703/2703 2717/2713/2713
f 2716/2712/2712 2718/2714/2714 2710/2706/2706
f 2710/2706/2706 2718/2714/2714 2709/2705/2705
f 2535/2531/2531 2524/2520/2520 2715/2711/2711
f 2712/2708/2708 2711/2707/2707 2719/2715/2715
f 2719/2715/2715 2720/2716/2716 2712/2708/2708
f 2717/2713/2713 2712/2708/2708 2720/2716/2716
f 2721/2717/2717 2719/2715/2715 2711/2707/2707
f 2722/2718/2718 2711/2707/2707 2713/2709/2709
f 2721/2717/2717 2711/2707/2707 2722/2718/2718
f 2714/2710/2710 2723/2719/2719 2713/2709/2709
f 2713/2709/2709 2723/2719/2719 2722/2718/2718
f 2723/2719/2719 2714/2710/2710 2724/2720/2720
f 2724/2720/2720 2714/2710/2710 2715/2711/2711
f 2724/2720/2720 2715/2711/2711 2725/2721/2721
f 2725/2721/2721 2715/2711/2711 2524/2520/2520
f 2716/2712/2712 2717/2713/2713 2726/2722/2722
f 2727/2723/2723 2716/2712/2712 2726/2722/2722
f 2718/2714/2714 2716/2712/2712 2727/2723/2723
f 2717/2713/2713 2720/2716/2716 2728/2724/2724
f 2726/2722/2722 2717/2713/2713 2728/2724/2724
f 2524/2520/2520 2514/2510/2510 2725/2721/2721
f 2729/2725/2725 2719/2715/2715 2721/2717/2717
f 2729/2725/2725 2730/2726/2726 2719/2715/2715
f 2730/2726/2726 2720/2716/2716 2719/2715/2715
f 2720/2716/2716 2730/2726/2726 2731/2727/2727
f 2728/2724/2724 2720/2716/2716 2731/2727/2727
f 2722/2718/2718 2732/2728/2728 2721/2717/2717
f 2721/2717/2717 2732/2728/2728 2729/2725/2725
f 2733/2729/2729 2732/2728/2728 2722/2718/2718
f 2723/2719/2719 2733/2729/2729 2722/2718/2718
f 2734/2730/2730 2733/2729/2729 2723/2719/2719
f 2735/2731/2731 2723/2719/2719 2724/2720/2720
f 2734/2730/2730 2723/2719/2719 2735/2731/2731
f 2735/2731/2731 2724/2720/2720 2736/2732/2732
f 2736/2732/2732 2724/2720/2720 2725/2721/2721
f 2736/2732/2732 2725/2721/2721 2737/2733/2733
f 2737/2733/2733 2725/2721/2721 2514/2510/2510
f 2726/2722/2722 2738/2734/2734 2727/2723/2723
f 2514/2510/2510 2502/2498/2498 2737/2733/2733
f 2729/2725/2725 2732/2728/2728 2739/2735/2735
f 2739/2735/2735 2740/2736/2736 2729/2725/2725
f 2740/2736/2736 2730/2726/2726 2729/2725/2725
f 2730/2726/2726 2740/2736/2736 2741/2737/2737
f 2731/2727/2727 2730/2726/2726 2741/2737/2737
f 2732/2728/2728 2733/2729/2729 2742/2738/2738
f 2732/2728/2728 2742/2738/2738 2739/2735/2735
f 2742/2738/2738 2733/2729/2729 2743/2739/2739
f 2733/2729/2729 2744/2740/2740 2743/2739/2739
f 2734/2730/2730 2744/2740/2740 2733/2729/2729
f 2735/2731/2731 2745/2741/2741 2734/2730/2730
f 2734/2730/2730 2745/2741/2741 2744/2740/2740
f 2736/2732/2732 2746/2742/2742 2735/2731/2731
f 2735/2731/2731 2746/2742/2742 2745/2741/2741
f 2746/2742/2742 2736/2732/2732 2747/2743/2743
f 2747/2743/2743 2736/2732/2732 2737/2733/2733
f 2502/2498/2498 2493/2489/2489 2737/2733/2733
f 2737/2733/2733 2493/2489/2489 2747/2743/2743
f 2739/2735/2735 2742/2738/2738 2748/2744/2744
f 2739/2735/2735 2748/2744/2744 2749/2745/2745
f 2749/2745/2745 2740/2736/2736 2739/2735/2735
f 2740/2736/2736 2749/2745/2745 2750/2746/2746
f 2741/2737/2737 2740/2736/2736 2750/2746/2746
f 2748/2744/2744 2742/2738/2738 2751/2747/2747
f 2742/2738/2738 2743/2739/2739 2752/2748/2748
f 2751/2747/2747 2742/2738/2738 2752/2748/2748
f 2752/2748/2748 2743/2739/2739 2753/2749/2749
f 2743/2739/2739 2744/2740/2740 2753/2749/2749
f 2753/2749/2749 2744/2740/2740 2754/2750/2750
f 2744/2740/2740 2745/2741/2741 2754/2750/2750
f 2745/2741/2741 2746/2742/2742 2755/2751/2751
f 2754/2750/2750 2745/2741/2741 2755/2751/2751
f 2755/2751/2751 2746/2742/2742 2756/2752/2752
f 2746/2742/2742 2747/2743/2743 2756/2752/2752
f 2747/2743/2743 2493/2489/2489 2757/2753/2753
f 2756/2752/2752 2747/2743/2743 2757/2753/2753
f 2757/2753/2753 2493/2489/2489 2483/2479/2479
f 2749/2745/2745 2748/2744/2744 2758/2754/2754
f 2759/2755/2755 2748/2744/2744 2751/2747/2747
f 2758/2754/2754 2748/2744/2744 2759/2755/2755
f 2749/2745/2745 2758/2754/2754 2760/2756/2756
f 2750/2746/2746 2749/2745/2745 2760/2756/2756
f 2751/2747/2747 2752/2748/2748 2761/2757/2757
f 2762/2758/2758 2751/2747/2747 2761/2757/2757
f 2759/2755/2755 2751/2747/2747 2762/2758/2758
f 2761/2757/2757 2752/2748/2748 2763/2759/2759
f 2752/2748/2748 2753/2749/2749 2763/2759/2759
f 2763/2759/2759 2753/2749/2749 2764/2760/2760
f 2754/2750/2750 2764/2760/2760 2753/2749/2749
f 2765/2761/2761 2764/2760/2760 2754/2750/2750
f 2754/2750/2750 2755/2751/2751 2765/2761/2761
f 2755/2751/2751 2756/2752/2752 2766/2762/2762
f 2765/2761/2761 2755/2751/2751 2766/2762/2762
f 2766/2762/2762 2756/2752/2752 2767/2763/2763
f 2757/2753/2753 2767/2763/2763 2756/2752/2752
f 2483/2479/2479 2768/2764/2764 2757/2753/2753
f 2768/2764/2764 2767/2763/2763 2757/2753/2753
f 2758/2754/2754 2759/2755/2755 2769/2765/2765
f 2760/2756/2756 2758/2754/2754 2769/2765/2765
f 2475/2471/2471 2768/2764/2764 2483/2479/2479
f 2762/2758/2758 2770/2766/2766 2759/2755/2755
f 2769/2765/2765 2759/2755/2755 2771/2767/2767
f 2759/2755/2755 2770/2766/2766 2771/2767/2767
f 2762/2758/2758 2761/2757/2757 2772/2768/2768
f 2763/2759/2759 2773/2769/2769 2761/2757/2757
f 2772/2768/2768 2761/2757/2757 2773/2769/2769
f 2772/2768/2768 2774/2770/2770 2762/2758/2758
f 2762/2758/2758 2774/2770/2770 2770/2766/2766
f 2775/2771/2771 2773/2769/2769 2763/2759/2759
f 2764/2760/2760 2775/2771/2771 2763/2759/2759
f 2776/2772/2772 2775/2771/2771 2764/2760/2760
f 2765/2761/2761 2776/2772/2772 2764/2760/2760
f 2777/2773/2773 2776/2772/2772 2765/2761/2761
f 2765/2761/2761 2766/2762/2762 2777/2773/2773
f 2777/2773/2773 2766/2762/2762 2778/2774/2774
f 2767/2763/2763 2778/2774/2774 2766/2762/2762
f 2779/2775/2775 2778/2774/2774 2767/2763/2763
f 2768/2764/2764 2779/2775/2775 2767/2763/2763
f 2475/2471/2471 2780/2776/2776 2768/2764/2764
f 2780/2776/2776 2779/2775/2775 2768/2764/2764
f 2467/2463/2463 2780/2776/2776 2475/2471/2471
f 2781/2777/2777 2771/2767/2767 2770/2766/2766
f 2770/2766/2766 2782/2778/2778 2781/2777/2777
f 2774/2770/2770 2782/2778/2778 2770/2766/2766
f 2772/2768/2768 2783/2779/2779 2774/2770/2770
f 2784/2780/2780 2783/2779/2779 2772/2768/2768
f 2773/2769/2769 2784/2780/2780 2772/2768/2768
f 2775/2771/2771 2785/2781/2781 2773/2769/2769
f 2785/2781/2781 2784/2780/2780 2773/2769/2769
f 2783/2779/2779 2786/2782/2782 2774/2770/2770
f 2774/2770/2770 2786/2782/2782 2782/2778/2778
f 2776/2772/2772 2787/2783/2783 2775/2771/2771
f 2787/2783/2783 2785/2781/2781 2775/2771/2771
f 2788/2784/2784 2787/2783/2783 2776/2772/2772
f 2777/2773/2773 2788/2784/2784 2776/2772/2772
f 2789/2785/2785 2788/2784/2784 2777/2773/2773
f 2778/2774/2774 2789/2785/2785 2777/2773/2773
f 2779/2775/2775 2790/2786/2786 2778/2774/2774
f 2790/2786/2786 2789/2785/2785 2778/2774/2774
f 2791/2787/2787 2790/2786/2786 2779/2775/2775
f 2779/2775/2775 2780/2776/2776 2791/2787/2787
f 2780/2776/2776 2467/2463/2463 2792/2788/2788
f 2791/2787/2787 2780/2776/2776 2792/2788/2788
f 2792/2788/2788 2467/2463/2463 2459/2455/2455
f 2786/2782/2782 2793/2789/2789 2782/2778/2778
f 2782/2778/2778 2794/2790/2790 2781/2777/2777
f 2782/2778/2778 2793/2789/2789 2794/2790/2790
f 2783/2779/2779 2784/2780/2780 2795/2791/2791
f 2784/2780/2780 2785/2781/2781 2796/2792/2792
f 2795/2791/2791 2784/2780/2780 2796/2792/2792
f 2785/2781/2781 2787/2783/2783 2797/2793/2793
f 2796/2792/2792 2785/2781/2781 2797/2793/2793
f 2797/2793/2793 2787/2783/2783 2798/2794/2794
f 2787/2783/2783 2788/2784/2784 2798/2794/2794
f 2798/2794/2794 2788/2784/2784 2799/2795/2795
f 2788/2784/2784 2789/2785/2785 2799/2795/2795
f 2799/2795/2795 2789/2785/2785 2800/2796/2796
f 2789/2785/2785 2790/2786/2786 2800/2796/2796
f 2790/2786/2786 2791/2787/2787 2801/2797/2797
f 2800/2796/2796 2790/2786/2786 2801/2797/2797
f 2801/2797/2797 2791/2787/2787 2802/2798/2798
f 2791/2787/2787 2792/2788/2788 2802/2798/2798
f 2792/2788/2788 2459/2455/2455 2803/2799/2799
f 2802/2798/2798 2792/2788/2788 2803/2799/2799
f 2803/2799/2799 2459/2455/2455 2451/2447/2447
f 2796/2792/2792 2804/2800/2800 2795/2791/2791
f 2805/2801/2801 2804/2800/2800 2796/2792/2792
f 2796/2792/2792 2797/2793/2793 2805/2801/2801
f 2797/2793/2793 2798/2794/2794 2806/2802/2802
f 2805/2801/2801 2797/2793/2793 2806/2802/2802
f 2806/2802/2802 2798/2794/2794 2807/2803/2803
f 2799/2795/2795 2807/2803/2803 2798/2794/2794
f 2808/2804/2804 2807/2803/2803 2799/2795/2795
f 2800/2796/2796 2808/2804/2804 2799/2795/2795
f 2809/2805/2805 2808/2804/2804 2800/2796/2796
f 2800/2796/2796 2801/2797/2797 2809/2805/2805
f 2801/2797/2797 2802/2798/2798 2810/2806/2806
f 2809/2805/2805 2801/2797/2797 2810/2806/2806
f 2810/2806/2806 2802/2798/2798 2811/2807/2807
f 2803/2799/2799 2811/2807/2807 2802/2798/2798
f 2803/2799/2799 2451/2447/2447 2812/2808/2808
f 2812/2808/2808 2811/2807/2807 2803/2799/2799
f 2812/2808/2808 2451/2447/2447 2441/2437/2437
f 2813/2809/2809 2804/2800/2800 2805/2801/2801
f 2805/2801/2801 2814/2810/2810 2813/2809/2809
f 2806/2802/2802 2814/2810/2810 2805/2801/2801
f 2814/2810/2810 2806/2802/2802 2815/2811/2811
f 2815/2811/2811 2806/2802/2802 2807/2803/2803
f 2808/2804/2804 2816/2812/2812 2807/2803/2803
f 2807/2803/2803 2816/2812/2812 2815/2811/2811
f 2816/2812/2812 2808/2804/2804 2817/2813/2813
f 2817/2813/2813 2808/2804/2804 2809/2805/2805
f 2810/2806/2806 2818/2814/2814 2809/2805/2805
f 2809/2805/2805 2818/2814/2814 2817/2813/2813
f 2818/2814/2814 2810/2806/2806 2819/2815/2815
f 2819/2815/2815 2810/2806/2806 2811/2807/2807
f 2819/2815/2815 2811/2807/2807 2820/2816/2816
f 2820/2816/2816 2811/2807/2807 2812/2808/2808
f 2820/2816/2816 2812/2808/2808 2821/2817/2817
f 2821/2817/2817 2812/2808/2808 2441/2437/2437
f 2821/2817/2817 2441/2437/2437 2432/2428/2428
f 2822/2818/2818 2814/2810/2810 2815/2811/2811
f 2823/2819/2819 2814/2810/2810 2822/2818/2818
f 2814/2810/2810 2823/2819/2819 2813/2809/2809
f 2822/2818/2818 2815/2811/2811 2824/2820/2820
f 2824/2820/2820 2815/2811/2811 2816/2812/2812
f 2824/2820/2820 2816/2812/2812 2825/2821/2821
f 2825/2821/2821 2816/2812/2812 2817/2813/2813
f 2818/2814/2814 2826/2822/2822 2817/2813/2813
f 2817/2813/2813 2826/2822/2822 2825/2821/2821
f 2826/2822/2822 2818/2814/2814 2827/2823/2823
f 2827/2823/2823 2818/2814/2814 2819/2815/2815
f 2827/2823/2823 2819/2815/2815 2828/2824/2824
f 2828/2824/2824 2819/2815/2815 2820/2816/2816
f 2828/2824/2824 2820/2816/2816 2829/2825/2825
f 2829/2825/2825 2820/2816/2816 2821/2817/2817
f 2829/2825/2825 2821/2817/2817 2830/2826/2826
f 2830/2826/2826 2821/2817/2817 2432/2428/2428
f 2432/2428/2428 2420/2416/2416 2830/2826/2826
f 2824/2820/2820 2831/2827/2827 2822/2818/2818
f 2832/2828/2828 2823/2819/2819 2822/2818/2818
f 2822/2818/2818 2831/2827/2827 2832/2828/2828
f 2831/2827/2827 2824/2820/2820 2833/2829/2829
f 2833/2829/2829 2824/2820/2820 2825/2821/2821
f 2826/2822/2822 2834/2830/2830 2825/2821/2821
f 2825/2821/2821 2834/2830/2830 2833/2829/2829
f 2827/2823/2823 2835/2831/2831 2826/2822/2822
f 2826/2822/2822 2835/2831/2831 2834/2830/2830
f 2828/2824/2824 2836/2832/2832 2827/2823/2823
f 2827/2823/2823 2836/2832/2832 2835/2831/2831
f 2836/2832/2832 2828/2824/2824 2837/2833/2833
f 2837/2833/2833 2828/2824/2824 2829/2825/2825
f 2837/2833/2833 2829/2825/2825 2838/2834/2834
f 2695/2691/2691 2694/2690/2690 2839/2835/2835
f 2694/2690/2690 2840/2836/2836 2839/2835/2835
f 2702/2698/2698 2840/2836/2836 2694/2690/2690
f 2839/2835/2835 2841/2837/2837 2695/2691/2691
f 2695/2691/2691 2841/2837/2837 2697/2693/2693
f 2697/2693/2693 2842/2838/2838 2696/2692/2692
f 2696/2692/2692 2843/2839/2839 2698/2694/2694
f 2696/2692/2692 2842/2838/2838 2843/2839/2839
f 2841/2837/2837 2844/2840/2840 2697/2693/2693
f 2697/2693/2693 2844/2840/2840 2842/2838/2838
f 2698/2694/2694 2843/2839/2839 2845/2841/2841
f 2698/2694/2694 2845/2841/2841 2699/2695/2695
f 2699/2695/2695 2846/2842/2842 2701/2697/2697
f 2699/2695/2695 2845/2841/2841 2846/2842/2842
f 2840/2836/2836 2847/2843/2843 2839/2835/2835
f 2839/2835/2835 2847/2843/2843 2841/2837/2837
f 2844/2840/2840 2841/2837/2837 2848/2844/2844
f 2848/2844/2844 2841/2837/2837 2847/2843/2843
f 2701/2697/2697 2846/2842/2842 2849/2845/2845
f 2850/2846/2846 2700/2696/2696 2701/2697/2697
f 2849/2845/2845 2850/2846/2846 2701/2697/2697
f 2844/2840/2840 2851/2847/2847 2842/2838/2838
f 2842/2838/2838 2852/2848/2848 2843/2839/2839
f 2842/2838/2838 2851/2847/2847 2852/2848/2848
f 2843/2839/2839 2853/2849/2849 2845/2841/2841
f 2843/2839/2839 2852/2848/2848 2853/2849/2849
f 2851/2847/2847 2844/2840/2840 2854/2850/2850
f 2854/2850/2850 2844/2840/2840 2848/2844/2844
f 2845/2841/2841 2853/2849/2849 2855/2851/2851
f 2855/2851/2851 2846/2842/2842 2845/2841/2841
f 2856/2852/2852 2849/2845/2845 2846/2842/2842
f 2856/2852/2852 2846/2842/2842 2855/2851/2851
f 2857/2853/2853 2849/2845/2845 2856/2852/2852
f 2857/2853/2853 2858/2854/2854 2849/2845/2845
f 2858/2854/2854 2850/2846/2846 2849/2845/2845
f 2851/2847/2847 2859/2855/2855 2852/2848/2848
f 2860/2856/2856 2851/2847/2847 2854/2850/2850
f 2859/2855/2855 2851/2847/2847 2860/2856/2856
f 2852/2848/2848 2861/2857/2857 2853/2849/2849
f 2852/2848/2848 2859/2855/2855 2861/2857/2857
f 2853/2849/2849 2862/2858/2858 2855/2851/2851
f 2853/2849/2849 2861/2857/2857 2862/2858/2858
f 2863/2859/2859 2856/2852/2852 2855/2851/2851
f 2855/2851/2851 2862/2858/2858 2863/2859/2859
f 2864/2860/2860 2857/2853/2853 2856/2852/2852
f 2864/2860/2860 2856/2852/2852 2863/2859/2859
f 2865/2861/2861 2858/2854/2854 2857/2853/2853
f 2866/2862/2862 2857/2853/2853 2864/2860/2860
f 2866/2862/2862 2865/2861/2861 2857/2853/2853
f 2859/2855/2855 2867/2863/2863 2861/2857/2857
f 2859/2855/2855 2868/2864/2864 2867/2863/2863
f 2860/2856/2856 2868/2864/2864 2859/2855/2855
f 2861/2857/2857 2867/2863/2863 2869/2865/2865
f 2869/2865/2865 2862/2858/2858 2861/2857/2857
f 2870/2866/2866 2863/2859/2859 2862/2858/2858
f 2870/2866/2866 2862/2858/2858 2869/2865/2865
f 2871/2867/2867 2863/2859/2859 2870/2866/2866
f 2871/2867/2867 2864/2860/2860 2863/2859/2859
f 2872/2868/2868 2866/2862/2862 2864/2860/2860
f 2872/2868/2868 2864/2860/2860 2871/2867/2867
f 2873/2869/2869 2866/2862/2862 2872/2868/2868
f 2874/2870/2870 2865/2861/2861 2866/2862/2862
f 2873/2869/2869 2874/2870/2870 2866/2862/2862
f 2868/2864/2864 2875/2871/2871 2867/2863/2863
f 2867/2863/2863 2876/2872/2872 2869/2865/2865
f 2867/2863/2863 2875/2871/2871 2876/2872/2872
f 2869/2865/2865 2876/2872/2872 2877/2873/2873
f 2869/2865/2865 2877/2873/2873 2870/2866/2866
f 2870/2866/2866 2878/2874/2874 2871/2867/2867
f 2870/2866/2866 2877/2873/2873 2878/2874/2874
f 2871/2867/2867 2878/2874/2874 2879/2875/2875
f 2871/2867/2867 2879/2875/2875 2872/2868/2868
f 2872/2868/2868 2880/2876/2876 2873/2869/2869
f 2872/2868/2868 2879/2875/2875 2880/2876/2876
f 2873/2869/2869 2880/2876/2876 2881/2877/2877
f 2873/2869/2869 2881/2877/2877 2882/2878/2878
f 2882/2878/2878 2874/2870/2870 2873/2869/2869
f 2875/2871/2871 2883/2879/2879 2876/2872/2872
f 2876/2872/2872 2883/2879/2879 2884/2880/2880
f 2876/2872/2872 2884/2880/2880 2877/2873/2873
f 2877/2873/2873 2884/2880/2880 2885/2881/2881
f 2877/2873/2873 2885/2881/2881 2878/2874/2874
f 2878/2874/2874 2886/2882/2882 2879/2875/2875
f 2878/2874/2874 2885/2881/2881 2886/2882/2882
f 2879/2875/2875 2886/2882/2882 2887/2883/2883
f 2887/2883/2883 2880/2876/2876 2879/2875/2875
f 2880/2876/2876 2888/2884/2884 2881/2877/2877
f 2888/2884/2884 2880/2876/2876 2887/2883/2883
f 2881/2877/2877 2888/2884/2884 2889/2885/2885
f 2889/2885/2885 2890/2886/2886 2881/2877/2877
f 2882/2878/2878 2881/2877/2877 2890/2886/2886
f 2883/2879/2879 2891/2887/2887 2884/2880/2880
f 2884/2880/2880 2892/2888/2888 2885/2881/2881
f 2884/2880/2880 2891/2887/2887 2892/2888/2888
f 2885/2881/2881 2893/2889/2889 2886/2882/2882
f 2885/2881/2881 2892/2888/2888 2893/2889/2889
f 2894/2890/2890 2887/2883/2883 2886/2882/2882
f 2886/2882/2882 2893/2889/2889 2894/2890/2890
f 2895/2891/2891 2887/2883/2883 2894/2890/2890
f 2895/2891/2891 2888/2884/2884 2887/2883/2883
f 2888/2884/2884 2896/2892/2892 2889/2885/2885
f 2896/2892/2892 2888/2884/2884 2895/2891/2891
f 2889/2885/2885 2896/2892/2892 2897/2893/2893
f 2897/2893/2893 2898/2894/2894 2889/2885/2885
f 2898/2894/2894 2890/2886/2886 2889/2885/2885
f 2899/2895/2895 2892/2888/2888 2891/2887/2887
f 2900/2896/2896 2892/2888/2888 2899/2895/2895
f 2892/2888/2888 2900/2896/2896 2893/2889/2889
f 2893/2889/2889 2900/2896/2896 2901/2897/2897
f 2893/2889/2889 2901/2897/2897 2894/2890/2890
f 2894/2890/2890 2901/2897/2897 2902/2898/2898
f 2894/2890/2890 2902/2898/2898 2895/2891/2891
f 2895/2891/2891 2902/2898/2898 2903/2899/2899
f 2903/2899/2899 2896/2892/2892 2895/2891/2891
f 2896/2892/2892 2904/2900/2900 2897/2893/2893
f 2904/2900/2900 2896/2892/2892 2903/2899/2899
f 2897/2893/2893 2904/2900/2900 2905/2901/2901
f 2905/2901/2901 2906/2902/2902 2897/2893/2893
f 2906/2902/2902 2898/2894/2894 2897/2893/2893
f 2899/2895/2895 2907/2903/2903 2900/2896/2896
f 2900/2896/2896 2907/2903/2903 2908/2904/2904
f 2900/2896/2896 2908/2904/2904 2901/2897/2897
f 2901/2897/2897 2908/2904/2904 2909/2905/2905
f 2909/2905/2905 2902/2898/2898 2901/2897/2897
f 2910/2906/2906 2903/2899/2899 2902/2898/2898
f 2910/2906/2906 2902/2898/2898 2909/2905/2905
f 2911/2907/2907 2903/2899/2899 2910/2906/2906
f 2911/2907/2907 2904/2900/2900 2903/2899/2899
f 2912/2908/2908 2905/2901/2901 2904/2900/2900
f 2912/2908/2908 2904/2900/2900 2911/2907/2907
f 2913/2909/2909 2905/2901/2901 2912/2908/2908
f 2913/2909/2909 2914/2910/2910 2905/2901/2901
f 2914/2910/2910 2906/2902/2902 2905/2901/2901
f 2915/2911/2911 2908/2904/2904 2907/2903/2903
f 2916/2912/2912 2908/2904/2904 2915/2911/2911
f 2908/2904/2904 2916/2912/2912 2909/2905/2905
f 2909/2905/2905 2916/2912/2912 2917/2913/2913
f 2909/2905/2905 2917/2913/2913 2910/2906/2906
f 2910/2906/2906 2918/2914/2914 2911/2907/2907
f 2910/2906/2906 2917/2913/2913 2918/2914/2914
f 2911/2907/2907 2918/2914/2914 2919/2915/2915
f 2911/2907/2907 2919/2915/2915 2912/2908/2908
f 2912/2908/2908 2920/2916/2916 2913/2909/2909
f 2912/2908/2908 2919/2915/2915 2920/2916/2916
f 2913/2909/2909 2920/2916/2916 2921/2917/2917
f 2922/2918/2918 2914/2910/2910 2913/2909/2909
f 2921/2917/2917 2922/2918/2918 2913/2909/2909
f 2915/2911/2911 2923/2919/2919 2916/2912/2912
f 2916/2912/2912 2923/2919/2919 2924/2920/2920
f 2916/2912/2912 2924/2920/2920 2917/2913/2913
f 2917/2913/2913 2924/2920/2920 2925/2921/2921
f 2917/2913/2913 2925/2921/2921 2918/2914/2914
f 2918/2914/2914 2926/2922/2922 2919/2915/2915
f 2918/2914/2914 2925/2921/2921 2926/2922/2922
f 2919/2915/2915 2926/2922/2922 2927/2923/2923
f 2919/2915/2915 2927/2923/2923 2920/2916/2916
f 2920/2916/2916 2928/2924/2924 2921/2917/2917
f 2920/2916/2916 2927/2923/2923 2928/2924/2924
f 2921/2917/2917 2928/2924/2924 2929/2925/2925
f 2929/2925/2925 2930/2926/2926 2921/2917/2917
f 2930/2926/2926 2922/2918/2918 2921/2917/2917
f 2923/2919/2919 2931/2927/2927 2924/2920/2920
f 2924/2920/2920 2931/2927/2927 2932/2928/2928
f 2924/2920/2920 2932/2928/2928 2925/2921/2921
f 2925/2921/2921 2932/2928/2928 2933/2929/2929
f 2925/2921/2921 2933/2929/2929 2926/2922/2922
f 2926/2922/2922 2934/2930/2930 2927/2923/2923
f 2926/2922/2922 2933/2929/2929 2934/2930/2930
f 2927/2923/2923 2934/2930/2930 2935/2931/2931
f 2927/2923/2923 2935/2931/2931 2928/2924/2924
f 2928/2924/2924 2936/2932/2932 2929/2925/2925
f 2928/2924/2924 2935/2931/2931 2936/2932/2932
f 2929/2925/2925 2936/2932/2932 2937/2933/2933
f 2937/2933/2933 2938/2934/2934 2929/2925/2925
f 2938/2934/2934 2930/2926/2926 2929/2925/2925
f 2931/2927/2927 2939/2935/2935 2932/2928/2928
f 2932/2928/2928 2939/2935/2935 2940/2936/2936
f 2932/2928/2928 2940/2936/2936 2933/2929/2929
f 2933/2929/2929 2940/2936/2936 2941/2937/2937
f 2941/2937/2937 2934/2930/2930 2933/2929/2929
f 2942/2938/2938 2934/2930/2930 2941/2937/2937
f 2934/2930/2930 2942/2938/2938 2935/2931/2931
f 2935/2931/2931 2942/2938/2938 2943/2939/2939
f 2943/2939/2939 2936/2932/2932 2935/2931/2931
f 2936/2932/2932 2944/2940/2940 2937/2933/2933
f 2944/2940/2940 2936/2932/2932 2943/2939/2939
f 2937/2933/2933 2944/2940/2940 2945/2941/2941
f 2945/2941/2941 2946/2942/2942 2937/2933/2933
f 2946/2942/2942 2938/2934/2934 2937/2933/2933
f 2939/2935/2935 2947/2943/2943 2940/2936/2936
f 2940/2936/2936 2947/2943/2943 2948/2944/2944
f 2940/2936/2936 2948/2944/2944 2941/2937/2937
f 2941/2937/2937 2948/2944/2944 2949/2945/2945
f 2949/2945/2945 2942/2938/2938 2941/2937/2937
f 2950/2946/2946 2942/2938/2938 2949/2945/2945
f 2942/2938/2938 2950/2946/2946 2943/2939/2939
f 2943/2939/2939 2950/2946/2946 2951/2947/2947
f 2951/2947/2947 2944/2940/2940 2943/2939/2939
f 2944/2940/2940 2952/2948/2948 2945/2941/2941
f 2952/2948/2948 2944/2940/2940 2951/2947/2947
f 2945/2941/2941 2952/2948/2948 2953/2949/2949
f 2953/2949/2949 2954/2950/2950 2945/2941/2941
f 2954/2950/2950 2946/2942/2942 2945/2941/2941
f 2947/2943/2943 2955/2951/2951 2948/2944/2944
f 2948/2944/2944 2955/2951/2951 2956/2952/2952
f 2948/2944/2944 2956/2952/2952 2949/2945/2945
f 2949/2945/2945 2956/2952/2952 2957/2953/2953
f 2957/2953/2953 2950/2946/2946 2949/2945/2945
f 2958/2954/2954 2950/2946/2946 2957/2953/2953
f 2950/2946/2946 2958/2954/2954 2951/2947/2947
f 2951/2947/2947 2958/2954/2954 2959/2955/2955
f 2959/2955/2955 2952/2948/2948 2951/2947/2947
f 2952/2948/2948 2960/2956/2956 2953/2949/2949
f 2960/2956/2956 2952/2948/2948 2959/2955/2955
f 2953/2949/2949 2960/2956/2956 2961/2957/2957
f 2961/2957/2957 2962/2958/2958 2953/2949/2949
f 2962/2958/2958 2954/2950/2950 2953/2949/2949
f 2957/2953/2953 2963/2959/2959 2958/2954/2954
f 2963/2959/2959 2959/2955/2955 2958/2954/2954
f 2956/2952/2952 2964/2960/2960 2957/2953/2953
f 2964/2960/2960 2963/2959/2959 2957/2953/2953
f 2955/2951/2951 2965/2961/2961 2956/2952/2952
f 2965/2961/2961 2964/2960/2960 2956/2952/2952
f 2966/2962/2962 2959/2955/2955 2963/2959/2959
f 2966/2962/2962 2960/2956/2956 2959/2955/2955
f 2967/2963/2963 2961/2957/2957 2960/2956/2956
f 2967/2963/2963 2960/2956/2956 2966/2962/2962
f 2968/2964/2964 2965/2961/2961 2955/2951/2951
f 2969/2965/2965 2961/2957/2957 2967/2963/2963
f 2969/2965/2965 2970/2966/2966 2961/2957/2957
f 2970/2966/2966 2962/2958/2958 2961/2957/2957
f 2971/2967/2967 2970/2966/2966 2969/2965/2965
f 2970/2966/2966 2971/2967/2967 2972/2968/2968
f 2973/2969/2969 2970/2966/2966 2972/2968/2968
f 2962/2958/2958 2970/2966/2966 2973/2969/2969
f 2974/2970/2970 2962/2958/2958 2973/2969/2969
f 2954/2950/2950 2962/2958/2958 2974/2970/2970
f 2972/2968/2968 2971/2967/2967 2975/2971/2971
f 2972/2968/2968 2975/2971/2971 2976/2972/2972
f 2977/2973/2973 2972/2968/2968 2976/2972/2972
f 2973/2969/2969 2972/2968/2968 2977/2973/2973
f 2974/2970/2970 2973/2969/2969 2978/2974/2974
f 2978/2974/2974 2973/2969/2969 2977/2973/2973
f 2979/2975/2975 2954/2950/2950 2974/2970/2970
f 2980/2976/2976 2974/2970/2970 2978/2974/2974
f 2979/2975/2975 2974/2970/2970 2980/2976/2976
f 2946/2942/2942 2954/2950/2950 2979/2975/2975
f 2976/2972/2972 2975/2971/2971 2981/2977/2977
f 2977/2973/2973 2982/2978/2978 2978/2974/2974
f 2983/2979/2979 2982/2978/2978 2977/2973/2973
f 2976/2972/2972 2983/2979/2979 2977/2973/2973
f 2982/2978/2978 2984/2980/2980 2978/2974/2974
f 2978/2974/2974 2984/2980/2980 2980/2976/2976
f 2981/2977/2977 2985/2981/2981 2976/2972/2972
f 2986/2982/2982 2983/2979/2979 2976/2972/2972
f 2976/2972/2972 2985/2981/2981 2986/2982/2982
f 2838/2834/2834 2829/2825/2825 2830/2826/2826
f 2420/2416/2416 2421/2417/2417 2830/2826/2826
f 2830/2826/2826 2421/2417/2417 2838/2834/2834
f 2831/2827/2827 2987/2983/2983 2832/2828/2828
f 2988/2984/2984 2831/2827/2827 2833/2829/2829
f 2987/2983/2983 2831/2827/2827 2988/2984/2984
f 2834/2830/2830 2989/2985/2985 2833/2829/2829
f 2833/2829/2829 2989/2985/2985 2988/2984/2984
f 2835/2831/2831 2990/2986/2986 2834/2830/2830
f 2834/2830/2830 2990/2986/2986 2989/2985/2985
f 2990/2986/2986 2835/2831/2831 2991/2987/2987
f 2991/2987/2987 2835/2831/2831 2836/2832/2832
f 2991/2987/2987 2836/2832/2832 2992/2988/2988
f 2992/2988/2988 2836/2832/2832 2837/2833/2833
f 2992/2988/2988 2837/2833/2833 2993/2989/2989
f 2993/2989/2989 2837/2833/2833 2838/2834/2834
f 2993/2989/2989 2838/2834/2834 2994/2990/2990
f 2994/2990/2990 2838/2834/2834 2421/2417/2417
f 2994/2990/2990 2421/2417/2417 2411/2407/2407
f 2995/2991/2991 2987/2983/2983 2988/2984/2984
f 2988/2984/2984 2996/2992/2992 2995/2991/2991
f 2989/2985/2985 2996/2992/2992 2988/2984/2984
f 2996/2992/2992 2989/2985/2985 2997/2993/2993
f 2997/2993/2993 2989/2985/2985 2990/2986/2986
f 2997/2993/2993 2990/2986/2986 2998/2994/2994
f 2998/2994/2994 2990/2986/2986 2991/2987/2987
f 2998/2994/2994 2991/2987/2987 2999/2995/2995
f 2999/2995/2995 2991/2987/2987 2992/2988/2988
f 2999/2995/2995 2992/2988/2988 3000/2996/2996
f 3000/2996/2996 2992/2988/2988 2993/2989/2989
f 2994/2990/2990 3001/2997/2997 2993/2989/2989
f 2993/2989/2989 3001/2997/2997 3000/2996/2996
f 3001/2997/2997 2994/2990/2990 3002/2998/2998
f 3002/2998/2998 2994/2990/2990 2411/2407/2407
f 3002/2998/2998 2411/2407/2407 2262/2258/2258
f 3003/2999/2999 2996/2992/2992 2997/2993/2993
f 3004/3000/3000 2996/2992/2992 3003/2999/2999
f 2996/2992/2992 3004/3000/3000 2995/2991/2991
f 3003/2999/2999 2997/2993/2993 3005/3001/3001
f 3005/3001/3001 2997/2993/2993 2998/2994/2994
f 3005/3001/3001 2998/2994/2994 3006/3002/3002
f 3006/3002/3002 2998/2994/2994 2999/2995/2995
f 3006/3002/3002 2999/2995/2995 3007/3003/3003
f 3007/3003/3003 2999/2995/2995 3000/2996/2996
f 3001/2997/2997 3008/3004/3004 3000/2996/2996
f 3000/2996/2996 3008/3004/3004 3007/3003/3003
f 3008/3004/3004 3001/2997/2997 3009/3005/3005
f 3009/3005/3005 3001/2997/2997 3002/2998/2998
f 3009/3005/3005 3002/2998/2998 3010/3006/3006
f 3010/3006/3006 3002/2998/2998 2262/2258/2258
f 3010/3006/3006 2262/2258/2258 2254/2250/2250
f 3004/3000/3000 3003/2999/2999 3011/3007/3007
f 3003/2999/2999 3005/3001/3001 3012/3008/3008
f 3011/3007/3007 3003/2999/2999 3012/3008/3008
f 3005/3001/3001 3006/3002/3002 3013/3009/3009
f 3012/3008/3008 3005/3001/3001 3013/3009/3009
f 3013/3009/3009 3006/3002/3002 3014/3010/3010
f 3015/3011/3011 3006/3002/3002 3007/3003/3003
f 3014/3010/3010 3006/3002/3002 3015/3011/3011
f 3008/3004/3004 3016/3012/3012 3007/3003/3003
f 3007/3003/3003 3016/3012/3012 3015/3011/3011
f 3016/3012/3012 3008/3004/3004 3017/3013/3013
f 3017/3013/3013 3008/3004/3004 3009/3005/3005
f 3017/3013/3013 3009/3005/3005 3018/3014/3014
f 3018/3014/3014 3009/3005/3005 3010/3006/3006
f 3018/3014/3014 3010/3006/3006 3019/3015/3015
f 3019/3015/3015 3010/3006/3006 2254/2250/2250
f 2254/2250/2250 2248/2244/2244 3019/3015/3015
f 3017/3013/3013 3020/3016/3016 3016/3012/3012
f 3016/3012/3012 3020/3016/3016 3015/3011/3011
f 3012/3008/3008 3021/3017/3017 3011/3007/3007
f 3022/3018/3018 3021/3017/3017 3012/3008/3008
f 3012/3008/3008 3013/3009/3009 3022/3018/3018
f 3014/3010/3010 3023/3019/3019 3013/3009/3009
f 3022/3018/3018 3013/3009/3009 3023/3019/3019
f 3024/3020/3020 3023/3019/3019 3014/3010/3010
f 3014/3010/3010 3015/3011/3011 3024/3020/3020
f 3024/3020/3020 3015/3011/3011 3025/3021/3021
f 3015/3011/3011 3020/3016/3016 3025/3021/3021
f 3026/3022/3022 3020/3016/3016 3017/3013/3013
f 3018/3014/3014 3026/3022/3022 3017/3013/3013
f 3027/3023/3023 3026/3022/3022 3018/3014/3014
f 3028/3024/3024 3018/3014/3014 3019/3015/3015
f 3027/3023/3023 3018/3014/3014 3028/3024/3024
f 2248/2244/2244 3029/3025/3025 3019/3015/3015
f 3019/3015/3015 3029/3025/3025 3028/3024/3024
f 3029/3025/3025 2248/2244/2244 2241/2237/2237
f 3020/3016/3016 3026/3022/3022 3030/3026/3026
f 3020/3016/3016 3031/3027/3027 3025/3021/3021
f 3030/3026/3026 3031/3027/3027 3020/3016/3016
f 3024/3020/3020 3025/3021/3021 3032/3028/3028
f 3032/3028/3028 3025/3021/3021 3031/3027/3027
f 3023/3019/3019 3024/3020/3020 3033/3029/3029
f 3033/3029/3029 3024/3020/3020 3032/3028/3028
f 3033/3029/3029 3034/3030/3030 3023/3019/3019
f 3023/3019/3019 3034/3030/3030 3022/3018/3018
f 3030/3026/3026 3026/3022/3022 3035/3031/3031
f 3026/3022/3022 3027/3023/3023 3035/3031/3031
f 3035/3031/3031 3027/3023/3023 3036/3032/3032
f 3027/3023/3023 3028/3024/3024 3036/3032/3032
f 3029/3025/3025 3037/3033/3033 3028/3024/3024
f 3036/3032/3032 3028/3024/3024 3038/3034/3034
f 3028/3024/3024 3037/3033/3033 3038/3034/3034
f 3037/3033/3033 3029/3025/3025 3039/3035/3035
f 3039/3035/3035 3029/3025/3025 2241/2237/2237
f 2241/2237/2237 2231/2227/2227 3039/3035/3035
f 3030/3026/3026 3035/3031/3031 3040/3036/3036
f 3030/3026/3026 3041/3037/3037 3031/3027/3027
f 3040/3036/3036 3041/3037/3037 3030/3026/3026
f 3032/3028/3028 3031/3027/3027 3042/3038/3038
f 3042/3038/3038 3031/3027/3027 3041/3037/3037
f 3033/3029/3029 3032/3028/3028 3043/3039/3039
f 3043/3039/3039 3032/3028/3028 3042/3038/3038
f 3034/3030/3030 3033/3029/3029 3044/3040/3040
f 3044/3040/3040 3033/3029/3029 3043/3039/3039
f 3040/3036/3036 3035/3031/3031 3045/3041/3041
f 3035/3031/3031 3036/3032/3032 3045/3041/3041
f 3045/3041/3041 3036/3032/3032 3046/3042/3042
f 3036/3032/3032 3038/3034/3034 3046/3042/3042
f 3038/3034/3034 3037/3033/3033 3047/3043/3043
f 3046/3042/3042 3038/3034/3034 3047/3043/3043
f 3047/3043/3043 3037/3033/3033 3048/3044/3044
f 3049/3045/3045 3037/3033/3033 3039/3035/3035
f 3048/3044/3044 3037/3033/3033 3049/3045/3045
f 2231/2227/2227 3050/3046/3046 3039/3035/3035
f 3039/3035/3035 3050/3046/3046 3049/3045/3045
f 2231/2227/2227 2219/2215/2215 3050/3046/3046
f 3040/3036/3036 3045/3041/3041 3051/3047/3047
f 3040/3036/3036 3052/3048/3048 3041/3037/3037
f 3051/3047/3047 3052/3048/3048 3040/3036/3036
f 3042/3038/3038 3041/3037/3037 3053/3049/3049
f 3053/3049/3049 3041/3037/3037 3052/3048/3048
f 3043/3039/3039 3042/3038/3038 3054/3050/3050
f 3054/3050/3050 3042/3038/3038 3053/3049/3049
f 3044/3040/3040 3043/3039/3039 3055/3051/3051
f 3055/3051/3051 3043/3039/3039 3054/3050/3050
f 3051/3047/3047 3045/3041/3041 3056/3052/3052
f 3045/3041/3041 3046/3042/3042 3056/3052/3052
f 3056/3052/3052 3046/3042/3042 3057/3053/3053
f 3046/3042/3042 3047/3043/3043 3057/3053/3053
f 3048/3044/3044 3058/3054/3054 3047/3043/3043
f 3057/3053/3053 3047/3043/3043 3058/3054/3054
f 3059/3055/3055 3058/3054/3054 3048/3044/3044
f 3049/3045/3045 3059/3055/3055 3048/3044/3044
f 3050/3046/3046 3060/3056/3056 3049/3045/3045
f 3061/3057/3057 3059/3055/3055 3049/3045/3045
f 3049/3045/3045 3060/3056/3056 3061/3057/3057
f 2219/2215/2215 2221/2217/2217 3050/3046/3046
f 3050/3046/3046 2221/2217/2217 3060/3056/3056
f 3051/3047/3047 3056/3052/3052 3062/3058/3058
f 3051/3047/3047 3063/3059/3059 3052/3048/3048
f 3062/3058/3058 3063/3059/3059 3051/3047/3047
f 3053/3049/3049 3052/3048/3048 3064/3060/3060
f 3064/3060/3060 3052/3048/3048 3063/3059/3059
f 3054/3050/3050 3053/3049/3049 3065/3061/3061
f 3065/3061/3061 3053/3049/3049 3064/3060/3060
f 3055/3051/3051 3054/3050/3050 3066/3062/3062
f 3066/3062/3062 3054/3050/3050 3065/3061/3061
f 3062/3058/3058 3056/3052/3052 3067/3063/3063
f 3056/3052/3052 3057/3053/3053 3067/3063/3063
f 3067/3063/3063 3057/3053/3053 3068/3064/3064
f 3057/3053/3053 3058/3054/3054 3068/3064/3064
f 3059/3055/3055 3069/3065/3065 3058/3054/3054
f 3068/3064/3064 3058/3054/3054 3069/3065/3065
f 3070/3066/3066 3069/3065/3065 3059/3055/3055
f 3061/3057/3057 3070/3066/3066 3059/3055/3055
f 3060/3056/3056 3071/3067/3067 3061/3057/3057
f 3071/3067/3067 3070/3066/3066 3061/3057/3057
f 2230/2226/2226 3071/3067/3067 3060/3056/3056
f 2221/2217/2217 2230/2226/2226 3060/3056/3056
f 3067/3063/3063 3072/3068/3068 3062/3058/3058
f 3062/3058/3058 3073/3069/3069 3063/3059/3059
f 3072/3068/3068 3073/3069/3069 3062/3058/3058
f 3064/3060/3060 3063/3059/3059 3074/3070/3070
f 3074/3070/3070 3063/3059/3059 3073/3069/3069
f 3074/3070/3070 3075/3071/3071 3064/3060/3060
f 3064/3060/3060 3075/3071/3071 3065/3061/3061
f 3066/3062/3062 3065/3061/3061 3076/3072/3072
f 3076/3072/3072 3065/3061/3061 3075/3071/3071
f 3077/3073/3073 3072/3068/3068 3067/3063/3063
f 3067/3063/3063 3068/3064/3064 3077/3073/3073
f 3077/3073/3073 3068/3064/3064 3078/3074/3074
f 3068/3064/3064 3069/3065/3065 3078/3074/3074
f 3069/3065/3065 3070/3066/3066 3079/3075/3075
f 3078/3074/3074 3069/3065/3065 3079/3075/3075
f 3079/3075/3075 3070/3066/3066 3080/3076/3076
f 3070/3066/3066 3071/3067/3067 3080/3076/3076
f 3071/3067/3067 2230/2226/2226 2239/2235/2235
f 3080/3076/3076 3071/3067/3067 2239/2235/2235
f 3076/3072/3072 3081/3077/3077 3066/3062/3062
f 3066/3062/3062 3081/3077/3077 3082/3078/3078
f 3081/3077/3077 3083/3079/3079 3082/3078/3078
f 3082/3078/3078 3055/3051/3051 3066/3062/3062
f 3084/3080/3080 3055/3051/3051 3082/3078/3078
f 3085/3081/3081 3084/3080/3080 3082/3078/3078
f 3082/3078/3078 3083/3079/3079 3085/3081/3081
f 3083/3079/3079 3086/3082/3082 3085/3081/3081
f 3084/3080/3080 3044/3040/3040 3055/3051/3051
f 3087/3083/3083 3044/3040/3040 3084/3080/3080
f 3088/3084/3084 3087/3083/3083 3084/3080/3080
f 3088/3084/3084 3084/3080/3080 3085/3081/3081
f 3085/3081/3081 3089/3085/3085 3088/3084/3084
f 3090/3086/3086 3089/3085/3085 3085/3081/3081
f 3085/3081/3081 3086/3082/3082 3090/3086/3086
f 3086/3082/3082 3091/3087/3087 3090/3086/3086
f 3087/3083/3083 3034/3030/3030 3044/3040/3040
f 3092/3088/3088 3034/3030/3030 3087/3083/3083
f 3093/3089/3089 3092/3088/3088 3087/3083/3083
f 3093/3089/3089 3087/3083/3083 3088/3084/3084
f 3089/3085/3085 3094/3090/3090 3088/3084/3084
f 3088/3084/3084 3094/3090/3090 3093/3089/3089
f 3089/3085/3085 3095/3091/3091 3094/3090/3090
f 3096/3092/3092 3095/3091/3091 3089/3085/3085
f 3090/3086/3086 3096/3092/3092 3089/3085/3085
f 3097/3093/3093 3096/3092/3092 3090/3086/3086
f 3090/3086/3086 3091/3087/3087 3097/3093/3093
f 3094/3090/3090 3098/3094/3094 3093/3089/3089
f 3098/3094/3094 3092/3088/3088 3093/3089/3089
f 3091/3087/3087 3099/3095/3095 3097/3093/3093
f 3100/3096/3096 3095/3091/3091 3096/3092/3092
f 3097/3093/3093 3100/3096/3096 3096/3092/3092
f 3034/3030/3030 3092/3088/3088 3022/3018/3018
f 3022/3018/3018 3092/3088/3088 3021/3017/3017
f 3092/3088/3088 3098/3094/3094 3021/3017/3017
f 3101/3097/3097 3100/3096/3096 3097/3093/3093
f 3097/3093/3093 3099/3095/3095 3101/3097/3097
f 3095/3091/3091 3102/3098/3098 3094/3090/3090
f 3103/3099/3099 3098/3094/3094 3094/3090/3090
f 3094/3090/3090 3102/3098/3098 3103/3099/3099
f 3104/3100/3100 3102/3098/3098 3095/3091/3091
f 3104/3100/3100 3095/3091/3091 3100/3096/3096
f 3098/3094/3094 3103/3099/3099 3105/3101/3101
f 3021/3017/3017 3098/3094/3094 3105/3101/3101
f 3099/3095/3095 3106/3102/3102 3101/3097/3097
f 3101/3097/3097 3106/3102/3102 3107/3103/3103
f 3107/3103/3103 3100/3096/3096 3101/3097/3097
f 3108/3104/3104 3100/3096/3096 3107/3103/3103
f 3108/3104/3104 3104/3100/3100 3100/3096/3096
f 3103/3099/3099 3102/3098/3098 3109/3105/3105
f 3105/3101/3101 3103/3099/3099 3109/3105/3105
f 3021/3017/3017 3105/3101/3101 3011/3007/3007
f 3110/3106/3106 3102/3098/3098 3104/3100/3100
f 3109/3105/3105 3102/3098/3098 3111/3107/3107
f 3102/3098/3098 3110/3106/3106 3111/3107/3107
f 3112/3108/3108 3104/3100/3100 3108/3104/3104
f 3112/3108/3108 3110/3106/3106 3104/3100/3100
f 3109/3105/3105 3113/3109/3109 3105/3101/3101
f 3011/3007/3007 3105/3101/3101 3114/3110/3110
f 3105/3101/3101 3113/3109/3109 3114/3110/3110
f 3113/3109/3109 3109/3105/3105 3115/3111/3111
f 3115/3111/3111 3109/3105/3105 3111/3107/3107
f 3106/3102/3102 3116/3112/3112 3107/3103/3103
f 3117/3113/3113 3108/3104/3104 3107/3103/3103
f 3107/3103/3103 3116/3112/3112 3117/3113/3113
f 3118/3114/3114 3112/3108/3108 3108/3104/3104
f 3118/3114/3114 3108/3104/3104 3117/3113/3113
f 2980/2976/2976 3119/3115/3115 2979/2975/2975
f 3120/3116/3116 2946/2942/2942 2979/2975/2975
f 2979/2975/2975 3119/3115/3115 3120/3116/3116
f 2984/2980/2980 3121/3117/3117 2980/2976/2976
f 2980/2976/2976 3121/3117/3117 3119/3115/3115
f 2938/2934/2934 2946/2942/2942 3120/3116/3116
f 2983/2979/2979 3122/3118/3118 2982/2978/2978
f 2982/2978/2978 3123/3119/3119 2984/2980/2980
f 3122/3118/3118 3123/3119/3119 2982/2978/2978
f 3124/3120/3120 3122/3118/3118 2983/2979/2979
f 2986/2982/2982 3124/3120/3120 2983/2979/2979
f 3123/3119/3119 3125/3121/3121 2984/2980/2980
f 2984/2980/2980 3125/3121/3121 3121/3117/3117
f 2985/2981/2981 3126/3122/3122 2986/2982/2982
f 2986/2982/2982 3126/3122/3122 3127/3123/3123
f 3127/3123/3123 3124/3120/3120 2986/2982/2982
f 3122/3118/3118 3124/3120/3120 3128/3124/3124
f 3128/3124/3124 3123/3119/3119 3122/3118/3118
f 3121/3117/3117 3129/3125/3125 3119/3115/3115
f 3119/3115/3115 3130/3126/3126 3120/3116/3116
f 3119/3115/3115 3129/3125/3125 3130/3126/3126
f 3120/3116/3116 3130/3126/3126 3131/3127/3127
f 3131/3127/3127 2938/2934/2934 3120/3116/3116
f 3125/3121/3121 3132/3128/3128 3121/3117/3117
f 3121/3117/3117 3132/3128/3128 3129/3125/3125
f 3124/3120/3120 3127/3123/3123 3133/3129/3129
f 3128/3124/3124 3124/3120/3120 3133/3129/3129
f 3125/3121/3121 3123/3119/3119 3134/3130/3130
f 3125/3121/3121 3134/3130/3130 3132/3128/3128
f 3135/3131/3131 3123/3119/3119 3128/3124/3124
f 3134/3130/3130 3123/3119/3119 3135/3131/3131
f 3126/3122/3122 3136/3132/3132 3127/3123/3123
f 3127/3123/3123 3136/3132/3132 3137/3133/3133
f 3133/3129/3129 3127/3123/3123 3137/3133/3133
f 3133/3129/3129 3138/3134/3134 3128/3124/3124
f 3139/3135/3135 3128/3124/3124 3138/3134/3134
f 3135/3131/3131 3128/3124/3124 3139/3135/3135
f 3135/3131/3131 3139/3135/3135 3134/3130/3130
f 3140/3136/3136 3138/3134/3134 3133/3129/3129
f 3137/3133/3133 3140/3136/3136 3133/3129/3129
f 3129/3125/3125 3141/3137/3137 3130/3126/3126
f 3129/3125/3125 3142/3138/3138 3141/3137/3137
f 3132/3128/3128 3142/3138/3138 3129/3125/3125
f 3130/3126/3126 3141/3137/3137 3143/3139/3139
f 3143/3139/3139 3131/3127/3127 3130/3126/3126
f 3132/3128/3128 3144/3140/3140 3142/3138/3138
f 3132/3128/3128 3134/3130/3130 3144/3140/3140
f 3134/3130/3130 3145/3141/3141 3144/3140/3140
f 3134/3130/3130 3139/3135/3135 3145/3141/3141
f 3139/3135/3135 3146/3142/3142 3145/3141/3141
f 3139/3135/3135 3138/3134/3134 3146/3142/3142
f 3138/3134/3134 3140/3136/3136 3147/3143/3143
f 3146/3142/3142 3138/3134/3134 3147/3143/3143
f 3141/3137/3137 3148/3144/3144 3143/3139/3139
f 3141/3137/3137 3142/3138/3138 3148/3144/3144
f 3136/3132/3132 3149/3145/3145 3137/3133/3133
f 3137/3133/3133 3149/3145/3145 3150/3146/3146
f 3150/3146/3146 3140/3136/3136 3137/3133/3133
f 3147/3143/3143 3140/3136/3136 3151/3147/3147
f 3140/3136/3136 3150/3146/3146 3151/3147/3147
f 3148/3144/3144 3142/3138/3138 3152/3148/3148
f 3153/3149/3149 3152/3148/3148 3142/3138/3138
f 3142/3138/3138 3144/3140/3140 3153/3149/3149
f 3144/3140/3140 3145/3141/3141 3154/3150/3150
f 3144/3140/3140 3154/3150/3150 3153/3149/3149
f 3145/3141/3141 3155/3151/3151 3154/3150/3150
f 3145/3141/3141 3146/3142/3142 3155/3151/3151
f 3156/3152/3152 3146/3142/3142 3147/3143/3143
f 3151/3147/3147 3156/3152/3152 3147/3143/3143
f 3146/3142/3142 3157/3153/3153 3155/3151/3151
f 3157/3153/3153 3146/3142/3142 3156/3152/3152
f 3149/3145/3145 3158/3154/3154 3150/3146/3146
f 3150/3146/3146 3158/3154/3154 3159/3155/3155
f 3151/3147/3147 3150/3146/3146 3159/3155/3155
f 3160/3156/3156 3156/3152/3152 3151/3147/3147
f 3159/3155/3155 3160/3156/3156 3151/3147/3147
f 3156/3152/3152 3160/3156/3156 3161/3157/3157
f 3156/3152/3152 3161/3157/3157 3157/3153/3153
f 3153/3149/3149 3154/3150/3150 3162/3158/3158
f 3162/3158/3158 3163/3159/3159 3153/3149/3149
f 3163/3159/3159 3152/3148/3148 3153/3149/3149
f 3154/3150/3150 3164/3160/3160 3162/3158/3158
f 3154/3150/3150 3155/3151/3151 3164/3160/3160
f 3155/3151/3151 3165/3161/3161 3164/3160/3160
f 3155/3151/3151 3157/3153/3153 3165/3161/3161
f 3157/3153/3153 3166/3162/3162 3165/3161/3161
f 3157/3153/3153 3161/3157/3157 3166/3162/3162
f 3167/3163/3163 3160/3156/3156 3159/3155/3155
f 3158/3154/3154 3167/3163/3163 3159/3155/3155
f 3161/3157/3157 3160/3156/3156 3168/3164/3164
f 3160/3156/3156 3167/3163/3163 3168/3164/3164
f 3168/3164/3164 3169/3165/3165 3161/3157/3157
f 3169/3165/3165 3166/3162/3162 3161/3157/3157
f 3170/3166/3166 3167/3163/3163 3158/3154/3154
f 3171/3167/3167 3163/3159/3159 3162/3158/3158
f 3162/3158/3158 3164/3160/3160 3172/3168/3168
f 3172/3168/3168 3171/3167/3167 3162/3158/3158
f 3164/3160/3160 3173/3169/3169 3172/3168/3168
f 3164/3160/3160 3165/3161/3161 3173/3169/3169
f 3165/3161/3161 3166/3162/3162 3174/3170/3170
f 3174/3170/3170 3173/3169/3169 3165/3161/3161
f 3166/3162/3162 3175/3171/3171 3174/3170/3170
f 3175/3171/3171 3166/3162/3162 3169/3165/3165
f 3167/3163/3163 3170/3166/3166 3176/3172/3172
f 3168/3164/3164 3167/3163/3163 3176/3172/3172
f 3177/3173/3173 3169/3165/3165 3168/3164/3164
f 3176/3172/3172 3177/3173/3173 3168/3164/3164
f 3169/3165/3165 3177/3173/3173 3178/3174/3174
f 3178/3174/3174 3175/3171/3171 3169/3165/3165
f 3176/3172/3172 3170/3166/3166 3179/3175/3175
f 3179/3175/3175 3180/3176/3176 3176/3172/3172
f 3180/3176/3176 3177/3173/3173 3176/3172/3172
f 3181/3177/3177 3171/3167/3167 3172/3168/3168
f 3172/3168/3168 3173/3169/3169 3182/3178/3178
f 3182/3178/3178 3181/3177/3177 3172/3168/3168
f 3173/3169/3169 3183/3179/3179 3182/3178/3178
f 3183/3179/3179 3173/3169/3169 3174/3170/3170
f 3184/3180/3180 3183/3179/3179 3174/3170/3170
f 3174/3170/3170 3175/3171/3171 3184/3180/3180
f 3175/3171/3171 3185/3181/3181 3184/3180/3180
f 3185/3181/3181 3175/3171/3171 3178/3174/3174
f 3178/3174/3174 3177/3173/3173 3186/3182/3182
f 3177/3173/3173 3180/3176/3176 3186/3182/3182
f 3178/3174/3174 3186/3182/3182 3187/3183/3183
f 3187/3183/3183 3185/3181/3181 3178/3174/3174
f 3188/3184/3184 3180/3176/3176 3179/3175/3175
f 3180/3176/3176 3188/3184/3184 3189/3185/3185
f 3186/3182/3182 3180/3176/3176 3189/3185/3185
f 3187/3183/3183 3186/3182/3182 3190/3186/3186
f 3186/3182/3182 3189/3185/3185 3190/3186/3186
f 3182/3178/3178 3183/3179/3179 3191/3187/3187
f 3182/3178/3178 3191/3187/3187 3192/3188/3188
f 3192/3188/3188 3181/3177/3177 3182/3178/3178
f 3183/3179/3179 3193/3189/3189 3191/3187/3187
f 3193/3189/3189 3183/3179/3179 3184/3180/3180
f 3184/3180/3180 3185/3181/3181 3194/3190/3190
f 3184/3180/3180 3194/3190/3190 3193/3189/3189
f 3185/3181/3181 3195/3191/3191 3194/3190/3190
f 3195/3191/3191 3185/3181/3181 3187/3183/3183
f 3196/3192/3192 3195/3191/3191 3187/3183/3183
f 3190/3186/3186 3196/3192/3192 3187/3183/3183
f 3189/3185/3185 3188/3184/3184 3197/3193/3193
f 3189/3185/3185 3197/3193/3193 3198/3194/3194
f 3190/3186/3186 3189/3185/3185 3198/3194/3194
f 3199/3195/3195 3196/3192/3192 3190/3186/3186
f 3198/3194/3194 3199/3195/3195 3190/3186/3186
f 3192/3188/3188 3191/3187/3187 3200/3196/3196
f 3191/3187/3187 3193/3189/3189 3201/3197/3197
f 3191/3187/3187 3201/3197/3197 3200/3196/3196
f 3193/3189/3189 3202/3198/3198 3201/3197/3197
f 3193/3189/3189 3194/3190/3190 3202/3198/3198
f 3194/3190/3190 3203/3199/3199 3202/3198/3198
f 3194/3190/3190 3195/3191/3191 3203/3199/3199
f 3195/3191/3191 3204/3200/3200 3203/3199/3199
f 3204/3200/3200 3195/3191/3191 3196/3192/3192
f 3196/3192/3192 3199/3195/3195 3205/3201/3201
f 3206/3202/3202 3196/3192/3192 3205/3201/3201
f 3204/3200/3200 3196/3192/3192 3206/3202/3202
f 3198/3194/3194 3197/3193/3193 3207/3203/3203
f 3208/3204/3204 3199/3195/3195 3198/3194/3194
f 3207/3203/3203 3208/3204/3204 3198/3194/3194
f 3205/3201/3201 3199/3195/3195 3209/3205/3205
f 3199/3195/3195 3210/3206/3206 3209/3205/3205
f 3208/3204/3204 3210/3206/3206 3199/3195/3195
f 3201/3197/3197 3202/3198/3198 3211/3207/3207
f 3200/3196/3196 3201/3197/3197 3212/3208/3208
f 3201/3197/3197 3211/3207/3207 3212/3208/3208
f 3202/3198/3198 3213/3209/3209 3211/3207/3207
f 3202/3198/3198 3203/3199/3199 3213/3209/3209
f 3203/3199/3199 3214/3210/3210 3213/3209/3209
f 3203/3199/3199 3204/3200/3200 3214/3210/3210
f 3214/3210/3210 3204/3200/3200 3215/3211/3211
f 3215/3211/3211 3204/3200/3200 3206/3202/3202
f 3208/3204/3204 3216/3212/3212 3210/3206/3206
f 3216/3212/3212 3208/3204/3204 3207/3203/3203
f 3210/3206/3206 3216/3212/3212 3217/3213/3213
f 3212/3208/3208 3211/3207/3207 3218/3214/3214
f 3211/3207/3207 3213/3209/3209 3219/3215/3215
f 3211/3207/3207 3219/3215/3215 3218/3214/3214
f 3213/3209/3209 3220/3216/3216 3219/3215/3215
f 3213/3209/3209 3214/3210/3210 3220/3216/3216
f 3220/3216/3216 3214/3210/3210 3221/3217/3217
f 3221/3217/3217 3214/3210/3210 3215/3211/3211
f 3218/3214/3214 3219/3215/3215 3222/3218/3218
f 3219/3215/3215 3220/3216/3216 3223/3219/3219
f 3219/3215/3215 3223/3219/3219 3222/3218/3218
f 3223/3219/3219 3220/3216/3216 3224/3220/3220
f 3224/3220/3220 3220/3216/3216 3221/3217/3217
f 3212/3208/3208 3218/3214/3214 3225/3221/3221
f 3218/3214/3214 3222/3218/3218 3226/3222/3222
f 3225/3221/3221 3218/3214/3214 3226/3222/3222
f 3226/3222/3222 3222/3218/3218 3227/3223/3223
f 3222/3218/3218 3223/3219/3219 3228/3224/3224
f 3222/3218/3218 3228/3224/3224 3227/3223/3223
f 3228/3224/3224 3223/3219/3219 3229/3225/3225
f 3229/3225/3225 3223/3219/3219 3224/3220/3220
f 3226/3222/3222 3230/3226/3226 3225/3221/3221
f 3231/3227/3227 3230/3226/3226 3226/3222/3222
f 3226/3222/3222 3227/3223/3223 3231/3227/3227
f 3231/3227/3227 3227/3223/3223 3232/3228/3228
f 3227/3223/3223 3228/3224/3224 3233/3229/3229
f 3227/3223/3223 3233/3229/3229 3232/3228/3228
f 3233/3229/3229 3228/3224/3224 3234/3230/3230
f 3234/3230/3230 3228/3224/3224 3229/3225/3225
f 3235/3231/3231 3233/3229/3229 3234/3230/3230
f 3236/3232/3232 3233/3229/3229 3235/3231/3231
f 3232/3228/3228 3233/3229/3229 3236/3232/3232
f 3237/3233/3233 3231/3227/3227 3232/3228/3228
f 3232/3228/3228 3238/3234/3234 3237/3233/3233
f 3236/3232/3232 3238/3234/3234 3232/3228/3228
f 3231/3227/3227 3239/3235/3235 3230/3226/3226
f 3240/3236/3236 3239/3235/3235 3231/3227/3227
f 3240/3236/3236 3231/3227/3227 3237/3233/3233
f 3238/3234/3234 3236/3232/3232 3241/3237/3237
f 3241/3237/3237 3236/3232/3232 3235/3231/3231
f 3242/3238/3238 3239/3235/3235 3240/3236/3236
f 3237/3233/3233 3242/3238/3238 3240/3236/3236
f 3243/3239/3239 3242/3238/3238 3237/3233/3233
f 3237/3233/3233 3244/3240/3240 3243/3239/3239
f 3238/3234/3234 3244/3240/3240 3237/3233/3233
f 3241/3237/3237 3245/3241/3241 3238/3234/3234
f 3238/3234/3234 3245/3241/3241 3244/3240/3240
f 3243/3239/3239 3246/3242/3242 3242/3238/3238
f 3243/3239/3239 3244/3240/3240 3246/3242/3242
f 3247/3243/3243 3239/3235/3235 3242/3238/3238
f 3242/3238/3238 3246/3242/3242 3248/3244/3244
f 3248/3244/3244 3247/3243/3243 3242/3238/3238
f 3249/3245/3245 3244/3240/3240 3245/3241/3241
f 3250/3246/3246 3244/3240/3240 3249/3245/3245
f 3246/3242/3242 3244/3240/3240 3250/3246/3246
f 3239/3235/3235 3247/3243/3243 3251/3247/3247
f 3239/3235/3235 3251/3247/3247 3230/3226/3226
f 3250/3246/3246 3252/3248/3248 3246/3242/3242
f 3246/3242/3242 3253/3249/3249 3248/3244/3244
f 3246/3242/3242 3252/3248/3248 3253/3249/3249
f 3252/3248/3248 3250/3246/3246 3254/3250/3250
f 3254/3250/3250 3250/3246/3246 3249/3245/3245
f 3255/3251/3251 3247/3243/3243 3248/3244/3244
f 3251/3247/3247 3247/3243/3243 3256/3252/3252
f 3247/3243/3243 3255/3251/3251 3256/3252/3252
f 3248/3244/3244 3253/3249/3249 3257/3253/3253
f 3257/3253/3253 3255/3251/3251 3248/3244/3244
f 3256/3252/3252 3258/3254/3254 3251/3247/3247
f 3230/3226/3226 3251/3247/3247 3259/3255/3255
f 3251/3247/3247 3258/3254/3254 3259/3255/3255
f 3230/3226/3226 3259/3255/3255 3225/3221/3221
f 3260/3256/3256 3252/3248/3248 3254/3250/3250
f 3261/3257/3257 3252/3248/3248 3260/3256/3256
f 3252/3248/3248 3261/3257/3257 3253/3249/3249
f 3253/3249/3249 3262/3258/3258 3257/3253/3253
f 3253/3249/3249 3261/3257/3257 3262/3258/3258
f 3256/3252/3252 3255/3251/3251 3263/3259/3259
f 3264/3260/3260 3263/3259/3259 3255/3251/3251
f 3264/3260/3260 3255/3251/3251 3257/3253/3253
f 3263/3259/3259 3265/3261/3261 3256/3252/3252
f 3265/3261/3261 3258/3254/3254 3256/3252/3252
f 3111/3107/3107 3110/3106/3106 3266/3262/3262
f 3111/3107/3107 3266/3262/3262 3115/3111/3111
f 3267/3263/3263 3110/3106/3106 3112/3108/3108
f 3110/3106/3106 3267/3263/3263 3266/3262/3262
f 3268/3264/3264 3267/3263/3263 3112/3108/3108
f 3268/3264/3264 3112/3108/3108 3118/3114/3114
f 3114/3110/3110 3004/3000/3000 3011/3007/3007
f 3113/3109/3109 3269/3265/3265 3114/3110/3110
f 3269/3265/3265 3004/3000/3000 3114/3110/3110
f 3115/3111/3111 3270/3266/3266 3113/3109/3109
f 3271/3267/3267 3269/3265/3265 3113/3109/3109
f 3113/3109/3109 3270/3266/3266 3271/3267/3267
f 3272/3268/3268 3270/3266/3266 3115/3111/3111
f 3115/3111/3111 3266/3262/3262 3272/3268/3268
f 3266/3262/3262 3267/3263/3263 3273/3269/3269
f 3266/3262/3262 3273/3269/3269 3272/3268/3268
f 3267/3263/3263 3274/3270/3270 3273/3269/3269
f 3274/3270/3270 3267/3263/3263 3268/3264/3264
f 3116/3112/3112 3275/3271/3271 3117/3113/3113
f 3276/3272/3272 3118/3114/3114 3117/3113/3113
f 3117/3113/3113 3275/3271/3271 3276/3272/3272
f 3277/3273/3273 3268/3264/3264 3118/3114/3114
f 3277/3273/3273 3118/3114/3114 3276/3272/3272
f 3278/3274/3274 3274/3270/3270 3268/3264/3264
f 3278/3274/3274 3268/3264/3264 3277/3273/3273
f 2995/2991/2991 3004/3000/3000 3269/3265/3265
f 3271/3267/3267 3279/3275/3275 3269/3265/3265
f 3269/3265/3265 3279/3275/3275 2995/2991/2991
f 3270/3266/3266 3280/3276/3276 3271/3267/3267
f 3271/3267/3267 3280/3276/3276 3279/3275/3275
f 3270/3266/3266 3281/3277/3277 3280/3276/3276
f 3282/3278/3278 3281/3277/3277 3270/3266/3266
f 3282/3278/3278 3270/3266/3266 3272/3268/3268
f 3272/3268/3268 3273/3269/3269 3283/3279/3279
f 3283/3279/3279 3282/3278/3278 3272/3268/3268
f 3273/3269/3269 3284/3280/3280 3283/3279/3279
f 3273/3269/3269 3274/3270/3270 3284/3280/3280
f 3285/3281/3281 3274/3270/3270 3278/3274/3274
f 3274/3270/3270 3285/3281/3281 3284/3280/3280
f 3275/3271/3271 3286/3282/3282 3276/3272/3272
f 3287/3283/3283 3277/3273/3273 3276/3272/3272
f 3276/3272/3272 3286/3282/3282 3287/3283/3283
f 3288/3284/3284 3278/3274/3274 3277/3273/3273
f 3288/3284/3284 3277/3273/3273 3287/3283/3283
f 3289/3285/3285 3285/3281/3281 3278/3274/3274
f 3289/3285/3285 3278/3274/3274 3288/3284/3284
f 3279/3275/3275 2987/2983/2983 2995/2991/2991
f 2987/2983/2983 3279/3275/3275 3290/3286/3286
f 3290/3286/3286 3279/3275/3275 3280/3276/3276
f 3281/3277/3277 3291/3287/3287 3280/3276/3276
f 3280/3276/3276 3291/3287/3287 3290/3286/3286
f 3281/3277/3277 3282/3278/3278 3292/3288/3288
f 3293/3289/3289 3281/3277/3277 3292/3288/3288
f 3291/3287/3287 3281/3277/3277 3293/3289/3289
f 3294/3290/3290 3282/3278/3278 3283/3279/3279
f 3292/3288/3288 3282/3278/3278 3294/3290/3290
f 3295/3291/3291 3294/3290/3290 3283/3279/3279
f 3283/3279/3279 3284/3280/3280 3295/3291/3291
f 3284/3280/3280 3285/3281/3281 3296/3292/3292
f 3284/3280/3280 3296/3292/3292 3295/3291/3291
f 3285/3281/3281 3297/3293/3293 3296/3292/3292
f 3297/3293/3293 3285/3281/3281 3289/3285/3285
f 3298/3294/3294 3287/3283/3283 3286/3282/3282
f 3299/3295/3295 3288/3284/3284 3287/3283/3283
f 3299/3295/3295 3287/3283/3283 3298/3294/3294
f 3300/3296/3296 3289/3285/3285 3288/3284/3284
f 3300/3296/3296 3288/3284/3284 3299/3295/3295
f 3301/3297/3297 3297/3293/3293 3289/3285/3285
f 3301/3297/3297 3289/3285/3285 3300/3296/3296
f 3302/3298/3298 3292/3288/3288 3294/3290/3290
f 3302/3298/3298 3294/3290/3290 3295/3291/3291
f 3303/3299/3299 3302/3298/3298 3295/3291/3291
f 3295/3291/3291 3296/3292/3292 3303/3299/3299
f 3296/3292/3292 3304/3300/3300 3303/3299/3299
f 3296/3292/3292 3297/3293/3293 3304/3300/3300
f 3305/3301/3301 3304/3300/3300 3297/3293/3293
f 3305/3301/3301 3297/3293/3293 3301/3297/3297
f 3306/3302/3302 3299/3295/3295 3298/3294/3294
f 3307/3303/3303 3300/3296/3296 3299/3295/3295
f 3307/3303/3303 3299/3295/3295 3306/3302/3302
f 3308/3304/3304 3301/3297/3297 3300/3296/3296
f 3308/3304/3304 3300/3296/3296 3307/3303/3303
f 3309/3305/3305 3301/3297/3297 3308/3304/3304
f 3309/3305/3305 3305/3301/3301 3301/3297/3297
f 3310/3306/3306 3302/3298/3298 3303/3299/3299
f 3303/3299/3299 3304/3300/3300 3311/3307/3307
f 3311/3307/3307 3310/3306/3306 3303/3299/3299
f 3312/3308/3308 3311/3307/3307 3304/3300/3300
f 3312/3308/3308 3304/3300/3300 3305/3301/3301
f 3305/3301/3301 3313/3309/3309 3312/3308/3308
f 3313/3309/3309 3305/3301/3301 3309/3305/3305
f 3314/3310/3310 3307/3303/3303 3306/3302/3302
f 3315/3311/3311 3308/3304/3304 3307/3303/3303
f 3315/3311/3311 3307/3303/3303 3314/3310/3310
f 3316/3312/3312 3309/3305/3305 3308/3304/3304
f 3316/3312/3312 3308/3304/3304 3315/3311/3311
f 3309/3305/3305 3317/3313/3313 3313/3309/3309
f 3317/3313/3313 3309/3305/3305 3316/3312/3312
f 3318/3314/3314 3311/3307/3307 3312/3308/3308
f 3318/3314/3314 3319/3315/3315 3311/3307/3307
f 3319/3315/3315 3310/3306/3306 3311/3307/3307
f 3320/3316/3316 3318/3314/3314 3312/3308/3308
f 3312/3308/3308 3313/3309/3309 3320/3316/3316
f 3313/3309/3309 3317/3313/3313 3321/3317/3317
f 3313/3309/3309 3321/3317/3317 3320/3316/3316
f 3322/3318/3318 3315/3311/3311 3314/3310/3310
f 3323/3319/3319 3316/3312/3312 3315/3311/3311
f 3323/3319/3319 3315/3311/3311 3322/3318/3318
f 3324/3320/3320 3317/3313/3313 3316/3312/3312
f 3324/3320/3320 3316/3312/3312 3323/3319/3319
f 3325/3321/3321 3321/3317/3317 3317/3313/3313
f 3325/3321/3321 3317/3313/3313 3324/3320/3320
f 3326/3322/3322 3318/3314/3314 3320/3316/3316
f 3326/3322/3322 3327/3323/3323 3318/3314/3314
f 3327/3323/3323 3319/3315/3315 3318/3314/3314
f 3320/3316/3316 3321/3317/3317 3328/3324/3324
f 3328/3324/3324 3326/3322/3322 3320/3316/3316
f 3329/3325/3325 3328/3324/3324 3321/3317/3317
f 3329/3325/3325 3321/3317/3317 3325/3321/3321
f 3330/3326/3326 3324/3320/3320 3323/3319/3319
f 3322/3318/3318 3330/3326/3326 3323/3319/3319
f 3331/3327/3327 3325/3321/3321 3324/3320/3320
f 3331/3327/3327 3324/3320/3320 3330/3326/3326
f 3332/3328/3328 3329/3325/3325 3325/3321/3321
f 3332/3328/3328 3325/3321/3321 3331/3327/3327
f 3333/3329/3329 3330/3326/3326 3322/3318/3318
f 3334/3330/3330 3327/3323/3323 3326/3322/3322
f 3335/3331/3331 3326/3322/3322 3328/3324/3324
f 3335/3331/3331 3334/3330/3330 3326/3322/3322
f 3336/3332/3332 3335/3331/3331 3328/3324/3324
f 3336/3332/3332 3328/3324/3324 3329/3325/3325
f 3337/3333/3333 3329/3325/3325 3332/3328/3328
f 3337/3333/3333 3336/3332/3332 3329/3325/3325
f 3338/3334/3334 3331/3327/3327 3330/3326/3326
f 3339/3335/3335 3330/3326/3326 3333/3329/3329
f 3338/3334/3334 3330/3326/3326 3339/3335/3335
f 3340/3336/3336 3332/3328/3328 3331/3327/3327
f 3340/3336/3336 3331/3327/3327 3338/3334/3334
f 3332/3328/3328 3341/3337/3337 3337/3333/3333
f 3341/3337/3337 3332/3328/3328 3340/3336/3336
f 3342/3338/3338 3334/3330/3330 3335/3331/3331
f 3343/3339/3339 3335/3331/3331 3336/3332/3332
f 3343/3339/3339 3342/3338/3338 3335/3331/3331
f 3344/3340/3340 3336/3332/3332 3337/3333/3333
f 3344/3340/3340 3343/3339/3339 3336/3332/3332
f 3337/3333/3333 3341/3337/3337 3345/3341/3341
f 3345/3341/3341 3344/3340/3340 3337/3333/3333
f 3346/3342/3342 3343/3339/3339 3344/3340/3340
f 3346/3342/3342 3347/3343/3343 3343/3339/3339
f 3347/3343/3343 3342/3338/3338 3343/3339/3339
f 3348/3344/3344 3344/3340/3340 3345/3341/3341
f 3348/3344/3344 3346/3342/3342 3344/3340/3340
f 3349/3345/3345 3347/3343/3343 3346/3342/3342
f 3350/3346/3346 3346/3342/3342 3348/3344/3344
f 3350/3346/3346 3349/3345/3345 3346/3342/3342
f 3349/3345/3345 3351/3347/3347 3347/3343/3343
f 3347/3343/3343 3352/3348/3348 3342/3338/3338
f 3351/3347/3347 3352/3348/3348 3347/3343/3343
f 3353/3349/3349 3342/3338/3338 3352/3348/3348
f 3334/3330/3330 3342/3338/3338 3353/3349/3349
f 3354/3350/3350 3351/3347/3347 3349/3345/3345
f 3355/3351/3351 3349/3345/3345 3350/3346/3346
f 3355/3351/3351 3354/3350/3350 3349/3345/3345
f 3354/3350/3350 3356/3352/3352 3351/3347/3347
f 3351/3347/3347 3357/3353/3353 3352/3348/3348
f 3356/3352/3352 3357/3353/3353 3351/3347/3347
f 3353/3349/3349 3352/3348/3348 3358/3354/3354
f 3358/3354/3354 3352/3348/3348 3357/3353/3353
f 3353/3349/3349 3358/3354/3354 3359/3355/3355
f 3353/3349/3349 3359/3355/3355 3334/3330/3330
f 3334/3330/3330 3359/3355/3355 3327/3323/3323
f 3360/3356/3356 3354/3350/3350 3355/3351/3351
f 3361/3357/3357 3356/3352/3352 3354/3350/3350
f 3360/3356/3356 3361/3357/3357 3354/3350/3350
f 3356/3352/3352 3361/3357/3357 3362/3358/3358
f 3363/3359/3359 3356/3352/3352 3362/3358/3358
f 3357/3353/3353 3356/3352/3352 3363/3359/3359
f 3358/3354/3354 3357/3353/3353 3364/3360/3360
f 3364/3360/3360 3357/3353/3353 3363/3359/3359
f 3358/3354/3354 3364/3360/3360 3365/3361/3361
f 3359/3355/3355 3358/3354/3354 3365/3361/3361
f 3365/3361/3361 3366/3362/3362 3359/3355/3355
f 3359/3355/3355 3367/3363/3363 3327/3323/3323
f 3359/3355/3355 3366/3362/3362 3367/3363/3363
f 3327/3323/3323 3367/3363/3363 3319/3315/3315
f 3365/3361/3361 3364/3360/3360 3368/3364/3364
f 3365/3361/3361 3368/3364/3364 3366/3362/3362
f 3369/3365/3365 3361/3357/3357 3360/3356/3356
f 3361/3357/3357 3369/3365/3365 3370/3366/3366
f 3362/3358/3358 3361/3357/3357 3370/3366/3366
f 3370/3366/3366 3371/3367/3367 3362/3358/3358
f 3362/3358/3358 3371/3367/3367 3363/3359/3359
f 3372/3368/3368 3364/3360/3360 3363/3359/3359
f 3363/3359/3359 3371/3367/3367 3372/3368/3368
f 3373/3369/3369 3368/3364/3364 3364/3360/3360
f 3373/3369/3369 3364/3360/3360 3372/3368/3368
f 3366/3362/3362 3368/3364/3364 3374/3370/3370
f 3375/3371/3371 3367/3363/3363 3366/3362/3362
f 3366/3362/3362 3374/3370/3370 3375/3371/3371
f 3376/3372/3372 3368/3364/3364 3373/3369/3369
f 3368/3364/3364 3376/3372/3372 3374/3370/3370
f 3377/3373/3373 3367/3363/3363 3375/3371/3371
f 3310/3306/3306 3367/3363/3363 3377/3373/3373
f 3319/3315/3315 3367/3363/3363 3310/3306/3306
f 3370/3366/3366 3369/3365/3365 3378/3374/3374
f 3379/3375/3375 3371/3367/3367 3370/3366/3366
f 3378/3374/3374 3379/3375/3375 3370/3366/3366
f 3379/3375/3375 3380/3376/3376 3371/3367/3367
f 3371/3367/3367 3381/3377/3377 3372/3368/3368
f 3371/3367/3367 3380/3376/3376 3381/3377/3377
f 3382/3378/3378 3373/3369/3369 3372/3368/3368
f 3372/3368/3368 3381/3377/3377 3382/3378/3378
f 3383/3379/3379 3373/3369/3369 3382/3378/3378
f 3373/3369/3369 3383/3379/3379 3376/3372/3372
f 3374/3370/3370 3376/3372/3372 3384/3380/3380
f 3375/3371/3371 3374/3370/3370 3385/3381/3381
f 3374/3370/3370 3384/3380/3380 3385/3381/3381
f 3376/3372/3372 3383/3379/3379 3386/3382/3382
f 3376/3372/3372 3386/3382/3382 3384/3380/3380
f 3387/3383/3383 3380/3376/3376 3379/3375/3375
f 3387/3383/3383 3379/3375/3375 3378/3374/3374
f 3310/3306/3306 3377/3373/3373 3302/3298/3298
f 3383/3379/3379 3382/3378/3378 3388/3384/3384
f 3383/3379/3379 3388/3384/3384 3386/3382/3382
f 3389/3385/3385 3380/3376/3376 3387/3383/3383
f 3380/3376/3376 3390/3386/3386 3381/3377/3377
f 3380/3376/3376 3389/3385/3385 3390/3386/3386
f 3381/3377/3377 3390/3386/3386 3391/3387/3387
f 3381/3377/3377 3391/3387/3387 3382/3378/3378
f 3388/3384/3384 3382/3378/3378 3392/3388/3388
f 3382/3378/3378 3391/3387/3387 3392/3388/3388
f 3384/3380/3380 3386/3382/3382 3393/3389/3389
f 3385/3381/3381 3384/3380/3380 3394/3390/3390
f 3384/3380/3380 3393/3389/3389 3394/3390/3390
f 3386/3382/3382 3388/3384/3384 3395/3391/3391
f 3386/3382/3382 3396/3392/3392 3393/3389/3389
f 3395/3391/3391 3396/3392/3392 3386/3382/3382
f 3392/3388/3388 3397/3393/3393 3388/3384/3384
f 3391/3387/3387 3397/3393/3393 3392/3388/3388
f 3390/3386/3386 3398/3394/3394 3391/3387/3387
f 3398/3394/3394 3397/3393/3393 3391/3387/3387
f 3388/3384/3384 3397/3393/3393 3399/3395/3395
f 3400/3396/3396 3388/3384/3384 3399/3395/3395
f 3395/3391/3391 3388/3384/3384 3400/3396/3396
f 3400/3396/3396 3396/3392/3392 3395/3391/3391
f 3390/3386/3386 3389/3385/3385 3401/3397/3397
f 3401/3397/3397 3402/3398/3398 3390/3386/3386
f 3403/3399/3399 3398/3394/3394 3390/3386/3386
f 3390/3386/3386 3402/3398/3398 3403/3399/3399
f 3394/3390/3390 3393/3389/3389 3404/3400/3400
f 3405/3401/3401 3393/3389/3389 3396/3392/3392
f 3404/3400/3400 3393/3389/3389 3405/3401/3401
f 3406/3402/3402 3396/3392/3392 3400/3396/3396
f 3406/3402/3402 3405/3401/3401 3396/3392/3392
f 3399/3395/3395 3397/3393/3393 3407/3403/3403
f 3398/3394/3394 3408/3404/3404 3397/3393/3393
f 3409/3405/3405 3264/3260/3260 3257/3253/3253
f 3257/3253/3253 3262/3258/3258 3409/3405/3405
f 3259/3255/3255 3258/3254/3254 3410/3406/3406
f 3258/3254/3254 3411/3407/3407 3410/3406/3406
f 3265/3261/3261 3411/3407/3407 3258/3254/3254
f 3410/3406/3406 3412/3408/3408 3259/3255/3255
f 3225/3221/3221 3259/3255/3255 3412/3408/3408
f 3225/3221/3221 3412/3408/3408 3212/3208/3208
f 3413/3409/3409 3261/3257/3257 3260/3256/3256
f 3414/3410/3410 3261/3257/3257 3413/3409/3409
f 3261/3257/3257 3414/3410/3410 3262/3258/3258
f 3415/3411/3411 3409/3405/3405 3262/3258/3258
f 3262/3258/3258 3414/3410/3410 3415/3411/3411
f 3416/3412/3412 3265/3261/3261 3263/3259/3259
f 3417/3413/3413 3416/3412/3412 3263/3259/3259
f 3417/3413/3413 3263/3259/3259 3264/3260/3260
f 3418/3414/3414 3264/3260/3260 3409/3405/3405
f 3418/3414/3414 3417/3413/3413 3264/3260/3260
f 3265/3261/3261 3416/3412/3412 3419/3415/3415
f 3419/3415/3415 3411/3407/3407 3265/3261/3261
f 3420/3416/3416 3418/3414/3414 3409/3405/3405
f 3420/3416/3416 3409/3405/3405 3415/3411/3411
f 3421/3417/3417 3412/3408/3408 3410/3406/3406
f 3422/3418/3418 3421/3417/3417 3410/3406/3406
f 3410/3406/3406 3411/3407/3407 3422/3418/3418
f 3419/3415/3415 3423/3419/3419 3411/3407/3407
f 3411/3407/3407 3423/3419/3419 3422/3418/3418
f 3421/3417/3417 3200/3196/3196 3412/3408/3408
f 3212/3208/3208 3412/3408/3408 3200/3196/3196
f 3424/3420/3420 3414/3410/3410 3413/3409/3409
f 3425/3421/3421 3414/3410/3410 3424/3420/3420
f 3414/3410/3410 3425/3421/3421 3415/3411/3411
f 3415/3411/3411 3425/3421/3421 3426/3422/3422
f 3415/3411/3411 3426/3422/3422 3420/3416/3416
f 3419/3415/3415 3416/3412/3412 3427/3423/3423
f 3416/3412/3412 3428/3424/3424 3427/3423/3423
f 3428/3424/3424 3416/3412/3412 3417/3413/3413
f 3429/3425/3425 3428/3424/3424 3417/3413/3413
f 3429/3425/3425 3417/3413/3413 3418/3414/3414
f 3430/3426/3426 3429/3425/3425 3418/3414/3414
f 3430/3426/3426 3418/3414/3414 3420/3416/3416
f 3419/3415/3415 3427/3423/3423 3431/3427/3427
f 3431/3427/3427 3423/3419/3419 3419/3415/3415
f 3420/3416/3416 3426/3422/3422 3432/3428/3428
f 3432/3428/3428 3430/3426/3426 3420/3416/3416
f 3431/3427/3427 3433/3429/3429 3423/3419/3419
f 3422/3418/3418 3423/3419/3419 3434/3430/3430
f 3423/3419/3419 3433/3429/3429 3434/3430/3430
f 3435/3431/3431 3425/3421/3421 3424/3420/3420
f 3436/3432/3432 3425/3421/3421 3435/3431/3431
f 3425/3421/3421 3436/3432/3432 3426/3422/3422
f 3426/3422/3422 3436/3432/3432 3437/3433/3433
f 3426/3422/3422 3437/3433/3433 3432/3428/3428
f 3431/3427/3427 3427/3423/3423 3438/3434/3434
f 3439/3435/3435 3438/3434/3434 3427/3423/3423
f 3427/3423/3423 3428/3424/3424 3439/3435/3435
f 3440/3436/3436 3428/3424/3424 3429/3425/3425
f 3428/3424/3424 3440/3436/3436 3439/3435/3435
f 3441/3437/3437 3440/3436/3436 3429/3425/3425
f 3441/3437/3437 3429/3425/3425 3430/3426/3426
f 3442/3438/3438 3430/3426/3426 3432/3428/3428
f 3430/3426/3426 3442/3438/3438 3441/3437/3437
f 3443/3439/3439 3433/3429/3429 3431/3427/3427
f 3431/3427/3427 3438/3434/3434 3443/3439/3439
f 3432/3428/3428 3437/3433/3433 3444/3440/3440
f 3444/3440/3440 3442/3438/3438 3432/3428/3428
f 3445/3441/3441 3436/3432/3432 3435/3431/3431
f 3446/3442/3442 3436/3432/3432 3445/3441/3441
f 3446/3442/3442 3437/3433/3433 3436/3432/3432
f 3447/3443/3443 3444/3440/3440 3437/3433/3433
f 3447/3443/3443 3437/3433/3433 3446/3442/3442
f 3443/3439/3439 3438/3434/3434 3448/3444/3444
f 3438/3434/3434 3449/3445/3445 3448/3444/3444
f 3449/3445/3445 3438/3434/3434 3439/3435/3435
f 3450/3446/3446 3449/3445/3445 3439/3435/3435
f 3439/3435/3435 3440/3436/3436 3450/3446/3446
f 3451/3447/3447 3440/3436/3436 3441/3437/3437
f 3451/3447/3447 3450/3446/3446 3440/3436/3436
f 3441/3437/3437 3442/3438/3438 3452/3448/3448
f 3452/3448/3448 3451/3447/3447 3441/3437/3437
f 3453/3449/3449 3442/3438/3438 3444/3440/3440
f 3442/3438/3438 3453/3449/3449 3452/3448/3448
f 3454/3450/3450 3453/3449/3449 3444/3440/3440
f 3454/3450/3450 3444/3440/3440 3447/3443/3443
f 3445/3441/3441 3455/3451/3451 3446/3442/3442
f 3446/3442/3442 3455/3451/3451 3456/3452/3452
f 3456/3452/3452 3447/3443/3443 3446/3442/3442
f 3457/3453/3453 3454/3450/3450 3447/3443/3443
f 3457/3453/3453 3447/3443/3443 3456/3452/3452
f 3458/3454/3454 3449/3445/3445 3450/3446/3446
f 3449/3445/3445 3458/3454/3454 3459/3455/3455
f 3448/3444/3444 3449/3445/3445 3459/3455/3455
f 3460/3456/3456 3458/3454/3454 3450/3446/3446
f 3460/3456/3456 3450/3446/3446 3451/3447/3447
f 3461/3457/3457 3451/3447/3447 3452/3448/3448
f 3451/3447/3447 3461/3457/3457 3460/3456/3456
f 3452/3448/3448 3453/3449/3449 3462/3458/3458
f 3452/3448/3448 3462/3458/3458 3461/3457/3457
f 3463/3459/3459 3453/3449/3449 3454/3450/3450
f 3453/3449/3449 3463/3459/3459 3462/3458/3458
f 3464/3460/3460 3463/3459/3459 3454/3450/3450
f 3464/3460/3460 3454/3450/3450 3457/3453/3453
f 3455/3451/3451 3465/3461/3461 3456/3452/3452
f 3456/3452/3452 3465/3461/3461 3466/3462/3462
f 3456/3452/3452 3466/3462/3462 3457/3453/3453
f 3467/3463/3463 3464/3460/3460 3457/3453/3453
f 3457/3453/3453 3466/3462/3462 3467/3463/3463
f 3459/3455/3455 3458/3454/3454 3468/3464/3464
f 3469/3465/3465 3458/3454/3454 3460/3456/3456
f 3469/3465/3465 3468/3464/3464 3458/3454/3454
f 3460/3456/3456 3461/3457/3457 3470/3466/3466
f 3460/3456/3456 3470/3466/3466 3469/3465/3465
f 3461/3457/3457 3462/3458/3458 3471/3467/3467
f 3461/3457/3457 3471/3467/3467 3470/3466/3466
f 3472/3468/3468 3471/3467/3467 3462/3458/3458
f 3462/3458/3458 3463/3459/3459 3472/3468/3468
f 3473/3469/3469 3463/3459/3459 3464/3460/3460
f 3463/3459/3459 3473/3469/3469 3472/3468/3468
f 3474/3470/3470 3473/3469/3469 3464/3460/3460
f 3474/3470/3470 3464/3460/3460 3467/3463/3463
f 3475/3471/3471 3466/3462/3462 3465/3461/3461
f 3476/3472/3472 3466/3462/3462 3475/3471/3471
f 3466/3462/3462 3476/3472/3472 3467/3463/3463
f 3467/3463/3463 3477/3473/3473 3474/3470/3470
f 3467/3463/3463 3476/3472/3472 3477/3473/3473
f 3478/3474/3474 3468/3464/3464 3469/3465/3465
f 3469/3465/3465 3479/3475/3475 3478/3474/3474
f 3469/3465/3465 3470/3466/3466 3479/3475/3475
f 3470/3466/3466 3471/3467/3467 3480/3476/3476
f 3470/3466/3466 3480/3476/3476 3479/3475/3475
f 3481/3477/3477 3471/3467/3467 3472/3468/3468
f 3481/3477/3477 3480/3476/3476 3471/3467/3467
f 3482/3478/3478 3481/3477/3477 3472/3468/3468
f 3472/3468/3468 3473/3469/3469 3482/3478/3478
f 3483/3479/3479 3473/3469/3469 3474/3470/3470
f 3473/3469/3469 3483/3479/3479 3482/3478/3478
f 3484/3480/3480 3483/3479/3479 3474/3470/3470
f 3474/3470/3470 3477/3473/3473 3484/3480/3480
f 3485/3481/3481 3476/3472/3472 3475/3471/3471
f 3486/3482/3482 3476/3472/3472 3485/3481/3481
f 3476/3472/3472 3486/3482/3482 3477/3473/3473
f 3487/3483/3483 3484/3480/3480 3477/3473/3473
f 3477/3473/3473 3486/3482/3482 3487/3483/3483
f 3478/3474/3474 3479/3475/3475 3488/3484/3484
f 3489/3485/3485 3488/3484/3484 3479/3475/3475
f 3479/3475/3475 3480/3476/3476 3489/3485/3485
f 3490/3486/3486 3489/3485/3485 3480/3476/3476
f 3490/3486/3486 3480/3476/3476 3481/3477/3477
f 3491/3487/3487 3481/3477/3477 3482/3478/3478
f 3481/3477/3477 3491/3487/3487 3490/3486/3486
f 3492/3488/3488 3491/3487/3487 3482/3478/3478
f 3482/3478/3478 3483/3479/3479 3492/3488/3488
f 3493/3489/3489 3483/3479/3479 3484/3480/3480
f 3483/3479/3479 3493/3489/3489 3492/3488/3488
f 3494/3490/3490 3484/3480/3480 3487/3483/3483
f 3494/3490/3490 3493/3489/3489 3484/3480/3480
f 3495/3491/3491 3486/3482/3482 3485/3481/3481
f 3496/3492/3492 3486/3482/3482 3495/3491/3491
f 3496/3492/3492 3487/3483/3483 3486/3482/3482
f 3497/3493/3493 3494/3490/3490 3487/3483/3483
f 3497/3493/3493 3487/3483/3483 3496/3492/3492
f 3498/3494/3494 3489/3485/3485 3490/3486/3486
f 3498/3494/3494 3499/3495/3495 3489/3485/3485
f 3499/3495/3495 3488/3484/3484 3489/3485/3485
f 3500/3496/3496 3498/3494/3494 3490/3486/3486
f 3490/3486/3486 3491/3487/3487 3500/3496/3496
f 3501/3497/3497 3491/3487/3487 3492/3488/3488
f 3502/3498/3498 3491/3487/3487 3501/3497/3497
f 3500/3496/3496 3491/3487/3487 3502/3498/3498
f 3503/3499/3499 3501/3497/3497 3492/3488/3488
f 3492/3488/3488 3493/3489/3489 3503/3499/3499
f 3504/3500/3500 3493/3489/3489 3494/3490/3490
f 3504/3500/3500 3503/3499/3499 3493/3489/3489
f 3494/3490/3490 3505/3501/3501 3504/3500/3500
f 3505/3501/3501 3494/3490/3490 3497/3493/3493
f 3506/3502/3502 3505/3501/3501 3497/3493/3493
f 3496/3492/3492 3506/3502/3502 3497/3493/3493
f 3507/3503/3503 3496/3492/3492 3495/3491/3491
f 3508/3504/3504 3496/3492/3492 3507/3503/3503
f 3508/3504/3504 3506/3502/3502 3496/3492/3492
f 3509/3505/3505 3501/3497/3497 3503/3499/3499
f 3501/3497/3497 3509/3505/3505 3502/3498/3498
f 3510/3506/3506 3499/3495/3495 3498/3494/3494
f 3511/3507/3507 3510/3506/3506 3498/3494/3494
f 3511/3507/3507 3498/3494/3494 3500/3496/3496
f 3511/3507/3507 3500/3496/3496 3512/3508/3508
f 3512/3508/3508 3500/3496/3496 3502/3498/3498
f 3513/3509/3509 3503/3499/3499 3504/3500/3500
f 3513/3509/3509 3509/3505/3505 3503/3499/3499
f 3504/3500/3500 3505/3501/3501 3514/3510/3510
f 3514/3510/3510 3513/3509/3509 3504/3500/3500
f 3515/3511/3511 3514/3510/3510 3505/3501/3501
f 3515/3511/3511 3505/3501/3501 3506/3502/3502
f 3506/3502/3502 3516/3512/3512 3515/3511/3511
f 3506/3502/3502 3508/3504/3504 3516/3512/3512
f 3507/3503/3503 3517/3513/3513 3508/3504/3504
f 3508/3504/3504 3517/3513/3513 3518/3514/3514
f 3516/3512/3512 3508/3504/3504 3518/3514/3514
f 3519/3515/3515 3510/3506/3506 3511/3507/3507
f 3520/3516/3516 3511/3507/3507 3512/3508/3508
f 3519/3515/3515 3511/3507/3507 3520/3516/3516
f 3521/3517/3517 3513/3509/3509 3514/3510/3510
f 3513/3509/3509 3521/3517/3517 3522/3518/3518
f 3522/3518/3518 3509/3505/3505 3513/3509/3509
f 3523/3519/3519 3521/3517/3517 3514/3510/3510
f 3523/3519/3519 3514/3510/3510 3515/3511/3511
f 3524/3520/3520 3523/3519/3519 3515/3511/3511
f 3515/3511/3511 3516/3512/3512 3524/3520/3520
f 3524/3520/3520 3516/3512/3512 3525/3521/3521
f 3518/3514/3514 3526/3522/3522 3516/3512/3512
f 3525/3521/3521 3516/3512/3512 3526/3522/3522
f 3517/3513/3513 3527/3523/3523 3518/3514/3514
f 3518/3514/3514 3527/3523/3523 3528/3524/3524
f 3528/3524/3524 3526/3522/3522 3518/3514/3514
f 3529/3525/3525 3523/3519/3519 3524/3520/3520
f 3525/3521/3521 3529/3525/3525 3524/3520/3520
f 3529/3525/3525 3530/3526/3526 3523/3519/3519
f 3530/3526/3526 3521/3517/3517 3523/3519/3519
f 3522/3518/3518 3521/3517/3517 3531/3527/3527
f 3530/3526/3526 3531/3527/3527 3521/3517/3517
f 3526/3522/3522 2393/2389/2389 3525/3521/3521
f 2386/2382/2382 2393/2389/2389 3526/3522/3522
f 3528/3524/3524 2386/2382/2382 3526/3522/3522
f 3532/3528/3528 3529/3525/3525 3525/3521/3521
f 3525/3521/3521 2399/2395/2395 3532/3528/3528
f 2393/2389/2389 2399/2395/2395 3525/3521/3521
f 3532/3528/3528 3533/3529/3529 3529/3525/3525
f 3533/3529/3529 3530/3526/3526 3529/3525/3525
f 3533/3529/3529 3534/3530/3530 3530/3526/3526
f 3534/3530/3530 3531/3527/3527 3530/3526/3526
f 3527/3523/3523 3535/3531/3531 3528/3524/3524
f 2377/2373/2373 2386/2382/2382 3528/3524/3524
f 3528/3524/3524 3535/3531/3531 2377/2373/2373
f 3536/3532/3532 3533/3529/3529 3532/3528/3528
f 2399/2395/2395 3536/3532/3532 3532/3528/3528
f 3536/3532/3532 2565/2561/2561 3533/3529/3529
f 2565/2561/2561 3534/3530/3530 3533/3529/3529
f 3534/3530/3530 2564/2560/2560 3531/3527/3527
f 2565/2561/2561 2564/2560/2560 3534/3530/3530
f 2404/2400/2400 3536/3532/3532 2399/2395/2395
f 2554/2550/2550 2565/2561/2561 3536/3532/3532
f 2404/2400/2400 2554/2550/2550 3536/3532/3532
f 3535/3531/3531 2368/2364/2364 2377/2373/2373
f 3531/3527/3527 2564/2560/2560 2573/2569/2569
f 2585/2581/2581 3531/3527/3527 2573/2569/2569
f 3522/3518/3518 3531/3527/3527 2585/2581/2581
f 3537/3533/3533 3522/3518/3518 2585/2581/2581
f 2585/2581/2581 2586/2582/2582 3537/3533/3533
f 3509/3505/3505 3522/3518/3518 3537/3533/3533
f 3537/3533/3533 2586/2582/2582 3502/3498/3498
f 3502/3498/3498 3509/3505/3505 3537/3533/3533
f 3502/3498/3498 2586/2582/2582 3512/3508/3508
f 2586/2582/2582 2589/2585/2585 3512/3508/3508
f 3512/3508/3508 2589/2585/2585 3520/3516/3516
f 2589/2585/2585 2598/2594/2594 3520/3516/3516
f 3520/3516/3516 2598/2594/2594 3538/3534/3534
f 3407/3403/3403 3397/3393/3393 3408/3404/3404
f 3403/3399/3399 3539/3535/3535 3398/3394/3394
f 3539/3535/3535 3408/3404/3404 3398/3394/3394
f 3407/3403/3403 3540/3536/3536 3399/3395/3395
f 3399/3395/3395 3540/3536/3536 3400/3396/3396
f 3540/3536/3536 2793/2789/2789 3400/3396/3396
f 3400/3396/3396 2793/2789/2789 3406/3402/3402
f 3402/3398/3398 3541/3537/3537 3403/3399/3399
f 3403/3399/3399 3541/3537/3537 3542/3538/3538
f 3542/3538/3538 3539/3535/3535 3403/3399/3399
f 2793/2789/2789 2786/2782/2782 3406/3402/3402
f 3543/3539/3539 3405/3401/3401 3406/3402/3402
f 3406/3402/3402 2786/2782/2782 3543/3539/3539
f 3407/3403/3403 3544/3540/3540 3540/3536/3536
f 3545/3541/3541 3544/3540/3540 3407/3403/3403
f 3408/3404/3404 3545/3541/3541 3407/3403/3403
f 3546/3542/3542 3545/3541/3541 3408/3404/3404
f 3539/3535/3535 3546/3542/3542 3408/3404/3404
f 3544/3540/3540 2794/2790/2790 3540/3536/3536
f 3540/3536/3536 2794/2790/2790 2793/2789/2789
f 3547/3543/3543 3539/3535/3535 3542/3538/3538
f 3548/3544/3544 3539/3535/3535 3547/3543/3543
f 3548/3544/3544 3546/3542/3542 3539/3535/3535
f 3541/3537/3537 3549/3545/3545 3542/3538/3538
f 3542/3538/3538 3549/3545/3545 3547/3543/3543
f 2786/2782/2782 2783/2779/2779 3543/3539/3539
f 3544/3540/3540 3545/3541/3541 3550/3546/3546
f 3551/3547/3547 3544/3540/3540 3550/3546/3546
f 2794/2790/2790 3544/3540/3540 3551/3547/3547
f 3552/3548/3548 3545/3541/3541 3546/3542/3542
f 3553/3549/3549 3545/3541/3541 3552/3548/3548
f 3550/3546/3546 3545/3541/3541 3553/3549/3549
f 3552/3548/3548 3546/3542/3542 3554/3550/3550
f 3554/3550/3550 3546/3542/3542 3548/3544/3544
f 3554/3550/3550 3548/3544/3544 3555/3551/3551
f 3555/3551/3551 3548/3544/3544 3547/3543/3543
f 3549/3545/3545 3556/3552/3552 3547/3543/3543
f 3547/3543/3543 3556/3552/3552 3555/3551/3551
f 3550/3546/3546 3553/3549/3549 3557/3553/3553
f 3557/3553/3553 3551/3547/3547 3550/3546/3546
f 2781/2777/2777 2794/2790/2790 3551/3547/3547
f 3558/3554/3554 3551/3547/3547 3557/3553/3553
f 3558/3554/3554 2781/2777/2777 3551/3547/3547
f 3552/3548/3548 3559/3555/3555 3553/3549/3549
f 3560/3556/3556 3552/3548/3548 3554/3550/3550
f 3559/3555/3555 3552/3548/3548 3560/3556/3556
f 3553/3549/3549 3559/3555/3555 3561/3557/3557
f 3557/3553/3553 3553/3549/3549 3561/3557/3557
f 3560/3556/3556 3554/3550/3550 3562/3558/3558
f 3562/3558/3558 3554/3550/3550 3555/3551/3551
f 3556/3552/3552 3563/3559/3559 3555/3551/3551
f 3555/3551/3551 3563/3559/3559 3562/3558/3558
f 3564/3560/3560 3557/3553/3553 3561/3557/3557
f 3565/3561/3561 3557/3553/3553 3564/3560/3560
f 3565/3561/3561 3558/3554/3554 3557/3553/3553
f 3559/3555/3555 3566/3562/3562 3561/3557/3557
f 3561/3557/3557 3566/3562/3562 3564/3560/3560
f 3566/3562/3562 3559/3555/3555 3567/3563/3563
f 3567/3563/3563 3559/3555/3555 3560/3556/3556
f 3567/3563/3563 3560/3556/3556 3568/3564/3564
f 3568/3564/3564 3560/3556/3556 3562/3558/3558
f 3563/3559/3559 3569/3565/3565 3562/3558/3558
f 3562/3558/3558 3569/3565/3565 3568/3564/3564
f 3564/3560/3560 3570/3566/3566 3565/3561/3561
f 3564/3560/3560 3571/3567/3567 3570/3566/3566
f 3566/3562/3562 3571/3567/3567 3564/3560/3560
f 3571/3567/3567 3566/3562/3562 3572/3568/3568
f 3572/3568/3568 3566/3562/3562 3567/3563/3563
f 3572/3568/3568 3567/3563/3563 3573/3569/3569
f 3573/3569/3569 3567/3563/3563 3568/3564/3564
f 3573/3569/3569 3568/3564/3564 3574/3570/3570
f 3574/3570/3570 3568/3564/3564 3569/3565/3565
f 3571/3567/3567 3575/3571/3571 3570/3566/3566
f 3576/3572/3572 3571/3567/3567 3572/3568/3568
f 3575/3571/3571 3571/3567/3567 3576/3572/3572
f 3576/3572/3572 3572/3568/3568 3577/3573/3573
f 3577/3573/3573 3572/3568/3568 3573/3569/3569
f 3574/3570/3570 3578/3574/3574 3573/3569/3569
f 3573/3569/3569 3578/3574/3574 3577/3573/3573
f 3565/3561/3561 3570/3566/3566 3579/3575/3575
f 3570/3566/3566 3575/3571/3571 3580/3576/3576
f 3570/3566/3566 3580/3576/3576 3579/3575/3575
f 3575/3571/3571 3581/3577/3577 3580/3576/3576
f 3582/3578/3578 3575/3571/3571 3576/3572/3572
f 3581/3577/3577 3575/3571/3571 3582/3578/3578
f 3582/3578/3578 3576/3572/3572 3583/3579/3579
f 3583/3579/3579 3576/3572/3572 3577/3573/3573
f 3583/3579/3579 3577/3573/3573 3584/3580/3580
f 3584/3580/3580 3577/3573/3573 3578/3574/3574
f 3580/3576/3576 3581/3577/3577 3585/3581/3581
f 3585/3581/3581 3586/3582/3582 3580/3576/3576
f 3579/3575/3575 3580/3576/3576 3586/3582/3582
f 3581/3577/3577 3587/3583/3583 3585/3581/3581
f 3588/3584/3584 3581/3577/3577 3582/3578/3578
f 3587/3583/3583 3581/3577/3577 3588/3584/3584
f 3588/3584/3584 3582/3578/3578 3589/3585/3585
f 3589/3585/3585 3582/3578/3578 3583/3579/3579
f 3589/3585/3585 3583/3579/3579 3590/3586/3586
f 3590/3586/3586 3583/3579/3579 3584/3580/3580
f 3585/3581/3581 3587/3583/3583 3591/3587/3587
f 3591/3587/3587 3592/3588/3588 3585/3581/3581
f 3592/3588/3588 3586/3582/3582 3585/3581/3581
f 3586/3582/3582 3593/3589/3589 3579/3575/3575
f 3594/3590/3590 3593/3589/3589 3586/3582/3582
f 3592/3588/3588 3594/3590/3590 3586/3582/3582
f 3587/3583/3583 3595/3591/3591 3591/3587/3587
f 3596/3592/3592 3587/3583/3583 3588/3584/3584
f 3595/3591/3591 3587/3583/3583 3596/3592/3592
f 3596/3592/3592 3588/3584/3584 3597/3593/3593
f 3597/3593/3593 3588/3584/3584 3589/3585/3585
f 3597/3593/3593 3589/3585/3585 3598/3594/3594
f 3598/3594/3594 3589/3585/3585 3590/3586/3586
f 3591/3587/3587 3595/3591/3591 3599/3595/3595
f 3591/3587/3587 3599/3595/3595 3600/3596/3596
f 3600/3596/3596 3592/3588/3588 3591/3587/3587
f 3601/3597/3597 3594/3590/3590 3592/3588/3588
f 3600/3596/3596 3601/3597/3597 3592/3588/3588
f 3594/3590/3590 3602/3598/3598 3593/3589/3589
f 3603/3599/3599 3602/3598/3598 3594/3590/3590
f 3601/3597/3597 3603/3599/3599 3594/3590/3590
f 3595/3591/3591 3604/3600/3600 3599/3595/3595
f 3605/3601/3601 3595/3591/3591 3596/3592/3592
f 3604/3600/3600 3595/3591/3591 3605/3601/3601
f 3605/3601/3601 3596/3592/3592 3606/3602/3602
f 3606/3602/3602 3596/3592/3592 3597/3593/3593
f 3606/3602/3602 3597/3593/3593 3607/3603/3603
f 3607/3603/3603 3597/3593/3593 3598/3594/3594
f 3600/3596/3596 3599/3595/3595 3608/3604/3604
f 3599/3595/3595 3604/3600/3600 3609/3605/3605
f 3599/3595/3595 3609/3605/3605 3608/3604/3604
f 3610/3606/3606 3601/3597/3597 3600/3596/3596
f 3608/3604/3604 3610/3606/3606 3600/3596/3596
f 3611/3607/3607 3603/3599/3599 3601/3597/3597
f 3610/3606/3606 3611/3607/3607 3601/3597/3597
f 3606/3602/3602 3612/3608/3608 3605/3601/3601
f 3612/3608/3608 3604/3600/3600 3605/3601/3601
f 3604/3600/3600 3613/3609/3609 3609/3605/3605
f 3613/3609/3609 3604/3600/3600 3612/3608/3608
f 3603/3599/3599 3611/3607/3607 2750/2746/2746
f 2760/2756/2756 3603/3599/3599 2750/2746/2746
f 3602/3598/3598 3603/3599/3599 2760/2756/2756
f 3614/3610/3610 3612/3608/3608 3606/3602/3602
f 3606/3602/3602 3615/3611/3611 3614/3610/3610
f 3607/3603/3603 3615/3611/3611 3606/3602/3602
f 3608/3604/3604 3609/3605/3605 3616/3612/3612
f 3616/3612/3612 3617/3613/3613 3608/3604/3604
f 3617/3613/3613 3610/3606/3606 3608/3604/3604
f 3609/3605/3605 3618/3614/3614 3616/3612/3612
f 3609/3605/3605 3613/3609/3609 3618/3614/3614
f 3619/3615/3615 3611/3607/3607 3610/3606/3606
f 3617/3613/3613 3619/3615/3615 3610/3606/3606
f 3619/3615/3615 2741/2737/2737 3611/3607/3607
f 2750/2746/2746 3611/3607/3607 2741/2737/2737
f 3616/3612/3612 3618/3614/3614 3620/3616/3616
f 3620/3616/3616 3621/3617/3617 3616/3612/3612
f 3621/3617/3617 3617/3613/3613 3616/3612/3612
f 3622/3618/3618 3619/3615/3615 3617/3613/3613
f 3621/3617/3617 3622/3618/3618 3617/3613/3613
f 2731/2727/2727 2741/2737/2737 3619/3615/3615
f 3622/3618/3618 2731/2727/2727 3619/3615/3615
f 3623/3619/3619 3621/3617/3617 3620/3616/3616
f 3624/3620/3620 3622/3618/3618 3621/3617/3617
f 3623/3619/3619 3624/3620/3620 3621/3617/3617
f 2728/2724/2724 2731/2727/2727 3622/3618/3618
f 3624/3620/3620 2728/2724/2724 3622/3618/3618
f 2738/2734/2734 3624/3620/3620 3623/3619/3619
f 2726/2722/2722 2728/2724/2724 3624/3620/3620
f 3624/3620/3620 2738/2734/2734 2726/2722/2722
f 3625/3621/3621 2218/2214/2214 2228/2224/2224
f 3626/3622/3622 3625/3621/3621 2228/2224/2224
f 3627/3623/3623 3625/3621/3621 3626/3622/3622
f 3626/3622/3622 2228/2224/2224 2238/2234/2234
f 3626/3622/3622 3628/3624/3624 3627/3623/3623
f 3629/3625/3625 3628/3624/3624 3626/3622/3622
f 3630/3626/3626 3626/3622/3622 2238/2234/2234
f 3629/3625/3625 3626/3622/3622 3630/3626/3626
f 3628/3624/3624 3629/3625/3625 3631/3627/3627
f 3631/3627/3627 3629/3625/3625 3632/3628/3628
f 3633/3629/3629 3629/3625/3625 3630/3626/3626
f 3632/3628/3628 3629/3625/3625 3633/3629/3629
f 2238/2234/2234 3634/3630/3630 3630/3626/3626
f 3635/3631/3631 3630/3626/3626 3634/3630/3630
f 3633/3629/3629 3630/3626/3626 3635/3631/3631
f 62/62/62 3634/3630/3630 2238/2234/2234
f 3631/3627/3627 3632/3628/3628 3636/3632/3632
f 3636/3632/3632 3632/3628/3628 3637/3633/3633
f 3633/3629/3629 3637/3633/3633 3632/3628/3628
f 3638/3634/3634 3637/3633/3633 3633/3629/3629
f 3639/3635/3635 3633/3629/3629 3635/3631/3631
f 3638/3634/3634 3633/3629/3629 3639/3635/3635
f 62/62/62 63/63/63 3634/3630/3630
f 3640/3636/3636 3634/3630/3630 63/63/63
f 3635/3631/3631 3634/3630/3630 3640/3636/3636
f 3639/3635/3635 3635/3631/3631 3641/3637/3637
f 3641/3637/3637 3635/3631/3631 3640/3636/3636
f 3636/3632/3632 3637/3633/3633 3642/3638/3638
f 3642/3638/3638 3637/3633/3633 3643/3639/3639
f 3638/3634/3634 3643/3639/3639 3637/3633/3633
f 3644/3640/3640 3643/3639/3639 3638/3634/3634
f 3645/3641/3641 3638/3634/3634 3639/3635/3635
f 3644/3640/3640 3638/3634/3634 3645/3641/3641
f 3645/3641/3641 3639/3635/3635 3646/3642/3642
f 3646/3642/3642 3639/3635/3635 3641/3637/3637
f 3640/3636/3636 3647/3643/3643 3641/3637/3637
f 64/64/64 3647/3643/3643 3640/3636/3636
f 3640/3636/3636 63/63/63 64/64/64
f 3647/3643/3643 3648/3644/3644 3641/3637/3637
f 3641/3637/3637 3648/3644/3644 3646/3642/3642
f 3642/3638/3638 3643/3639/3639 3649/3645/3645
f 3649/3645/3645 3643/3639/3639 3650/3646/3646
f 3644/3640/3640 3650/3646/3646 3643/3639/3639
f 3651/3647/3647 3650/3646/3646 3644/3640/3640
f 3644/3640/3640 3652/3648/3648 3651/3647/3647
f 3645/3641/3641 3652/3648/3648 3644/3640/3640
f 3646/3642/3642 3653/3649/3649 3645/3641/3641
f 3645/3641/3641 3653/3649/3649 3652/3648/3648
f 3653/3649/3649 3646/3642/3642 3654/3650/3650
f 3654/3650/3650 3646/3642/3642 3648/3644/3644
f 64/64/64 65/65/65 3647/3643/3643
f 3647/3643/3643 3655/3651/3651 3648/3644/3644
f 65/65/65 3655/3651/3651 3647/3643/3643
f 3654/3650/3650 3648/3644/3644 3656/3652/3652
f 3656/3652/3652 3648/3644/3644 3655/3651/3651
f 3649/3645/3645 3650/3646/3646 3657/3653/3653
f 3657/3653/3653 3650/3646/3646 3658/3654/3654
f 3650/3646/3646 3651/3647/3647 3658/3654/3654
f 3651/3647/3647 3652/3648/3648 3659/3655/3655
f 3658/3654/3654 3651/3647/3647 3659/3655/3655
f 3659/3655/3655 3652/3648/3648 3660/3656/3656
f 3661/3657/3657 3652/3648/3648 3653/3649/3649
f 3660/3656/3656 3652/3648/3648 3661/3657/3657
f 3654/3650/3650 3662/3658/3658 3653/3649/3649
f 3653/3649/3649 3662/3658/3658 3661/3657/3657
f 3656/3652/3652 3663/3659/3659 3654/3650/3650
f 3654/3650/3650 3663/3659/3659 3662/3658/3658
f 3655/3651/3651 3664/3660/3660 3656/3652/3652
f 66/66/66 3664/3660/3660 3655/3651/3651
f 65/65/65 66/66/66 3655/3651/3651
f 3664/3660/3660 3665/3661/3661 3656/3652/3652
f 3656/3652/3652 3665/3661/3661 3663/3659/3659
f 3657/3653/3653 3658/3654/3654 3666/3662/3662
f 3666/3662/3662 3658/3654/3654 3667/3663/3663
f 3658/3654/3654 3659/3655/3655 3667/3663/3663
f 3667/3663/3663 3659/3655/3655 3668/3664/3664
f 3659/3655/3655 3660/3656/3656 3668/3664/3664
f 3668/3664/3664 3660/3656/3656 3669/3665/3665
f 3661/3657/3657 3669/3665/3665 3660/3656/3656
f 3670/3666/3666 3669/3665/3665 3661/3657/3657
f 3662/3658/3658 3670/3666/3666 3661/3657/3657
f 3671/3667/3667 3670/3666/3666 3662/3658/3658
f 3662/3658/3658 3672/3668/3668 3671/3667/3667
f 3663/3659/3659 3672/3668/3668 3662/3658/3658
f 3665/3661/3661 3673/3669/3669 3663/3659/3659
f 3663/3659/3659 3674/3670/3670 3672/3668/3668
f 3663/3659/3659 3673/3669/3669 3674/3670/3670
f 3664/3660/3660 3675/3671/3671 3665/3661/3661
f 3538/3534/3534 3519/3515/3515 3520/3516/3516
f 2598/2594/2594 2606/2602/2602 3538/3534/3534
f 3538/3534/3534 2606/2602/2602 3676/3672/3672
f 3677/3673/3673 3519/3515/3515 3538/3534/3534
f 3678/3674/3674 3538/3534/3534 3676/3672/3672
f 3677/3673/3673 3538/3534/3534 3678/3674/3674
f 2606/2602/2602 2614/2610/2610 3676/3672/3672
f 3676/3672/3672 2614/2610/2610 3679/3675/3675
f 3679/3675/3675 3678/3674/3674 3676/3672/3672
f 3680/3676/3676 3677/3673/3673 3678/3674/3674
f 3681/3677/3677 3677/3673/3673 3680/3676/3676
f 3677/3673/3673 3681/3677/3677 3519/3515/3515
f 3682/3678/3678 3680/3676/3676 3678/3674/3674
f 3682/3678/3678 3678/3674/3674 3679/3675/3675
f 3519/3515/3515 3681/3677/3677 3510/3506/3506
f 2614/2610/2610 2622/2618/2618 3679/3675/3675
f 3683/3679/3679 3682/3678/3678 3679/3675/3675
f 3679/3675/3675 2622/2618/2618 3683/3679/3679
f 3684/3680/3680 3680/3676/3676 3682/3678/3678
f 3680/3676/3676 3684/3680/3680 3685/3681/3681
f 3680/3676/3676 3685/3681/3681 3681/3677/3677
f 3681/3677/3677 3685/3681/3681 3686/3682/3682
f 3681/3677/3677 3686/3682/3682 3510/3506/3506
f 3682/3678/3678 3687/3683/3683 3684/3680/3680
f 3687/3683/3683 3682/3678/3678 3683/3679/3679
f 3510/3506/3506 3686/3682/3682 3499/3495/3495
f 2622/2618/2618 2629/2625/2625 3683/3679/3679
f 3688/3684/3684 3687/3683/3683 3683/3679/3679
f 3683/3679/3679 2629/2625/2625 3688/3684/3684
f 3685/3681/3681 3684/3680/3680 3689/3685/3685
f 3684/3680/3680 3690/3686/3686 3689/3685/3685
f 3684/3680/3680 3687/3683/3683 3690/3686/3686
f 3687/3683/3683 3691/3687/3687 3690/3686/3686
f 3691/3687/3687 3687/3683/3683 3688/3684/3684
f 3692/3688/3688 3686/3682/3682 3685/3681/3681
f 3685/3681/3681 3693/3689/3689 3692/3688/3688
f 3689/3685/3685 3693/3689/3689 3685/3681/3681
f 3694/3690/3690 3499/3495/3495 3686/3682/3682
f 3694/3690/3690 3686/3682/3682 3692/3688/3688
f 3488/3484/3484 3499/3495/3495 3694/3690/3690
f 2629/2625/2625 2638/2634/2634 3688/3684/3684
f 3688/3684/3684 2638/2634/2634 3695/3691/3691
f 3688/3684/3684 3695/3691/3691 3691/3687/3687
f 3689/3685/3685 3690/3686/3686 3696/3692/3692
f 3689/3685/3685 3697/3693/3693 3693/3689/3689
f 3696/3692/3692 3697/3693/3693 3689/3685/3685
f 3690/3686/3686 3698/3694/3694 3696/3692/3692
f 3690/3686/3686 3691/3687/3687 3698/3694/3694
f 3691/3687/3687 3695/3691/3691 3699/3695/3695
f 3691/3687/3687 3699/3695/3695 3698/3694/3694
f 3700/3696/3696 3694/3690/3690 3692/3688/3688
f 3692/3688/3688 3701/3697/3697 3700/3696/3696
f 3693/3689/3689 3701/3697/3697 3692/3688/3688
f 3701/3697/3697 3693/3689/3689 3702/3698/3698
f 3702/3698/3698 3693/3689/3689 3697/3693/3693
f 3694/3690/3690 3703/3699/3699 3488/3484/3484
f 3703/3699/3699 3694/3690/3690 3700/3696/3696
f 3488/3484/3484 3703/3699/3699 3478/3474/3474
f 2638/2634/2634 2645/2641/2641 3695/3691/3691
f 3695/3691/3691 2645/2641/2641 3704/3700/3700
f 3695/3691/3691 3704/3700/3700 3699/3695/3695
f 3696/3692/3692 3698/3694/3694 2692/2688/2688
f 2700/2696/2696 3696/3692/3692 2692/2688/2688
f 3697/3693/3693 3696/3692/3692 2700/2696/2696
f 2700/2696/2696 2850/2846/2846 3697/3693/3693
f 3697/3693/3693 2850/2846/2846 3702/3698/3698
f 3698/3694/3694 3699/3695/3695 2683/2679/2679
f 3698/3694/3694 2683/2679/2679 2692/2688/2688
f 3699/3695/3695 3704/3700/3700 2675/2671/2671
f 3699/3695/3695 2675/2671/2671 2683/2679/2679
f 3705/3701/3701 3700/3696/3696 3701/3697/3697
f 3706/3702/3702 3700/3696/3696 3705/3701/3701
f 3706/3702/3702 3703/3699/3699 3700/3696/3696
f 3705/3701/3701 3701/3697/3697 3707/3703/3703
f 3707/3703/3703 3701/3697/3697 3702/3698/3698
f 2850/2846/2846 2858/2854/2854 3702/3698/3698
f 3702/3698/3698 2858/2854/2854 3707/3703/3703
f 3708/3704/3704 3703/3699/3699 3706/3702/3702
f 3703/3699/3699 3708/3704/3704 3478/3474/3474
f 3478/3474/3474 3708/3704/3704 3468/3464/3464
f 2645/2641/2641 2652/2648/2648 3704/3700/3700
f 3704/3700/3700 2652/2648/2648 2663/2659/2659
f 3704/3700/3700 2663/2659/2659 2675/2671/2671
f 3709/3705/3705 3706/3702/3702 3705/3701/3701
f 3710/3706/3706 3705/3701/3701 3707/3703/3703
f 3709/3705/3705 3705/3701/3701 3710/3706/3706
f 3711/3707/3707 3706/3702/3702 3709/3705/3705
f 3711/3707/3707 3708/3704/3704 3706/3702/3702
f 2858/2854/2854 2865/2861/2861 3707/3703/3703
f 3707/3703/3703 2865/2861/2861 3710/3706/3706
f 3712/3708/3708 3708/3704/3704 3711/3707/3707
f 3708/3704/3704 3712/3708/3708 3468/3464/3464
f 3468/3464/3464 3712/3708/3708 3459/3455/3455
f 3713/3709/3709 3711/3707/3707 3709/3705/3705
f 3714/3710/3710 3709/3705/3705 3710/3706/3706
f 3713/3709/3709 3709/3705/3705 3714/3710/3710
f 2865/2861/2861 2874/2870/2870 3710/3706/3706
f 3710/3706/3706 2874/2870/2870 3714/3710/3710
f 3715/3711/3711 3712/3708/3708 3711/3707/3707
f 3715/3711/3711 3711/3707/3707 3713/3709/3709
f 3712/3708/3708 3716/3712/3712 3459/3455/3455
f 3716/3712/3712 3712/3708/3708 3715/3711/3711
f 3459/3455/3455 3716/3712/3712 3448/3444/3444
f 3717/3713/3713 3715/3711/3711 3713/3709/3709
f 3713/3709/3709 3718/3714/3714 3717/3713/3713
f 3714/3710/3710 3718/3714/3714 3713/3709/3709
f 2874/2870/2870 2882/2878/2878 3714/3710/3710
f 3714/3710/3710 2882/2878/2878 3718/3714/3714
f 3719/3715/3715 3715/3711/3711 3717/3713/3713
f 3719/3715/3715 3716/3712/3712 3715/3711/3711
f 3720/3716/3716 3716/3712/3712 3719/3715/3715
f 3716/3712/3712 3720/3716/3716 3448/3444/3444
f 3448/3444/3444 3720/3716/3716 3443/3439/3439
f 3721/3717/3717 3719/3715/3715 3717/3713/3713
f 3722/3718/3718 3717/3713/3713 3718/3714/3714
f 3721/3717/3717 3717/3713/3713 3722/3718/3718
f 2882/2878/2878 2890/2886/2886 3718/3714/3714
f 3718/3714/3714 2890/2886/2886 3722/3718/3718
f 3723/3719/3719 3719/3715/3715 3721/3717/3717
f 3723/3719/3719 3720/3716/3716 3719/3715/3715
f 3724/3720/3720 3720/3716/3716 3723/3719/3719
f 3720/3716/3716 3724/3720/3720 3443/3439/3439
f 3723/3719/3719 3721/3717/3717 3725/3721/3721
f 3723/3719/3719 3725/3721/3721 3724/3720/3720
f 3443/3439/3439 3724/3720/3720 3433/3429/3429
f 3724/3720/3720 3725/3721/3721 3726/3722/3722
f 3724/3720/3720 3726/3722/3722 3433/3429/3429
f 3722/3718/3718 3727/3723/3723 3721/3717/3717
f 3725/3721/3721 3721/3717/3717 3728/3724/3724
f 3721/3717/3717 3727/3723/3723 3728/3724/3724
f 3727/3723/3723 3722/3718/3718 2898/2894/2894
f 2898/2894/2894 3722/3718/3718 2890/2886/2886
f 3728/3724/3724 3729/3725/3725 3725/3721/3721
f 3725/3721/3721 3730/3726/3726 3726/3722/3722
f 3729/3725/3725 3730/3726/3726 3725/3721/3721
f 3730/3726/3726 3731/3727/3727 3726/3722/3722
f 3433/3429/3429 3726/3722/3722 3732/3728/3728
f 3726/3722/3722 3731/3727/3727 3732/3728/3728
f 3434/3430/3430 3433/3429/3429 3732/3728/3728
f 2906/2902/2902 3727/3723/3723 2898/2894/2894
f 3733/3729/3729 3727/3723/3723 2906/2902/2902
f 3727/3723/3723 3733/3729/3729 3728/3724/3724
f 3728/3724/3724 3733/3729/3729 3734/3730/3730
f 3734/3730/3730 3729/3725/3725 3728/3724/3724
f 3731/3727/3727 3735/3731/3731 3732/3728/3728
f 3732/3728/3728 3735/3731/3731 3434/3430/3430
f 3734/3730/3730 3148/3144/3144 3729/3725/3725
f 3729/3725/3725 3152/3148/3148 3730/3726/3726
f 3148/3144/3144 3152/3148/3148 3729/3725/3725
f 3152/3148/3148 3163/3159/3159 3730/3726/3726
f 3730/3726/3726 3163/3159/3159 3731/3727/3727
f 3163/3159/3159 3171/3167/3167 3731/3727/3727
f 3731/3727/3727 3171/3167/3167 3735/3731/3731
f 2914/2910/2910 3733/3729/3729 2906/2902/2902
f 3733/3729/3729 3736/3732/3732 3734/3730/3730
f 3736/3732/3732 3733/3729/3729 2914/2910/2910
f 3737/3733/3733 3148/3144/3144 3734/3730/3730
f 3734/3730/3730 3736/3732/3732 3737/3733/3733
f 3171/3167/3167 3181/3177/3177 3735/3731/3731
f 3735/3731/3731 3738/3734/3734 3434/3430/3430
f 3735/3731/3731 3181/3177/3177 3738/3734/3734
f 3143/3139/3139 3148/3144/3144 3737/3733/3733
f 3736/3732/3732 3739/3735/3735 3737/3733/3733
f 3737/3733/3733 3739/3735/3735 3143/3139/3139
f 2914/2910/2910 2922/2918/2918 3736/3732/3732
f 3736/3732/3732 2922/2918/2918 3739/3735/3735
f 3181/3177/3177 3192/3188/3188 3738/3734/3734
f 3739/3735/3735 3131/3127/3127 3143/3139/3139
f 2922/2918/2918 2930/2926/2926 3739/3735/3735
f 3739/3735/3735 2930/2926/2926 3131/3127/3127
f 2930/2926/2926 2938/2934/2934 3131/3127/3127
f 3738/3734/3734 3192/3188/3188 3421/3417/3417
f 3192/3188/3188 3200/3196/3196 3421/3417/3417
f 3738/3734/3734 3421/3417/3417 3422/3418/3418
f 3434/3430/3430 3738/3734/3734 3422/3418/3418
f 2635/2631/2631 3740/3736/3736 2643/2639/2639
f 3741/3737/3737 3740/3736/3736 2635/2631/2631
f 2635/2631/2631 2627/2623/2623 3741/3737/3737
f 3740/3736/3736 3741/3737/3737 3742/3738/3738
f 3742/3738/3738 3741/3737/3737 3743/3739/3739
f 3741/3737/3737 3744/3740/3740 3743/3739/3739
f 3741/3737/3737 2627/2623/2623 3744/3740/3740
f 2619/2615/2615 3744/3740/3740 2627/2623/2623
f 3742/3738/3738 3743/3739/3739 3745/3741/3741
f 3743/3739/3739 3744/3740/3740 3746/3742/3742
f 3746/3742/3742 3747/3743/3743 3743/3739/3739
f 3745/3741/3741 3743/3739/3739 3747/3743/3743
f 3748/3744/3744 3744/3740/3740 2619/2615/2615
f 3744/3740/3740 3748/3744/3744 3746/3742/3742
f 2611/2607/2607 3748/3744/3744 2619/2615/2615
f 3745/3741/3741 3747/3743/3743 3749/3745/3745
f 3746/3742/3742 3748/3744/3744 3750/3746/3746
f 3750/3746/3746 3751/3747/3747 3746/3742/3742
f 3751/3747/3747 3747/3743/3743 3746/3742/3742
f 3749/3745/3745 3747/3743/3743 3752/3748/3748
f 3747/3743/3743 3751/3747/3747 3752/3748/3748
f 3753/3749/3749 3748/3744/3744 2611/2607/2607
f 3748/3744/3744 3753/3749/3749 3750/3746/3746
f 2603/2599/2599 3753/3749/3749 2611/2607/2607
f 3749/3745/3745 3752/3748/3748 3754/3750/3750
f 3750/3746/3746 3753/3749/3749 3755/3751/3751
f 3755/3751/3751 3756/3752/3752 3750/3746/3746
f 3756/3752/3752 3751/3747/3747 3750/3746/3746
f 3752/3748/3748 3751/3747/3747 3757/3753/3753
f 3751/3747/3747 3756/3752/3752 3757/3753/3753
f 3754/3750/3750 3752/3748/3748 3758/3754/3754
f 3757/3753/3753 3758/3754/3754 3752/3748/3748
f 3753/3749/3749 3759/3755/3755 3755/3751/3751
f 3759/3755/3755 3753/3749/3749 2603/2599/2599
f 2595/2591/2591 3759/3755/3755 2603/2599/2599
f 3754/3750/3750 3758/3754/3754 3760/3756/3756
f 3761/3757/3757 3756/3752/3752 3755/3751/3751
f 3755/3751/3751 3759/3755/3755 3762/3758/3758
f 3762/3758/3758 3761/3757/3757 3755/3751/3751
f 3757/3753/3753 3756/3752/3752 3763/3759/3759
f 3756/3752/3752 3761/3757/3757 3763/3759/3759
f 3764/3760/3760 3758/3754/3754 3757/3753/3753
f 3763/3759/3759 3764/3760/3760 3757/3753/3753
f 3758/3754/3754 3764/3760/3760 3765/3761/3761
f 3760/3756/3756 3758/3754/3754 3765/3761/3761
f 3766/3762/3762 3759/3755/3755 2595/2591/2591
f 3759/3755/3755 3766/3762/3762 3762/3758/3758
f 2587/2583/2583 3766/3762/3762 2595/2591/2591
f 3760/3756/3756 3765/3761/3761 3767/3763/3763
f 3763/3759/3759 3761/3757/3757 3768/3764/3764
f 3769/3765/3765 3761/3757/3757 3762/3758/3758
f 3761/3757/3757 3769/3765/3765 3768/3764/3764
f 3762/3758/3758 3766/3762/3762 3770/3766/3766
f 3770/3766/3766 3769/3765/3765 3762/3758/3758
f 3771/3767/3767 3764/3760/3760 3763/3759/3759
f 3768/3764/3764 3771/3767/3767 3763/3759/3759
f 3764/3760/3760 3771/3767/3767 3772/3768/3768
f 3765/3761/3761 3764/3760/3760 3772/3768/3768
f 3767/3763/3763 3765/3761/3761 3773/3769/3769
f 3772/3768/3768 3773/3769/3769 3765/3761/3761
f 3766/3762/3762 3774/3770/3770 3770/3766/3766
f 3774/3770/3770 3766/3762/3762 2587/2583/2583
f 2578/2574/2574 3774/3770/3770 2587/2583/2583
f 3775/3771/3771 3771/3767/3767 3768/3764/3764
f 3768/3764/3764 3769/3765/3765 3776/3772/3772
f 3776/3772/3772 3775/3771/3771 3768/3764/3764
f 3769/3765/3765 3777/3773/3773 3776/3772/3772
f 3777/3773/3773 3769/3765/3765 3770/3766/3766
f 3778/3774/3774 3777/3773/3773 3770/3766/3766
f 3770/3766/3766 3774/3770/3770 3778/3774/3774
f 3771/3767/3767 3775/3771/3771 3779/3775/3775
f 3772/3768/3768 3771/3767/3767 3779/3775/3775
f 3780/3776/3776 3773/3769/3769 3772/3768/3768
f 3779/3775/3775 3780/3776/3776 3772/3768/3768
f 3781/3777/3777 3774/3770/3770 2578/2574/2574
f 3774/3770/3770 3781/3777/3777 3778/3774/3774
f 2569/2565/2565 3781/3777/3777 2578/2574/2574
f 3779/3775/3775 3775/3771/3771 3782/3778/3778
f 3783/3779/3779 3775/3771/3771 3776/3772/3772
f 3775/3771/3771 3783/3779/3779 3782/3778/3778
f 3776/3772/3772 3777/3773/3773 3784/3780/3780
f 67/67/67 3675/3671/3671 3664/3660/3660
f 66/66/66 67/67/67 3664/3660/3660
f 3675/3671/3671 3785/3781/3781 3665/3661/3661
f 3665/3661/3661 3785/3781/3781 3673/3669/3669
f 3666/3662/3662 3667/3663/3663 3786/3782/3782
f 3786/3782/3782 3667/3663/3663 3787/3783/3783
f 3667/3663/3663 3668/3664/3664 3787/3783/3783
f 3787/3783/3783 3668/3664/3664 3788/3784/3784
f 3668/3664/3664 3669/3665/3665 3788/3784/3784
f 3669/3665/3665 3670/3666/3666 3789/3785/3785
f 3788/3784/3784 3669/3665/3665 3789/3785/3785
f 3789/3785/3785 3670/3666/3666 3790/3786/3786
f 3670/3666/3666 3671/3667/3667 3790/3786/3786
f 3790/3786/3786 3671/3667/3667 3791/3787/3787
f 3671/3667/3667 3672/3668/3668 3791/3787/3787
f 3673/3669/3669 3785/3781/3781 224/3788/3788
f 3673/3669/3669 224/3788/3788 3674/3670/3670
f 3675/3671/3671 67/67/67 72/72/72
f 3792/3789/3789 3675/3671/3671 72/72/72
f 3785/3781/3781 3675/3671/3671 3792/3789/3789
f 224/3788/3788 3785/3781/3781 225/3790/3790
f 3785/3781/3781 3792/3789/3789 225/3790/3790
f 3786/3782/3782 3787/3783/3783 3793/3791/3791
f 3793/3791/3791 3787/3783/3783 3794/3792/3792
f 3787/3783/3783 3788/3784/3784 3794/3792/3792
f 3794/3792/3792 3788/3784/3784 3795/3793/3793
f 3788/3784/3784 3789/3785/3785 3795/3793/3793
f 3790/3786/3786 3796/3794/3794 3789/3785/3785
f 3795/3793/3793 3789/3785/3785 3796/3794/3794
f 3797/3795/3795 3796/3794/3794 3790/3786/3786
f 3791/3787/3787 3797/3795/3795 3790/3786/3786
f 3794/3792/3792 3798/3796/3796 3793/3791/3791
f 3799/3797/3797 3798/3796/3796 3794/3792/3792
f 3795/3793/3793 3799/3797/3797 3794/3792/3792
f 3800/3798/3798 3799/3797/3797 3795/3793/3793
f 3796/3794/3794 3800/3798/3798 3795/3793/3793
f 3801/3799/3799 3800/3798/3798 3796/3794/3794
f 3797/3795/3795 3801/3799/3799 3796/3794/3794
f 225/3790/3790 3792/3789/3789 83/3800/3800
f 3792/3789/3789 3802/3801/3801 83/3800/3800
f 72/72/72 71/71/71 3792/3789/3789
f 3792/3789/3789 71/71/71 3802/3801/3801
f 3799/3797/3797 3803/3802/3802 3798/3796/3796
f 3804/3803/3803 3803/3802/3802 3799/3797/3797
f 3800/3798/3798 3804/3803/3803 3799/3797/3797
f 3805/3804/3804 3804/3803/3803 3800/3798/3798
f 3801/3799/3799 3805/3804/3804 3800/3798/3798
f 3806/3805/3805 3801/3799/3799 3797/3795/3795
f 3801/3799/3799 3806/3805/3805 3807/3806/3806
f 3807/3806/3806 3805/3804/3804 3801/3799/3799
f 3804/3803/3803 3808/3807/3807 3803/3802/3802
f 3809/3808/3808 3808/3807/3807 3804/3803/3803
f 3804/3803/3803 3805/3804/3804 3809/3808/3808
f 3807/3806/3806 3810/3809/3809 3805/3804/3804
f 3809/3808/3808 3805/3804/3804 3810/3809/3809
f 3811/3810/3810 3808/3807/3807 3809/3808/3808
f 3810/3809/3809 3811/3810/3810 3809/3808/3808
f 83/3800/3800 3802/3801/3801 79/79/79
f 73/73/73 79/79/79 3802/3801/3801
f 3802/3801/3801 70/70/70 73/73/73
f 71/71/71 70/70/70 3802/3801/3801
f 3812/3811/3811 3810/3809/3809 3807/3806/3806
f 3807/3806/3806 3806/3805/3805 3813/3812/3812
f 3807/3806/3806 3813/3812/3812 3812/3811/3811
f 3812/3811/3811 3814/3813/3813 3810/3809/3809
f 3814/3813/3813 3811/3810/3810 3810/3809/3809
f 3815/3814/3814 3808/3807/3807 3811/3810/3810
f 3816/3815/3815 3815/3814/3814 3811/3810/3810
f 3814/3813/3813 3816/3815/3815 3811/3810/3810
f 3817/3816/3816 3814/3813/3813 3812/3811/3811
f 3812/3811/3811 3818/3817/3817 3817/3816/3816
f 3812/3811/3811 3813/3812/3812 3818/3817/3817
f 3817/3816/3816 3819/3818/3818 3814/3813/3813
f 3819/3818/3818 3816/3815/3815 3814/3813/3813
f 3820/3819/3819 3815/3814/3814 3816/3815/3815
f 3821/3820/3820 3820/3819/3819 3816/3815/3815
f 3819/3818/3818 3821/3820/3820 3816/3815/3815
f 212/211/211 3819/3818/3818 3817/3816/3816
f 3817/3816/3816 3818/3817/3817 218/217/217
f 218/217/217 212/211/211 3817/3816/3816
f 212/211/211 213/212/212 3819/3818/3818
f 213/212/212 3821/3820/3820 3819/3818/3818
f 3813/3812/3812 3822/3821/3821 3818/3817/3817
f 221/220/220 218/217/217 3818/3817/3817
f 3818/3817/3817 3822/3821/3821 221/220/220
f 3823/3822/3822 3820/3819/3819 3821/3820/3820
f 3821/3820/3820 3824/3823/3823 3823/3822/3822
f 3821/3820/3820 213/212/212 3824/3823/3823
f 3824/3823/3823 213/212/212 205/204/204
f 3823/3822/3822 3824/3823/3823 3825/3824/3824
f 3824/3823/3823 3826/3825/3825 3825/3824/3824
f 3824/3823/3823 194/193/193 3826/3825/3825
f 205/204/204 194/193/193 3824/3823/3823
f 3825/3824/3824 3826/3825/3825 3827/3826/3826
f 3828/3827/3827 3827/3826/3826 3826/3825/3825
f 183/182/182 3826/3825/3825 194/193/193
f 3828/3827/3827 3826/3825/3825 183/182/182
f 3822/3821/3821 3829/3828/3828 221/220/220
f 221/220/220 3829/3828/3828 219/218/218
f 3830/3829/3829 3827/3826/3826 3828/3827/3827
f 3831/3830/3830 3830/3829/3829 3828/3827/3827
f 183/182/182 3831/3830/3830 3828/3827/3827
f 175/174/174 3831/3830/3830 183/182/182
f 3832/3831/3831 3830/3829/3829 3831/3830/3830
f 175/174/174 3833/3832/3832 3831/3830/3830
f 3831/3830/3830 3834/3833/3833 3832/3831/3831
f 3833/3832/3832 3834/3833/3833 3831/3830/3830
f 161/160/160 3833/3832/3832 175/174/174
f 3833/3832/3832 161/160/160 154/153/153
f 147/146/146 3833/3832/3832 154/153/153
f 3834/3833/3833 3833/3832/3832 147/146/146
f 3829/3828/3828 3835/3834/3834 219/218/218
f 219/218/218 3835/3834/3834 3836/3835/3835
f 3836/3835/3835 220/219/219 219/218/218
f 3836/3835/3835 3837/3836/3836 220/219/219
f 3838/3837/3837 3836/3835/3835 3835/3834/3834
f 3837/3836/3836 3836/3835/3835 3838/3837/3837
f 220/219/219 3837/3836/3836 3839/3838/3838
f 3838/3837/3837 3835/3834/3834 3840/3839/3839
f 3840/3839/3839 3835/3834/3834 3841/3840/3840
f 3835/3834/3834 3829/3828/3828 3841/3840/3840
f 220/219/219 3839/3838/3838 290/286/286
f 290/286/286 3839/3838/3838 222/221/221
f 3840/3839/3839 3841/3840/3840 3842/3841/3841
f 3842/3841/3841 3841/3840/3840 3843/3842/3842
f 3841/3840/3840 3829/3828/3828 3844/3843/3843
f 3841/3840/3840 3844/3843/3843 3843/3842/3842
f 3829/3828/3828 3822/3821/3821 3844/3843/3843
f 3843/3842/3842 3845/3844/3844 3842/3841/3841
f 3846/3845/3845 3845/3844/3844 3843/3842/3842
f 3843/3842/3842 3844/3843/3843 3847/3846/3846
f 3847/3846/3846 3846/3845/3845 3843/3842/3842
f 3844/3843/3843 3848/3847/3847 3847/3846/3846
f 3844/3843/3843 3822/3821/3821 3848/3847/3847
f 3813/3812/3812 3848/3847/3847 3822/3821/3821
f 3846/3845/3845 3849/3848/3848 3845/3844/3844
f 3845/3844/3844 3849/3848/3848 3850/3849/3849
f 3851/3850/3850 3846/3845/3845 3847/3846/3846
f 3851/3850/3850 3849/3848/3848 3846/3845/3845
f 3852/3851/3851 3851/3850/3850 3847/3846/3846
f 3847/3846/3846 3848/3847/3847 3852/3851/3851
f 3806/3805/3805 3848/3847/3847 3813/3812/3812
f 3848/3847/3847 3806/3805/3805 3852/3851/3851
f 3850/3849/3849 3849/3848/3848 223/3852/3852
f 3672/3668/3668 3849/3848/3848 3851/3850/3850
f 223/3852/3852 3849/3848/3848 3674/3670/3670
f 3672/3668/3668 3674/3670/3670 3849/3848/3848
f 3791/3787/3787 3672/3668/3668 3851/3850/3850
f 3791/3787/3787 3851/3850/3850 3852/3851/3851
f 3852/3851/3851 3797/3795/3795 3791/3787/3787
f 3852/3851/3851 3806/3805/3805 3797/3795/3795
f 3674/3670/3670 224/3788/3788 223/3852/3852
f 2832/2828/2828 2987/2983/2983 3290/3286/3286
f 3290/3286/3286 3853/3853/3853 2832/2828/2828
f 3853/3853/3853 2823/2819/2819 2832/2828/2828
f 3291/3287/3287 3853/3853/3853 3290/3286/3286
f 2823/2819/2819 3853/3853/3853 3854/3854/3854
f 3853/3853/3853 3291/3287/3287 3855/3855/3855
f 3784/3780/3780 3783/3779/3779 3776/3772/3772
f 3777/3773/3773 3856/3856/3856 3784/3780/3780
f 3856/3856/3856 3777/3773/3773 3778/3774/3774
f 3778/3774/3774 3781/3777/3777 3857/3857/3857
f 3778/3774/3774 3857/3857/3857 3856/3856/3856
f 3858/3858/3858 3780/3776/3776 3779/3775/3775
f 3782/3778/3778 3858/3858/3858 3779/3775/3775
f 3781/3777/3777 3859/3859/3859 3857/3857/3857
f 3859/3859/3859 3781/3777/3777 2569/2565/2565
f 2569/2565/2565 2562/2558/2558 3859/3859/3859
f 3860/3860/3860 3858/3858/3858 3782/3778/3778
f 3782/3778/3778 3783/3779/3779 3861/3861/3861
f 3861/3861/3861 3860/3860/3860 3782/3778/3778
f 3783/3779/3779 3862/3862/3862 3861/3861/3861
f 3862/3862/3862 3783/3779/3779 3784/3780/3780
f 3863/3863/3863 3862/3862/3862 3784/3780/3780
f 3784/3780/3780 3856/3856/3856 3863/3863/3863
f 3856/3856/3856 3864/3864/3864 3863/3863/3863
f 3856/3856/3856 3857/3857/3857 3864/3864/3864
f 3857/3857/3857 3859/3859/3859 3865/3865/3865
f 3865/3865/3865 3864/3864/3864 3857/3857/3857
f 3859/3859/3859 3866/3866/3866 3865/3865/3865
f 3859/3859/3859 2562/2558/2558 3866/3866/3866
f 2562/2558/2558 2409/2405/2405 3866/3866/3866
f 3867/3867/3867 3860/3860/3860 3861/3861/3861
f 3868/3868/3868 3867/3867/3867 3861/3861/3861
f 3861/3861/3861 3862/3862/3862 3868/3868/3868
f 3862/3862/3862 3869/3869/3869 3868/3868/3868
f 3869/3869/3869 3862/3862/3862 3863/3863/3863
f 3863/3863/3863 3864/3864/3864 3870/3870/3870
f 3863/3863/3863 3870/3870/3870 3869/3869/3869
f 3864/3864/3864 3871/3871/3871 3870/3870/3870
f 3871/3871/3871 3864/3864/3864 3865/3865/3865
f 3865/3865/3865 3866/3866/3866 3872/3872/3872
f 3872/3872/3872 3871/3871/3871 3865/3865/3865
f 3866/3866/3866 3873/3873/3873 3872/3872/3872
f 3866/3866/3866 2409/2405/2405 3873/3873/3873
f 3873/3873/3873 2409/2405/2405 2400/2396/2396
f 3874/3874/3874 3867/3867/3867 3868/3868/3868
f 3875/3875/3875 3874/3874/3874 3868/3868/3868
f 3868/3868/3868 3869/3869/3869 3875/3875/3875
f 3869/3869/3869 3876/3876/3876 3875/3875/3875
f 3869/3869/3869 3870/3870/3870 3876/3876/3876
f 3870/3870/3870 3871/3871/3871 3877/3877/3877
f 3877/3877/3877 3876/3876/3876 3870/3870/3870
f 3871/3871/3871 3878/3878/3878 3877/3877/3877
f 3878/3878/3878 3871/3871/3871 3872/3872/3872
f 3872/3872/3872 3873/3873/3873 3879/3879/3879
f 3879/3879/3879 3878/3878/3878 3872/3872/3872
f 3879/3879/3879 3873/3873/3873 2391/2387/2387
f 2391/2387/2387 3873/3873/3873 2400/2396/2396
f 3880/3880/3880 3874/3874/3874 3875/3875/3875
f 3875/3875/3875 3881/3881/3881 3880/3880/3880
f 3875/3875/3875 3876/3876/3876 3881/3881/3881
f 3876/3876/3876 3882/3882/3882 3881/3881/3881
f 3882/3882/3882 3876/3876/3876 3877/3877/3877
f 3877/3877/3877 3878/3878/3878 3883/3883/3883
f 3883/3883/3883 3882/3882/3882 3877/3877/3877
f 3878/3878/3878 3884/3884/3884 3883/3883/3883
f 3884/3884/3884 3878/3878/3878 3879/3879/3879
f 3884/3884/3884 3879/3879/3879 2388/2384/2384
f 2388/2384/2384 3879/3879/3879 2391/2387/2387
f 3883/3883/3883 3884/3884/3884 3885/3885/3885
f 3884/3884/3884 2388/2384/2384 3885/3885/3885
f 3886/3886/3886 3882/3882/3882 3883/3883/3883
f 3885/3885/3885 3886/3886/3886 3883/3883/3883
f 3882/3882/3882 3886/3886/3886 3887/3887/3887
f 3881/3881/3881 3882/3882/3882 3887/3887/3887
f 3887/3887/3887 3888/3888/3888 3881/3881/3881
f 3880/3880/3880 3881/3881/3881 3888/3888/3888
f 3885/3885/3885 2388/2384/2384 2389/2385/2385
f 3889/3889/3889 3886/3886/3886 3885/3885/3885
f 3885/3885/3885 2389/2385/2385 3889/3889/3889
f 3886/3886/3886 3889/3889/3889 3890/3890/3890
f 3887/3887/3887 3886/3886/3886 3890/3890/3890
f 3890/3890/3890 3891/3891/3891 3887/3887/3887
f 3891/3891/3891 3888/3888/3888 3887/3887/3887
f 3892/3892/3892 3891/3891/3891 3890/3890/3890
f 3890/3890/3890 3889/3889/3889 3893/3893/3893
f 3893/3893/3893 3892/3892/3892 3890/3890/3890
f 3889/3889/3889 2389/2385/2385 3894/3894/3894
f 3895/3895/3895 3889/3889/3889 3894/3894/3894
f 3893/3893/3893 3889/3889/3889 3895/3895/3895
f 2389/2385/2385 2378/2374/2374 3894/3894/3894
f 2378/2374/2374 3896/3896/3896 3894/3894/3894
f 3894/3894/3894 3896/3896/3896 3895/3895/3895
f 3897/3897/3897 3892/3892/3892 3893/3893/3893
f 3897/3897/3897 3893/3893/3893 3898/3898/3898
f 3898/3898/3898 3893/3893/3893 3895/3895/3895
f 3898/3898/3898 3895/3895/3895 3899/3899/3899
f 3899/3899/3899 3895/3895/3895 3896/3896/3896
f 3896/3896/3896 2378/2374/2374 2365/2361/2361
f 3899/3899/3899 3896/3896/3896 2370/2366/2366
f 2370/2366/2366 3896/3896/3896 2365/2361/2361
f 1390/1386/1386 1378/1374/1374 3900/3900/3900
f 1403/1399/1399 1390/1386/1386 3900/3900/3900
f 3900/3900/3900 1378/1374/1374 1373/1369/1369
f 3900/3900/3900 1373/1369/1369 3901/3901/3901
f 3902/3902/3902 3900/3900/3900 3901/3901/3901
f 1403/1399/1399 3900/3900/3900 3902/3902/3902
f 1410/1406/1406 1403/1399/1399 3902/3902/3902
f 3901/3901/3901 1373/1369/1369 1367/1363/1363
f 3901/3901/3901 1367/1363/1363 3903/3903/3903
f 3904/3904/3904 3901/3901/3901 3903/3903/3903
f 3902/3902/3902 3901/3901/3901 3904/3904/3904
f 1410/1406/1406 3902/3902/3902 3905/3905/3905
f 3905/3905/3905 3902/3902/3902 3904/3904/3904
f 1419/1415/1415 1410/1406/1406 3905/3905/3905
f 3903/3903/3903 1367/1363/1363 1359/1355/1355
f 3904/3904/3904 3903/3903/3903 3906/3906/3906
f 1359/1355/1355 3907/3907/3907 3903/3903/3903
f 3906/3906/3906 3903/3903/3903 3907/3907/3907
f 3906/3906/3906 3908/3908/3908 3904/3904/3904
f 3904/3904/3904 3908/3908/3908 3905/3905/3905
f 3908/3908/3908 3909/3909/3909 3905/3905/3905
f 3905/3905/3905 3909/3909/3909 1419/1415/1415
f 3909/3909/3909 1430/1426/1426 1419/1415/1415
f 1353/1349/1349 3907/3907/3907 1359/1355/1355
f 3906/3906/3906 3907/3907/3907 3910/3910/3910
f 3911/3911/3911 3906/3906/3906 3910/3910/3910
f 3908/3908/3908 3906/3906/3906 3911/3911/3911
f 3907/3907/3907 1353/1349/1349 3912/3912/3912
f 3910/3910/3910 3907/3907/3907 3912/3912/3912
f 3909/3909/3909 3908/3908/3908 3913/3913/3913
f 3913/3913/3913 3908/3908/3908 3911/3911/3911
f 3914/3914/3914 1430/1426/1426 3909/3909/3909
f 3913/3913/3913 3914/3914/3914 3909/3909/3909
f 3914/3914/3914 1441/1437/1437 1430/1426/1426
f 3912/3912/3912 1353/1349/1349 1346/1342/1342
f 3910/3910/3910 3915/3915/3915 3911/3911/3911
f 3916/3916/3916 3915/3915/3915 3910/3910/3910
f 3912/3912/3912 3916/3916/3916 3910/3910/3910
f 3915/3915/3915 3917/3917/3917 3911/3911/3911
f 3911/3911/3911 3917/3917/3917 3913/3913/3913
f 3918/3918/3918 3916/3916/3916 3912/3912/3912
f 1346/1342/1342 3918/3918/3918 3912/3912/3912
f 3919/3919/3919 3914/3914/3914 3913/3913/3913
f 3917/3917/3917 3919/3919/3919 3913/3913/3913
f 3920/3920/3920 1441/1437/1437 3914/3914/3914
f 3919/3919/3919 3920/3920/3920 3914/3914/3914
f 1441/1437/1437 3920/3920/3920 1449/1445/1445
f 1188/1184/1184 3918/3918/3918 1346/1342/1342
f 3915/3915/3915 3921/3921/3921 3917/3917/3917
f 3922/3922/3922 3921/3921/3921 3915/3915/3915
f 3915/3915/3915 3916/3916/3916 3922/3922/3922
f 3916/3916/3916 3918/3918/3918 3923/3923/3923
f 3922/3922/3922 3916/3916/3916 3923/3923/3923
f 3921/3921/3921 3924/3924/3924 3917/3917/3917
f 3924/3924/3924 3919/3919/3919 3917/3917/3917
f 3923/3923/3923 3918/3918/3918 3925/3925/3925
f 1188/1184/1184 3925/3925/3925 3918/3918/3918
f 3926/3926/3926 3920/3920/3920 3919/3919/3919
f 3924/3924/3924 3926/3926/3926 3919/3919/3919
f 1449/1445/1445 3920/3920/3920 3927/3927/3927
f 3920/3920/3920 3926/3926/3926 3927/3927/3927
f 3927/3927/3927 1457/1453/1453 1449/1445/1445
f 1179/1175/1175 3925/3925/3925 1188/1184/1184
f 3925/3925/3925 2001/1997/1997 3923/3923/3923
f 1179/1175/1175 2001/1997/1997 3925/3925/3925
f 3923/3923/3923 2001/1997/1997 3928/3928/3928
f 3928/3928/3928 3922/3922/3922 3923/3923/3923
f 3922/3922/3922 3929/3929/3929 3921/3921/3921
f 3929/3929/3929 3930/3930/3930 3921/3921/3921
f 3930/3930/3930 3924/3924/3924 3921/3921/3921
f 3931/3931/3931 3929/3929/3929 3922/3922/3922
f 3931/3931/3931 3922/3922/3922 3928/3928/3928
f 3930/3930/3930 3932/3932/3932 3924/3924/3924
f 3932/3932/3932 3926/3926/3926 3924/3924/3924
f 3927/3927/3927 3926/3926/3926 3933/3933/3933
f 3926/3926/3926 3932/3932/3932 3933/3933/3933
f 3934/3934/3934 1457/1453/1453 3927/3927/3927
f 3933/3933/3933 3934/3934/3934 3927/3927/3927
f 3928/3928/3928 2001/1997/1997 1993/1989/1989
f 1993/1989/1989 3931/3931/3931 3928/3928/3928
f 3934/3934/3934 1465/1461/1461 1457/1453/1453
f 3929/3929/3929 3931/3931/3931 3935/3935/3935
f 3935/3935/3935 3936/3936/3936 3929/3929/3929
f 3936/3936/3936 3930/3930/3930 3929/3929/3929
f 1985/1981/1981 3931/3931/3931 1993/1989/1989
f 3935/3935/3935 3931/3931/3931 1985/1981/1981
f 3937/3937/3937 3930/3930/3930 3936/3936/3936
f 3938/3938/3938 3930/3930/3930 3937/3937/3937
f 3938/3938/3938 3932/3932/3932 3930/3930/3930
f 3932/3932/3932 3938/3938/3938 3939/3939/3939
f 3933/3933/3933 3932/3932/3932 3939/3939/3939
f 3940/3940/3940 3934/3934/3934 3933/3933/3933
f 3939/3939/3939 3940/3940/3940 3933/3933/3933
f 3941/3941/3941 1465/1461/1461 3934/3934/3934
f 3940/3940/3940 3941/3941/3941 3934/3934/3934
f 1465/1461/1461 3941/3941/3941 1473/1469/1469
f 1985/1981/1981 1979/1975/1975 3935/3935/3935
f 1979/1975/1975 3942/3942/3942 3935/3935/3935
f 3942/3942/3942 3936/3936/3936 3935/3935/3935
f 3942/3942/3942 3943/3943/3943 3936/3936/3936
f 3936/3936/3936 3943/3943/3943 3937/3937/3937
f 3937/3937/3937 3944/3944/3944 3938/3938/3938
f 3937/3937/3937 3943/3943/3943 3944/3944/3944
f 3939/3939/3939 3938/3938/3938 3945/3945/3945
f 3938/3938/3938 3944/3944/3944 3945/3945/3945
f 3945/3945/3945 3946/3946/3946 3939/3939/3939
f 3946/3946/3946 3940/3940/3940 3939/3939/3939
f 3947/3947/3947 3941/3941/3941 3940/3940/3940
f 3946/3946/3946 3947/3947/3947 3940/3940/3940
f 1473/1469/1469 3941/3941/3941 3948/3948/3948
f 3941/3941/3941 3947/3947/3947 3948/3948/3948
f 3949/3949/3949 3946/3946/3946 3945/3945/3945
f 3944/3944/3944 3949/3949/3949 3945/3945/3945
f 3948/3948/3948 1481/1477/1477 1473/1469/1469
f 3949/3949/3949 3950/3950/3950 3946/3946/3946
f 3950/3950/3950 3947/3947/3947 3946/3946/3946
f 1968/1964/1964 3942/3942/3942 1979/1975/1975
f 3943/3943/3943 3942/3942/3942 1966/1962/1962
f 1966/1962/1962 3942/3942/3942 1968/1964/1964
f 3944/3944/3944 3943/3943/3943 3951/3951/3951
f 3943/3943/3943 1966/1962/1962 3951/3951/3951
f 3952/3952/3952 3949/3949/3949 3944/3944/3944
f 3951/3951/3951 3952/3952/3952 3944/3944/3944
f 3948/3948/3948 3947/3947/3947 3953/3953/3953
f 3950/3950/3950 3953/3953/3953 3947/3947/3947
f 3954/3954/3954 1481/1477/1477 3948/3948/3948
f 3953/3953/3953 3954/3954/3954 3948/3948/3948
f 3952/3952/3952 3955/3955/3955 3949/3949/3949
f 3955/3955/3955 3950/3950/3950 3949/3949/3949
f 3955/3955/3955 3956/3956/3956 3950/3950/3950
f 3956/3956/3956 3953/3953/3953 3950/3950/3950
f 3954/3954/3954 1639/1635/1635 1481/1477/1477
f 3957/3957/3957 3954/3954/3954 3953/3953/3953
f 3956/3956/3956 3957/3957/3957 3953/3953/3953
f 3958/3958/3958 1639/1635/1635 3954/3954/3954
f 3957/3957/3957 3958/3958/3958 3954/3954/3954
f 3951/3951/3951 1966/1962/1962 1957/1953/1953
f 3959/3959/3959 3952/3952/3952 3951/3951/3951
f 1957/1953/1953 3959/3959/3959 3951/3951/3951
f 3960/3960/3960 3955/3955/3955 3952/3952/3952
f 3959/3959/3959 3960/3960/3960 3952/3952/3952
f 3961/3961/3961 3956/3956/3956 3955/3955/3955
f 3955/3955/3955 3960/3960/3960 3961/3961/3961
f 3961/3961/3961 3962/3962/3962 3956/3956/3956
f 3962/3962/3962 3957/3957/3957 3956/3956/3956
f 3963/3963/3963 3958/3958/3958 3957/3957/3957
f 3962/3962/3962 3963/3963/3963 3957/3957/3957
f 3958/3958/3958 1648/1644/1644 1639/1635/1635
f 3964/3964/3964 1648/1644/1644 3958/3958/3958
f 3963/3963/3963 3964/3964/3964 3958/3958/3958
f 1949/1945/1945 3959/3959/3959 1957/1953/1953
f 3965/3965/3965 3960/3960/3960 3959/3959/3959
f 1949/1945/1945 3965/3965/3965 3959/3959/3959
f 3961/3961/3961 3960/3960/3960 3966/3966/3966
f 3960/3960/3960 3965/3965/3965 3966/3966/3966
f 3966/3966/3966 3967/3967/3967 3961/3961/3961
f 3967/3967/3967 3962/3962/3962 3961/3961/3961
f 3967/3967/3967 3968/3968/3968 3962/3962/3962
f 3968/3968/3968 3963/3963/3963 3962/3962/3962
f 3969/3969/3969 3964/3964/3964 3963/3963/3963
f 3968/3968/3968 3969/3969/3969 3963/3963/3963
f 3964/3964/3964 1660/1656/1656 1648/1644/1644
f 3854/3854/3854 3853/3853/3853 3855/3855/3855
f 2813/2809/2809 2823/2819/2819 3854/3854/3854
f 3855/3855/3855 3291/3287/3287 3293/3289/3289
f 3854/3854/3854 3970/3970/3970 2813/2809/2809
f 3971/3971/3971 3970/3970/3970 3854/3854/3854
f 3855/3855/3855 3971/3971/3971 3854/3854/3854
f 3972/3972/3972 3971/3971/3971 3855/3855/3855
f 3293/3289/3289 3972/3972/3972 3855/3855/3855
f 3970/3970/3970 2804/2800/2800 2813/2809/2809
f 3971/3971/3971 3404/3400/3400 3970/3970/3970
f 3405/3401/3401 3970/3970/3970 3404/3400/3400
f 2804/2800/2800 3970/3970/3970 3405/3401/3401
f 3394/3390/3390 3404/3400/3400 3971/3971/3971
f 3971/3971/3971 3972/3972/3972 3394/3390/3390
f 3394/3390/3390 3972/3972/3972 3385/3381/3381
f 3973/3973/3973 3972/3972/3972 3293/3289/3289
f 3972/3972/3972 3973/3973/3973 3385/3381/3381
f 3292/3288/3288 3973/3973/3973 3293/3289/3289
f 2804/2800/2800 3405/3401/3401 2795/2791/2791
f 2795/2791/2791 3405/3401/3401 3543/3539/3539
f 3385/3381/3381 3973/3973/3973 3375/3371/3371
f 3973/3973/3973 3974/3974/3974 3375/3371/3371
f 3974/3974/3974 3973/3973/3973 3292/3288/3288
f 3974/3974/3974 3292/3288/3288 3302/3298/3298
f 3302/3298/3298 3377/3373/3373 3974/3974/3974
f 3375/3371/3371 3974/3974/3974 3377/3373/3373
f 3543/3539/3539 2783/2779/2779 2795/2791/2791
f 2760/2756/2756 2769/2765/2765 3602/3598/3598
f 3602/3598/3598 2769/2765/2765 3975/3975/3975
f 3602/3598/3598 3975/3975/3975 3593/3589/3589
f 3975/3975/3975 2769/2765/2765 3976/3976/3976
f 3976/3976/3976 2769/2765/2765 2771/2767/2767
f 3558/3554/3554 3975/3975/3975 3976/3976/3976
f 3977/3977/3977 3975/3975/3975 3558/3554/3554
f 3593/3589/3589 3975/3975/3975 3977/3977/3977
f 3976/3976/3976 2771/2767/2767 2781/2777/2777
f 3976/3976/3976 2781/2777/2777 3558/3554/3554
f 3593/3589/3589 3977/3977/3977 3579/3575/3575
f 3977/3977/3977 3558/3554/3554 3565/3561/3561
f 3579/3575/3575 3977/3977/3977 3565/3561/3561
f 3978/3978/3978 2534/2530/2530 2544/2540/2540
f 2534/2530/2530 3978/3978/3978 3979/3979/3979
f 3979/3979/3979 3978/3978/3978 3980/3980/3980
f 2523/2519/2519 2534/2530/2530 3979/3979/3979
f 2523/2519/2519 3979/3979/3979 3981/3981/3981
f 3980/3980/3980 3982/3982/3982 3979/3979/3979
f 3981/3981/3981 3979/3979/3979 3982/3982/3982
f 3983/3983/3983 3982/3982/3982 3980/3980/3980
f 3981/3981/3981 2512/2508/2508 2523/2519/2519
f 3981/3981/3981 3984/3984/3984 2512/2508/2508
f 3981/3981/3981 3982/3982/3982 3984/3984/3984
f 3982/3982/3982 3983/3983/3983 3985/3985/3985
f 3984/3984/3984 3982/3982/3982 3985/3985/3985
f 3985/3985/3985 3983/3983/3983 3986/3986/3986
f 2512/2508/2508 3984/3984/3984 3987/3987/3987
f 3984/3984/3984 3988/3988/3988 3987/3987/3987
f 3984/3984/3984 3985/3985/3985 3988/3988/3988
f 3985/3985/3985 3986/3986/3986 3989/3989/3989
f 3988/3988/3988 3985/3985/3985 3989/3989/3989
f 3987/3987/3987 2501/2497/2497 2512/2508/2508
f 3989/3989/3989 3986/3986/3986 3990/3990/3990
f 3990/3990/3990 3991/3991/3991 3989/3989/3989
f 3991/3991/3991 3988/3988/3988 3989/3989/3989
f 3992/3992/3992 2501/2497/2497 3987/3987/3987
f 3993/3993/3993 3992/3992/3992 3987/3987/3987
f 3987/3987/3987 3988/3988/3988 3993/3993/3993
f 3994/3994/3994 3988/3988/3988 3991/3991/3991
f 3988/3988/3988 3994/3994/3994 3993/3993/3993
f 3992/3992/3992 2491/2487/2487 2501/2497/2497
f 3995/3995/3995 3991/3991/3991 3990/3990/3990
f 3996/3996/3996 3994/3994/3994 3991/3991/3991
f 3995/3995/3995 3996/3996/3996 3991/3991/3991
f 3997/3997/3997 2491/2487/2487 3992/3992/3992
f 3998/3998/3998 3997/3997/3997 3992/3992/3992
f 3998/3998/3998 3992/3992/3992 3993/3993/3993
f 3993/3993/3993 3994/3994/3994 3999/3999/3999
f 3999/3999/3999 3998/3998/3998 3993/3993/3993
f 3994/3994/3994 4000/4000/4000 3999/3999/3999
f 4000/4000/4000 3994/3994/3994 3996/3996/3996
f 3997/3997/3997 2482/2478/2478 2491/2487/2487
f 4001/4001/4001 3996/3996/3996 3995/3995/3995
f 3996/3996/3996 4002/4002/4002 4000/4000/4000
f 3996/3996/3996 4001/4001/4001 4002/4002/4002
f 4003/4003/4003 2482/2478/2478 3997/3997/3997
f 4004/4004/4004 4003/4003/4003 3997/3997/3997
f 4004/4004/4004 3997/3997/3997 3998/3998/3998
f 4005/4005/4005 3998/3998/3998 3999/3999/3999
f 4005/4005/4005 4004/4004/4004 3998/3998/3998
f 3999/3999/3999 4000/4000/4000 4006/4006/4006
f 4006/4006/4006 4005/4005/4005 3999/3999/3999
f 4007/4007/4007 4006/4006/4006 4000/4000/4000
f 4000/4000/4000 4002/4002/4002 4007/4007/4007
f 4003/4003/4003 2474/2470/2470 2482/2478/2478
f 4002/4002/4002 4001/4001/4001 4008/4008/4008
f 4002/4002/4002 4009/4009/4009 4007/4007/4007
f 4010/4010/4010 4009/4009/4009 4002/4002/4002
f 4008/4008/4008 4010/4010/4010 4002/4002/4002
f 4007/4007/4007 4009/4009/4009 4011/4011/4011
f 4011/4011/4011 4006/4006/4006 4007/4007/4007
f 4012/4012/4012 2474/2470/2470 4003/4003/4003
f 4013/4013/4013 4012/4012/4012 4003/4003/4003
f 4013/4013/4013 4003/4003/4003 4004/4004/4004
f 4014/4014/4014 4004/4004/4004 4005/4005/4005
f 4014/4014/4014 4013/4013/4013 4004/4004/4004
f 4015/4015/4015 4014/4014/4014 4005/4005/4005
f 4015/4015/4015 4005/4005/4005 4006/4006/4006
f 4011/4011/4011 4016/4016/4016 4006/4006/4006
f 4006/4006/4006 4016/4016/4016 4015/4015/4015
f 4011/4011/4011 4009/4009/4009 4017/4017/4017
f 4017/4017/4017 4016/4016/4016 4011/4011/4011
f 4009/4009/4009 4018/4018/4018 4017/4017/4017
f 4010/4010/4010 4018/4018/4018 4009/4009/4009
f 2474/2470/2470 4012/4012/4012 2466/2462/2462
f 4019/4019/4019 4010/4010/4010 4008/4008/4008
f 4020/4020/4020 4018/4018/4018 4010/4010/4010
f 4019/4019/4019 4020/4020/4020 4010/4010/4010
f 2466/2462/2462 4012/4012/4012 4021/4021/4021
f 4012/4012/4012 4022/4022/4022 4021/4021/4021
f 4022/4022/4022 4012/4012/4012 4013/4013/4013
f 4023/4023/4023 4013/4013/4013 4014/4014/4014
f 4023/4023/4023 4022/4022/4022 4013/4013/4013
f 4024/4024/4024 4023/4023/4023 4014/4014/4014
f 4024/4024/4024 4014/4014/4014 4015/4015/4015
f 4015/4015/4015 4016/4016/4016 4025/4025/4025
f 4015/4015/4015 4025/4025/4025 4024/4024/4024
f 4025/4025/4025 4016/4016/4016 4026/4026/4026
f 4027/4027/4027 4016/4016/4016 4017/4017/4017
f 4027/4027/4027 4026/4026/4026 4016/4016/4016
f 4017/4017/4017 4018/4018/4018 4028/4028/4028
f 4028/4028/4028 4027/4027/4027 4017/4017/4017
f 2466/2462/2462 4021/4021/4021 2458/2454/2454
f 4029/4029/4029 4020/4020/4020 4019/4019/4019
f 2458/2454/2454 4021/4021/4021 4030/4030/4030
f 4021/4021/4021 4031/4031/4031 4030/4030/4030
f 4021/4021/4021 4022/4022/4022 4031/4031/4031
f 4032/4032/4032 4022/4022/4022 4023/4023/4023
f 4022/4022/4022 4032/4032/4032 4031/4031/4031
f 4033/4033/4033 4032/4032/4032 4023/4023/4023
f 4033/4033/4033 4023/4023/4023 4024/4024/4024
f 4024/4024/4024 4025/4025/4025 4034/4034/4034
f 4034/4034/4034 4033/4033/4033 4024/4024/4024
f 4025/4025/4025 4026/4026/4026 4035/4035/4035
f 4025/4025/4025 4035/4035/4035 4034/4034/4034
f 4035/4035/4035 4026/4026/4026 4036/4036/4036
f 4037/4037/4037 4036/4036/4036 4026/4026/4026
f 4037/4037/4037 4026/4026/4026 4027/4027/4027
f 4038/4038/4038 4037/4037/4037 4027/4027/4027
f 4038/4038/4038 4027/4027/4027 4028/4028/4028
f 4030/4030/4030 2450/2446/2446 2458/2454/2454
f 4030/4030/4030 4031/4031/4031 4039/4039/4039
f 4039/4039/4039 4040/4040/4040 4030/4030/4030
f 4040/4040/4040 2450/2446/2446 4030/4030/4030
f 4031/4031/4031 4032/4032/4032 4041/4041/4041
f 4031/4031/4031 4041/4041/4041 4039/4039/4039
f 4032/4032/4032 4042/4042/4042 4041/4041/4041
f 4042/4042/4042 4032/4032/4032 4033/4033/4033
f 4043/4043/4043 4033/4033/4033 4034/4034/4034
f 4043/4043/4043 4042/4042/4042 4033/4033/4033
f 4034/4034/4034 4035/4035/4035 4044/4044/4044
f 4044/4044/4044 4043/4043/4043 4034/4034/4034
f 4035/4035/4035 531/527/527 4044/4044/4044
f 535/531/531 531/527/527 4035/4035/4035
f 4035/4035/4035 4036/4036/4036 535/531/531
f 4045/4045/4045 4036/4036/4036 4037/4037/4037
f 4045/4045/4045 4046/4046/4046 4036/4036/4036
f 535/531/531 4036/4036/4036 4046/4046/4046
f 4047/4047/4047 4045/4045/4045 4037/4037/4037
f 4047/4047/4047 4037/4037/4037 4038/4038/4038
f 4040/4040/4040 233/229/229 2450/2446/2446
f 4039/4039/4039 4041/4041/4041 521/517/517
f 521/517/517 4048/4048/4048 4039/4039/4039
f 4048/4048/4048 4040/4040/4040 4039/4039/4039
f 4049/4049/4049 233/229/229 4040/4040/4040
f 4048/4048/4048 4049/4049/4049 4040/4040/4040
f 4041/4041/4041 517/513/513 521/517/517
f 4041/4041/4041 4042/4042/4042 517/513/513
f 514/510/510 4042/4042/4042 4043/4043/4043
f 4042/4042/4042 514/510/510 517/513/513
f 4050/4050/4050 514/510/510 4043/4043/4043
f 4050/4050/4050 4043/4043/4043 4044/4044/4044
f 531/527/527 528/524/524 4044/4044/4044
f 4044/4044/4044 528/524/524 4050/4050/4050
f 4051/4051/4051 4045/4045/4045 4047/4047/4047
f 4052/4052/4052 4046/4046/4046 4045/4045/4045
f 4051/4051/4051 4052/4052/4052 4045/4045/4045
f 535/531/531 4046/4046/4046 539/535/535
f 4046/4046/4046 4052/4052/4052 4053/4053/4053
f 539/535/535 4046/4046/4046 4053/4053/4053
f 4054/4054/4054 4049/4049/4049 4048/4048/4048
f 525/521/521 4048/4048/4048 521/517/517
f 525/521/521 4054/4054/4054 4048/4048/4048
f 231/227/227 233/229/229 4049/4049/4049
f 4055/4055/4055 4049/4049/4049 4054/4054/4054
f 231/227/227 4049/4049/4049 4055/4055/4055
f 515/511/511 514/510/510 4050/4050/4050
f 4050/4050/4050 526/522/522 515/511/511
f 528/524/524 526/522/522 4050/4050/4050
f 4056/4056/4056 4052/4052/4052 4051/4051/4051
f 4056/4056/4056 4057/4057/4057 4052/4052/4052
f 4053/4053/4053 4052/4052/4052 4058/4058/4058
f 4052/4052/4052 4057/4057/4057 4058/4058/4058
f 539/535/535 4053/4053/4053 543/539/539
f 4058/4058/4058 547/543/543 4053/4053/4053
f 543/539/539 4053/4053/4053 547/543/543
f 524/520/520 4054/4054/4054 525/521/521
f 4059/4059/4059 4054/4054/4054 524/520/520
f 4055/4055/4055 4054/4054/4054 4059/4059/4059
f 229/225/225 231/227/227 4055/4055/4055
f 4060/4060/4060 4055/4055/4055 4059/4059/4059
f 229/225/225 4055/4055/4055 4060/4060/4060
f 4061/4061/4061 4058/4058/4058 4057/4057/4057
f 4062/4062/4062 4058/4058/4058 4061/4061/4061
f 4062/4062/4062 547/543/543 4058/4058/4058
f 4059/4059/4059 4063/4063/4063 4060/4060/4060
f 523/519/519 4063/4063/4063 4059/4059/4059
f 524/520/520 523/519/519 4059/4059/4059
f 4063/4063/4063 4064/4064/4064 4060/4060/4060
f 4060/4060/4060 226/222/222 229/225/225
f 4064/4064/4064 226/222/222 4060/4060/4060
f 4061/4061/4061 4065/4065/4065 4062/4062/4062
f 4062/4062/4062 4065/4065/4065 551/547/547
f 4062/4062/4062 551/547/547 547/543/543
f 4066/4066/4066 4064/4064/4064 4063/4063/4063
f 4063/4063/4063 4067/4067/4067 4066/4066/4066
f 4063/4063/4063 523/519/519 4067/4067/4067
f 4066/4066/4066 4068/4068/4068 4064/4064/4064
f 4064/4064/4064 4069/4069/4069 226/222/222
f 4068/4068/4068 4069/4069/4069 4064/4064/4064
f 556/552/552 551/547/547 4065/4065/4065
f 4066/4066/4066 4067/4067/4067 4070/4070/4070
f 4066/4066/4066 4070/4070/4070 4071/4071/4071
f 4071/4071/4071 4068/4068/4068 4066/4066/4066
f 4067/4067/4067 4072/4072/4072 4070/4070/4070
f 4067/4067/4067 523/519/519 522/518/518
f 4067/4067/4067 522/518/518 4072/4072/4072
f 4073/4073/4073 4068/4068/4068 4071/4071/4071
f 4074/4074/4074 4068/4068/4068 4073/4073/4073
f 4068/4068/4068 4074/4074/4074 4069/4069/4069
f 4069/4069/4069 227/223/223 226/222/222
f 4069/4069/4069 2264/2260/2260 227/223/223
f 4069/4069/4069 4074/4074/4074 2264/2260/2260
f 4070/4070/4070 4072/4072/4072 1/1/1
f 4070/4070/4070 1/1/1 4075/4075/4075
f 4071/4071/4071 4070/4070/4070 4075/4075/4075
f 4075/4075/4075 5/5/5 4071/4071/4071
f 4071/4071/4071 5/5/5 4073/4073/4073
f 4074/4074/4074 11/11/11 2264/2260/2260
f 4073/4073/4073 11/11/11 4074/4074/4074
f 8/8/8 11/11/11 4073/4073/4073
f 4073/4073/4073 5/5/5 8/8/8
f 4072/4072/4072 522/518/518 17/17/17
f 4072/4072/4072 17/17/17 2/2/2
f 4072/4072/4072 2/2/2 1/1/1
f 6/6/6 5/5/5 4075/4075/4075
f 4075/4075/4075 1/1/1 6/6/6
f 1/1/1 3/3/3 6/6/6
f 4076/4076/4076 1660/1656/1656 3964/3964/3964
f 3969/3969/3969 4076/4076/4076 3964/3964/3964
f 1938/1934/1934 3965/3965/3965 1949/1945/1945
f 3966/3966/3966 3965/3965/3965 4077/4077/4077
f 1938/1934/1934 4077/4077/4077 3965/3965/3965
f 4078/4078/4078 3967/3967/3967 3966/3966/3966
f 4077/4077/4077 4078/4078/4078 3966/3966/3966
f 4078/4078/4078 4079/4079/4079 3967/3967/3967
f 4079/4079/4079 3968/3968/3968 3967/3967/3967
f 4079/4079/4079 4080/4080/4080 3968/3968/3968
f 4080/4080/4080 3969/3969/3969 3968/3968/3968
f 4081/4081/4081 4076/4076/4076 3969/3969/3969
f 4080/4080/4080 4081/4081/4081 3969/3969/3969
f 1669/1665/1665 1660/1656/1656 4076/4076/4076
f 4081/4081/4081 4082/4082/4082 4076/4076/4076
f 4076/4076/4076 4082/4082/4082 1669/1665/1665
f 1931/1927/1927 4077/4077/4077 1938/1934/1934
f 4083/4083/4083 4078/4078/4078 4077/4077/4077
f 1931/1927/1927 4083/4083/4083 4077/4077/4077
f 4084/4084/4084 4079/4079/4079 4078/4078/4078
f 4083/4083/4083 4084/4084/4084 4078/4078/4078
f 4084/4084/4084 4085/4085/4085 4079/4079/4079
f 4085/4085/4085 4080/4080/4080 4079/4079/4079
f 4085/4085/4085 4086/4086/4086 4080/4080/4080
f 4086/4086/4086 4081/4081/4081 4080/4080/4080
f 4082/4082/4082 4081/4081/4081 4087/4087/4087
f 4087/4087/4087 4081/4081/4081 4086/4086/4086
f 4082/4082/4082 1681/1677/1677 1669/1665/1665
f 1681/1677/1677 4082/4082/4082 4088/4088/4088
f 4088/4088/4088 4082/4082/4082 4087/4087/4087
f 1921/1917/1917 4083/4083/4083 1931/1927/1927
f 4089/4089/4089 4084/4084/4084 4083/4083/4083
f 1921/1917/1917 4089/4089/4089 4083/4083/4083
f 4090/4090/4090 4085/4085/4085 4084/4084/4084
f 4089/4089/4089 4090/4090/4090 4084/4084/4084
f 4090/4090/4090 4091/4091/4091 4085/4085/4085
f 4091/4091/4091 4086/4086/4086 4085/4085/4085
f 4091/4091/4091 4092/4092/4092 4086/4086/4086
f 4086/4086/4086 4092/4092/4092 4087/4087/4087
f 4092/4092/4092 1744/1740/1740 4087/4087/4087
f 4087/4087/4087 1744/1740/1740 4088/4088/4088
f 1744/1740/1740 1692/1688/1688 4088/4088/4088
f 1692/1688/1688 1681/1677/1677 4088/4088/4088
f 4093/4093/4093 4091/4091/4091 4090/4090/4090
f 4093/4093/4093 4092/4092/4092 4091/4091/4091
f 4094/4094/4094 4093/4093/4093 4090/4090/4090
f 4094/4094/4094 4090/4090/4090 4089/4089/4089
f 1915/1911/1911 4089/4089/4089 1921/1917/1917
f 1915/1911/1911 4094/4094/4094 4089/4089/4089
f 1752/1748/1748 4092/4092/4092 4093/4093/4093
f 1752/1748/1748 1744/1740/1740 4092/4092/4092
f 1757/1753/1753 1752/1748/1748 4093/4093/4093
f 1757/1753/1753 4093/4093/4093 4094/4094/4094
f 1762/1758/1758 4094/4094/4094 1915/1911/1911
f 1762/1758/1758 1757/1753/1753 4094/4094/4094
f 4095/4095/4095 587/583/583 573/569/569
f 587/583/583 4095/4095/4095 4096/4096/4096
f 566/562/562 4095/4095/4095 573/569/569
f 4096/4096/4096 4095/4095/4095 4097/4097/4097
f 4098/4098/4098 4095/4095/4095 566/562/562
f 4095/4095/4095 4098/4098/4098 4097/4097/4097
f 461/457/457 4098/4098/4098 566/562/562
f 4097/4097/4097 4098/4098/4098 4099/4099/4099
f 4100/4100/4100 4098/4098/4098 461/457/457
f 4100/4100/4100 4099/4099/4099 4098/4098/4098
f 452/448/448 4100/4100/4100 461/457/457
f 4101/4101/4101 4099/4099/4099 4100/4100/4100
f 4102/4102/4102 4101/4101/4101 4100/4100/4100
f 4102/4102/4102 4100/4100/4100 452/448/448
f 441/437/437 4102/4102/4102 452/448/448
f 4103/4103/4103 4101/4101/4101 4102/4102/4102
f 4102/4102/4102 4104/4104/4104 4103/4103/4103
f 4104/4104/4104 4102/4102/4102 441/437/437
f 433/429/429 4104/4104/4104 441/437/437
f 4103/4103/4103 4104/4104/4104 4105/4105/4105
f 4104/4104/4104 4106/4106/4106 4105/4105/4105
f 4106/4106/4106 4104/4104/4104 433/429/429
f 422/418/418 4106/4106/4106 433/429/429
f 4105/4105/4105 4106/4106/4106 4107/4107/4107
f 4107/4107/4107 4106/4106/4106 440/436/436
f 431/427/427 4106/4106/4106 422/418/418
f 440/436/436 4106/4106/4106 431/427/427
